ts,open,high,low,close,volume
2020-01-01T00:00:00,7165.72,7218.42,7136.05,7196.98,907.7308
2020-01-01T04:00:00,7196.99,7209.15,7175.00,7185.91,511.6236
2020-01-01T08:00:00,7185.90,7215.00,7158.19,7174.26,276.6114
2020-01-01T12:00:00,7174.27,7238.14,7174.27,7214.31,400.0478
2020-01-01T16:00:00,7213.34,7231.27,7195.02,7207.07,676.0775
2020-01-01T20:00:00,7207.06,7222.60,7150.00,7174.33,578.5390
2020-01-02T00:00:00,7174.33,7186.18,7096.61,7098.88,1007.5047
2020-01-02T04:00:00,7098.87,7129.77,7074.09,7077.45,813.9924
2020-01-02T08:00:00,7075.04,7156.65,7075.00,7120.00,326.7736
2020-01-02T12:00:00,7117.78,7140.81,7081.03,7111.72,728.8041
2020-01-02T16:00:00,7111.69,7125.00,6903.00,6965.00,4059.2158
2020-01-02T20:00:00,6965.00,6967.14,6924.75,6945.02,1074.6367
2020-01-03T00:00:00,6945.02,6947.64,6854.67,6937.61,1497.2327
2020-01-03T04:00:00,6937.61,7281.24,6937.61,7184.66,3837.6855
2020-01-03T08:00:00,7186.59,7361.70,7186.59,7327.64,2077.3377
2020-01-03T12:00:00,7327.64,7369.61,7227.78,7313.23,2289.7970
2020-01-03T16:00:00,7315.02,7401.20,7276.14,7330.91,2625.8203
2020-01-03T20:00:00,7330.90,7349.44,7250.00,7334.45,1728.5193
2020-01-04T00:00:00,7334.45,7339.99,7277.34,7323.57,651.3790
2020-01-04T04:00:00,7323.60,7359.99,7302.78,7343.16,506.0993
2020-01-04T08:00:00,7343.16,7357.39,7292.02,7326.61,357.1989
2020-01-04T12:00:00,7326.61,7328.18,7280.50,7306.11,528.7721
2020-01-04T16:00:00,7306.12,7398.00,7263.32,7322.54,1799.2455
2020-01-04T20:00:00,7324.20,7358.51,7304.43,7348.63,899.7715
2020-01-05T00:00:00,7348.63,7483.28,7348.62,7471.82,2148.6991
2020-01-05T04:00:00,7470.90,7488.87,7440.65,7468.22,1098.1346
2020-01-05T08:00:00,7468.28,7475.00,7396.36,7423.92,551.1693
2020-01-05T12:00:00,7423.85,7472.51,7411.11,7459.97,406.8239
2020-01-05T16:00:00,7459.97,7479.52,7419.20,7439.16,652.6876
2020-01-05T20:00:00,7439.15,7439.15,7312.22,7355.40,1084.5004
2020-01-06T00:00:00,7355.40,7580.00,7343.17,7540.16,2918.1853
2020-01-06T04:00:00,7538.99,7550.00,7498.60,7503.56,832.3825
2020-01-06T08:00:00,7503.56,7572.20,7503.55,7536.29,556.5019
2020-01-06T12:00:00,7536.29,7615.68,7484.65,7516.84,1811.7643
2020-01-06T16:00:00,7515.91,7554.86,7505.89,7536.60,1672.8800
2020-01-06T20:00:00,7536.60,7805.00,7531.94,7764.63,3978.7181
2020-01-07T00:00:00,7764.63,8000.00,7764.63,7897.83,5365.0666
2020-01-07T04:00:00,7897.83,7906.00,7820.91,7878.65,1147.4158
2020-01-07T08:00:00,7878.65,7966.16,7856.74,7893.61,678.0516
2020-01-07T12:00:00,7893.15,7913.21,7743.50,7766.06,2605.8522
2020-01-07T16:00:00,7766.06,8134.82,7723.00,8081.67,5163.4313
2020-01-07T20:00:00,8081.66,8216.00,7965.01,8158.52,4897.6400
2020-01-08T00:00:00,8160.01,8469.39,8157.71,8303.00,7872.7403
2020-01-08T04:00:00,8302.99,8377.56,8281.19,8300.13,1391.4643
2020-01-08T08:00:00,8299.01,8374.88,8268.10,8334.80,883.2356
2020-01-08T12:00:00,8337.41,8416.20,8202.57,8301.04,3407.0758
2020-01-08T16:00:00,8302.17,8332.49,7960.00,7961.19,6294.4341
2020-01-08T20:00:00,7961.19,8112.93,7845.00,8045.51,4078.7252
2020-01-09T00:00:00,8047.75,8048.67,7927.27,7948.25,1644.5204
2020-01-09T04:00:00,7948.26,7974.97,7902.24,7946.77,949.7474
2020-01-09T08:00:00,7946.02,7953.57,7852.58,7873.05,905.1778
2020-01-09T12:00:00,7873.05,7943.20,7865.03,7899.51,1160.6123
2020-01-09T16:00:00,7899.50,7950.00,7777.00,7916.51,2201.6018
2020-01-09T20:00:00,7915.65,7995.72,7744.48,7813.78,2616.0000
2020-01-10T00:00:00,7813.78,7845.69,7763.96,7805.71,926.6548
2020-01-10T04:00:00,7805.85,7806.78,7711.01,7735.58,1734.9415
2020-01-10T08:00:00,7735.58,7846.13,7671.00,7831.00,1724.8075
2020-01-10T12:00:00,7831.01,8094.18,7797.84,8058.59,3044.3809
2020-01-10T16:00:00,8058.88,8132.01,7912.15,8065.50,3620.4114
2020-01-10T20:00:00,8065.51,8199.77,7985.00,8198.09,2368.5024
2020-01-11T00:00:00,8198.09,8262.78,8133.44,8159.83,1985.1335
2020-01-11T04:00:00,8158.61,8178.67,8048.53,8074.79,1044.1866
2020-01-11T08:00:00,8073.13,8122.00,8011.56,8037.00,481.2932
2020-01-11T12:00:00,8037.00,8112.32,8017.12,8092.61,624.1946
2020-01-11T16:00:00,8092.60,8225.09,8061.56,8150.02,1315.6481
2020-01-11T20:00:00,8148.40,8290.00,8000.01,8020.00,2106.9128
2020-01-12T00:00:00,8017.47,8106.70,7963.25,8088.19,953.6838
2020-01-12T04:00:00,8088.19,8149.49,8062.94,8092.94,455.4116
2020-01-12T08:00:00,8092.82,8154.00,8082.06,8103.90,295.8262
2020-01-12T12:00:00,8103.90,8178.18,8103.90,8146.13,538.3249
2020-01-12T16:00:00,8146.13,8185.00,8070.38,8125.22,972.8322
2020-01-12T20:00:00,8125.22,8180.81,8097.00,8180.81,704.6614
2020-01-13T00:00:00,8180.81,8195.81,8085.29,8101.56,1061.9356
2020-01-13T04:00:00,8101.54,8113.06,8041.95,8063.74,1090.2625
2020-01-13T08:00:00,8063.74,8118.15,8057.30,8070.00,788.6014
2020-01-13T12:00:00,8066.86,8098.71,8045.07,8074.83,809.1337
2020-01-13T16:00:00,8074.82,8127.19,8061.98,8108.48,1547.6598
2020-01-13T20:00:00,8107.98,8157.95,8101.00,8104.50,1380.4354
2020-01-14T00:00:00,8105.60,8483.43,8105.23,8465.15,5788.7247
2020-01-14T04:00:00,8465.14,8590.38,8462.00,8505.73,4161.6995
2020-01-14T08:00:00,8500.35,8560.64,8458.21,8524.12,1723.6968
2020-01-14T12:00:00,8522.81,8778.01,8467.50,8686.01,5445.8496
2020-01-14T16:00:00,8686.00,8859.17,8515.75,8780.00,6868.7625
2020-01-14T20:00:00,8779.99,8893.69,8671.01,8815.69,3087.0751
2020-01-15T00:00:00,8812.58,8900.00,8708.86,8720.01,3889.7175
2020-01-15T04:00:00,8720.00,8727.52,8550.00,8607.92,2448.0316
2020-01-15T08:00:00,8605.37,8797.63,8592.00,8714.07,1277.4739
2020-01-15T12:00:00,8717.09,8899.00,8706.39,8745.03,2874.7412
2020-01-15T16:00:00,8745.41,8804.00,8658.00,8750.88,2047.0966
2020-01-15T20:00:00,8750.91,8864.29,8727.88,8808.81,2440.5589
2020-01-16T00:00:00,8808.81,8850.00,8580.00,8630.35,2914.1124
2020-01-16T04:00:00,8630.35,8704.01,8606.38,8660.02,926.4365
2020-01-16T08:00:00,8660.01,8715.01,8590.00,8714.89,1058.2502
2020-01-16T12:00:00,8715.07,8772.38,8630.25,8700.63,1430.7343
2020-01-16T16:00:00,8700.63,8706.70,8602.98,8690.64,1671.1560
2020-01-16T20:00:00,8691.88,8749.71,8662.05,8714.76,1265.0748
2020-01-17T00:00:00,8714.77,8824.01,8665.67,8771.98,1794.9450
2020-01-17T04:00:00,8772.06,8990.61,8741.29,8917.99,4053.4908
2020-01-17T08:00:00,8916.22,9013.00,8875.09,8891.75,2734.9203
2020-01-17T12:00:00,8891.75,8900.05,8766.27,8840.22,2012.4798
2020-01-17T16:00:00,8840.22,8949.39,8800.00,8864.53,3180.1940
2020-01-17T20:00:00,8867.62,8947.50,8853.81,8899.42,1671.3354
2020-01-18T00:00:00,8899.42,8980.00,8860.90,8923.38,1571.7846
2020-01-18T04:00:00,8924.42,8924.42,8800.10,8841.64,1064.7597
2020-01-18T08:00:00,8841.63,8901.79,8819.85,8865.74,497.3732
2020-01-18T12:00:00,8866.64,8958.82,8865.91,8890.98,896.7000
2020-01-18T16:00:00,8890.98,8927.64,8840.00,8899.49,819.3922
2020-01-18T20:00:00,8899.49,8953.80,8890.38,8909.32,750.2085
2020-01-19T00:00:00,8908.95,9194.99,8882.00,9145.38,4004.3713
2020-01-19T04:00:00,9145.38,9152.98,9033.15,9075.59,1379.5588
2020-01-19T08:00:00,9075.58,9114.83,8465.00,8665.62,4291.8095
2020-01-19T12:00:00,8665.62,8665.62,8550.00,8624.90,2186.7309
2020-01-19T16:00:00,8623.28,8662.60,8606.28,8643.86,1209.0005
2020-01-19T20:00:00,8643.86,8750.00,8477.02,8697.53,2147.0437
2020-01-20T00:00:00,8697.53,8725.00,8625.00,8659.37,975.7344
2020-01-20T04:00:00,8659.37,8678.67,8622.14,8648.99,547.9132
2020-01-20T08:00:00,8648.16,8667.00,8583.39,8605.09,462.1298
2020-01-20T12:00:00,8605.09,8667.24,8504.06,8663.50,1518.5041
2020-01-20T16:00:00,8663.50,8685.48,8624.16,8656.41,1080.7958
2020-01-20T20:00:00,8659.58,8734.84,8601.91,8628.89,1020.7282
2020-01-21T00:00:00,8628.89,8664.37,8605.00,8655.33,905.7000
2020-01-21T04:00:00,8655.32,8675.00,8605.58,8617.67,666.7241
2020-01-21T08:00:00,8617.67,8659.65,8591.45,8639.73,531.5528
2020-01-21T12:00:00,8639.73,8670.06,8596.85,8635.02,814.9393
2020-01-21T16:00:00,8635.02,8646.75,8465.00,8511.02,2387.2757
2020-01-21T20:00:00,8511.02,8774.31,8511.00,8722.03,2214.4590
2020-01-22T00:00:00,8722.03,8740.00,8685.00,8699.01,630.8612
2020-01-22T04:00:00,8699.01,8791.76,8685.00,8718.75,855.1189
2020-01-22T08:00:00,8719.45,8720.00,8601.00,8637.79,1049.9975
2020-01-22T12:00:00,8637.12,8653.52,8611.05,8634.41,699.4361
2020-01-22T16:00:00,8632.52,8685.85,8565.00,8640.61,1590.9324
2020-01-22T20:00:00,8640.63,8663.45,8629.00,8660.38,655.0234
2020-01-23T00:00:00,8660.38,8665.00,8539.00,8561.97,1395.2019
2020-01-23T04:00:00,8561.97,8571.29,8458.00,8551.29,2012.5610
2020-01-23T08:00:00,8551.28,8590.11,8379.00,8391.87,1881.5505
2020-01-23T12:00:00,8389.94,8450.02,8288.88,8332.01,3128.9898
2020-01-23T16:00:00,8332.01,8350.00,8278.00,8346.45,1988.9099
2020-01-23T20:00:00,8347.00,8426.65,8320.90,8385.22,1799.0318
2020-01-24T00:00:00,8385.21,8400.00,8267.00,8310.01,1518.8510
2020-01-24T04:00:00,8310.01,8338.00,8278.06,8318.38,921.7803
2020-01-24T08:00:00,8318.40,8390.02,8216.71,8384.74,1423.2204
2020-01-24T12:00:00,8384.74,8499.99,8350.84,8490.92,1773.2346
2020-01-24T16:00:00,8494.90,8509.99,8435.71,8488.78,1926.1943
2020-01-24T20:00:00,8488.77,8505.00,8399.29,8427.26,1071.6874
2020-01-25T00:00:00,8427.58,8437.76,8252.73,8281.41,1320.0163
2020-01-25T04:00:00,8281.41,8333.68,8270.00,8294.43,519.5624
2020-01-25T08:00:00,8294.73,8361.22,8289.96,8296.92,258.8763
2020-01-25T12:00:00,8296.92,8340.56,8275.00,8321.11,401.1065
2020-01-25T16:00:00,8321.10,8355.00,8308.33,8344.83,541.2191
2020-01-25T20:00:00,8344.57,8406.14,8325.00,8326.81,742.4278
2020-01-26T00:00:00,8326.80,8350.00,8278.68,8340.39,745.6113
2020-01-26T04:00:00,8340.25,8373.47,8320.20,8368.21,510.5699
2020-01-26T08:00:00,8368.20,8458.71,8364.40,8457.27,842.3177
2020-01-26T12:00:00,8457.28,8461.72,8412.69,8426.60,566.7009
2020-01-26T16:00:00,8426.61,8594.00,8426.61,8548.41,2142.5123
2020-01-26T20:00:00,8548.41,8595.00,8533.61,8595.00,689.6108
2020-01-27T00:00:00,8595.00,8683.48,8595.00,8647.69,1358.7482
2020-01-27T04:00:00,8647.68,8659.99,8606.26,8636.46,431.8960
2020-01-27T08:00:00,8636.46,8723.00,8556.60,8709.41,1145.7223
2020-01-27T12:00:00,8709.41,8775.10,8680.77,8755.22,1599.3843
2020-01-27T16:00:00,8755.22,8964.00,8724.31,8910.00,2767.7483
2020-01-27T20:00:00,8910.00,8985.00,8868.06,8895.96,2245.1057
2020-01-28T00:00:00,8895.95,9150.00,8895.95,9095.49,3592.9233
2020-01-28T04:00:00,9095.49,9122.00,8945.65,9026.99,1683.3202
2020-01-28T08:00:00,9028.10,9103.33,8926.02,9063.50,1658.3779
2020-01-28T12:00:00,9063.50,9188.62,8939.40,9010.64,3789.3564
2020-01-28T16:00:00,9010.64,9031.04,8880.87,8994.87,2097.6392
2020-01-28T20:00:00,8997.05,9418.91,8995.19,9394.50,4756.9231
2020-01-29T00:00:00,9391.14,9439.83,9265.00,9335.83,3684.3780
2020-01-29T04:00:00,9336.99,9388.78,9310.63,9361.08,1408.4311
2020-01-29T08:00:00,9361.03,9423.00,9224.75,9287.90,2304.4029
2020-01-29T12:00:00,9286.78,9345.80,9241.90,9272.23,1284.7751
2020-01-29T16:00:00,9272.22,9399.89,9253.22,9378.99,1810.5006
2020-01-29T20:00:00,9378.99,9429.00,9276.93,9288.44,1740.5629
2020-01-30T00:00:00,9287.90,9313.30,9185.00,9254.25,1572.6468
2020-01-30T04:00:00,9254.25,9373.74,9250.06,9368.90,897.9416
2020-01-30T08:00:00,9366.45,9380.96,9291.11,9325.00,774.3225
2020-01-30T12:00:00,9325.01,9397.93,9288.52,9367.98,1649.7174
2020-01-30T16:00:00,9367.07,9515.19,9171.11,9497.33,5648.6954
2020-01-30T20:00:00,9497.33,9574.68,9450.00,9503.08,2405.0740
2020-01-31T00:00:00,9502.71,9522.50,9379.31,9425.01,1274.5216
2020-01-31T04:00:00,9425.01,9428.90,9301.46,9345.94,1978.2789
2020-01-31T08:00:00,9344.93,9380.91,9239.31,9308.45,1260.6196
2020-01-31T12:00:00,9308.45,9316.21,9195.49,9316.21,2247.5578
2020-01-31T16:00:00,9316.21,9342.34,9240.04,9286.82,1665.7803
2020-01-31T20:00:00,9286.82,9414.44,9285.19,9334.98,1292.3031
2020-02-01T00:00:00,9334.98,9458.08,9331.13,9416.29,975.0192
2020-02-01T04:00:00,9416.29,9444.51,9370.68,9417.01,606.6943
2020-02-01T08:00:00,9417.00,9419.06,9317.06,9340.64,429.5557
2020-02-01T12:00:00,9341.26,9367.27,9285.01,9322.73,931.2348
2020-02-01T16:00:00,9322.73,9409.06,9315.72,9345.36,745.3487
2020-02-01T20:00:00,9345.35,9400.00,9340.71,9380.18,699.5672
2020-02-02T00:00:00,9380.18,9380.18,9231.82,9256.25,1286.3985
2020-02-02T04:00:00,9254.73,9377.68,9140.00,9363.60,1928.6312
2020-02-02T08:00:00,9363.59,9447.00,9333.65,9421.87,717.4784
2020-02-02T12:00:00,9424.05,9480.00,9363.82,9449.67,1274.8007
2020-02-02T16:00:00,9448.68,9463.56,9398.01,9435.01,856.0319
2020-02-02T20:00:00,9435.01,9451.60,9310.48,9323.50,1244.5823
2020-02-03T00:00:00,9325.01,9619.95,9250.00,9370.32,4666.0561
2020-02-03T04:00:00,9370.32,9415.00,9324.00,9353.28,748.0469
2020-02-03T08:00:00,9353.27,9380.78,9281.13,9327.04,756.4420
2020-02-03T12:00:00,9327.05,9355.15,9256.09,9256.10,2419.8221
2020-02-03T16:00:00,9256.10,9321.08,9220.00,9306.60,1999.8653
2020-02-03T20:00:00,9305.03,9336.21,9226.63,9280.49,1320.0533
2020-02-04T00:00:00,9280.49,9350.00,9246.69,9267.98,1026.1374
2020-02-04T04:00:00,9268.18,9308.84,9207.57,9260.37,1224.9280
2020-02-04T08:00:00,9261.59,9275.00,9082.08,9164.42,2102.1030
2020-02-04T12:00:00,9164.43,9209.86,9078.05,9187.99,1756.8953
2020-02-04T16:00:00,9185.81,9218.66,9150.00,9155.20,1119.7659
2020-02-04T20:00:00,9155.20,9186.47,9119.63,9164.33,960.9194
2020-02-05T00:00:00,9164.33,9220.46,9150.00,9206.73,970.0126
2020-02-05T04:00:00,9205.66,9275.08,9183.24,9246.34,983.7527
2020-02-05T08:00:00,9246.33,9409.99,9215.40,9403.11,1239.8603
2020-02-05T12:00:00,9403.12,9496.01,9395.13,9479.35,2030.6552
2020-02-05T16:00:00,9479.34,9769.70,9471.30,9659.36,5543.6921
2020-02-05T20:00:00,9659.36,9719.95,9580.00,9613.82,2499.0890
2020-02-06T00:00:00,9613.91,9633.99,9521.47,9623.53,2686.7455
2020-02-06T04:00:00,9623.53,9692.12,9590.00,9620.57,1366.5734
2020-02-06T08:00:00,9619.74,9690.00,9587.77,9686.75,722.0933
2020-02-06T12:00:00,9683.62,9857.00,9641.06,9786.00,4448.0581
2020-02-06T16:00:00,9786.00,9833.67,9706.12,9734.60,1428.1634
2020-02-06T20:00:00,9734.60,9787.99,9650.00,9763.01,2020.5032
2020-02-07T00:00:00,9763.01,9840.66,9742.10,9760.48,1986.1953
2020-02-07T04:00:00,9760.47,9801.14,9728.00,9775.01,1371.4598
2020-02-07T08:00:00,9775.01,9885.00,9741.75,9794.08,1135.1733
2020-02-07T12:00:00,9794.26,9825.00,9713.99,9782.77,1565.8218
2020-02-07T16:00:00,9782.78,9818.00,9724.43,9763.56,1310.3329
2020-02-07T20:00:00,9763.55,9825.36,9720.52,9808.05,1147.6454
2020-02-08T00:00:00,9807.92,9821.64,9653.47,9711.03,1556.6473
2020-02-08T04:00:00,9711.02,9788.96,9704.46,9753.80,694.9555
2020-02-08T08:00:00,9753.81,9840.77,9753.81,9815.00,1092.0253
2020-02-08T12:00:00,9815.00,9887.72,9751.84,9837.24,1678.4229
2020-02-08T16:00:00,9837.26,9896.00,9803.00,9867.75,1496.7771
2020-02-08T20:00:00,9867.75,9955.00,9846.88,9905.64,1582.1430
2020-02-09T00:00:00,9905.64,10055.00,9888.76,10051.52,3093.2209
2020-02-09T04:00:00,10051.51,10175.58,10051.51,10134.90,1943.7588
2020-02-09T08:00:00,10134.90,10157.09,10057.36,10104.15,802.9131
2020-02-09T12:00:00,10107.86,10150.00,10019.04,10107.72,1270.2001
2020-02-09T16:00:00,10107.72,10125.00,10058.19,10075.42,997.8125
2020-02-09T20:00:00,10075.42,10178.91,10017.00,10168.35,1541.8440
2020-02-10T00:00:00,10168.36,10199.00,10050.00,10085.46,2549.3268
2020-02-10T04:00:00,10084.72,10095.42,9736.00,9982.35,4213.8016
2020-02-10T08:00:00,9982.35,9983.11,9760.00,9807.00,2501.6670
2020-02-10T12:00:00,9806.99,9924.35,9766.63,9866.88,1655.6297
2020-02-10T16:00:00,9866.88,9894.28,9795.10,9824.25,1077.7357
2020-02-10T20:00:00,9824.27,9895.50,9801.05,9851.78,1251.4263
2020-02-11T00:00:00,9851.78,9861.47,9707.97,9724.42,2595.2450
2020-02-11T04:00:00,9724.42,9783.43,9706.00,9735.14,1025.5972
2020-02-11T08:00:00,9735.13,9815.00,9722.57,9803.44,1042.3887
2020-02-11T12:00:00,9803.43,10250.00,9793.33,10215.17,5151.5012
2020-02-11T16:00:00,10215.18,10400.00,10215.17,10287.93,5228.6048
2020-02-11T20:00:00,10289.94,10304.49,10207.31,10270.01,1678.7290
2020-02-12T00:00:00,10270.01,10358.04,10269.19,10303.54,2651.1520
2020-02-12T04:00:00,10303.54,10483.86,10284.20,10397.02,2335.1439
2020-02-12T08:00:00,10393.57,10393.57,10250.00,10364.49,1864.3595
2020-02-12T12:00:00,10365.00,10446.76,10264.69,10343.10,2939.9002
2020-02-12T16:00:00,10344.19,10397.00,10320.88,10330.02,1810.3738
2020-02-12T20:00:00,10330.33,10445.00,10330.33,10351.13,2140.0556
2020-02-13T00:00:00,10351.13,10470.00,10337.30,10409.42,2089.8044
2020-02-13T04:00:00,10409.43,10500.00,10342.55,10361.43,2309.4995
2020-02-13T08:00:00,10359.94,10384.15,10083.10,10152.24,4610.3242
2020-02-13T12:00:00,10152.24,10522.51,10107.14,10260.82,4774.9024
2020-02-13T16:00:00,10266.43,10297.27,10132.72,10249.99,2254.0973
2020-02-13T20:00:00,10249.99,10262.35,10175.00,10236.49,1062.6576
2020-02-14T00:00:00,10236.49,10284.02,10177.04,10261.21,1204.2836
2020-02-14T04:00:00,10261.21,10274.42,10105.00,10109.97,958.1775
2020-02-14T08:00:00,10112.20,10290.00,10102.50,10265.14,1089.3797
2020-02-14T12:00:00,10266.95,10349.99,10215.84,10259.00,1394.2607
2020-02-14T16:00:00,10259.00,10395.66,10250.80,10362.04,2131.8873
2020-02-14T20:00:00,10362.03,10393.88,10301.07,10371.33,1248.5075
2020-02-15T00:00:00,10371.33,10400.00,10230.00,10281.90,1983.9373
2020-02-15T04:00:00,10281.89,10291.83,10200.00,10234.63,805.9660
2020-02-15T08:00:00,10232.86,10278.29,10215.49,10233.26,309.0400
2020-02-15T12:00:00,10233.25,10256.20,9750.00,9976.77,3793.0072
2020-02-15T16:00:00,9976.77,10098.66,9801.81,9890.59,4181.7963
2020-02-15T20:00:00,9890.59,9938.37,9879.78,9911.22,1249.5419
2020-02-16T00:00:00,9911.22,10048.34,9856.12,10006.98,1396.6488
2020-02-16T04:00:00,10006.93,10025.00,9937.31,9968.70,751.3366
2020-02-16T08:00:00,9968.71,10019.17,9912.00,9924.01,636.1329
2020-02-16T12:00:00,9924.01,9991.04,9832.05,9872.99,1342.2702
2020-02-16T16:00:00,9871.22,9924.38,9612.12,9759.99,4123.4218
2020-02-16T20:00:00,9760.00,10004.46,9732.22,9921.00,1180.5186
2020-02-17T00:00:00,9920.52,9969.38,9777.67,9823.88,1022.7983
2020-02-17T04:00:00,9822.58,9841.38,9707.99,9760.03,1289.3456
2020-02-17T08:00:00,9760.03,9845.00,9580.89,9632.65,1794.4587
2020-02-17T12:00:00,9634.45,9698.99,9467.00,9655.64,3265.5727
2020-02-17T16:00:00,9655.75,9736.84,9590.00,9684.20,1751.9879
2020-02-17T20:00:00,9684.20,9729.73,9620.00,9700.00,1020.4648
2020-02-18T00:00:00,9700.00,9769.99,9635.84,9733.51,1156.7790
2020-02-18T04:00:00,9733.51,9823.42,9725.18,9807.50,1201.7752
2020-02-18T08:00:00,9807.50,9807.50,9657.07,9723.00,764.0385
2020-02-18T12:00:00,9723.00,9888.78,9610.27,9863.41,1868.7974
2020-02-18T16:00:00,9863.62,10071.91,9851.89,10069.18,3471.4381
2020-02-18T20:00:00,10069.18,10298.25,10065.00,10188.04,3143.7332
2020-02-19T00:00:00,10188.04,10205.05,10115.91,10170.11,1319.2639
2020-02-19T04:00:00,10170.10,10184.05,10061.68,10073.95,1233.3805
2020-02-19T08:00:00,10073.96,10238.95,10039.22,10236.41,1049.0598
2020-02-19T12:00:00,10232.42,10268.68,10068.00,10136.94,1432.9830
2020-02-19T16:00:00,10136.94,10315.00,10111.70,10165.86,3036.4662
2020-02-19T20:00:00,10165.85,10172.28,9280.98,9600.08,8565.8967
2020-02-20T00:00:00,9593.48,9653.10,9479.19,9566.42,3380.0957
2020-02-20T04:00:00,9566.41,9620.90,9530.01,9593.47,1331.6604
2020-02-20T08:00:00,9593.48,9639.27,9540.31,9568.37,1165.1771
2020-02-20T12:00:00,9570.56,9625.21,9528.43,9578.61,1774.2575
2020-02-20T16:00:00,9578.63,9698.10,9393.39,9558.55,3502.9453
2020-02-20T20:00:00,9558.56,9673.41,9540.11,9610.05,1227.8741
2020-02-21T00:00:00,9610.05,9725.92,9578.14,9715.08,1365.8459
2020-02-21T04:00:00,9715.08,9747.78,9663.59,9690.07,964.9207
2020-02-21T08:00:00,9690.07,9730.36,9621.69,9708.43,635.7245
2020-02-21T12:00:00,9707.14,9769.66,9676.09,9742.95,1350.0268
2020-02-21T16:00:00,9742.94,9766.56,9678.08,9695.82,938.7615
2020-02-21T20:00:00,9695.28,9738.60,9566.98,9695.66,1818.0868
2020-02-22T00:00:00,9695.66,9722.97,9650.38,9676.21,611.6986
2020-02-22T04:00:00,9676.21,9676.21,9575.01,9609.69,711.9433
2020-02-22T08:00:00,9604.67,9673.42,9604.00,9654.00,228.5683
2020-02-22T12:00:00,9654.00,9687.65,9626.62,9644.21,403.7559
2020-02-22T16:00:00,9644.20,9696.97,9621.70,9690.34,702.9251
2020-02-22T20:00:00,9690.34,9709.99,9664.00,9668.23,642.3523
2020-02-23T00:00:00,9668.23,9820.00,9667.13,9808.07,771.4292
2020-02-23T04:00:00,9808.07,9949.00,9799.46,9913.91,1718.4791
2020-02-23T08:00:00,9913.91,10025.66,9839.37,9859.46,1037.8116
2020-02-23T12:00:00,9859.55,9929.99,9843.34,9893.05,685.8228
2020-02-23T16:00:00,9891.78,9922.72,9877.01,9905.01,588.6861
2020-02-23T20:00:00,9905.01,10000.00,9870.17,9965.01,829.7085
2020-02-24T00:00:00,9965.00,10030.00,9585.00,9772.98,2838.7594
2020-02-24T04:00:00,9772.98,9776.40,9636.49,9753.05,1102.5415
2020-02-24T08:00:00,9756.97,9850.26,9676.22,9820.01,1061.6269
2020-02-24T12:00:00,9820.01,9847.63,9669.69,9710.19,1586.9666
2020-02-24T16:00:00,9710.18,9735.13,9474.74,9594.33,3398.0224
2020-02-24T20:00:00,9593.02,9680.37,9560.00,9660.00,1286.9154
2020-02-25T00:00:00,9660.00,9669.99,9565.60,9583.36,802.4056
2020-02-25T04:00:00,9583.36,9606.51,9489.72,9520.86,933.8557
2020-02-25T08:00:00,9520.86,9654.99,9493.54,9630.77,641.8113
2020-02-25T12:00:00,9630.70,9681.56,9351.16,9380.27,2665.0459
2020-02-25T16:00:00,9381.41,9457.98,9265.00,9343.13,2511.2923
2020-02-25T20:00:00,9342.70,9425.00,9230.00,9305.00,1816.3933
2020-02-26T00:00:00,9304.99,9375.36,9092.92,9153.28,3996.0762
2020-02-26T04:00:00,9153.27,9210.85,9099.53,9137.77,1137.3607
2020-02-26T08:00:00,9135.09,9214.16,9081.00,9142.79,895.6548
2020-02-26T12:00:00,9142.80,9280.00,8955.00,8981.01,4979.6191
2020-02-26T16:00:00,8981.22,9017.94,8602.00,8823.76,8275.6499
2020-02-26T20:00:00,8823.76,8850.00,8705.53,8778.30,2326.1022
2020-02-27T00:00:00,8778.30,8780.00,8520.00,8734.75,4306.9375
2020-02-27T04:00:00,8734.75,8816.97,8666.76,8813.21,1468.2166
2020-02-27T08:00:00,8813.21,8850.00,8738.94,8803.12,1096.8941
2020-02-27T12:00:00,8803.12,8942.35,8742.39,8849.19,2892.1714
2020-02-27T16:00:00,8849.19,8972.92,8849.19,8910.01,2506.0937
2020-02-27T20:00:00,8910.01,8920.57,8667.69,8812.49,2510.7068
2020-02-28T00:00:00,8814.90,8899.94,8784.20,8839.69,1363.6907
2020-02-28T04:00:00,8839.69,8865.46,8700.86,8728.69,1122.0351
2020-02-28T08:00:00,8728.68,8783.47,8540.00,8573.69,2281.6987
2020-02-28T12:00:00,8573.69,8717.79,8428.80,8711.29,3846.6770
2020-02-28T16:00:00,8710.76,8728.99,8488.13,8570.00,2852.0034
2020-02-28T20:00:00,8570.00,8813.12,8565.91,8708.89,2177.1811
2020-02-29T00:00:00,8708.61,8780.89,8676.59,8731.80,725.1585
2020-02-29T04:00:00,8731.81,8799.00,8716.71,8768.37,528.0527
2020-02-29T08:00:00,8768.05,8778.65,8618.21,8708.54,602.6893
2020-02-29T12:00:00,8708.53,8708.54,8580.96,8661.73,869.6574
2020-02-29T16:00:00,8661.73,8683.95,8605.00,8675.00,1338.4292
2020-02-29T20:00:00,8675.00,8675.00,8520.67,8525.07,1078.7212
2020-03-01T00:00:00,8523.33,8671.56,8508.96,8611.38,1421.4378
2020-03-01T04:00:00,8611.38,8623.61,8512.07,8537.91,892.4421
2020-03-01T08:00:00,8536.94,8650.00,8520.40,8647.93,589.7329
2020-03-01T12:00:00,8647.94,8752.34,8536.70,8550.57,1268.9299
2020-03-01T16:00:00,8548.31,8577.23,8400.00,8533.54,2053.5965
2020-03-01T20:00:00,8533.54,8581.25,8455.00,8522.31,1127.0004
2020-03-02T00:00:00,8522.30,8649.95,8487.33,8602.89,1605.9471
2020-03-02T04:00:00,8602.89,8693.35,8591.22,8622.55,1478.9405
2020-03-02T08:00:00,8617.15,8776.57,8614.73,8756.65,1006.0926
2020-03-02T12:00:00,8756.65,8888.00,8715.89,8829.99,2259.6219
2020-03-02T16:00:00,8829.99,8918.07,8825.91,8892.28,1869.1266
2020-03-02T20:00:00,8892.27,8973.45,8862.10,8915.00,1996.9639
2020-03-03T00:00:00,8919.21,8927.45,8815.00,8878.99,1364.9120
2020-03-03T04:00:00,8879.00,8879.00,8750.00,8758.72,1129.1985
2020-03-03T08:00:00,8756.83,8883.54,8737.80,8878.50,633.6332
2020-03-03T12:00:00,8878.50,8924.69,8674.09,8757.79,2886.6788
2020-03-03T16:00:00,8757.79,8787.94,8635.31,8712.82,2043.1946
2020-03-03T20:00:00,8712.83,8796.55,8682.08,8757.84,1095.0898
2020-03-04T00:00:00,8757.83,8833.41,8727.24,8788.88,983.9523
2020-03-04T04:00:00,8788.87,8847.00,8779.40,8818.42,774.6009
2020-03-04T08:00:00,8818.40,8830.99,8700.17,8721.34,571.8304
2020-03-04T12:00:00,8721.34,8789.38,8670.57,8706.93,1303.2291
2020-03-04T16:00:00,8706.93,8756.99,8680.04,8745.16,1107.3133
2020-03-04T20:00:00,8745.16,8770.00,8695.00,8760.66,947.6591
2020-03-05T00:00:00,8759.99,8958.11,8759.99,8884.79,2314.1388
2020-03-05T04:00:00,8885.02,8959.18,8875.06,8907.53,861.3313
2020-03-05T08:00:00,8907.53,9125.67,8903.72,9110.00,1677.3012
2020-03-05T12:00:00,9109.99,9148.51,9035.02,9098.92,1735.5023
2020-03-05T16:00:00,9098.92,9173.96,9080.05,9173.96,1836.9083
2020-03-05T20:00:00,9171.61,9174.24,9044.82,9070.17,1648.1322
2020-03-06T00:00:00,9070.18,9102.64,9000.01,9050.30,1325.2239
2020-03-06T04:00:00,9050.30,9149.19,9027.01,9109.37,833.2714
2020-03-06T08:00:00,9110.88,9182.08,9087.28,9145.10,816.7130
2020-03-06T12:00:00,9145.10,9145.10,9022.00,9024.28,1396.4341
2020-03-06T16:00:00,9024.28,9119.98,9024.28,9102.34,1007.8157
2020-03-06T20:00:00,9102.34,9158.72,9083.53,9158.51,1042.6707
2020-03-07T00:00:00,9158.51,9170.05,9100.00,9114.33,697.8619
2020-03-07T04:00:00,9113.70,9129.85,9066.72,9105.01,466.5524
2020-03-07T08:00:00,9105.01,9140.00,9093.36,9115.26,306.4975
2020-03-07T12:00:00,9115.26,9157.80,9090.02,9136.43,505.7345
2020-03-07T16:00:00,9136.43,9214.67,8850.47,8904.04,3576.8387
2020-03-07T20:00:00,8904.03,8925.00,8870.00,8901.37,924.7683
2020-03-08T00:00:00,8901.36,8901.37,8717.00,8754.64,2073.8259
2020-03-08T04:00:00,8754.63,8763.40,8712.00,8750.49,668.3301
2020-03-08T08:00:00,8750.49,8760.76,8690.00,8753.70,345.7915
2020-03-08T12:00:00,8753.74,8755.19,8300.00,8403.91,4689.8975
2020-03-08T16:00:00,8402.11,8403.84,8159.60,8292.07,5273.2199
2020-03-08T20:00:00,8292.15,8318.91,8002.20,8037.76,3540.8492
2020-03-09T00:00:00,8037.73,8187.03,8000.70,8075.27,3343.1362
2020-03-09T04:00:00,8074.07,8075.10,7689.99,7905.87,5583.3326
2020-03-09T08:00:00,7905.87,7997.77,7768.83,7814.97,1771.5656
2020-03-09T12:00:00,7813.78,7925.60,7630.00,7770.10,8708.5439
2020-03-09T16:00:00,7769.30,7884.99,7693.66,7844.44,3732.5257
2020-03-09T20:00:00,7844.44,7945.50,7789.84,7934.52,2424.5102
2020-03-10T00:00:00,7934.56,7968.25,7842.29,7909.15,2176.9824
2020-03-10T04:00:00,7910.00,7964.57,7869.52,7900.66,1543.0867
2020-03-10T08:00:00,7900.66,8118.83,7878.00,8070.91,1782.4013
2020-03-10T12:00:00,8070.92,8158.25,7742.27,7765.96,5535.6056
2020-03-10T16:00:00,7766.70,7986.60,7733.56,7983.65,2908.6399
2020-03-10T20:00:00,7983.65,8040.64,7875.01,7894.68,3225.7553
2020-03-11T00:00:00,7894.68,7967.48,7860.11,7924.03,1067.5222
2020-03-11T04:00:00,7924.03,7947.02,7825.00,7866.89,1089.5209
2020-03-11T08:00:00,7867.03,7926.77,7765.29,7831.84,1324.9566
2020-03-11T12:00:00,7831.83,7902.17,7745.00,7781.06,2448.2940
2020-03-11T16:00:00,7783.57,7848.01,7583.27,7832.07,5246.1205
2020-03-11T20:00:00,7832.06,7987.97,7800.00,7938.05,2471.4509
2020-03-12T00:00:00,7938.05,7969.45,7558.17,7659.10,5016.7767
2020-03-12T04:00:00,7659.09,7659.10,7350.00,7386.84,5859.9711
2020-03-12T08:00:00,7386.84,7463.79,5578.00,6080.00,25030.4800
2020-03-12T12:00:00,6080.00,6345.00,5710.00,6134.04,30871.1578
2020-03-12T16:00:00,6136.86,6250.99,5950.00,6037.44,10817.8096
2020-03-12T20:00:00,6035.30,6061.94,4644.00,4857.10,36306.0081
2020-03-13T00:00:00,4857.10,5858.00,3858.00,5380.63,50097.7298
2020-03-13T04:00:00,5380.66,5496.40,4696.55,5449.03,16306.9064
2020-03-13T08:00:00,5431.38,5858.00,5238.71,5448.32,10377.8193
2020-03-13T12:00:00,5447.97,5995.00,4924.97,5245.28,22049.3161
2020-03-13T16:00:00,5239.35,5577.86,4860.00,5449.82,19197.6702
2020-03-13T20:00:00,5442.20,5790.00,5320.62,5637.60,12287.2050
2020-03-14T00:00:00,5630.93,5669.00,5360.55,5605.63,7131.4346
2020-03-14T04:00:00,5605.62,5605.62,5430.00,5537.19,3027.5144
2020-03-14T08:00:00,5537.19,5553.40,5214.47,5501.04,3346.2125
2020-03-14T12:00:00,5495.33,5495.33,5287.00,5323.84,4337.8061
2020-03-14T16:00:00,5323.76,5514.45,5262.38,5400.00,5702.8846
2020-03-14T20:00:00,5400.00,5439.41,5050.00,5165.25,9214.2707
2020-03-15T00:00:00,5161.16,5267.60,5085.91,5168.75,6368.0517
2020-03-15T04:00:00,5170.02,5313.00,5125.00,5262.35,3191.6214
2020-03-15T08:00:00,5263.05,5479.00,5207.84,5431.48,2061.3207
2020-03-15T12:00:00,5431.48,5582.62,5220.87,5312.45,4564.5897
2020-03-15T16:00:00,5313.54,5380.00,5237.46,5304.63,5201.6204
2020-03-15T20:00:00,5303.24,5985.00,5163.16,5345.35,22376.5585
2020-03-16T00:00:00,5346.86,5350.30,5175.00,5260.57,6474.7958
2020-03-16T04:00:00,5259.10,5291.00,4773.00,4774.67,11478.4654
2020-03-16T08:00:00,4774.68,4929.99,4432.30,4572.65,12910.2977
2020-03-16T12:00:00,4570.08,5173.25,4502.78,5153.43,25767.4278
2020-03-16T16:00:00,5153.30,5214.20,4835.00,4950.39,13236.4066
2020-03-16T20:00:00,4948.08,5059.99,4830.00,5037.61,10316.6435
2020-03-17T00:00:00,5039.95,5432.00,4935.60,5336.06,11443.9346
2020-03-17T04:00:00,5336.84,5448.27,5223.11,5378.08,3723.2535
2020-03-17T08:00:00,5376.82,5466.75,5188.90,5286.74,4187.0350
2020-03-17T12:00:00,5285.32,5403.86,5071.00,5384.00,9432.8546
2020-03-17T16:00:00,5384.99,5513.50,5312.74,5401.03,9294.1183
2020-03-17T20:00:00,5402.37,5569.44,5322.23,5331.71,6265.9588
2020-03-18T00:00:00,5331.71,5442.11,5288.60,5413.00,5169.4874
2020-03-18T04:00:00,5413.00,5452.82,5122.00,5162.77,4839.2463
2020-03-18T08:00:00,5163.53,5255.77,5021.81,5160.99,4583.3003
2020-03-18T12:00:00,5161.00,5420.69,5001.00,5346.73,8848.2855
2020-03-18T16:00:00,5349.35,5372.41,5070.00,5349.98,9774.6130
2020-03-18T20:00:00,5349.18,5440.00,5280.86,5413.64,4298.1028
2020-03-19T00:00:00,5413.88,5474.99,5261.69,5301.62,4970.4569
2020-03-19T04:00:00,5302.76,5454.73,5294.03,5433.64,2547.5708
2020-03-19T08:00:00,5435.31,5686.94,5399.01,5652.79,5285.6187
2020-03-19T12:00:00,5654.92,5960.00,5639.00,5928.55,13712.0912
2020-03-19T16:00:00,5929.33,6395.00,5820.10,6238.00,20054.5652
2020-03-19T20:00:00,6238.00,6441.37,6155.09,6186.26,8096.3718
2020-03-20T00:00:00,6183.82,6289.91,6055.23,6163.32,4772.9090
2020-03-20T04:00:00,6159.13,6359.02,6122.27,6324.80,2864.1994
2020-03-20T08:00:00,6326.56,6990.00,6319.91,6684.91,9887.5305
2020-03-20T12:00:00,6684.90,6734.04,6430.74,6634.67,9388.7655
2020-03-20T16:00:00,6638.47,6688.00,6170.00,6195.74,12260.8671
2020-03-20T20:00:00,6194.74,6390.00,5657.00,6206.10,13850.1295
2020-03-21T00:00:00,6210.47,6384.60,6052.00,6272.52,4354.5172
2020-03-21T04:00:00,6269.14,6321.81,6042.00,6157.39,2804.2182
2020-03-21T08:00:00,6157.39,6164.77,5851.00,6117.62,4422.6120
2020-03-21T12:00:00,6119.69,6274.32,6094.94,6220.59,2654.3591
2020-03-21T16:00:00,6224.78,6265.10,6056.67,6225.77,3418.2835
2020-03-21T20:00:00,6225.77,6470.00,6085.00,6198.78,5860.9765
2020-03-22T00:00:00,6198.64,6370.00,6121.46,6359.70,2539.9595
2020-03-22T04:00:00,6356.81,6420.00,6273.65,6297.62,1884.8027
2020-03-22T08:00:00,6297.64,6329.89,6142.23,6162.13,2029.8294
2020-03-22T12:00:00,6164.99,6165.00,5920.00,6088.98,6659.1384
2020-03-22T16:00:00,6091.25,6158.42,5875.00,5923.01,6177.7402
2020-03-22T20:00:00,5920.00,6145.72,5738.00,5818.25,8798.0169
2020-03-23T00:00:00,5815.24,5998.98,5678.20,5961.76,5297.6337
2020-03-23T04:00:00,5961.76,5996.87,5857.37,5869.00,2762.7293
2020-03-23T08:00:00,5868.98,5945.00,5751.19,5863.46,3511.9581
2020-03-23T12:00:00,5864.32,6641.03,5864.30,6239.89,16298.3290
2020-03-23T16:00:00,6241.80,6409.43,6236.93,6281.26,6631.4525
2020-03-23T20:00:00,6285.29,6533.60,6281.14,6490.63,7935.8681
2020-03-24T00:00:00,6493.58,6710.00,6493.49,6552.43,9773.3095
2020-03-24T04:00:00,6549.82,6645.00,6403.16,6590.58,3884.4692
2020-03-24T08:00:00,6590.57,6866.10,6589.97,6762.92,6320.3612
2020-03-24T12:00:00,6764.83,6795.00,6500.00,6617.83,9475.8215
2020-03-24T16:00:00,6617.77,6761.66,6536.86,6720.73,5810.6711
2020-03-24T20:00:00,6720.74,6819.62,6629.91,6766.64,5353.5662
2020-03-25T00:00:00,6766.00,6766.00,6534.08,6572.18,5606.5453
2020-03-25T04:00:00,6569.52,6734.99,6542.61,6697.79,2272.6129
2020-03-25T08:00:00,6697.21,6983.31,6470.00,6540.00,8224.6577
2020-03-25T12:00:00,6539.56,6836.79,6525.00,6634.49,7187.9179
2020-03-25T16:00:00,6634.25,6718.00,6590.83,6629.99,3877.1002
2020-03-25T20:00:00,6629.99,6715.76,6564.27,6690.96,4097.5342
2020-03-26T00:00:00,6691.71,6795.00,6670.19,6745.00,3271.0045
2020-03-26T04:00:00,6744.20,6780.00,6575.00,6605.77,2485.5585
2020-03-26T08:00:00,6605.77,6684.45,6580.00,6619.49,1297.3608
2020-03-26T12:00:00,6620.00,6708.00,6520.13,6633.67,3950.5862
2020-03-26T16:00:00,6634.23,6698.56,6612.93,6679.82,2614.5392
2020-03-26T20:00:00,6679.59,6782.76,6673.44,6758.18,3837.0679
2020-03-27T00:00:00,6760.00,6880.00,6759.99,6814.57,3790.1300
2020-03-27T04:00:00,6816.06,6847.67,6630.00,6725.00,3422.8735
2020-03-27T08:00:00,6724.83,6726.90,6609.62,6632.21,2120.6670
2020-03-27T12:00:00,6632.21,6680.94,6585.00,6635.04,3604.4108
2020-03-27T16:00:00,6635.04,6699.99,6600.04,6666.00,3279.4512
2020-03-27T20:00:00,6666.02,6710.45,6260.00,6372.36,4240.7116
2020-03-28T00:00:00,6372.36,6372.36,6070.00,6121.57,7707.4631
2020-03-28T04:00:00,6121.56,6210.00,6095.95,6196.94,2364.7395
2020-03-28T08:00:00,6196.01,6330.00,6180.86,6243.00,1731.5998
2020-03-28T12:00:00,6243.00,6284.00,6172.10,6228.50,1776.5026
2020-03-28T16:00:00,6228.49,6264.81,6030.00,6222.34,4316.3051
2020-03-28T20:00:00,6221.29,6310.00,6179.55,6251.82,2457.2648
2020-03-29T00:00:00,6251.45,6279.96,6191.63,6216.11,1470.5374
2020-03-29T04:00:00,6215.08,6221.97,6118.00,6158.40,1710.4626
2020-03-29T08:00:00,6158.39,6218.96,6085.43,6138.01,2425.7687
2020-03-29T12:00:00,6138.00,6156.76,6051.80,6134.31,2034.8758
2020-03-29T16:00:00,6134.31,6164.56,5871.00,5902.00,4723.0340
2020-03-29T20:00:00,5901.88,5960.00,5870.46,5877.21,3746.5579
2020-03-30T00:00:00,5878.98,6029.66,5853.00,6015.00,3185.5280
2020-03-30T04:00:00,6015.00,6349.55,5999.85,6256.26,4193.9951
2020-03-30T08:00:00,6259.80,6428.81,6252.55,6377.07,2804.2192
2020-03-30T12:00:00,6376.57,6461.85,6284.67,6350.02,4288.0347
2020-03-30T16:00:00,6353.56,6413.58,6317.74,6377.26,2382.7903
2020-03-30T20:00:00,6377.25,6631.23,6375.00,6406.40,6805.2352
2020-03-31T00:00:00,6406.40,6524.79,6395.00,6445.51,2789.4145
2020-03-31T04:00:00,6445.08,6474.00,6382.40,6448.25,1289.8868
2020-03-31T08:00:00,6448.25,6512.00,6357.36,6400.93,1378.5798
2020-03-31T12:00:00,6400.93,6520.34,6333.91,6465.62,2890.5520
2020-03-31T16:00:00,6465.62,6504.62,6405.55,6474.20,2206.3292
2020-03-31T20:00:00,6474.20,6511.95,6407.70,6424.35,1384.2630
2020-04-01T00:00:00,6424.02,6437.57,6260.00,6377.38,3546.5635
2020-04-01T04:00:00,6378.15,6385.76,6280.00,6338.96,1870.9419
2020-04-01T08:00:00,6338.95,6338.96,6270.00,6301.36,1350.3928
2020-04-01T12:00:00,6301.26,6345.19,6181.98,6241.51,3290.5672
2020-04-01T16:00:00,6241.51,6241.51,6160.00,6214.99,2283.1173
2020-04-01T20:00:00,6206.38,6744.99,6202.13,6666.11,5558.6682
2020-04-02T00:00:00,6666.11,6767.00,6570.92,6620.68,3672.7185
2020-04-02T04:00:00,6620.68,6695.00,6584.00,6660.76,1855.7491
2020-04-02T08:00:00,6660.76,6720.00,6616.84,6695.00,1465.8901
2020-04-02T12:00:00,6700.00,6848.23,6585.00,6818.37,4621.9572
2020-04-02T16:00:00,6818.38,7292.11,6730.00,6813.47,12872.0888
2020-04-02T20:00:00,6813.47,6875.00,6650.00,6804.52,4272.6044
2020-04-03T00:00:00,6804.24,6833.70,6730.93,6789.42,1360.5684
2020-04-03T04:00:00,6788.67,6962.00,6751.00,6943.38,1280.3391
2020-04-03T08:00:00,6943.38,7050.00,6883.33,7015.00,2420.5952
2020-04-03T12:00:00,7015.00,7015.00,6680.48,6722.09,4358.1892
2020-04-03T16:00:00,6722.09,6804.19,6606.06,6780.05,3611.4544
2020-04-03T20:00:00,6781.15,6832.59,6683.51,6741.99,1922.0333
2020-04-04T00:00:00,6741.99,6809.86,6672.01,6704.98,1422.7808
2020-04-04T04:00:00,6704.99,6774.83,6693.12,6741.14,452.0531
2020-04-04T08:00:00,6741.13,6915.17,6658.16,6705.00,2286.1503
2020-04-04T12:00:00,6705.33,6774.14,6675.67,6740.24,967.5148
2020-04-04T16:00:00,6740.24,6820.46,6725.26,6762.75,1434.5857
2020-04-04T20:00:00,6762.75,7025.53,6748.00,6874.77,3654.5943
2020-04-05T00:00:00,6874.77,6925.00,6800.00,6806.15,1414.7445
2020-04-05T04:00:00,6806.15,6844.07,6745.46,6779.72,1451.3387
2020-04-05T08:00:00,6779.71,6833.98,6746.31,6783.32,1060.2918
2020-04-05T12:00:00,6783.31,6829.12,6762.64,6793.74,911.4118
2020-04-05T16:00:00,6793.74,6842.01,6681.00,6804.00,2578.5933
2020-04-05T20:00:00,6804.00,6816.67,6729.45,6778.25,1546.5306
2020-04-06T00:00:00,6778.64,6899.00,6773.28,6851.56,2685.9638
2020-04-06T04:00:00,6851.20,7119.99,6851.20,7041.05,6569.4751
2020-04-06T08:00:00,7039.91,7167.16,7016.75,7111.46,3069.2390
2020-04-06T12:00:00,7111.47,7180.00,7051.01,7155.84,4195.5489
2020-04-06T16:00:00,7155.85,7322.00,7092.43,7278.09,7548.7289
2020-04-06T20:00:00,7278.09,7373.37,7194.55,7341.56,3923.0575
2020-04-07T00:00:00,7341.55,7461.00,7257.75,7332.96,7109.6089
2020-04-07T04:00:00,7333.00,7390.00,7230.00,7387.99,2186.2082
2020-04-07T08:00:00,7387.99,7451.02,7330.00,7392.13,1755.8998
2020-04-07T12:00:00,7391.22,7466.00,7271.00,7333.02,3434.9819
2020-04-07T16:00:00,7333.02,7400.00,7290.17,7290.94,2972.0518
2020-04-07T20:00:00,7290.94,7294.25,7073.00,7200.01,5284.3156
2020-04-08T00:00:00,7200.01,7396.99,7154.22,7351.79,3475.9029
2020-04-08T04:00:00,7351.79,7430.00,7291.00,7324.91,2365.2557
2020-04-08T08:00:00,7325.79,7344.97,7221.02,7298.70,1637.2866
2020-04-08T12:00:00,7298.40,7372.82,7196.45,7282.02,2395.4193
2020-04-08T16:00:00,7282.01,7366.53,7260.01,7316.84,3333.8913
2020-04-08T20:00:00,7317.50,7397.50,7296.99,7370.11,2221.3662
2020-04-09T00:00:00,7370.38,7377.00,7261.01,7292.47,1860.3340
2020-04-09T04:00:00,7292.47,7349.55,7241.91,7340.41,1001.8282
2020-04-09T08:00:00,7340.42,7363.99,7137.45,7184.31,1694.1282
2020-04-09T12:00:00,7189.09,7365.00,7110.00,7290.42,3593.6051
2020-04-09T16:00:00,7290.42,7319.84,7240.00,7271.23,2647.3605
2020-04-09T20:00:00,7271.22,7323.55,7251.06,7293.24,1572.5867
2020-04-10T00:00:00,7293.23,7305.91,7160.16,7182.56,1612.4493
2020-04-10T04:00:00,7182.56,7182.56,6875.00,6931.01,6282.2155
2020-04-10T08:00:00,6933.53,6961.27,6852.92,6902.19,1836.2468
2020-04-10T12:00:00,6902.19,6937.55,6750.00,6775.69,4424.5045
2020-04-10T16:00:00,6775.82,6962.16,6750.00,6917.95,3455.2914
2020-04-10T20:00:00,6917.94,6949.43,6832.18,6871.91,2060.4827
2020-04-11T00:00:00,6871.83,6932.74,6850.87,6921.61,1172.5381
2020-04-11T04:00:00,6921.55,6955.00,6876.00,6888.11,1423.3024
2020-04-11T08:00:00,6888.12,6907.40,6842.00,6890.85,777.3118
2020-04-11T12:00:00,6890.85,6899.25,6815.21,6844.55,1396.4551
2020-04-11T16:00:00,6844.55,6871.63,6791.47,6813.90,1660.8509
2020-04-11T20:00:00,6813.88,6895.12,6775.00,6889.65,1635.6169
2020-04-12T00:00:00,6889.78,6913.83,6806.21,6820.26,1640.0794
2020-04-12T04:00:00,6820.26,6855.23,6787.44,6838.76,763.9905
2020-04-12T08:00:00,6841.59,6888.00,6837.69,6862.19,532.5395
2020-04-12T12:00:00,6860.65,7045.17,6860.65,7037.41,2349.0549
2020-04-12T16:00:00,7037.41,7200.00,7035.00,7132.41,4061.6844
2020-04-12T20:00:00,7132.41,7174.00,6882.31,6908.13,3386.6397
2020-04-13T00:00:00,6908.12,6908.13,6555.00,6690.44,7662.3334
2020-04-13T04:00:00,6689.00,6746.00,6656.00,6707.60,1693.3075
2020-04-13T08:00:00,6707.59,6849.98,6671.56,6790.83,1904.9802
2020-04-13T12:00:00,6789.84,6819.99,6613.53,6782.13,5036.4647
2020-04-13T16:00:00,6782.13,6823.94,6746.42,6790.52,2872.4277
2020-04-13T20:00:00,6790.51,6906.51,6788.19,6861.21,3154.2531
2020-04-14T00:00:00,6860.51,6924.25,6821.70,6902.01,1901.2745
2020-04-14T04:00:00,6902.58,6933.48,6828.45,6831.21,1542.0456
2020-04-14T08:00:00,6830.78,6894.19,6771.41,6845.59,2084.2794
2020-04-14T12:00:00,6845.28,6978.00,6815.76,6920.89,3209.0752
2020-04-14T16:00:00,6920.90,6997.38,6874.49,6927.70,2351.0422
2020-04-14T20:00:00,6928.05,6941.83,6845.65,6877.37,1780.8893
2020-04-15T00:00:00,6876.92,6923.17,6809.00,6913.32,1447.8881
2020-04-15T04:00:00,6913.10,6940.00,6866.15,6873.15,1369.0648
2020-04-15T08:00:00,6872.89,6886.26,6754.58,6781.65,2847.1518
2020-04-15T12:00:00,6781.66,6781.66,6688.36,6703.34,3809.6811
2020-04-15T16:00:00,6703.86,6778.34,6688.00,6733.00,1608.4651
2020-04-15T20:00:00,6733.00,6768.84,6605.89,6624.12,3671.5628
2020-04-16T00:00:00,6623.62,6675.00,6456.00,6658.00,5264.1857
2020-04-16T04:00:00,6658.00,6980.00,6631.82,6898.61,4247.2403
2020-04-16T08:00:00,6900.00,7153.00,6881.30,7030.44,4714.2593
2020-04-16T12:00:00,7031.38,7096.56,6942.91,7058.95,4282.9542
2020-04-16T16:00:00,7058.91,7104.63,6962.90,7084.31,2875.4797
2020-04-16T20:00:00,7084.31,7217.27,6980.17,7112.64,6733.4378
2020-04-17T00:00:00,7114.76,7155.16,7017.56,7095.35,2559.8370
2020-04-17T04:00:00,7095.31,7095.31,7022.05,7059.07,1821.3322
2020-04-17T08:00:00,7059.07,7134.00,7041.95,7082.41,2047.3881
2020-04-17T12:00:00,7082.41,7114.16,7000.00,7048.04,3602.1375
2020-04-17T16:00:00,7048.04,7094.02,7028.09,7076.99,1538.4005
2020-04-17T20:00:00,7077.00,7156.66,7021.00,7037.46,1945.4811
2020-04-18T00:00:00,7036.45,7120.25,7021.00,7101.32,1181.1965
2020-04-18T04:00:00,7101.32,7130.00,7090.88,7101.93,684.0250
2020-04-18T08:00:00,7101.76,7130.00,7061.19,7114.30,726.7337
2020-04-18T12:00:00,7112.82,7283.99,7086.03,7250.00,3814.0995
2020-04-18T16:00:00,7250.00,7261.32,7168.00,7225.01,2562.9663
2020-04-18T20:00:00,7225.01,7308.00,7208.12,7261.76,2541.5002
2020-04-19T00:00:00,7262.04,7275.00,7196.06,7241.72,1259.4381
2020-04-19T04:00:00,7241.71,7254.03,7102.52,7156.69,1699.8843
2020-04-19T08:00:00,7155.93,7194.17,7131.59,7170.72,613.6123
2020-04-19T12:00:00,7171.83,7180.00,7063.02,7105.82,1729.2192
2020-04-19T16:00:00,7107.07,7183.39,7100.00,7145.49,1449.9932
2020-04-19T20:00:00,7145.49,7212.07,7119.02,7130.71,2135.7417
2020-04-20T00:00:00,7130.70,7196.32,7096.69,7177.67,1103.2173
2020-04-20T04:00:00,7177.68,7227.11,7163.74,7196.54,1196.2046
2020-04-20T08:00:00,7196.15,7197.01,6961.28,6972.12,3017.8322
2020-04-20T12:00:00,6970.18,7108.22,6920.00,7082.65,3396.3886
2020-04-20T16:00:00,7082.65,7098.72,6768.00,6769.06,6568.0069
2020-04-20T20:00:00,6769.07,6900.00,6748.72,6838.19,3114.9561
2020-04-21T00:00:00,6837.22,6925.00,6823.92,6869.00,1862.3519
2020-04-21T04:00:00,6868.99,6913.00,6842.69,6895.28,1238.0422
2020-04-21T08:00:00,6894.57,6909.66,6776.00,6803.88,2456.1816
2020-04-21T12:00:00,6803.89,6891.55,6792.44,6841.20,3510.9438
2020-04-21T16:00:00,6841.20,6959.00,6821.14,6877.27,3721.4912
2020-04-21T20:00:00,6877.00,6919.00,6845.00,6853.68,1678.8318
2020-04-22T00:00:00,6853.67,6897.62,6826.00,6872.49,1638.1754
2020-04-22T04:00:00,6872.48,6969.40,6854.11,6948.27,1240.3143
2020-04-22T08:00:00,6950.97,6985.32,6930.25,6965.78,998.3746
2020-04-22T12:00:00,6965.79,7141.05,6940.25,7126.44,4970.0188
2020-04-22T16:00:00,7126.44,7167.37,7080.76,7097.29,2889.1432
2020-04-22T20:00:00,7097.23,7139.99,7090.89,7136.84,1405.1145
2020-04-23T00:00:00,7136.81,7191.99,7107.44,7120.75,1836.2306
2020-04-23T04:00:00,7120.74,7143.52,7031.14,7065.13,1359.9831
2020-04-23T08:00:00,7065.12,7155.00,7053.27,7140.31,914.7852
2020-04-23T12:00:00,7140.31,7775.00,7120.01,7540.05,11747.1118
2020-04-23T16:00:00,7540.27,7617.18,7490.00,7531.72,4160.8529
2020-04-23T20:00:00,7531.72,7621.82,7439.36,7488.83,2740.4013
2020-04-24T00:00:00,7491.50,7560.00,7469.00,7529.06,1629.9579
2020-04-24T04:00:00,7529.05,7594.90,7495.93,7578.39,1794.9242
2020-04-24T08:00:00,7578.40,7612.24,7477.53,7492.73,2750.9419
2020-04-24T12:00:00,7492.73,7530.88,7390.00,7511.72,3437.2763
2020-04-24T16:00:00,7511.73,7552.51,7488.92,7534.37,2496.4183
2020-04-24T20:00:00,7533.21,7562.90,7483.72,7514.64,1655.0484
2020-04-25T00:00:00,7514.99,7530.90,7437.94,7529.80,1053.6942
2020-04-25T04:00:00,7529.79,7600.00,7506.83,7565.65,925.1267
2020-04-25T08:00:00,7565.65,7612.50,7518.63,7539.22,846.1227
2020-04-25T12:00:00,7538.39,7720.00,7520.00,7536.36,2313.7150
2020-04-25T16:00:00,7536.36,7569.01,7489.44,7554.60,1290.7567
2020-04-25T20:00:00,7554.60,7565.55,7511.00,7547.61,1014.3808
2020-04-26T00:00:00,7547.61,7592.50,7531.93,7579.10,963.2804
2020-04-26T04:00:00,7579.09,7579.46,7535.00,7555.85,697.3878
2020-04-26T08:00:00,7555.84,7688.88,7540.45,7670.54,1510.4912
2020-04-26T12:00:00,7670.41,7715.00,7490.00,7553.03,3159.8906
2020-04-26T16:00:00,7553.03,7667.09,7538.89,7659.67,1251.1121
2020-04-26T20:00:00,7659.66,7709.15,7592.31,7706.40,1710.4788
2020-04-27T00:00:00,7706.40,7810.99,7659.00,7742.32,4219.5959
2020-04-27T04:00:00,7742.32,7761.92,7639.02,7708.38,1601.9751
2020-04-27T08:00:00,7708.38,7749.99,7677.48,7724.68,1393.6291
2020-04-27T12:00:00,7724.68,7737.75,7635.69,7693.60,3955.7391
2020-04-27T16:00:00,7693.14,7731.04,7650.00,7709.44,2063.9466
2020-04-27T20:00:00,7712.85,7794.71,7692.04,7789.77,2220.8504
2020-04-28T00:00:00,7789.77,7794.74,7677.67,7712.47,2540.9631
2020-04-28T04:00:00,7712.46,7732.63,7672.00,7712.46,1240.4834
2020-04-28T08:00:00,7712.45,7765.54,7689.36,7742.32,1042.7976
2020-04-28T12:00:00,7742.32,7775.00,7672.51,7725.15,2704.3053
2020-04-28T16:00:00,7725.15,7760.00,7714.46,7726.59,1728.1164
2020-04-28T20:00:00,7725.91,7777.44,7714.44,7755.01,1728.1005
2020-04-29T00:00:00,7757.18,7876.00,7720.00,7821.73,3701.8327
2020-04-29T04:00:00,7821.73,7979.78,7816.67,7958.59,3057.2331
2020-04-29T08:00:00,7959.73,8193.53,7943.01,8144.41,6020.6626
2020-04-29T12:00:00,8144.40,8425.25,8144.40,8383.81,10881.8136
2020-04-29T16:00:00,8383.38,8988.00,8350.00,8737.62,18202.2975
2020-04-29T20:00:00,8737.62,8950.00,8696.14,8793.75,6825.9109
2020-04-30T00:00:00,8794.99,9300.00,8715.00,9299.79,8308.6923
2020-04-30T04:00:00,9295.93,9478.66,9005.00,9184.68,9856.2861
2020-04-30T08:00:00,9184.69,9232.31,8541.63,8846.29,8010.1715
2020-04-30T12:00:00,8846.63,8923.12,8701.62,8785.92,4330.2521
2020-04-30T16:00:00,8784.58,8864.37,8407.00,8848.70,9984.4932
2020-04-30T20:00:00,8847.27,8894.00,8585.74,8624.28,4354.0695
2020-05-01T00:00:00,8624.68,8768.95,8622.72,8677.40,3033.3143
2020-05-01T04:00:00,8677.41,8836.90,8677.40,8782.00,2777.2579
2020-05-01T08:00:00,8778.92,9075.98,8753.44,9014.55,3421.6470
2020-05-01T12:00:00,9011.20,9038.63,8715.29,8730.79,5645.4383
2020-05-01T16:00:00,8731.33,8783.26,8659.82,8731.74,3605.6061
2020-05-01T20:00:00,8731.74,8900.00,8666.40,8829.42,3176.9563
2020-05-02T00:00:00,8829.42,8863.82,8762.01,8845.00,1634.2089
2020-05-02T04:00:00,8845.56,8865.40,8786.87,8807.20,1016.8913
2020-05-02T08:00:00,8808.34,8898.00,8777.24,8850.00,958.1364
2020-05-02T12:00:00,8848.92,8975.00,8848.92,8948.01,2277.3519
2020-05-02T16:00:00,8948.01,9025.00,8817.00,8885.14,3173.3530
2020-05-02T20:00:00,8885.89,8996.00,8860.68,8985.58,1479.3238
2020-05-03T00:00:00,8984.69,9203.52,8950.00,9146.10,4527.8780
2020-05-03T04:00:00,9146.13,9160.00,8922.67,8996.67,2792.9273
2020-05-03T08:00:00,8995.78,9144.17,8970.29,9047.92,1268.1972
2020-05-03T12:00:00,9050.80,9073.57,8731.01,8822.40,4673.8481
2020-05-03T16:00:00,8821.98,8910.00,8784.64,8877.96,1627.2977
2020-05-03T20:00:00,8875.61,8967.63,8798.00,8909.95,2257.5055
2020-05-04T00:00:00,8907.85,8950.00,8632.88,8738.69,4279.3760
2020-05-04T04:00:00,8740.32,8750.00,8533.98,8662.45,2977.9808
2020-05-04T08:00:00,8662.47,8729.99,8606.67,8690.01,1877.9445
2020-05-04T12:00:00,8690.01,8873.68,8663.10,8857.20,3542.3353
2020-05-04T16:00:00,8857.21,8898.88,8756.50,8845.00,3059.9328
2020-05-04T20:00:00,8844.38,8970.00,8839.76,8883.53,2643.0570
2020-05-05T00:00:00,8887.81,8937.43,8822.05,8863.28,1689.6602
2020-05-05T04:00:00,8863.24,9126.27,8862.56,9021.08,4061.7456
2020-05-05T08:00:00,9024.04,9081.52,8769.69,8857.05,2881.9440
2020-05-05T12:00:00,8857.04,8961.10,8824.92,8853.23,2916.4490
2020-05-05T16:00:00,8853.23,8948.11,8831.01,8918.95,2521.0792
2020-05-05T20:00:00,8918.96,9050.92,8911.15,9028.79,2321.4213
2020-05-06T00:00:00,9028.78,9075.00,8922.13,8983.90,2064.3149
2020-05-06T04:00:00,8983.90,9059.20,8965.04,9035.01,1486.7425
2020-05-06T08:00:00,9035.01,9377.62,9010.40,9334.90,5341.2605
2020-05-06T12:00:00,9334.79,9399.00,9129.45,9286.50,7274.0098
2020-05-06T16:00:00,9286.50,9325.00,9212.84,9256.41,4340.2868
2020-05-06T20:00:00,9256.17,9418.00,9061.63,9155.79,7144.2643
2020-05-07T00:00:00,9155.79,9382.61,9028.89,9304.28,4499.4544
2020-05-07T04:00:00,9304.28,9329.80,9241.19,9321.10,1435.6076
2020-05-07T08:00:00,9321.10,9348.00,9256.49,9288.98,1628.5950
2020-05-07T12:00:00,9290.00,9614.99,9269.76,9526.73,7824.7775
2020-05-07T16:00:00,9526.75,9970.00,9519.47,9874.00,14768.0575
2020-05-07T20:00:00,9876.35,10079.00,9750.00,10004.77,9291.0831
2020-05-08T00:00:00,10000.37,10049.00,9840.12,9947.18,5277.6879
2020-05-08T04:00:00,9948.11,9948.11,9730.00,9826.35,4051.9044
2020-05-08T08:00:00,9826.36,9973.21,9822.33,9917.15,2226.6481
2020-05-08T12:00:00,9917.16,10026.00,9798.31,9956.60,5228.0553
2020-05-08T16:00:00,9956.60,10010.00,9890.50,9968.01,4498.9304
2020-05-08T20:00:00,9968.01,10020.08,9788.00,9810.00,5080.4907
2020-05-09T00:00:00,9810.01,9920.73,9701.11,9870.18,3212.3235
2020-05-09T04:00:00,9870.18,9881.03,9566.00,9599.00,3197.0266
2020-05-09T08:00:00,9599.00,9719.05,9525.00,9637.08,2707.8300
2020-05-09T12:00:00,9638.63,9722.11,9575.65,9689.71,2721.8831
2020-05-09T16:00:00,9689.71,9800.00,9675.04,9746.10,2247.8216
2020-05-09T20:00:00,9746.10,9775.00,9521.00,9537.21,3844.2901
2020-05-10T00:00:00,9537.21,9559.98,8106.70,8635.01,27646.3256
2020-05-10T04:00:00,8635.01,8838.00,8464.04,8821.60,4551.0018
2020-05-10T08:00:00,8821.59,8919.34,8669.25,8744.99,2645.9287
2020-05-10T12:00:00,8743.93,8817.69,8574.83,8659.03,3540.6009
2020-05-10T16:00:00,8659.04,8690.53,8253.74,8510.32,6851.3681
2020-05-10T20:00:00,8510.31,8840.04,8510.31,8729.86,5674.6193
2020-05-11T00:00:00,8729.86,8815.00,8670.00,8704.26,2849.6157
2020-05-11T04:00:00,8702.88,8740.00,8620.00,8669.25,1927.2834
2020-05-11T08:00:00,8669.25,8998.98,8482.26,8934.32,4400.1014
2020-05-11T12:00:00,8936.19,9182.66,8754.12,8893.12,9208.3966
2020-05-11T16:00:00,8891.45,8931.04,8185.00,8753.04,16625.9104
2020-05-11T20:00:00,8751.94,8815.02,8474.74,8572.40,4988.0698
2020-05-12T00:00:00,8572.40,8744.38,8534.85,8718.79,3533.5690
2020-05-12T04:00:00,8718.77,8786.97,8617.05,8657.97,2026.1018
2020-05-12T08:00:00,8657.04,8827.99,8639.71,8801.59,2415.1834
2020-05-12T12:00:00,8803.79,8948.00,8663.85,8874.84,5162.2774
2020-05-12T16:00:00,8874.84,8982.90,8780.27,8799.56,4324.2255
2020-05-12T20:00:00,8797.42,8858.72,8736.16,8821.42,2757.8799
2020-05-13T00:00:00,8821.41,8979.00,8803.97,8916.47,2667.3197
2020-05-13T04:00:00,8916.12,8947.11,8863.74,8872.74,1039.1472
2020-05-13T08:00:00,8872.74,9049.21,8834.71,9039.91,1748.4185
2020-05-13T12:00:00,9040.86,9200.00,8999.01,9146.26,5282.8737
2020-05-13T16:00:00,9146.26,9175.86,9060.58,9165.00,3487.8780
2020-05-13T20:00:00,9162.47,9420.18,9155.00,9321.26,7131.9931
2020-05-14T00:00:00,9320.85,9390.00,9257.15,9355.00,2929.7511
2020-05-14T04:00:00,9354.99,9547.27,9270.00,9512.94,3236.5214
2020-05-14T08:00:00,9513.88,9943.93,9482.16,9682.62,7770.3211
2020-05-14T12:00:00,9687.67,9767.69,9537.26,9755.23,5247.0125
2020-05-14T16:00:00,9755.01,9788.82,9570.90,9660.33,3890.0406
2020-05-14T20:00:00,9660.32,9875.00,9600.00,9795.34,5678.7138
2020-05-15T00:00:00,9795.34,9849.00,9226.08,9477.00,7231.3627
2020-05-15T04:00:00,9477.00,9720.67,9363.22,9675.88,3370.3983
2020-05-15T08:00:00,9674.15,9706.58,9466.88,9587.95,1692.5652
2020-05-15T12:00:00,9586.39,9616.95,9410.35,9471.78,3246.9673
2020-05-15T16:00:00,9471.79,9530.00,9322.97,9333.34,4125.6207
2020-05-15T20:00:00,9331.00,9487.66,9120.00,9312.10,5514.0655
2020-05-16T00:00:00,9312.10,9455.00,9215.01,9405.72,2216.9806
2020-05-16T04:00:00,9405.71,9594.99,9377.76,9383.73,2095.4695
2020-05-16T08:00:00,9382.86,9458.24,9325.00,9409.50,822.3676
2020-05-16T12:00:00,9409.50,9535.40,9330.00,9374.76,2317.4129
2020-05-16T16:00:00,9374.77,9410.80,9261.23,9332.15,2023.0903
2020-05-16T20:00:00,9330.54,9440.00,9294.63,9383.16,1307.0069
2020-05-17T00:00:00,9380.01,9576.74,9325.81,9541.78,2406.8714
2020-05-17T04:00:00,9540.54,9565.91,9470.43,9538.87,939.2627
2020-05-17T08:00:00,9539.73,9550.20,9452.01,9524.09,591.6207
2020-05-17T12:00:00,9523.78,9896.00,9522.68,9825.00,5399.2804
2020-05-17T16:00:00,9825.00,9845.00,9701.24,9770.68,2079.5521
2020-05-17T20:00:00,9770.43,9792.94,9600.00,9676.63,2124.0757
2020-05-18T00:00:00,9677.45,9957.25,9675.13,9861.29,5373.3706
2020-05-18T04:00:00,9859.51,9913.06,9721.00,9779.09,2088.4363
2020-05-18T08:00:00,9779.10,9793.12,9436.97,9627.40,3852.4029
2020-05-18T12:00:00,9627.40,9729.21,9563.44,9662.63,2487.1698
2020-05-18T16:00:00,9663.04,9716.00,9544.08,9698.58,2384.2695
2020-05-18T20:00:00,9695.97,9749.74,9650.00,9728.52,1524.6505
2020-05-19T00:00:00,9728.52,9737.30,9477.00,9521.15,3265.2153
2020-05-19T04:00:00,9519.07,9614.30,9463.22,9561.39,1547.1101
2020-05-19T08:00:00,9563.48,9898.00,9563.48,9749.40,3606.4482
2020-05-19T12:00:00,9745.02,9755.05,9551.00,9685.91,3435.8093
2020-05-19T16:00:00,9685.91,9729.96,9618.38,9641.38,1743.5238
2020-05-19T20:00:00,9641.38,9796.19,9618.30,9783.76,1631.5195
2020-05-20T00:00:00,9783.57,9809.25,9705.04,9720.82,2206.7462
2020-05-20T04:00:00,9720.72,9836.99,9639.87,9760.55,1839.3867
2020-05-20T08:00:00,9760.55,9805.15,9709.73,9720.00,1032.5707
2020-05-20T12:00:00,9720.02,9796.97,9294.54,9408.77,5893.3095
2020-05-20T16:00:00,9404.58,9545.00,9333.50,9533.45,3897.9223
2020-05-20T20:00:00,9533.45,9597.00,9440.00,9509.41,2025.6138
2020-05-21T00:00:00,9509.40,9568.00,9440.00,9469.00,1547.0880
2020-05-21T04:00:00,9469.00,9520.94,9418.00,9443.26,1471.4164
2020-05-21T08:00:00,9443.28,9498.64,9215.01,9374.02,3390.0110
2020-05-21T12:00:00,9375.56,9381.44,8921.32,9074.23,9345.9423
2020-05-21T16:00:00,9073.27,9123.03,8800.00,9059.19,9252.7615
2020-05-21T20:00:00,9059.18,9156.30,9001.47,9061.96,3074.0097
2020-05-22T00:00:00,9059.32,9125.42,8953.17,8982.30,2750.8754
2020-05-22T04:00:00,8981.43,9112.29,8923.50,9071.33,2382.3845
2020-05-22T08:00:00,9071.34,9189.00,9035.37,9164.20,1691.4385
2020-05-22T12:00:00,9165.60,9224.38,9075.29,9224.38,2410.5270
2020-05-22T16:00:00,9224.38,9267.34,9142.01,9173.33,3040.3975
2020-05-22T20:00:00,9173.33,9217.76,9129.40,9168.84,1456.2960
2020-05-23T00:00:00,9168.84,9313.83,9168.83,9295.30,1749.1186
2020-05-23T04:00:00,9294.66,9310.00,9215.00,9259.22,957.3659
2020-05-23T08:00:00,9259.23,9259.23,9097.29,9183.00,1347.0952
2020-05-23T12:00:00,9182.85,9220.00,9090.11,9198.55,1192.4079
2020-05-23T16:00:00,9198.55,9213.00,9128.20,9186.71,778.9182
2020-05-23T20:00:00,9186.70,9250.00,9156.00,9181.76,853.9421
2020-05-24T00:00:00,9181.09,9234.94,9123.98,9197.68,980.9377
2020-05-24T04:00:00,9197.67,9306.23,9187.01,9263.63,882.0197
2020-05-24T08:00:00,9262.39,9301.20,9090.00,9116.50,1057.8982
2020-05-24T12:00:00,9116.37,9177.65,9001.07,9055.27,2036.2287
2020-05-24T16:00:00,9056.16,9056.16,8850.50,9015.70,3775.6145
2020-05-24T20:00:00,9016.58,9084.97,8680.70,8715.73,4271.6469
2020-05-25T00:00:00,8715.69,8818.43,8632.93,8782.21,3744.5054
2020-05-25T04:00:00,8782.20,8870.26,8757.88,8863.45,1353.2812
2020-05-25T08:00:00,8863.44,8879.99,8674.21,8753.00,1888.7076
2020-05-25T12:00:00,8752.39,8861.66,8718.26,8780.54,2086.2676
2020-05-25T16:00:00,8780.54,8977.00,8764.51,8934.04,2253.0042
2020-05-25T20:00:00,8934.05,8949.00,8871.01,8899.31,1002.4760
2020-05-26T00:00:00,8900.00,8930.00,8825.01,8903.51,1406.0807
2020-05-26T04:00:00,8903.50,8964.79,8859.78,8957.19,1600.7057
2020-05-26T08:00:00,8957.20,9016.99,8830.00,8866.10,1925.4234
2020-05-26T12:00:00,8861.86,8911.27,8700.66,8723.72,3308.1564
2020-05-26T16:00:00,8723.71,8822.99,8694.23,8794.28,1942.9515
2020-05-26T20:00:00,8794.27,8881.86,8794.27,8844.42,1324.1132
2020-05-27T00:00:00,8844.41,8896.76,8811.46,8825.85,1249.7500
2020-05-27T04:00:00,8825.84,8882.69,8825.00,8841.05,448.7984
2020-05-27T08:00:00,8841.05,9178.00,8841.05,9148.72,2944.5072
2020-05-27T12:00:00,9148.72,9230.00,9124.66,9145.98,2786.6578
2020-05-27T16:00:00,9145.98,9223.58,9139.01,9154.99,1758.8254
2020-05-27T20:00:00,9157.28,9211.61,9051.03,9208.53,1748.1396
2020-05-28T00:00:00,9208.53,9289.00,9155.00,9166.38,2328.5395
2020-05-28T04:00:00,9166.37,9199.99,9118.09,9145.50,724.8588
2020-05-28T08:00:00,9144.10,9282.00,9112.00,9266.03,1368.8971
2020-05-28T12:00:00,9266.53,9518.95,9251.38,9503.57,4319.4098
2020-05-28T16:00:00,9503.57,9538.97,9408.27,9453.99,2572.1914
2020-05-28T20:00:00,9455.46,9625.00,9412.62,9580.19,3197.1799
2020-05-29T00:00:00,9580.01,9609.02,9463.58,9515.34,2133.4148
2020-05-29T04:00:00,9515.87,9546.67,9466.23,9519.57,1101.2931
2020-05-29T08:00:00,9519.35,9591.88,9340.00,9400.01,2519.0141
2020-05-29T12:00:00,9400.01,9475.55,9330.01,9404.15,2148.9491
2020-05-29T16:00:00,9405.15,9445.00,9390.00,9398.61,1408.3965
2020-05-29T20:00:00,9398.62,9451.35,9369.31,9423.84,1104.3589
2020-05-30T00:00:00,9423.85,9426.87,9326.43,9391.50,1437.5123
2020-05-30T04:00:00,9392.71,9598.00,9391.67,9526.05,1677.8789
2020-05-30T08:00:00,9525.59,9581.13,9466.96,9553.23,837.0433
2020-05-30T12:00:00,9553.95,9578.02,9496.00,9538.70,1164.6826
2020-05-30T16:00:00,9538.63,9550.00,9512.59,9539.09,796.1857
2020-05-30T20:00:00,9539.08,9764.00,9400.00,9700.33,4596.3954
2020-05-31T00:00:00,9700.32,9705.60,9555.03,9584.52,1804.9857
2020-05-31T04:00:00,9584.53,9614.57,9520.23,9561.19,1229.7839
2020-05-31T08:00:00,9561.19,9600.00,9499.01,9589.36,596.4468
2020-05-31T12:00:00,9589.35,9635.00,9435.00,9480.01,1397.6877
2020-05-31T16:00:00,9480.04,9536.62,9459.16,9514.78,975.2873
2020-05-31T20:00:00,9513.02,9520.00,9369.58,9446.57,1940.5252
2020-06-01T00:00:00,9445.83,9567.13,9417.42,9548.48,1553.8751
2020-06-01T04:00:00,9550.00,9615.00,9526.39,9567.35,876.0764
2020-06-01T08:00:00,9567.35,9576.05,9507.48,9508.63,609.5242
2020-06-01T12:00:00,9508.32,9590.45,9490.00,9538.00,1683.2588
2020-06-01T16:00:00,9538.00,9613.00,9537.00,9573.84,1716.0796
2020-06-01T20:00:00,9575.71,10428.00,9560.82,10208.96,15237.7941
2020-06-02T00:00:00,10208.96,10237.60,10037.60,10091.00,9241.2858
2020-06-02T04:00:00,10090.99,10127.47,10065.00,10118.85,1690.8713
2020-06-02T08:00:00,10118.84,10148.00,10087.60,10104.84,1435.3895
2020-06-02T12:00:00,10102.55,10185.61,9270.00,9464.46,15415.9657
2020-06-02T16:00:00,9464.44,9544.00,9417.38,9509.64,3140.2889
2020-06-02T20:00:00,9509.64,9553.93,9425.00,9522.46,2296.7813
2020-06-03T00:00:00,9521.53,9538.99,9471.06,9486.63,1358.0497
2020-06-03T04:00:00,9486.63,9535.00,9385.22,9505.77,2234.3718
2020-06-03T08:00:00,9507.08,9620.65,9488.01,9620.65,984.4745
2020-06-03T12:00:00,9620.64,9649.99,9500.00,9556.46,2309.3397
2020-06-03T16:00:00,9556.46,9622.12,9518.00,9579.29,2768.1847
2020-06-03T20:00:00,9579.27,9695.00,9556.43,9668.07,1792.3015
2020-06-04T00:00:00,9668.06,9689.84,9601.01,9671.51,1255.7770
2020-06-04T04:00:00,9671.51,9677.70,9618.93,9645.66,602.1175
2020-06-04T08:00:00,9645.65,9650.00,9450.00,9623.00,2164.1038
2020-06-04T12:00:00,9624.02,9853.00,9603.91,9835.82,3447.0724
2020-06-04T16:00:00,9835.74,9888.00,9713.00,9816.99,3013.0564
2020-06-04T20:00:00,9817.00,9861.00,9733.19,9788.03,1959.1459
2020-06-05T00:00:00,9791.96,9848.97,9751.41,9795.33,1103.9031
2020-06-05T04:00:00,9795.34,9824.00,9734.22,9774.44,1127.4445
2020-06-05T08:00:00,9774.44,9855.00,9585.44,9692.80,2595.3537
2020-06-05T12:00:00,9696.89,9729.34,9621.03,9709.87,3737.7542
2020-06-05T16:00:00,9709.88,9759.86,9691.12,9727.66,1815.9418
2020-06-05T20:00:00,9727.66,9740.11,9611.57,9613.21,2115.5006
2020-06-06T00:00:00,9613.42,9625.00,9526.03,9625.00,2557.8206
2020-06-06T04:00:00,9624.99,9628.45,9575.49,9607.24,527.5650
2020-06-06T08:00:00,9607.23,9696.19,9573.84,9689.14,725.3530
2020-06-06T12:00:00,9689.14,9735.13,9625.00,9650.02,967.5835
2020-06-06T16:00:00,9651.26,9670.00,9583.72,9661.19,761.6755
2020-06-06T20:00:00,9661.19,9727.81,9635.00,9671.70,961.3197
2020-06-07T00:00:00,9670.28,9700.00,9625.12,9686.05,616.1439
2020-06-07T04:00:00,9686.04,9717.16,9631.67,9654.75,521.5494
2020-06-07T08:00:00,9654.74,9677.40,9550.00,9572.48,1078.5015
2020-06-07T12:00:00,9572.48,9600.00,9370.00,9498.25,3633.0681
2020-06-07T16:00:00,9498.25,9822.00,9455.32,9780.15,3794.7786
2020-06-07T20:00:00,9780.14,9818.68,9689.07,9750.12,1984.9038
2020-06-08T00:00:00,9750.12,9783.42,9706.86,9724.57,1169.2196
2020-06-08T04:00:00,9724.59,9763.25,9716.08,9729.98,815.7081
2020-06-08T08:00:00,9728.06,9815.00,9632.79,9745.00,1871.2998
2020-06-08T12:00:00,9745.29,9752.00,9656.50,9706.38,1745.0991
2020-06-08T16:00:00,9706.39,9753.26,9663.44,9695.01,1390.9968
2020-06-08T20:00:00,9695.01,9804.49,9680.00,9781.51,1541.5127
2020-06-09T00:00:00,9781.51,9886.00,9567.33,9682.75,3582.1096
2020-06-09T04:00:00,9682.96,9711.03,9665.85,9682.65,705.3944
2020-06-09T08:00:00,9682.65,9728.00,9620.36,9726.71,950.4393
2020-06-09T12:00:00,9726.71,9751.51,9675.77,9726.42,1429.7316
2020-06-09T16:00:00,9726.42,9749.09,9689.21,9730.62,1465.6308
2020-06-09T20:00:00,9730.62,9845.00,9708.49,9779.41,2196.5715
2020-06-10T00:00:00,9779.70,9821.21,9748.00,9759.30,1409.2715
2020-06-10T04:00:00,9759.31,9785.38,9721.00,9751.00,750.1348
2020-06-10T08:00:00,9751.28,9770.00,9705.02,9729.72,763.4078
2020-06-10T12:00:00,9728.78,9783.08,9722.15,9762.67,1362.5525
2020-06-10T16:00:00,9762.67,10018.67,9690.00,9854.27,6829.8425
2020-06-10T20:00:00,9854.93,9917.77,9827.49,9894.04,1850.2169
2020-06-11T00:00:00,9894.35,9973.25,9856.40,9892.03,2893.2948
2020-06-11T04:00:00,9887.71,9909.41,9710.00,9792.52,2300.3208
2020-06-11T08:00:00,9792.49,9823.45,9600.00,9779.32,2123.9948
2020-06-11T12:00:00,9779.29,9789.64,9480.51,9510.05,5329.1466
2020-06-11T16:00:00,9510.05,9545.81,9050.00,9275.21,10857.9486
2020-06-11T20:00:00,9275.85,9379.72,9213.00,9268.16,3275.1738
2020-06-12T00:00:00,9268.16,9391.36,9227.00,9353.04,1817.0166
2020-06-12T04:00:00,9353.04,9456.07,9331.21,9430.27,1536.0032
2020-06-12T08:00:00,9430.27,9509.00,9422.95,9493.21,1108.5075
2020-06-12T12:00:00,9493.21,9552.87,9373.43,9414.03,3088.7268
2020-06-12T16:00:00,9414.04,9454.52,9300.00,9427.40,2201.4973
2020-06-12T20:00:00,9427.39,9488.99,9409.64,9464.17,1240.7650
2020-06-13T00:00:00,9464.71,9475.00,9400.00,9408.57,794.8705
2020-06-13T04:00:00,9404.78,9450.57,9361.75,9438.26,579.4365
2020-06-13T08:00:00,9437.86,9469.00,9381.68,9405.00,608.8847
2020-06-13T12:00:00,9405.00,9465.72,9389.16,9438.43,708.0050
2020-06-13T16:00:00,9438.43,9494.45,9380.67,9405.71,900.2182
2020-06-13T20:00:00,9405.71,9484.26,9346.00,9475.00,990.3773
2020-06-14T00:00:00,9475.00,9481.00,9427.00,9436.30,498.3532
2020-06-14T04:00:00,9436.30,9442.53,9375.34,9408.27,582.3208
2020-06-14T08:00:00,9408.64,9438.69,9389.20,9428.03,224.0016
2020-06-14T12:00:00,9426.34,9433.33,9305.00,9415.00,1089.2726
2020-06-14T16:00:00,9415.00,9426.62,9365.53,9394.87,609.8517
2020-06-14T20:00:00,9394.88,9408.93,9240.00,9325.00,1825.9974
2020-06-15T00:00:00,9328.63,9359.85,9124.89,9150.07,3020.0532
2020-06-15T04:00:00,9150.05,9214.80,8895.01,9106.15,5687.3269
2020-06-15T08:00:00,9110.39,9146.26,9061.10,9101.15,1416.2805
2020-06-15T12:00:00,9103.29,9314.68,9029.97,9300.95,3929.7468
2020-06-15T16:00:00,9300.95,9458.80,9281.99,9420.56,2873.1618
2020-06-15T20:00:00,9420.59,9499.00,9396.18,9432.53,1662.7165
2020-06-16T00:00:00,9432.57,9590.74,9381.00,9572.01,2794.0366
2020-06-16T04:00:00,9572.00,9583.67,9453.00,9499.44,1327.4633
2020-06-16T08:00:00,9499.45,9542.69,9463.03,9507.34,997.3698
2020-06-16T12:00:00,9507.34,9592.04,9393.55,9444.50,2738.1041
2020-06-16T16:00:00,9444.52,9511.41,9430.00,9509.23,1464.4884
2020-06-16T20:00:00,9509.22,9539.05,9481.07,9526.25,1023.8331
2020-06-17T00:00:00,9526.25,9536.61,9415.00,9450.05,1419.8813
2020-06-17T04:00:00,9450.02,9523.72,9425.46,9506.49,1011.3616
2020-06-17T08:00:00,9506.48,9512.55,9459.61,9469.32,504.6994
2020-06-17T12:00:00,9470.10,9558.48,9358.62,9385.00,1938.2269
2020-06-17T16:00:00,9385.00,9419.45,9285.00,9289.00,1638.5940
2020-06-17T20:00:00,9290.57,9465.25,9227.03,9457.51,2425.1631
2020-06-18T00:00:00,9457.51,9463.00,9391.75,9418.70,865.4794
2020-06-18T04:00:00,9418.69,9445.38,9396.99,9430.29,525.7478
2020-06-18T08:00:00,9431.87,9482.66,9369.81,9424.51,1166.7427
2020-06-18T12:00:00,9425.04,9439.05,9366.24,9374.80,956.3724
2020-06-18T16:00:00,9375.97,9412.04,9325.00,9391.47,1198.9871
2020-06-18T20:00:00,9391.47,9407.98,9267.18,9376.14,1587.2371
2020-06-19T00:00:00,9376.14,9376.14,9229.00,9263.46,1774.1133
2020-06-19T04:00:00,9263.46,9318.63,9251.00,9285.11,613.9414
2020-06-19T08:00:00,9285.11,9430.00,9262.62,9379.74,1330.5309
2020-06-19T12:00:00,9379.75,9417.18,9350.99,9377.79,1213.5347
2020-06-19T16:00:00,9377.79,9380.00,9255.00,9300.31,1700.6383
2020-06-19T20:00:00,9300.32,9346.43,9242.00,9301.91,1239.2051
2020-06-20T00:00:00,9300.42,9343.00,9275.61,9324.93,1128.8153
2020-06-20T04:00:00,9324.93,9324.94,9284.53,9291.52,490.4372
2020-06-20T08:00:00,9291.51,9380.49,9161.00,9322.57,2110.9390
2020-06-20T12:00:00,9323.74,9326.50,9226.72,9250.57,985.8079
2020-06-20T16:00:00,9251.13,9315.10,9233.58,9287.08,1129.6401
2020-06-20T20:00:00,9286.02,9391.71,9286.02,9355.74,1054.9698
2020-06-21T00:00:00,9355.74,9399.00,9343.00,9368.55,530.0582
2020-06-21T04:00:00,9367.01,9419.35,9358.43,9362.55,466.0619
2020-06-21T08:00:00,9364.50,9373.00,9328.45,9353.11,229.6760
2020-06-21T12:00:00,9352.57,9383.26,9322.73,9367.69,522.6214
2020-06-21T16:00:00,9368.58,9373.13,9291.01,9340.01,677.4510
2020-06-21T20:00:00,9340.01,9343.07,9273.00,9286.14,662.8000
2020-06-22T00:00:00,9286.14,9388.00,9267.58,9379.46,1037.8312
2020-06-22T04:00:00,9377.59,9442.20,9366.81,9414.91,1020.6965
2020-06-22T08:00:00,9414.91,9470.25,9401.24,9455.69,837.2482
2020-06-22T12:00:00,9455.68,9508.96,9445.00,9489.99,1910.1678
2020-06-22T16:00:00,9490.00,9633.46,9474.47,9563.14,3320.1061
2020-06-22T20:00:00,9564.60,9792.00,9564.59,9690.74,3649.6887
2020-06-23T00:00:00,9690.67,9724.53,9606.00,9651.03,1399.2259
2020-06-23T04:00:00,9651.04,9665.02,9613.00,9660.96,1091.6645
2020-06-23T08:00:00,9660.99,9661.09,9572.22,9632.31,1098.4476
2020-06-23T12:00:00,9632.63,9692.10,9613.98,9692.09,1399.2999
2020-06-23T16:00:00,9692.10,9694.81,9636.18,9643.50,1665.9561
2020-06-23T20:00:00,9643.49,9662.83,9584.93,9623.56,1292.3795
2020-06-24T00:00:00,9623.56,9662.84,9614.44,9642.33,829.1647
2020-06-24T04:00:00,9642.34,9663.38,9488.45,9498.43,1248.2475
2020-06-24T08:00:00,9496.02,9537.18,9275.00,9312.21,2560.8166
2020-06-24T12:00:00,9312.20,9416.73,9195.00,9238.97,4175.5296
2020-06-24T16:00:00,9238.97,9333.30,9228.28,9290.99,2788.5652
2020-06-24T20:00:00,9291.00,9314.78,9222.01,9285.91,1808.4351
2020-06-25T00:00:00,9285.94,9295.61,8979.07,9083.71,5059.7025
2020-06-25T04:00:00,9083.71,9187.80,9072.02,9162.92,2461.3688
2020-06-25T08:00:00,9162.92,9325.00,9162.92,9250.01,1145.2873
2020-06-25T12:00:00,9250.18,9260.72,9152.53,9227.98,1523.7121
2020-06-25T16:00:00,9227.98,9292.10,9207.00,9282.09,1726.4176
2020-06-25T20:00:00,9282.08,9335.00,9209.00,9243.51,1612.5679
2020-06-26T00:00:00,9242.98,9291.73,9176.01,9236.70,1370.1974
2020-06-26T04:00:00,9236.39,9262.32,9076.92,9124.95,2101.2601
2020-06-26T08:00:00,9125.04,9245.00,9078.33,9173.07,1201.4604
2020-06-26T12:00:00,9173.07,9226.00,9027.62,9142.55,3000.0480
2020-06-26T16:00:00,9142.54,9175.00,9079.09,9164.35,1835.8561
2020-06-26T20:00:00,9164.35,9209.03,9144.77,9155.42,1193.5513
2020-06-27T00:00:00,9155.42,9180.02,9095.00,9150.02,900.8177
2020-06-27T04:00:00,9150.02,9183.85,9117.42,9166.60,422.0343
2020-06-27T08:00:00,9165.99,9188.14,9125.00,9152.53,517.0453
2020-06-27T12:00:00,9152.54,9170.00,9104.43,9123.16,663.8575
2020-06-27T16:00:00,9123.16,9137.50,8815.01,8927.78,3551.1827
2020-06-27T20:00:00,8927.71,9091.62,8890.77,9002.46,2452.3309
2020-06-28T00:00:00,9002.38,9005.93,8931.77,8967.80,959.5122
2020-06-28T04:00:00,8967.79,9026.99,8943.05,9017.57,540.6085
2020-06-28T08:00:00,9016.55,9073.88,8996.66,9046.11,749.6812
2020-06-28T12:00:00,9046.11,9174.86,9015.19,9157.00,1498.9350
2020-06-28T16:00:00,9157.00,9189.00,9092.25,9106.37,1040.6778
2020-06-28T20:00:00,9103.90,9137.34,9070.42,9113.24,748.3427
2020-06-29T00:00:00,9113.23,9140.52,9077.53,9091.94,943.0693
2020-06-29T04:00:00,9090.00,9119.47,9054.12,9082.76,833.9340
2020-06-29T08:00:00,9082.75,9129.21,9054.12,9083.21,1058.3186
2020-06-29T12:00:00,9083.21,9132.00,9014.00,9120.00,2302.0676
2020-06-29T16:00:00,9120.00,9174.36,9090.58,9153.49,1869.4420
2020-06-29T20:00:00,9153.50,9236.75,9146.76,9184.45,1651.5953
2020-06-30T00:00:00,9188.79,9201.00,9153.40,9160.55,965.7613
2020-06-30T04:00:00,9160.54,9175.00,9111.11,9137.27,893.7067
2020-06-30T08:00:00,9137.26,9168.47,9115.93,9146.29,602.3818
2020-06-30T12:00:00,9146.29,9191.28,9059.60,9164.28,2119.1284
2020-06-30T16:00:00,9164.28,9186.07,9089.83,9134.09,1283.3860
2020-06-30T20:00:00,9131.01,9172.00,9121.56,9136.20,956.5033
2020-07-01T00:00:00,9135.91,9145.39,9088.00,9136.13,1088.0917
2020-07-01T04:00:00,9136.13,9164.70,9125.31,9133.17,782.4435
2020-07-01T08:00:00,9133.17,9189.99,9132.27,9159.95,1156.1280
2020-07-01T12:00:00,9159.94,9269.99,9133.30,9269.99,2244.8383
2020-07-01T16:00:00,9269.99,9297.20,9239.00,9242.42,1410.9579
2020-07-01T20:00:00,9242.42,9263.85,9214.65,9239.97,867.7006
2020-07-02T00:00:00,9239.41,9265.00,9221.79,9239.12,731.6605
2020-07-02T04:00:00,9239.12,9257.10,9169.35,9209.00,1019.3021
2020-07-02T08:00:00,9209.00,9218.23,9170.00,9197.79,737.2048
2020-07-02T12:00:00,9196.15,9258.00,9013.00,9044.06,3983.5776
2020-07-02T16:00:00,9044.05,9078.93,8938.00,9052.75,2821.4507
2020-07-02T20:00:00,9052.75,9159.00,9032.20,9091.53,1480.9899
2020-07-03T00:00:00,9091.98,9125.34,9067.88,9091.75,1240.4034
2020-07-03T04:00:00,9091.75,9118.77,9080.00,9103.82,1238.2833
2020-07-03T08:00:00,9104.44,9126.12,9038.87,9098.70,1165.0179
2020-07-03T12:00:00,9098.71,9125.01,9073.12,9102.52,1716.9752
2020-07-03T16:00:00,9102.55,9111.00,9070.16,9089.57,1135.6093
2020-07-03T20:00:00,9089.01,9103.11,9036.74,9063.87,1242.1805
2020-07-04T00:00:00,9059.73,9098.28,9043.14,9083.29,715.5615
2020-07-04T04:00:00,9083.29,9093.75,9066.68,9073.77,597.2141
2020-07-04T08:00:00,9073.01,9086.16,9056.44,9062.22,312.9052
2020-07-04T12:00:00,9061.73,9087.03,9039.84,9067.15,611.5284
2020-07-04T16:00:00,9067.15,9195.84,9061.09,9128.59,2259.0193
2020-07-04T20:00:00,9128.59,9148.19,9115.00,9138.51,804.5598
2020-07-05T00:00:00,9138.51,9145.00,9115.50,9129.03,335.8449
2020-07-05T04:00:00,9129.02,9129.03,9040.01,9066.13,628.0259
2020-07-05T08:00:00,9063.81,9076.29,8992.00,9037.01,756.5902
2020-07-05T12:00:00,9037.01,9072.33,9001.17,9029.99,892.2433
2020-07-05T16:00:00,9029.99,9053.45,9020.20,9031.09,560.8741
2020-07-05T20:00:00,9031.10,9100.00,8905.84,9074.39,1427.7481
2020-07-06T00:00:00,9074.37,9120.00,9061.59,9090.00,924.6402
2020-07-06T04:00:00,9090.00,9239.77,9082.27,9202.07,1613.4567
2020-07-06T08:00:00,9201.89,9229.87,9177.00,9226.00,703.5342
2020-07-06T12:00:00,9226.01,9321.00,9195.29,9305.01,2707.2231
2020-07-06T16:00:00,9305.01,9352.15,9259.05,9291.94,1999.7544
2020-07-06T20:00:00,9291.41,9375.90,9258.00,9343.31,2010.6735
2020-07-07T00:00:00,9343.31,9379.34,9251.02,9295.92,1418.5634
2020-07-07T04:00:00,9295.61,9298.34,9236.20,9260.02,700.6462
2020-07-07T08:00:00,9260.01,9274.69,9217.51,9270.00,702.8387
2020-07-07T12:00:00,9269.99,9289.69,9235.37,9274.30,975.7901
2020-07-07T16:00:00,9274.31,9288.23,9229.74,9237.68,1117.2601
2020-07-07T20:00:00,9237.08,9269.00,9201.57,9253.94,1411.7402
2020-07-08T00:00:00,9253.94,9321.25,9232.20,9307.60,1411.3877
2020-07-08T04:00:00,9307.60,9318.47,9251.88,9281.64,919.8174
2020-07-08T08:00:00,9281.65,9313.01,9265.38,9312.66,930.0190
2020-07-08T12:00:00,9312.66,9475.00,9283.32,9412.81,3127.1188
2020-07-08T16:00:00,9412.52,9449.00,9381.26,9437.98,1835.5664
2020-07-08T20:00:00,9437.97,9469.93,9412.31,9435.28,1911.4060
2020-07-09T00:00:00,9435.28,9446.62,9359.53,9387.81,1081.3449
2020-07-09T04:00:00,9387.80,9417.32,9372.42,9399.93,627.0528
2020-07-09T08:00:00,9399.93,9399.93,9351.12,9399.93,974.6505
2020-07-09T12:00:00,9399.92,9432.16,9154.79,9209.19,3003.9131
2020-07-09T16:00:00,9209.19,9239.36,9189.97,9220.00,1887.2760
2020-07-09T20:00:00,9220.00,9256.54,9207.92,9236.95,875.9037
2020-07-10T00:00:00,9236.95,9237.63,9191.91,9215.07,816.3157
2020-07-10T04:00:00,9216.10,9224.75,9118.00,9148.22,1551.4547
2020-07-10T08:00:00,9149.68,9200.00,9148.77,9157.43,677.3367
2020-07-10T12:00:00,9157.43,9244.88,9157.09,9240.00,1311.7373
2020-07-10T16:00:00,9240.90,9245.00,9203.30,9234.18,1498.3350
2020-07-10T20:00:00,9234.28,9322.23,9208.25,9291.05,1037.2912
2020-07-11T00:00:00,9291.04,9303.04,9260.00,9264.31,524.0401
2020-07-11T04:00:00,9264.31,9279.25,9252.00,9270.80,470.6364
2020-07-11T08:00:00,9269.75,9271.86,9182.35,9202.53,689.2066
2020-07-11T12:00:00,9202.02,9235.60,9196.11,9226.97,521.9456
2020-07-11T16:00:00,9226.97,9252.28,9203.17,9208.05,603.1011
2020-07-11T20:00:00,9208.04,9253.17,9201.87,9235.00,560.2874
2020-07-12T00:00:00,9235.00,9295.00,9231.59,9275.51,725.6145
2020-07-12T04:00:00,9279.46,9290.08,9246.00,9255.51,377.9860
2020-07-12T08:00:00,9255.50,9275.00,9240.13,9248.13,344.8525
2020-07-12T12:00:00,9247.89,9347.53,9187.77,9214.39,1772.1152
2020-07-12T16:00:00,9214.36,9235.00,9159.33,9221.84,918.8954
2020-07-12T20:00:00,9220.35,9331.01,9216.31,9303.37,1279.7500
2020-07-13T00:00:00,9303.38,9323.99,9265.64,9270.01,1300.3405
2020-07-13T04:00:00,9270.00,9291.94,9243.63,9265.97,992.7556
2020-07-13T08:00:00,9265.97,9314.21,9264.87,9306.60,740.7491
2020-07-13T12:00:00,9306.45,9339.61,9275.00,9287.97,1743.3107
2020-07-13T16:00:00,9287.36,9321.04,9193.52,9229.69,2325.9234
2020-07-13T20:00:00,9229.64,9264.82,9214.00,9236.92,1595.3569
2020-07-14T00:00:00,9236.91,9239.68,9200.53,9213.12,1317.0704
2020-07-14T04:00:00,9213.13,9213.13,9141.45,9180.11,1283.1052
2020-07-14T08:00:00,9178.25,9230.01,9100.00,9228.70,907.0736
2020-07-14T12:00:00,9229.91,9240.64,9182.39,9217.19,1283.4246
2020-07-14T16:00:00,9219.98,9270.00,9208.58,9270.00,1569.3164
2020-07-14T20:00:00,9268.61,9280.00,9235.02,9256.94,1137.5728
2020-07-15T00:00:00,9256.94,9273.98,9230.00,9231.93,830.1974
2020-07-15T04:00:00,9231.94,9244.00,9214.57,9229.92,778.1476
2020-07-15T08:00:00,9229.92,9242.55,9186.00,9211.79,1097.0006
2020-07-15T12:00:00,9211.25,9243.17,9187.60,9194.61,1529.5734
2020-07-15T16:00:00,9194.64,9216.97,9154.01,9173.37,1640.9076
2020-07-15T20:00:00,9173.37,9230.01,9171.44,9190.16,1320.5021
2020-07-16T00:00:00,9190.80,9216.02,9171.00,9194.78,943.2660
2020-07-16T04:00:00,9194.19,9207.58,9076.01,9110.94,1413.6612
2020-07-16T08:00:00,9110.93,9124.51,9005.00,9068.39,1836.2665
2020-07-16T12:00:00,9068.23,9125.51,9060.00,9114.35,1704.3063
2020-07-16T16:00:00,9114.36,9152.26,9107.59,9120.00,1670.9893
2020-07-16T20:00:00,9120.00,9144.08,9085.00,9130.11,1197.2094
2020-07-17T00:00:00,9130.93,9138.35,9104.29,9111.96,663.7816
2020-07-17T04:00:00,9111.99,9126.25,9054.99,9098.32,1698.9749
2020-07-17T08:00:00,9098.33,9136.96,9086.31,9132.07,706.3380
2020-07-17T12:00:00,9132.07,9182.99,9132.07,9144.28,1240.3534
2020-07-17T16:00:00,9144.27,9169.00,9124.21,9164.99,1382.3271
2020-07-17T20:00:00,9164.99,9182.18,9143.35,9154.29,731.9721
2020-07-18T00:00:00,9154.29,9167.78,9122.65,9136.96,838.3155
2020-07-18T04:00:00,9136.95,9148.08,9130.93,9137.79,509.3348
2020-07-18T08:00:00,9137.79,9210.00,9126.91,9161.95,696.9733
2020-07-18T12:00:00,9162.64,9178.27,9156.73,9173.10,552.2548
2020-07-18T16:00:00,9173.09,9207.18,9152.35,9166.63,1006.5289
2020-07-18T20:00:00,9168.42,9186.21,9160.21,9175.85,518.2196
2020-07-19T00:00:00,9175.83,9186.77,9141.63,9154.89,439.0198
2020-07-19T04:00:00,9154.48,9162.08,9140.12,9156.17,326.2271
2020-07-19T08:00:00,9156.17,9157.51,9105.37,9127.22,629.0600
2020-07-19T12:00:00,9127.22,9141.96,9111.58,9122.64,444.2097
2020-07-19T16:00:00,9122.43,9176.32,9121.58,9169.98,634.2672
2020-07-19T20:00:00,9169.99,9245.03,9157.95,9212.87,1047.2886
2020-07-20T00:00:00,9214.01,9223.51,9174.71,9188.06,567.9035
2020-07-20T04:00:00,9188.05,9193.97,9171.19,9179.44,323.4056
2020-07-20T08:00:00,9179.44,9190.54,9131.00,9150.10,733.4771
2020-07-20T12:00:00,9150.04,9181.45,9143.28,9177.16,1528.7933
2020-07-20T16:00:00,9177.16,9209.66,9147.77,9156.16,1584.2669
2020-07-20T20:00:00,9156.15,9187.17,9150.00,9161.05,1077.4844
2020-07-21T00:00:00,9161.05,9199.50,9157.04,9178.92,751.0074
2020-07-21T04:00:00,9178.93,9367.00,9176.00,9320.18,1901.1751
2020-07-21T08:00:00,9320.42,9358.53,9306.92,9351.97,1085.7336
2020-07-21T12:00:00,9351.96,9438.00,9335.58,9337.84,3196.8759
2020-07-21T16:00:00,9337.85,9402.99,9322.51,9361.48,1622.8172
2020-07-21T20:00:00,9361.48,9398.46,9361.47,9394.14,1046.3059
2020-07-22T00:00:00,9394.14,9398.46,9356.82,9365.02,956.9249
2020-07-22T04:00:00,9365.01,9371.99,9277.00,9305.88,1138.0086
2020-07-22T08:00:00,9305.88,9360.00,9299.15,9351.71,909.6329
2020-07-22T12:00:00,9351.70,9357.13,9320.00,9342.94,1153.4040
2020-07-22T16:00:00,9342.95,9389.00,9335.43,9377.95,1642.3069
2020-07-22T20:00:00,9378.25,9567.77,9365.20,9536.18,4562.0754
2020-07-23T00:00:00,9536.20,9549.94,9485.98,9508.13,2017.8799
2020-07-23T04:00:00,9508.13,9515.15,9480.01,9503.05,848.9901
2020-07-23T08:00:00,9503.05,9539.70,9491.48,9512.10,1241.0642
2020-07-23T12:00:00,9512.11,9592.71,9450.04,9535.06,2756.5634
2020-07-23T16:00:00,9535.05,9686.00,9522.59,9606.07,4557.7965
2020-07-23T20:00:00,9606.07,9624.39,9580.72,9613.24,1570.6777
2020-07-24T00:00:00,9613.24,9617.96,9549.21,9568.73,1347.0511
2020-07-24T04:00:00,9568.73,9573.60,9475.70,9515.00,1543.4933
2020-07-24T08:00:00,9515.00,9567.77,9493.32,9535.84,874.2264
2020-07-24T12:00:00,9531.73,9575.05,9510.73,9558.88,1502.1954
2020-07-24T16:00:00,9558.88,9601.00,9534.91,9593.49,1861.0308
2020-07-24T20:00:00,9593.49,9645.55,9529.09,9551.21,2670.8964
2020-07-25T00:00:00,9551.21,9625.00,9536.64,9589.76,962.6360
2020-07-25T04:00:00,9589.77,9636.08,9574.43,9581.11,750.6988
2020-07-25T08:00:00,9581.11,9619.72,9575.00,9587.19,631.9066
2020-07-25T12:00:00,9587.19,9623.04,9569.59,9603.47,896.9160
2020-07-25T16:00:00,9603.47,9726.77,9585.08,9687.12,2043.6333
2020-07-25T20:00:00,9687.13,9747.76,9682.00,9711.33,1687.3202
2020-07-26T00:00:00,9711.79,9713.25,9661.35,9686.60,847.1594
2020-07-26T04:00:00,9686.60,9742.00,9672.00,9725.00,578.1587
2020-07-26T08:00:00,9725.01,10150.00,9715.00,9973.74,4768.0615
2020-07-26T12:00:00,9973.74,9998.23,9802.00,9969.99,2379.4538
2020-07-26T16:00:00,9969.99,9989.64,9852.78,9873.65,1673.8673
2020-07-26T20:00:00,9873.64,9950.00,9852.00,9941.00,1368.3455
2020-07-27T00:00:00,9941.00,10333.00,9935.00,10265.77,4920.1891
2020-07-27T04:00:00,10265.78,10330.00,10152.00,10165.42,3804.1906
2020-07-27T08:00:00,10165.92,10330.49,10129.70,10268.45,2066.3358
2020-07-27T12:00:00,10270.09,10450.00,10235.85,10309.22,5338.4906
2020-07-27T16:00:00,10309.21,10968.00,10309.21,10804.85,11690.1491
2020-07-27T20:00:00,10804.86,11420.00,10799.81,11048.91,14031.2179
2020-07-28T00:00:00,11048.05,11259.00,10855.19,10987.26,6077.8600
2020-07-28T04:00:00,10987.27,11063.37,10853.00,10889.19,2703.8302
2020-07-28T08:00:00,10889.65,11033.00,10575.00,10991.14,4955.9319
2020-07-28T12:00:00,10991.14,11200.00,10912.90,11174.87,5123.5561
2020-07-28T16:00:00,11177.32,11190.40,10861.00,11011.99,5072.5769
2020-07-28T20:00:00,11011.99,11073.11,10881.70,10934.23,2077.6200
2020-07-29T00:00:00,10934.22,11010.00,10843.47,10985.74,2338.1627
2020-07-29T04:00:00,10984.18,11086.18,10931.14,11021.32,1934.6755
2020-07-29T08:00:00,11022.88,11149.43,10920.01,11103.96,2410.8962
2020-07-29T12:00:00,11103.95,11314.82,10980.00,11171.42,4419.5974
2020-07-29T16:00:00,11171.42,11294.02,11120.00,11215.60,4059.3911
2020-07-29T20:00:00,11215.60,11350.00,11040.16,11110.12,3393.5551
2020-07-30T00:00:00,11108.16,11127.66,10962.00,11000.01,2367.9063
2020-07-30T04:00:00,11000.00,11060.00,10908.45,10940.00,1913.4355
2020-07-30T08:00:00,10940.00,11014.04,10900.00,10926.10,1162.7370
2020-07-30T12:00:00,10926.10,11040.20,10811.00,11016.04,2335.8690
2020-07-30T16:00:00,11016.04,11150.00,10980.69,11137.18,2401.3071
2020-07-30T20:00:00,11136.72,11188.65,11087.70,11115.95,2227.4492
2020-07-31T00:00:00,11115.99,11148.28,10975.00,10992.56,1675.5663
2020-07-31T04:00:00,10992.56,11160.52,10991.62,11145.99,1355.6534
2020-07-31T08:00:00,11147.56,11235.00,11107.97,11225.20,1369.2548
2020-07-31T12:00:00,11225.20,11386.08,11126.01,11365.66,4739.2670
2020-07-31T16:00:00,11363.85,11460.00,11230.00,11333.64,3820.0922
2020-07-31T20:00:00,11333.26,11438.95,11301.24,11351.62,2787.1881
2020-08-01T00:00:00,11351.61,11410.00,11237.82,11368.95,2383.6272
2020-08-01T04:00:00,11368.95,11761.97,11342.85,11668.28,3683.3575
2020-08-01T08:00:00,11668.27,11738.00,11561.56,11667.58,1421.5265
2020-08-01T12:00:00,11667.58,11701.00,11490.63,11653.64,2925.1644
2020-08-01T16:00:00,11653.28,11888.00,11590.00,11795.41,4284.3604
2020-08-01T20:00:00,11798.26,11884.50,11692.00,11810.07,3595.0893
2020-08-02T00:00:00,11810.07,12000.00,11755.00,12000.00,3809.6388
2020-08-02T04:00:00,12000.00,12134.29,10546.15,11329.50,13517.5944
2020-08-02T08:00:00,11328.78,11349.95,10931.81,11109.52,3039.6859
2020-08-02T12:00:00,11109.50,11186.74,10963.73,11094.01,2738.6390
2020-08-02T16:00:00,11094.01,11290.90,11075.70,11208.38,2498.8432
2020-08-02T20:00:00,11208.46,11232.59,11001.00,11068.54,2514.0278
2020-08-03T00:00:00,11067.46,11210.00,10911.74,11138.01,1981.1270
2020-08-03T04:00:00,11139.15,11244.99,11127.00,11204.43,884.9382
2020-08-03T08:00:00,11204.43,11244.67,11124.51,11234.62,902.1329
2020-08-03T12:00:00,11234.67,11416.97,11194.69,11393.33,3964.9365
2020-08-03T16:00:00,11393.32,11486.60,11333.34,11418.87,2932.8644
2020-08-03T20:00:00,11418.81,11426.04,11145.09,11233.13,3117.3413
2020-08-04T00:00:00,11233.16,11417.11,11222.00,11264.16,2083.3985
2020-08-04T04:00:00,11264.24,11327.99,11200.00,11296.49,1061.1880
2020-08-04T08:00:00,11296.49,11321.21,11061.00,11120.12,2179.1138
2020-08-04T12:00:00,11123.41,11238.42,11006.16,11215.40,3111.5948
2020-08-04T16:00:00,11215.39,11278.81,11138.77,11235.00,1938.7419
2020-08-04T20:00:00,11235.01,11277.48,11163.67,11197.04,1700.4416
2020-08-05T00:00:00,11197.05,11244.38,11073.70,11243.54,1719.1065
2020-08-05T04:00:00,11244.03,11328.57,11230.55,11279.32,890.4647
2020-08-05T08:00:00,11279.32,11460.21,11279.32,11444.92,1570.2672
2020-08-05T12:00:00,11444.92,11712.04,11400.00,11682.43,5873.4345
2020-08-05T16:00:00,11682.41,11735.99,11625.00,11666.52,2675.5703
2020-08-05T20:00:00,11666.51,11798.87,11529.38,11756.75,3908.9375
2020-08-06T00:00:00,11756.75,11816.54,11615.13,11661.60,3274.6756
2020-08-06T04:00:00,11659.35,11693.31,11580.19,11643.64,2224.0566
2020-08-06T08:00:00,11643.04,11764.13,11641.66,11704.30,1503.4886
2020-08-06T12:00:00,11704.29,11888.00,11702.54,11856.63,4375.8847
2020-08-06T16:00:00,11856.62,11916.68,11798.82,11880.00,3120.3612
2020-08-06T20:00:00,11879.99,11897.88,11650.00,11773.89,3554.6148
2020-08-07T00:00:00,11773.89,11920.00,11749.42,11832.69,2125.1004
2020-08-07T04:00:00,11832.61,11845.48,11735.00,11793.21,2386.8317
2020-08-07T08:00:00,11793.20,11852.37,11695.45,11763.57,2230.3355
2020-08-07T12:00:00,11764.38,11780.13,11510.01,11648.71,5225.0887
2020-08-07T16:00:00,11648.71,11676.32,11350.00,11513.26,9466.5188
2020-08-07T20:00:00,11513.26,11657.08,11500.28,11606.52,2327.6357
2020-08-08T00:00:00,11606.52,11667.87,11544.52,11555.05,1159.9174
2020-08-08T04:00:00,11555.77,11638.00,11529.45,11600.00,640.0582
2020-08-08T08:00:00,11613.18,11800.00,11579.96,11786.99,942.5622
2020-08-08T12:00:00,11789.04,11818.18,11725.01,11751.73,1191.8648
2020-08-08T16:00:00,11751.72,11773.10,11608.78,11719.61,1707.7336
2020-08-08T20:00:00,11719.61,11793.00,11672.21,11774.98,1673.7483
2020-08-09T00:00:00,11773.24,11810.24,11600.00,11744.93,1475.1222
2020-08-09T04:00:00,11745.23,11751.87,11641.22,11702.57,870.1590
2020-08-09T08:00:00,11702.58,11720.97,11609.00,11693.92,1129.2081
2020-08-09T12:00:00,11694.28,11694.92,11550.69,11577.17,1490.6590
2020-08-09T16:00:00,11577.19,11665.00,11532.04,11635.02,1460.0758
2020-08-09T20:00:00,11635.02,11704.52,11631.69,11688.48,1170.7369
2020-08-10T00:00:00,11688.25,12086.22,11688.25,12035.66,5630.5738
2020-08-10T04:00:00,12036.03,12076.42,11946.37,11985.97,2458.1075
2020-08-10T08:00:00,11985.97,12020.00,11470.01,11744.02,4306.7927
2020-08-10T12:00:00,11743.81,11983.26,11717.44,11937.28,3936.7774
2020-08-10T16:00:00,11937.28,11967.02,11823.79,11872.08,3190.7037
2020-08-10T20:00:00,11872.08,11899.73,11770.00,11899.73,2629.6339
2020-08-11T00:00:00,11899.87,11943.00,11821.57,11836.52,2048.2317
2020-08-11T04:00:00,11836.52,11868.85,11712.39,11755.98,2250.1518
2020-08-11T08:00:00,11755.99,11774.40,11650.00,11748.73,2188.4923
2020-08-11T12:00:00,11749.15,11749.15,11355.00,11488.19,6093.7652
2020-08-11T16:00:00,11487.78,11555.00,11300.00,11388.94,4132.5112
2020-08-11T20:00:00,11388.94,11418.45,11120.00,11388.53,3993.4578
2020-08-12T00:00:00,11388.88,11413.67,11220.24,11384.29,1841.3250
2020-08-12T04:00:00,11384.29,11481.27,11148.54,11451.09,2236.2939
2020-08-12T08:00:00,11451.08,11539.99,11427.35,11467.91,1661.6542
2020-08-12T12:00:00,11467.91,11625.00,11433.18,11582.73,2805.0521
2020-08-12T16:00:00,11582.74,11617.37,11483.00,11578.59,2394.9901
2020-08-12T20:00:00,11578.61,11598.00,11490.52,11566.45,1870.6738
2020-08-13T00:00:00,11566.44,11662.72,11536.51,11576.09,2106.3578
2020-08-13T04:00:00,11576.07,11595.96,11505.00,11525.07,1284.6269
2020-08-13T08:00:00,11525.07,11630.00,11274.14,11555.53,2713.9810
2020-08-13T12:00:00,11555.30,11592.38,11386.32,11503.78,2481.2789
2020-08-13T16:00:00,11503.78,11545.86,11451.10,11518.35,2093.2751
2020-08-13T20:00:00,11518.22,11802.09,11518.10,11795.95,4689.8842
2020-08-14T00:00:00,11795.95,11847.88,11685.00,11743.95,2557.3993
2020-08-14T04:00:00,11743.95,11777.00,11660.05,11719.55,1965.4828
2020-08-14T08:00:00,11719.14,11786.36,11677.72,11774.75,1304.1651
2020-08-14T12:00:00,11774.75,11774.76,11651.24,11750.00,2802.2499
2020-08-14T16:00:00,11749.99,11865.97,11720.63,11815.28,3105.5390
2020-08-14T20:00:00,11815.28,11838.65,11714.10,11779.00,2062.9838
2020-08-15T00:00:00,11777.50,11989.98,11774.28,11901.03,2568.6674
2020-08-15T04:00:00,11901.05,11930.41,11828.13,11902.54,1670.4751
2020-08-15T08:00:00,11902.54,11945.59,11833.08,11852.26,1336.9466
2020-08-15T12:00:00,11852.26,11900.00,11688.00,11860.89,2099.7763
2020-08-15T16:00:00,11861.06,11910.06,11818.01,11842.93,1563.4694
2020-08-15T20:00:00,11842.85,11988.00,11750.00,11859.24,3327.7038
2020-08-16T00:00:00,11860.02,11933.98,11782.29,11933.97,1388.9814
2020-08-16T04:00:00,11933.97,11940.00,11857.01,11863.04,1062.5734
2020-08-16T08:00:00,11863.05,11885.47,11725.14,11753.94,1742.1068
2020-08-16T12:00:00,11753.41,11887.00,11686.53,11866.01,1890.7744
2020-08-16T16:00:00,11866.01,11900.00,11809.70,11824.46,1401.3414
2020-08-16T20:00:00,11824.45,11923.86,11799.33,11918.84,1425.4766
2020-08-17T00:00:00,11918.84,11940.00,11775.00,11847.43,1656.6019
2020-08-17T04:00:00,11847.43,11859.87,11785.92,11815.33,1046.7714
2020-08-17T08:00:00,11812.95,11920.00,11812.95,11914.53,979.8104
2020-08-17T12:00:00,11912.11,12486.61,11807.44,12429.09,10706.3796
2020-08-17T16:00:00,12429.09,12485.84,12286.64,12342.86,5619.2354
2020-08-17T20:00:00,12342.86,12414.80,12225.65,12304.26,3805.8618
2020-08-18T00:00:00,12303.98,12400.00,12282.77,12314.02,2319.8915
2020-08-18T04:00:00,12314.02,12323.09,12200.00,12264.94,1810.8320
2020-08-18T08:00:00,12264.95,12292.36,12160.45,12179.00,1579.7161
2020-08-18T12:00:00,12178.44,12268.80,11825.00,11937.72,7038.6372
2020-08-18T16:00:00,11937.37,12043.23,11856.45,11989.35,3545.3804
2020-08-18T20:00:00,11989.34,12099.99,11950.00,11950.00,2334.4557
2020-08-19T00:00:00,11954.22,12024.83,11834.77,11841.42,2704.5864
2020-08-19T04:00:00,11841.41,11875.38,11611.75,11823.79,3892.2230
2020-08-19T08:00:00,11823.80,11865.00,11740.00,11848.25,1220.3199
2020-08-19T12:00:00,11848.81,11915.41,11702.69,11734.15,3429.7510
2020-08-19T16:00:00,11734.13,11790.94,11645.03,11653.64,3136.3147
2020-08-19T20:00:00,11653.64,11780.44,11569.00,11758.87,2263.1198
2020-08-20T00:00:00,11758.87,11829.00,11700.00,11705.28,1357.7349
2020-08-20T04:00:00,11705.28,11788.00,11671.48,11702.64,973.8531
2020-08-20T08:00:00,11702.63,11819.00,11688.86,11819.00,964.5211
2020-08-20T12:00:00,11819.26,11869.99,11745.04,11867.24,1724.2788
2020-08-20T16:00:00,11867.31,11892.16,11826.70,11856.61,2502.4303
2020-08-20T20:00:00,11856.61,11892.11,11820.35,11864.26,1278.3592
2020-08-21T00:00:00,11864.26,11884.99,11788.01,11867.17,1878.8843
2020-08-21T04:00:00,11867.18,11872.95,11807.64,11838.03,1480.1560
2020-08-21T08:00:00,11838.03,11838.25,11691.11,11718.53,1682.8644
2020-08-21T12:00:00,11718.53,11773.40,11629.17,11726.68,2608.8876
2020-08-21T16:00:00,11726.67,11760.00,11605.11,11673.97,4209.6715
2020-08-21T20:00:00,11676.44,11710.19,11480.00,11529.22,3004.9149
2020-08-22T00:00:00,11529.99,11536.94,11370.00,11475.00,3003.5313
2020-08-22T04:00:00,11473.90,11593.31,11408.71,11582.30,1153.2945
2020-08-22T08:00:00,11583.03,11619.21,11548.83,11565.49,747.4389
2020-08-22T12:00:00,11565.49,11646.51,11565.21,11587.17,1121.2951
2020-08-22T16:00:00,11587.16,11621.30,11560.05,11594.62,1030.4988
2020-08-22T20:00:00,11594.09,11693.16,11580.00,11672.93,889.9661
2020-08-23T00:00:00,11672.92,11695.75,11596.19,11608.43,1123.9917
2020-08-23T04:00:00,11605.10,11629.60,11568.85,11620.34,499.0535
2020-08-23T08:00:00,11620.34,11626.93,11525.62,11531.97,599.6191
2020-08-23T12:00:00,11533.04,11672.55,11532.35,11650.76,982.6974
2020-08-23T16:00:00,11650.77,11699.99,11623.20,11689.20,1182.0529
2020-08-23T20:00:00,11689.20,11715.00,11641.92,11650.01,1128.7559
2020-08-24T00:00:00,11650.01,11690.00,11592.91,11684.69,829.8977
2020-08-24T04:00:00,11684.68,11779.03,11646.29,11760.00,880.1382
2020-08-24T08:00:00,11760.00,11823.62,11760.00,11789.30,1073.0471
2020-08-24T12:00:00,11792.28,11823.00,11726.40,11768.42,1697.4721
2020-08-24T16:00:00,11768.47,11785.71,11695.74,11746.64,1557.6642
2020-08-24T20:00:00,11746.63,11787.00,11702.00,11753.85,1214.7999
2020-08-25T00:00:00,11753.26,11769.76,11660.00,11672.19,1200.5499
2020-08-25T04:00:00,11672.18,11700.00,11546.77,11585.31,1020.8012
2020-08-25T08:00:00,11585.32,11655.90,11514.00,11615.91,764.4032
2020-08-25T12:00:00,11615.91,11615.91,11324.99,11425.00,4187.2155
2020-08-25T16:00:00,11425.01,11447.06,11102.73,11298.96,4958.7867
2020-08-25T20:00:00,11299.11,11390.00,11231.41,11324.92,2216.8789
2020-08-26T00:00:00,11324.92,11407.03,11254.95,11369.68,1282.3159
2020-08-26T04:00:00,11370.14,11399.29,11301.15,11347.42,765.3924
2020-08-26T08:00:00,11349.51,11447.58,11332.87,11380.22,811.7235
2020-08-26T12:00:00,11381.08,11509.00,11254.89,11488.78,2851.4202
2020-08-26T16:00:00,11488.04,11539.99,11435.75,11469.03,2109.0007
2020-08-26T20:00:00,11469.04,11518.85,11440.00,11463.27,1304.7015
2020-08-27T00:00:00,11463.27,11485.72,11367.31,11386.65,1382.5446
2020-08-27T04:00:00,11386.44,11412.63,11325.00,11405.97,1004.4194
2020-08-27T08:00:00,11405.97,11438.36,11305.00,11313.76,1222.5779
2020-08-27T12:00:00,11313.76,11597.92,11256.92,11329.63,4367.5712
2020-08-27T16:00:00,11329.59,11366.09,11125.00,11251.72,3580.3418
2020-08-27T20:00:00,11251.83,11358.92,11231.00,11330.06,1959.9393
2020-08-28T00:00:00,11330.56,11399.00,11282.09,11380.66,988.6787
2020-08-28T04:00:00,11381.74,11449.91,11363.66,11385.88,1383.0141
2020-08-28T08:00:00,11385.87,11484.08,11365.00,11481.49,1470.3992
2020-08-28T12:00:00,11481.70,11546.60,11420.16,11541.22,3197.3777
2020-08-28T16:00:00,11541.22,11550.51,11467.24,11507.00,2059.4036
2020-08-28T20:00:00,11507.00,11540.06,11465.28,11535.00,1275.0227
2020-08-29T00:00:00,11535.00,11549.95,11473.92,11504.46,668.0514
2020-08-29T04:00:00,11504.45,11580.00,11486.88,11569.21,954.3103
2020-08-29T08:00:00,11569.21,11575.72,11422.21,11450.53,833.3151
2020-08-29T12:00:00,11450.31,11519.97,11438.90,11503.77,820.9875
2020-08-29T16:00:00,11503.77,11556.87,11479.48,11529.50,1256.8195
2020-08-29T20:00:00,11529.50,11534.78,11464.44,11474.31,884.0576
2020-08-30T00:00:00,11474.30,11649.00,11463.87,11615.54,1420.9675
2020-08-30T04:00:00,11615.54,11627.00,11570.83,11595.47,500.0779
2020-08-30T08:00:00,11595.47,11611.36,11555.46,11603.58,385.5583
2020-08-30T12:00:00,11603.58,11666.45,11560.74,11617.81,1081.5109
2020-08-30T16:00:00,11617.81,11685.81,11586.00,11639.71,1078.3553
2020-08-30T20:00:00,11639.71,11720.00,11594.29,11716.01,1127.7559
2020-08-31T00:00:00,11716.00,11729.52,11672.30,11682.17,953.9882
2020-08-31T04:00:00,11682.18,11709.24,11602.39,11626.00,758.5167
2020-08-31T08:00:00,11626.00,11713.10,11576.00,11682.01,1037.5376
2020-08-31T12:00:00,11684.22,11784.66,11667.00,11750.00,2983.0607
2020-08-31T16:00:00,11749.52,11758.25,11700.52,11730.64,1494.5743
2020-08-31T20:00:00,11730.63,11734.56,11620.00,11655.00,1895.9160
2020-09-01T00:00:00,11655.00,11704.63,11525.09,11697.28,1983.0136
2020-09-01T04:00:00,11697.00,11945.72,11683.73,11927.84,2669.5418
2020-09-01T08:00:00,11927.84,11957.78,11852.49,11881.68,1984.4691
2020-09-01T12:00:00,11881.68,12061.28,11812.00,12054.70,3655.3706
2020-09-01T16:00:00,12054.70,12086.00,11958.40,11972.69,3455.1911
2020-09-01T20:00:00,11972.03,12058.00,11866.71,11924.22,2310.0580
2020-09-02T00:00:00,11924.22,11950.00,11829.99,11837.01,1833.6878
2020-09-02T04:00:00,11837.02,11902.09,11720.57,11727.08,1735.4287
2020-09-02T08:00:00,11727.07,11749.91,11160.00,11410.39,5932.2349
2020-09-02T12:00:00,11410.38,11480.94,11203.98,11341.61,5103.6088
2020-09-02T16:00:00,11342.56,11422.00,11250.01,11401.43,3076.3226
2020-09-02T20:00:00,11401.44,11449.57,11320.66,11395.48,2040.1603
2020-09-03T00:00:00,11395.49,11454.35,11344.86,11368.53,1406.0486
2020-09-03T04:00:00,11365.72,11433.44,11257.08,11411.51,1631.4514
2020-09-03T08:00:00,11411.51,11474.99,11200.00,11218.76,2006.8944
2020-09-03T12:00:00,11218.75,11259.53,10469.38,10672.59,12784.3396
2020-09-03T16:00:00,10672.59,10774.29,10554.65,10694.65,5225.5576
2020-09-03T20:00:00,10694.59,10802.04,10005.00,10172.52,7309.9524
2020-09-04T00:00:00,10172.13,10363.20,10093.20,10269.82,4601.5131
2020-09-04T04:00:00,10269.82,10341.30,10111.00,10306.60,2529.4691
2020-09-04T08:00:00,10306.60,10538.00,10306.30,10438.37,3002.8799
2020-09-04T12:00:00,10438.31,10511.70,9895.22,10434.76,7403.5577
2020-09-04T16:00:00,10434.76,10607.66,10318.88,10584.92,4046.0274
2020-09-04T20:00:00,10581.74,10638.34,10446.58,10500.05,1783.0174
2020-09-05T00:00:00,10500.05,10564.80,10393.64,10408.01,1896.3508
2020-09-05T04:00:00,10410.27,10500.50,10365.24,10401.73,1465.6573
2020-09-05T08:00:00,10406.82,10406.82,10126.76,10227.88,2141.0798
2020-09-05T12:00:00,10226.69,10350.41,9969.53,10275.00,4669.4227
2020-09-05T16:00:00,10275.00,10304.07,9813.00,9953.12,8621.9422
2020-09-05T20:00:00,9953.12,10193.62,9878.19,10168.36,3656.3052
2020-09-06T00:00:00,10169.58,10250.00,10057.11,10167.86,1795.2340
2020-09-06T04:00:00,10168.96,10250.00,10000.00,10234.95,1608.1294
2020-09-06T08:00:00,10234.94,10278.56,10168.31,10268.34,965.3219
2020-09-06T12:00:00,10268.46,10299.94,10126.74,10178.74,1719.4032
2020-09-06T16:00:00,10178.74,10287.92,10145.16,10261.49,1315.5920
2020-09-06T20:00:00,10266.00,10358.88,10183.44,10257.86,2112.5125
2020-09-07T00:00:00,10258.67,10315.10,10184.01,10204.59,1007.7256
2020-09-07T04:00:00,10202.75,10243.90,10051.00,10119.47,1234.7328
2020-09-07T08:00:00,10119.47,10185.00,10001.29,10029.56,1908.0459
2020-09-07T12:00:00,10029.13,10167.91,9880.00,10146.89,3695.8020
2020-09-07T16:00:00,10146.89,10233.61,10125.94,10149.83,1602.7617
2020-09-07T20:00:00,10148.01,10410.90,10081.65,10375.00,2547.8607
2020-09-08T00:00:00,10375.00,10440.91,10299.75,10310.57,1489.2480
2020-09-08T04:00:00,10310.56,10324.60,10222.40,10269.50,870.2027
2020-09-08T08:00:00,10269.30,10339.99,9934.86,9980.08,2224.0575
2020-09-08T12:00:00,9981.04,10158.16,9920.07,10101.34,3255.9168
2020-09-08T16:00:00,10100.62,10169.90,9937.00,9987.32,2926.9736
2020-09-08T20:00:00,9987.32,10205.87,9819.83,10125.69,5001.9117
2020-09-09T00:00:00,10126.41,10148.05,9983.34,10027.94,1420.0213
2020-09-09T04:00:00,10031.34,10196.00,10004.00,10191.44,925.2863
2020-09-09T08:00:00,10191.29,10286.90,10142.80,10226.75,993.2959
2020-09-09T12:00:00,10227.27,10287.19,10171.06,10253.79,2155.3197
2020-09-09T16:00:00,10253.79,10349.99,10206.00,10282.84,2360.0561
2020-09-09T20:00:00,10282.28,10304.49,10175.35,10224.56,1791.5248
2020-09-10T00:00:00,10224.56,10417.80,10216.41,10379.76,1908.1205
2020-09-10T04:00:00,10377.10,10420.00,10261.53,10279.88,860.1957
2020-09-10T08:00:00,10279.89,10327.25,10239.03,10300.76,1513.8738
2020-09-10T12:00:00,10300.76,10489.00,10297.76,10425.63,3425.6830
2020-09-10T16:00:00,10425.64,10448.75,10254.91,10276.47,2262.0380
2020-09-10T20:00:00,10276.46,10364.20,10271.85,10343.23,1267.1082
2020-09-11T00:00:00,10344.24,10384.23,10211.00,10217.92,1192.6764
2020-09-11T04:00:00,10217.92,10292.22,10200.00,10260.98,1001.1764
2020-09-11T08:00:00,10261.58,10335.00,10253.08,10255.85,886.4240
2020-09-11T12:00:00,10256.54,10340.18,10254.08,10322.71,1301.7269
2020-09-11T16:00:00,10322.72,10348.27,10268.95,10326.58,1204.3821
2020-09-11T20:00:00,10326.58,10411.44,10311.40,10394.41,1613.9057
2020-09-12T00:00:00,10394.41,10400.00,10328.00,10347.07,1139.6997
2020-09-12T04:00:00,10347.07,10374.35,10304.44,10345.18,763.9974
2020-09-12T08:00:00,10344.83,10360.09,10322.43,10340.60,645.6364
2020-09-12T12:00:00,10340.59,10380.50,10276.19,10361.77,1307.7864
2020-09-12T16:00:00,10361.82,10483.23,10349.17,10466.63,1403.6280
2020-09-12T20:00:00,10469.04,10480.32,10417.00,10446.52,1234.5524
2020-09-13T00:00:00,10446.52,10560.35,10405.00,10557.61,1434.7646
2020-09-13T04:00:00,10558.88,10582.36,10521.68,10544.84,736.2713
2020-09-13T08:00:00,10544.83,10562.78,10310.00,10326.81,1774.2366
2020-09-13T12:00:00,10327.13,10351.66,10268.00,10284.29,2811.7950
2020-09-13T16:00:00,10283.63,10323.99,10211.00,10311.05,2518.8913
2020-09-13T20:00:00,10311.05,10336.76,10288.48,10336.76,1166.2349
2020-09-14T00:00:00,10336.76,10375.00,10253.00,10354.99,1496.1577
2020-09-14T04:00:00,10354.99,10403.88,10316.94,10403.43,1329.1996
2020-09-14T08:00:00,10402.46,10477.01,10329.89,10474.92,2036.0340
2020-09-14T12:00:00,10474.06,10714.69,10453.93,10704.49,4439.0863
2020-09-14T16:00:00,10704.49,10760.62,10650.07,10672.10,2375.6924
2020-09-14T20:00:00,10672.11,10750.00,10625.58,10679.95,1856.7801
2020-09-15T00:00:00,10678.41,10834.51,10655.17,10760.30,1449.3194
2020-09-15T04:00:00,10760.31,10784.74,10705.12,10743.70,942.6066
2020-09-15T08:00:00,10743.70,10878.75,10613.18,10832.83,1640.9733
2020-09-15T12:00:00,10832.84,10950.00,10745.00,10785.58,3738.3579
2020-09-15T16:00:00,10785.58,10819.63,10700.00,10785.94,2980.8846
2020-09-15T20:00:00,10785.31,10883.97,10750.00,10783.75,1882.1874
2020-09-16T00:00:00,10783.36,10792.71,10662.02,10784.47,1429.1118
2020-09-16T04:00:00,10784.46,10944.50,10765.50,10917.12,907.9563
2020-09-16T08:00:00,10917.12,10932.59,10833.22,10907.87,1121.5209
2020-09-16T12:00:00,10908.87,11024.58,10867.50,11013.80,2478.4939
2020-09-16T16:00:00,11013.80,11099.95,10965.80,10986.05,3246.6251
2020-09-16T20:00:00,10986.17,11053.84,10941.76,10959.61,1819.9933
2020-09-17T00:00:00,10957.06,11044.00,10871.04,10871.89,1595.9065
2020-09-17T04:00:00,10871.88,10933.49,10850.87,10887.81,844.6568
2020-09-17T08:00:00,10887.81,10909.51,10782.63,10883.73,1163.9661
2020-09-17T12:00:00,10883.74,10885.00,10735.55,10839.62,2224.5295
2020-09-17T16:00:00,10839.44,10932.55,10798.75,10922.57,1697.5180
2020-09-17T20:00:00,10922.56,10977.14,10908.09,10943.61,1358.8720
2020-09-18T00:00:00,10943.99,10962.99,10887.67,10926.51,1075.4670
2020-09-18T04:00:00,10926.50,10980.00,10881.40,10952.69,834.3792
2020-09-18T08:00:00,10952.70,11039.88,10929.24,10976.14,1150.0368
2020-09-18T12:00:00,10976.15,11002.94,10870.00,10898.30,2018.3850
2020-09-18T16:00:00,10899.70,10900.00,10813.00,10869.38,2179.4007
2020-09-18T20:00:00,10869.77,10949.60,10852.04,10937.52,1402.3908
2020-09-19T00:00:00,10937.50,10982.93,10936.78,10982.09,871.4506
2020-09-19T04:00:00,10982.04,10985.00,10903.12,10904.36,453.4761
2020-09-19T08:00:00,10904.43,11151.36,10891.78,11144.86,1051.6764
2020-09-19T12:00:00,11141.13,11179.90,11054.30,11092.57,1391.7040
2020-09-19T16:00:00,11092.31,11117.58,11012.08,11059.77,1165.1711
2020-09-19T20:00:00,11058.71,11098.74,11030.78,11080.00,784.5439
2020-09-20T00:00:00,11081.09,11081.37,10902.33,10947.43,1382.2871
2020-09-20T04:00:00,10947.36,10989.00,10932.97,10959.33,601.3333
2020-09-20T08:00:00,10959.33,10983.54,10928.12,10950.00,327.5642
2020-09-20T12:00:00,10950.01,10955.97,10794.00,10837.57,1553.9067
2020-09-20T16:00:00,10837.45,10906.32,10759.37,10871.78,1087.9439
2020-09-20T20:00:00,10872.24,10939.27,10820.52,10920.89,1050.7499
2020-09-21T00:00:00,10920.94,10982.00,10896.03,10965.70,905.1088
2020-09-21T04:00:00,10966.00,10994.00,10890.00,10898.03,806.6639
2020-09-21T08:00:00,10898.01,10909.07,10575.00,10630.00,2857.6131
2020-09-21T12:00:00,10629.99,10630.00,10292.02,10416.35,5079.2118
2020-09-21T16:00:00,10416.68,10500.00,10180.00,10499.94,3521.0975
2020-09-21T20:00:00,10499.41,10533.33,10408.88,10416.82,1835.0162
2020-09-22T00:00:00,10416.83,10490.61,10355.00,10447.11,1641.3980
2020-09-22T04:00:00,10447.10,10498.36,10356.92,10370.83,788.1019
2020-09-22T08:00:00,10370.82,10503.92,10370.82,10453.22,651.7582
2020-09-22T12:00:00,10451.40,10525.77,10421.94,10451.50,2062.9465
2020-09-22T16:00:00,10451.49,10502.94,10445.28,10495.01,1407.9911
2020-09-22T20:00:00,10495.00,10576.82,10457.09,10531.13,1352.0607
2020-09-23T00:00:00,10531.13,10539.95,10473.99,10478.33,676.6494
2020-09-23T04:00:00,10478.74,10491.03,10380.49,10431.13,958.9125
2020-09-23T08:00:00,10431.19,10496.03,10408.06,10475.02,607.9110
2020-09-23T12:00:00,10475.03,10541.25,10451.00,10454.16,1292.9579
2020-09-23T16:00:00,10453.42,10497.83,10251.01,10288.96,2437.4303
2020-09-23T20:00:00,10288.96,10319.60,10135.22,10235.10,2919.3812
2020-09-24T00:00:00,10237.41,10340.25,10192.56,10299.70,1159.7987
2020-09-24T04:00:00,10300.48,10349.84,10270.00,10341.35,559.5321
2020-09-24T08:00:00,10341.75,10441.61,10283.48,10412.00,847.9522
2020-09-24T12:00:00,10412.00,10572.99,10328.89,10548.35,2428.4610
2020-09-24T16:00:00,10548.01,10737.38,10545.22,10657.22,2706.3451
2020-09-24T20:00:00,10655.29,10795.87,10621.21,10740.01,1976.3045
2020-09-25T00:00:00,10740.00,10762.44,10663.48,10666.67,948.6799
2020-09-25T04:00:00,10665.96,10706.05,10617.39,10694.01,1441.8484
2020-09-25T08:00:00,10694.01,10694.01,10559.12,10625.67,1861.7040
2020-09-25T12:00:00,10625.60,10681.59,10551.00,10653.29,2111.3430
2020-09-25T16:00:00,10653.29,10749.65,10631.01,10722.43,1990.9581
2020-09-25T20:00:00,10723.87,10765.07,10658.88,10690.53,1336.0942
2020-09-26T00:00:00,10690.53,10750.00,10654.58,10712.53,661.7005
2020-09-26T04:00:00,10713.43,10828.00,10692.35,10712.64,630.1135
2020-09-26T08:00:00,10712.65,10733.97,10669.00,10710.19,312.5912
2020-09-26T12:00:00,10710.19,10746.43,10669.31,10721.29,691.3730
2020-09-26T16:00:00,10721.29,10786.52,10686.69,10723.03,694.0885
2020-09-26T20:00:00,10722.28,10759.39,10684.28,10730.00,793.5306
2020-09-27T00:00:00,10730.00,10806.32,10721.75,10786.75,723.8432
2020-09-27T04:00:00,10786.75,10794.00,10625.86,10674.23,700.0052
2020-09-27T08:00:00,10674.23,10678.51,10617.53,10625.01,429.4084
2020-09-27T12:00:00,10625.01,10767.39,10595.24,10756.69,789.4568
2020-09-27T16:00:00,10757.04,10775.00,10704.96,10736.64,545.2006
2020-09-27T20:00:00,10736.29,10784.25,10706.14,10778.20,692.1226
2020-09-28T00:00:00,10779.00,10956.11,10778.99,10887.21,1640.3499
2020-09-28T04:00:00,10886.51,10915.25,10835.25,10853.37,650.1393
2020-09-28T08:00:00,10853.37,10913.43,10832.46,10880.00,612.5641
2020-09-28T12:00:00,10879.99,10947.07,10840.83,10900.59,1794.1825
2020-09-28T16:00:00,10900.58,10925.00,10833.62,10869.07,1872.2219
2020-09-28T20:00:00,10869.07,10890.00,10621.22,10695.55,2306.6038
2020-09-29T00:00:00,10694.90,10728.09,10651.78,10685.80,1452.0260
2020-09-29T04:00:00,10685.80,10741.99,10662.08,10723.37,788.7617
2020-09-29T08:00:00,10722.75,10790.00,10700.77,10757.19,790.4077
2020-09-29T12:00:00,10757.19,10790.00,10713.00,10722.90,1327.8641
2020-09-29T16:00:00,10722.90,10764.36,10636.13,10736.75,2107.3672
2020-09-29T20:00:00,10736.58,10860.79,10736.58,10840.73,1734.3560
2020-09-30T00:00:00,10839.98,10847.00,10739.56,10739.84,849.4567
2020-09-30T04:00:00,10739.81,10762.91,10675.14,10695.17,814.8960
2020-09-30T08:00:00,10695.19,10724.55,10657.04,10675.87,622.3234
2020-09-30T12:00:00,10675.86,10793.52,10667.39,10780.83,1416.3255
2020-09-30T16:00:00,10780.47,10804.01,10675.35,10708.57,1528.5443
2020-09-30T20:00:00,10706.00,10785.27,10681.66,10779.63,1086.9836
2020-10-01T00:00:00,10779.63,10857.22,10779.63,10801.53,1193.6950
2020-10-01T04:00:00,10801.03,10850.00,10798.90,10828.54,739.1376
2020-10-01T08:00:00,10828.54,10931.98,10815.60,10908.27,1203.2431
2020-10-01T12:00:00,10906.69,10913.06,10710.91,10715.98,1993.6044
2020-10-01T16:00:00,10715.97,10715.98,10427.75,10615.01,6089.1070
2020-10-01T20:00:00,10614.79,10635.10,10562.84,10617.63,1629.7243
2020-10-02T00:00:00,10616.35,10657.56,10583.47,10647.00,942.4800
2020-10-02T04:00:00,10648.19,10668.56,10363.76,10491.15,2850.7924
2020-10-02T08:00:00,10490.87,10493.68,10380.00,10437.02,1385.3843
2020-10-02T12:00:00,10437.02,10600.00,10431.60,10517.75,2437.1768
2020-10-02T16:00:00,10516.68,10564.72,10495.48,10515.13,1497.4587
2020-10-02T20:00:00,10515.13,10584.19,10468.00,10573.12,1150.1908
2020-10-03T00:00:00,10573.12,10579.70,10525.21,10554.95,604.1684
2020-10-03T04:00:00,10553.97,10565.00,10498.02,10529.95,393.6062
2020-10-03T08:00:00,10529.67,10564.82,10503.33,10542.07,337.6419
2020-10-03T12:00:00,10540.72,10559.84,10523.82,10550.04,487.6147
2020-10-03T16:00:00,10549.91,10606.36,10541.08,10589.25,699.1150
2020-10-03T20:00:00,10589.25,10595.89,10534.65,10551.65,689.5585
2020-10-04T00:00:00,10550.32,10566.11,10521.87,10552.18,454.1824
2020-10-04T04:00:00,10551.14,10644.12,10551.14,10613.41,534.9561
2020-10-04T08:00:00,10614.68,10621.96,10573.76,10604.54,256.8384
2020-10-04T12:00:00,10604.53,10625.00,10576.82,10597.22,636.5336
2020-10-04T16:00:00,10597.59,10697.00,10584.76,10677.02,977.5254
2020-10-04T20:00:00,10677.18,10694.02,10641.47,10671.11,709.2203
2020-10-05T00:00:00,10670.01,10759.62,10660.42,10672.15,1120.9288
2020-10-05T04:00:00,10672.15,10699.82,10621.12,10693.44,668.0135
2020-10-05T08:00:00,10693.63,10700.00,10660.89,10667.54,486.2699
2020-10-05T12:00:00,10665.87,10775.26,10660.10,10727.47,1618.4320
2020-10-05T16:00:00,10727.47,10746.85,10680.62,10736.72,1260.4989
2020-10-05T20:00:00,10733.37,10800.00,10730.00,10795.00,927.2439
2020-10-06T00:00:00,10796.97,10800.00,10746.72,10769.31,780.8145
2020-10-06T04:00:00,10768.53,10785.07,10707.00,10714.01,479.3863
2020-10-06T08:00:00,10714.01,10750.00,10650.00,10697.90,651.9073
2020-10-06T12:00:00,10697.34,10758.00,10618.13,10732.84,1474.4861
2020-10-06T16:00:00,10733.64,10746.55,10528.42,10568.01,2636.1600
2020-10-06T20:00:00,10568.01,10616.67,10524.00,10602.66,1573.6096
2020-10-07T00:00:00,10601.20,10605.94,10546.78,10578.96,1299.8969
2020-10-07T04:00:00,10575.77,10632.10,10572.43,10619.00,799.5137
2020-10-07T08:00:00,10619.69,10626.78,10577.98,10605.20,546.3796
2020-10-07T12:00:00,10605.19,10650.13,10597.21,10630.00,1152.9272
2020-10-07T16:00:00,10630.62,10683.75,10601.07,10652.89,1297.6814
2020-10-07T20:00:00,10653.13,10677.60,10642.79,10670.47,1011.6437
2020-10-08T00:00:00,10670.47,10674.88,10620.86,10645.61,676.8124
2020-10-08T04:00:00,10645.61,10646.04,10566.90,10588.51,797.1567
2020-10-08T08:00:00,10590.41,10630.50,10532.11,10605.41,714.9905
2020-10-08T12:00:00,10605.41,10949.99,10595.90,10901.10,4816.1844
2020-10-08T16:00:00,10901.11,10963.16,10850.00,10885.49,2820.9121
2020-10-08T20:00:00,10885.49,10943.58,10868.94,10933.09,1475.1951
2020-10-09T00:00:00,10932.44,10947.03,10865.34,10891.75,1229.5935
2020-10-09T04:00:00,10891.44,10909.80,10834.49,10893.92,757.8442
2020-10-09T08:00:00,10893.92,11107.30,10868.00,11050.19,2175.0817
2020-10-09T12:00:00,11050.72,11111.11,11043.51,11096.30,2784.4974
2020-10-09T16:00:00,11095.77,11111.11,11023.54,11043.14,2074.4035
2020-10-09T20:00:00,11043.13,11099.32,11024.53,11057.07,1076.9790
2020-10-10T00:00:00,11057.07,11498.98,11055.75,11412.53,3503.8665
2020-10-10T04:00:00,11411.89,11429.30,11355.49,11387.11,1104.8167
2020-10-10T08:00:00,11387.12,11399.92,11235.16,11322.60,960.6493
2020-10-10T12:00:00,11322.60,11423.14,11290.63,11357.19,1656.0539
2020-10-10T16:00:00,11357.96,11378.41,11320.00,11361.28,1067.8320
2020-10-10T20:00:00,11360.74,11382.31,11267.78,11299.50,1019.5407
2020-10-11T00:00:00,11299.52,11399.19,11280.01,11335.79,862.0351
2020-10-11T04:00:00,11335.65,11373.74,11303.56,11354.98,564.8926
2020-10-11T08:00:00,11354.99,11409.33,11328.21,11373.89,488.9989
2020-10-11T12:00:00,11373.88,11444.25,11339.00,11407.23,891.9983
2020-10-11T16:00:00,11407.23,11431.81,11320.00,11337.26,1057.0281
2020-10-11T20:00:00,11337.26,11399.74,11276.28,11374.01,1298.5117
2020-10-12T00:00:00,11374.01,11410.01,11352.00,11389.04,1013.4137
2020-10-12T04:00:00,11389.04,11411.63,11330.29,11377.04,713.3562
2020-10-12T08:00:00,11377.04,11393.60,11187.60,11247.60,1193.8497
2020-10-12T12:00:00,11247.61,11600.00,11240.51,11554.74,3220.6878
2020-10-12T16:00:00,11556.46,11587.33,11534.00,11549.00,2447.8681
2020-10-12T20:00:00,11549.00,11736.02,11486.00,11535.46,2467.7401
2020-10-13T00:00:00,11535.46,11550.25,11421.04,11462.29,1548.6112
2020-10-13T04:00:00,11463.19,11524.30,11431.59,11454.74,779.7457
2020-10-13T08:00:00,11454.75,11561.45,11388.00,11493.91,1458.7771
2020-10-13T12:00:00,11493.43,11511.64,11312.59,11390.01,2273.6500
2020-10-13T16:00:00,11390.01,11433.11,11345.00,11391.85,1410.3657
2020-10-13T20:00:00,11391.59,11470.63,11390.00,11428.22,1168.0630
2020-10-14T00:00:00,11428.22,11492.19,11397.59,11397.64,833.6732
2020-10-14T04:00:00,11397.18,11437.00,11370.08,11417.46,627.6072
2020-10-14T08:00:00,11417.47,11454.05,11362.21,11371.84,638.3704
2020-10-14T12:00:00,11368.20,11556.37,11300.00,11324.50,2148.7236
2020-10-14T16:00:00,11323.29,11380.58,11290.83,11346.09,1260.2477
2020-10-14T20:00:00,11348.33,11438.83,11345.39,11427.70,1570.0794
2020-10-15T00:00:00,11427.70,11428.58,11367.65,11383.46,907.3139
2020-10-15T04:00:00,11384.36,11428.49,11373.00,11406.57,755.1234
2020-10-15T08:00:00,11406.52,11413.50,11263.15,11318.30,1275.6202
2020-10-15T12:00:00,11317.21,11422.83,11275.33,11403.12,1383.8322
2020-10-15T16:00:00,11403.12,11541.11,11371.73,11533.73,2124.6206
2020-10-15T20:00:00,11533.73,11641.38,11458.00,11509.34,2092.0101
2020-10-16T00:00:00,11509.31,11550.01,11477.63,11517.89,848.5270
2020-10-16T04:00:00,11516.91,11517.41,11201.00,11317.50,3084.9309
2020-10-16T08:00:00,11317.49,11400.04,11215.51,11376.44,1397.5286
2020-10-16T12:00:00,11375.36,11402.15,11288.00,11336.67,1590.7888
2020-10-16T16:00:00,11336.67,11375.32,11314.91,11318.58,1442.4757
2020-10-16T20:00:00,11318.22,11364.34,11284.40,11328.95,1141.0151
2020-10-17T00:00:00,11328.27,11371.99,11278.03,11371.94,756.9839
2020-10-17T04:00:00,11371.89,11385.00,11342.40,11353.07,317.2060
2020-10-17T08:00:00,11353.08,11365.42,11315.67,11348.95,295.3285
2020-10-17T12:00:00,11348.85,11421.00,11264.75,11344.42,859.8598
2020-10-17T16:00:00,11343.85,11366.34,11308.52,11346.19,731.7360
2020-10-17T20:00:00,11345.69,11376.00,11326.03,11367.89,625.0313
2020-10-18T00:00:00,11367.90,11409.39,11350.37,11379.30,780.0879
2020-10-18T04:00:00,11379.30,11474.36,11375.34,11459.99,589.0281
2020-10-18T08:00:00,11460.00,11475.80,11407.23,11428.96,361.5807
2020-10-18T12:00:00,11428.95,11497.54,11418.98,11459.39,722.5343
2020-10-18T16:00:00,11459.41,11488.79,11440.00,11444.68,738.4623
2020-10-18T20:00:00,11444.68,11523.00,11408.52,11514.20,1160.4018
2020-10-19T00:00:00,11514.20,11544.44,11416.39,11425.04,1041.6113
2020-10-19T04:00:00,11423.00,11473.32,11416.04,11463.61,543.8691
2020-10-19T08:00:00,11463.61,11538.00,11450.00,11480.91,873.6818
2020-10-19T12:00:00,11482.39,11829.10,11472.00,11814.18,3976.6639
2020-10-19T16:00:00,11815.04,11833.00,11659.44,11695.53,2417.6393
2020-10-19T20:00:00,11696.59,11788.78,11671.25,11760.45,1459.7690
2020-10-20T00:00:00,11760.45,11769.99,11685.00,11749.12,1427.5180
2020-10-20T04:00:00,11749.98,11858.00,11720.00,11744.34,1512.8559
2020-10-20T08:00:00,11744.34,11938.11,11711.28,11780.00,2348.9970
2020-10-20T12:00:00,11780.00,11995.00,11770.05,11937.00,3539.0010
2020-10-20T16:00:00,11937.01,12050.00,11908.49,11951.60,3393.8969
2020-10-20T20:00:00,11936.20,11975.35,11876.51,11923.83,1617.7559
2020-10-21T00:00:00,11923.07,12250.00,11900.01,12200.35,3657.1156
2020-10-21T04:00:00,12200.36,12322.82,12141.00,12201.84,2758.6818
2020-10-21T08:00:00,12201.84,12387.91,12141.05,12343.51,1692.6626
2020-10-21T12:00:00,12344.92,12874.98,12288.02,12754.39,9016.9301
2020-10-21T16:00:00,12754.99,12928.74,12670.76,12700.77,6207.1590
2020-10-21T20:00:00,12700.78,13250.04,12700.00,12808.00,9072.0838
2020-10-22T00:00:00,12808.01,12958.95,12709.99,12736.81,3164.3178
2020-10-22T04:00:00,12735.93,12838.22,12698.02,12766.51,2229.6286
2020-10-22T08:00:00,12765.97,13032.44,12700.00,12978.98,2591.5457
2020-10-22T12:00:00,12978.98,12989.97,12814.00,12951.81,4518.5323
2020-10-22T16:00:00,12955.03,13181.16,12942.08,13094.67,4613.4281
2020-10-22T20:00:00,13095.36,13200.00,12951.46,12987.02,3220.3371
2020-10-23T00:00:00,12988.20,13022.00,12842.39,12979.58,2015.2821
2020-10-23T04:00:00,12981.13,12999.22,12877.00,12894.37,1428.7503
2020-10-23T08:00:00,12896.37,13037.00,12865.00,12976.26,1140.7556
2020-10-23T12:00:00,12976.41,13019.75,12901.16,12932.05,1517.0366
2020-10-23T16:00:00,12930.29,12957.85,12722.72,12932.12,2891.3698
2020-10-23T20:00:00,12932.13,12986.05,12887.37,12937.09,1457.6776
2020-10-24T00:00:00,12938.00,13026.43,12884.31,12983.84,1025.2049
2020-10-24T04:00:00,12983.84,13014.09,12930.00,12939.83,670.6889
2020-10-24T08:00:00,12939.83,13010.04,12921.49,13008.16,694.3786
2020-10-24T12:00:00,13008.78,13175.00,12930.00,13115.09,2507.1646
2020-10-24T16:00:00,13115.08,13162.59,13034.41,13138.87,1550.4443
2020-10-24T20:00:00,13138.65,13149.47,13052.00,13126.24,1467.4653
2020-10-25T00:00:00,13126.34,13360.00,13083.77,13308.89,2004.1820
2020-10-25T04:00:00,13308.47,13361.00,12900.00,13041.61,2352.8383
2020-10-25T08:00:00,13041.61,13044.64,12890.76,12969.93,1261.6613
2020-10-25T12:00:00,12965.56,13025.57,12946.23,12958.81,1061.7646
2020-10-25T16:00:00,12956.08,13061.00,12925.00,13060.47,1538.8334
2020-10-25T20:00:00,13060.66,13077.83,12996.28,13045.00,1056.8975
2020-10-26T00:00:00,13045.02,13144.44,12983.51,13108.64,1154.0282
2020-10-26T04:00:00,13109.45,13156.00,13035.00,13039.32,775.3832
2020-10-26T08:00:00,13043.51,13187.94,12950.00,13150.80,1268.0613
2020-10-26T12:00:00,13150.50,13250.00,12934.00,12986.77,3615.8679
2020-10-26T16:00:00,12988.54,13045.01,12785.00,13016.88,3860.1964
2020-10-26T20:00:00,13019.28,13099.00,13000.00,13068.79,1601.8214
2020-10-27T00:00:00,13068.79,13139.00,13061.28,13095.78,1508.4468
2020-10-27T04:00:00,13095.79,13168.55,13069.01,13154.92,958.8255
2020-10-27T08:00:00,13155.43,13498.24,13087.02,13455.00,2554.0381
2020-10-27T12:00:00,13457.01,13645.00,13334.99,13619.03,4295.6713
2020-10-27T16:00:00,13618.82,13767.62,13509.58,13675.05,5480.5451
2020-10-27T20:00:00,13675.05,13793.72,13585.90,13698.18,2469.9129
2020-10-28T00:00:00,13740.85,13863.87,13662.22,13789.39,2734.7041
2020-10-28T04:00:00,13789.39,13825.00,13560.56,13672.45,1858.9538
2020-10-28T08:00:00,13673.61,13715.34,13317.62,13326.37,2817.7541
2020-10-28T12:00:00,13324.83,13373.01,12891.57,13226.67,7323.9216
2020-10-28T16:00:00,13226.78,13265.00,13012.98,13179.44,3996.2744
2020-10-28T20:00:00,13179.78,13320.92,13117.32,13281.05,2341.7687
2020-10-29T00:00:00,13281.06,13319.14,13184.16,13283.95,2229.2019
2020-10-29T04:00:00,13283.96,13324.12,13126.77,13141.83,1916.0626
2020-10-29T08:00:00,13139.95,13215.42,13051.80,13059.14,1711.8504
2020-10-29T12:00:00,13056.78,13489.00,12976.29,13446.97,4420.1456
2020-10-29T16:00:00,13446.97,13650.00,13407.25,13500.07,3610.4756
2020-10-29T20:00:00,13500.00,13550.00,13401.00,13460.00,1908.3406
2020-10-30T00:00:00,13460.00,13687.82,13350.36,13443.22,2400.2286
2020-10-30T04:00:00,13443.21,13504.72,13131.31,13214.96,2772.5851
2020-10-30T08:00:00,13223.73,13387.30,13149.43,13363.15,1662.1881
2020-10-30T12:00:00,13363.24,13561.51,13238.12,13561.20,4527.0015
2020-10-30T16:00:00,13558.37,13600.00,13470.05,13550.20,2374.9962
2020-10-30T20:00:00,13550.19,13679.76,13476.04,13571.51,1927.2909
2020-10-31T00:00:00,13571.51,13742.00,13424.73,13505.59,2109.0854
2020-10-31T04:00:00,13503.64,13624.07,13463.63,13585.04,689.8910
2020-10-31T08:00:00,13585.48,14098.92,13583.92,13948.36,4840.1062
2020-10-31T12:00:00,13947.00,13948.84,13742.98,13865.98,1705.9336
2020-10-31T16:00:00,13863.93,13895.64,13696.09,13799.54,1607.6101
2020-10-31T20:00:00,13795.64,13906.62,13760.82,13804.81,1213.6779
2020-11-01T00:00:00,13803.69,13906.74,13655.00,13701.75,1281.3545
2020-11-01T04:00:00,13701.38,13824.90,13630.05,13807.80,875.0274
2020-11-01T08:00:00,13808.22,13825.00,13671.56,13713.86,588.3129
2020-11-01T12:00:00,13710.91,13874.47,13683.90,13813.88,1059.4468
2020-11-01T16:00:00,13813.88,13840.00,13777.00,13801.01,1030.0029
2020-11-01T20:00:00,13801.01,13867.00,13650.00,13771.59,1417.8616
2020-11-02T00:00:00,13771.70,13840.00,13659.72,13705.53,1532.8679
2020-11-02T04:00:00,13704.61,13774.58,13652.00,13749.41,807.7053
2020-11-02T08:00:00,13749.41,13749.41,13368.75,13423.24,2350.0974
2020-11-02T12:00:00,13422.27,13550.07,13215.00,13510.00,3300.4064
2020-11-02T16:00:00,13508.61,13568.63,13456.75,13566.30,1895.5432
2020-11-02T20:00:00,13566.38,13711.47,13556.00,13563.22,2305.2105
2020-11-03T00:00:00,13563.22,13649.00,13338.25,13403.78,2895.6348
2020-11-03T04:00:00,13403.77,13462.69,13290.00,13449.15,1582.0817
2020-11-03T08:00:00,13450.08,13605.38,13410.08,13534.33,999.7674
2020-11-03T12:00:00,13534.33,13807.00,13477.76,13721.25,2914.1261
2020-11-03T16:00:00,13717.74,13790.00,13688.78,13729.01,2156.6702
2020-11-03T20:00:00,13729.01,14081.45,13659.45,14035.80,3417.5081
2020-11-04T00:00:00,14034.35,14057.56,13702.00,13913.41,3463.2987
2020-11-04T04:00:00,13911.87,13939.55,13530.01,13604.31,2238.8620
2020-11-04T08:00:00,13604.88,13758.96,13580.51,13732.13,1034.9843
2020-11-04T12:00:00,13733.17,13934.00,13712.12,13926.00,2350.6526
2020-11-04T16:00:00,13926.00,14273.60,13897.52,14120.04,4983.7519
2020-11-04T20:00:00,14122.24,14249.64,13952.89,14161.48,2823.2283
2020-11-05T00:00:00,14165.86,14390.00,14115.00,14325.02,2804.0885
2020-11-05T04:00:00,14325.01,14520.69,14255.70,14500.04,2509.6489
2020-11-05T08:00:00,14500.04,14742.00,14371.18,14728.19,3200.0848
2020-11-05T12:00:00,14725.63,15175.00,14621.47,15108.19,7669.0235
2020-11-05T16:00:00,15106.96,15312.00,14800.00,15139.99,8760.8303
2020-11-05T20:00:00,15139.98,15775.00,15040.00,15608.21,6922.2987
2020-11-06T00:00:00,15608.06,15977.67,15403.42,15433.00,7603.6266
2020-11-06T04:00:00,15438.33,15809.65,15425.00,15762.45,2907.4364
2020-11-06T08:00:00,15762.45,15765.56,15301.11,15585.89,3146.7667
2020-11-06T12:00:00,15585.97,15724.18,15360.26,15422.37,4219.6565
2020-11-06T16:00:00,15425.23,15580.80,15421.41,15456.94,3159.6331
2020-11-06T20:00:00,15456.94,15695.00,15190.36,15599.95,4113.2731
2020-11-07T00:00:00,15599.95,15779.24,15522.20,15566.01,3117.0942
2020-11-07T04:00:00,15566.01,15648.66,15444.05,15469.47,1186.2763
2020-11-07T08:00:00,15469.15,15603.23,15416.69,15533.86,1110.2466
2020-11-07T12:00:00,15533.85,15572.72,15200.00,15355.00,2860.9054
2020-11-07T16:00:00,15355.00,15430.82,14552.00,14640.76,9536.1177
2020-11-07T20:00:00,14640.76,14954.46,14310.00,14834.09,5741.4288
2020-11-08T00:00:00,14834.09,15144.94,14721.90,14980.01,2231.0390
2020-11-08T04:00:00,14980.00,15092.43,14925.00,14951.80,1429.3387
2020-11-08T08:00:00,14951.81,15200.00,14917.13,15186.58,1259.3523
2020-11-08T12:00:00,15186.57,15460.00,15120.00,15371.61,2385.5018
2020-11-08T16:00:00,15370.61,15666.00,15281.83,15354.39,2781.6945
2020-11-08T20:00:00,15354.39,15543.50,15262.54,15482.90,1769.4019
2020-11-09T00:00:00,15482.89,15623.61,15403.00,15455.55,2559.7225
2020-11-09T04:00:00,15455.55,15508.29,15306.95,15324.07,1771.9493
2020-11-09T08:00:00,15324.07,15856.90,15160.53,15811.76,2608.6627
2020-11-09T12:00:00,15811.79,15819.08,14949.82,15006.99,6861.8817
2020-11-09T16:00:00,15007.00,15469.99,14817.14,15373.05,5139.4661
2020-11-09T20:00:00,15373.05,15510.00,15239.02,15342.25,3009.5938
2020-11-10T00:00:00,15342.10,15441.35,15193.82,15349.99,1878.5796
2020-11-10T04:00:00,15349.99,15459.39,15270.00,15292.62,1861.6629
2020-11-10T08:00:00,15292.62,15481.06,15190.86,15301.59,2184.1683
2020-11-10T12:00:00,15301.24,15415.97,15090.08,15183.40,3122.0451
2020-11-10T16:00:00,15181.36,15361.35,15127.55,15317.90,2063.2648
2020-11-10T20:00:00,15317.67,15413.84,15285.01,15315.03,2379.9545
2020-11-11T00:00:00,15315.46,15519.99,15293.04,15418.15,2412.2003
2020-11-11T04:00:00,15418.14,15460.31,15349.95,15419.90,1183.4617
2020-11-11T08:00:00,15419.91,15696.10,15385.90,15590.03,1745.0827
2020-11-11T12:00:00,15589.61,15728.59,15544.09,15691.37,1983.5974
2020-11-11T16:00:00,15691.37,16000.00,15660.24,15825.54,5443.1560
2020-11-11T20:00:00,15826.00,15903.96,15602.43,15705.79,2489.8593
2020-11-12T00:00:00,15705.79,15729.18,15446.82,15659.57,2853.2933
2020-11-12T04:00:00,15659.56,15943.00,15620.82,15884.76,1991.2729
2020-11-12T08:00:00,15879.26,16169.00,15623.85,15785.30,4537.1150
2020-11-12T12:00:00,15785.29,16178.91,15769.28,16155.71,4934.7965
2020-11-12T16:00:00,16158.26,16224.30,15906.41,16090.70,4172.5302
2020-11-12T20:00:00,16090.71,16370.89,16056.84,16310.81,3664.7305
2020-11-13T00:00:00,16310.81,16491.92,16281.00,16449.04,3526.6854
2020-11-13T04:00:00,16449.04,16467.90,16200.00,16270.93,2140.8306
2020-11-13T08:00:00,16271.58,16369.99,16085.00,16237.51,1604.3068
2020-11-13T12:00:00,16237.50,16325.99,16088.90,16119.33,2566.1151
2020-11-13T16:00:00,16119.34,16320.81,15975.00,16303.01,3134.3280
2020-11-13T20:00:00,16303.01,16379.28,16200.00,16339.56,1621.2493
2020-11-14T00:00:00,16339.56,16339.60,16155.95,16194.21,1335.6159
2020-11-14T04:00:00,16195.14,16223.37,16040.88,16102.09,1125.7616
2020-11-14T08:00:00,16100.35,16140.01,15752.64,15945.38,2003.9539
2020-11-14T12:00:00,15940.07,16072.83,15852.46,15966.15,1536.2616
2020-11-14T16:00:00,15963.87,16041.67,15708.24,15900.72,2066.3594
2020-11-14T20:00:00,15898.89,16161.51,15870.25,16082.01,1137.9642
2020-11-15T00:00:00,16082.01,16123.67,15886.54,15946.09,1342.8538
2020-11-15T04:00:00,15946.09,16111.68,15895.22,16045.93,662.3615
2020-11-15T08:00:00,16045.93,16175.60,15950.60,15972.08,632.2155
2020-11-15T12:00:00,15972.07,16122.97,15950.37,16041.73,834.9305
2020-11-15T16:00:00,16041.72,16079.39,15861.79,15882.05,1359.2186
2020-11-15T20:00:00,15875.01,16021.75,15796.09,15966.89,1418.4997
2020-11-16T00:00:00,15970.00,16055.63,15879.00,16020.98,1234.2343
2020-11-16T04:00:00,16022.98,16300.00,15995.30,16254.69,1333.5435
2020-11-16T08:00:00,16254.69,16398.00,16181.75,16232.03,1365.4728
2020-11-16T12:00:00,16229.75,16476.00,16229.69,16463.62,2268.4845
2020-11-16T16:00:00,16463.62,16859.95,16448.44,16797.62,5391.7663
2020-11-16T20:00:00,16797.62,16892.00,16587.84,16726.64,2354.8039
2020-11-17T00:00:00,16726.49,16844.00,16589.53,16590.01,2481.4727
2020-11-17T04:00:00,16590.00,16790.00,16575.42,16756.02,1466.4519
2020-11-17T08:00:00,16756.02,17000.00,16637.02,16999.41,1851.0207
2020-11-17T12:00:00,16999.92,17398.00,16933.56,17355.87,5821.2634
2020-11-17T16:00:00,17355.17,17880.00,17295.50,17699.45,10246.5936
2020-11-17T20:00:00,17699.44,17745.00,17470.01,17679.36,3363.4218
2020-11-18T00:00:00,17679.86,18095.00,17618.41,18059.10,3658.7677
2020-11-18T04:00:00,18057.44,18488.00,17205.02,18089.38,10829.6184
2020-11-18T08:00:00,18093.00,18282.30,17900.01,18266.09,3929.6324
2020-11-18T12:00:00,18266.09,18269.15,17275.04,17896.84,6661.3095
2020-11-18T16:00:00,17896.84,18029.78,17580.00,17671.91,4310.7105
2020-11-18T20:00:00,17676.20,17881.76,17505.05,17782.91,3035.9481
2020-11-19T00:00:00,17790.18,18075.50,17594.07,17935.44,3143.4373
2020-11-19T04:00:00,17935.44,17938.81,17610.02,17669.70,2333.1240
2020-11-19T08:00:00,17669.70,17775.00,17356.00,17770.49,2425.2956
2020-11-19T12:00:00,17771.82,18193.29,17663.14,18064.84,3514.1953
2020-11-19T16:00:00,18064.84,18135.00,17890.00,17979.02,2955.0880
2020-11-19T20:00:00,17973.69,18110.05,17719.24,17821.58,2770.3526
2020-11-20T00:00:00,17821.92,18058.24,17764.76,17961.26,2200.4811
2020-11-20T04:00:00,17961.26,18421.63,17943.52,18222.21,2995.0345
2020-11-20T08:00:00,18226.00,18389.03,18117.48,18287.73,1731.5319
2020-11-20T12:00:00,18287.73,18762.32,18161.23,18692.32,4855.1359
2020-11-20T16:00:00,18696.69,18830.30,18400.01,18640.00,3875.0922
2020-11-20T20:00:00,18647.04,18767.00,18501.95,18675.25,2244.6561
2020-11-21T00:00:00,18677.84,18980.00,18640.00,18676.49,3813.1519
2020-11-21T04:00:00,18676.59,18754.63,18460.31,18682.64,1673.8578
2020-11-21T08:00:00,18685.88,18808.02,18507.66,18550.01,1028.1291
2020-11-21T12:00:00,18550.02,18849.00,18350.00,18818.15,2925.5343
2020-11-21T16:00:00,18818.16,18933.30,18600.00,18697.95,2587.6047
2020-11-21T20:00:00,18698.16,18767.03,18541.47,18721.21,1575.9936
2020-11-22T00:00:00,18721.21,18773.56,18355.45,18574.30,3615.9256
2020-11-22T04:00:00,18576.08,18617.96,18288.90,18517.26,1301.5180
2020-11-22T08:00:00,18516.62,18516.67,17610.77,17891.13,3556.2098
2020-11-22T12:00:00,17891.13,18345.18,17825.04,18312.17,2581.4180
2020-11-22T16:00:00,18314.59,18641.01,18272.27,18591.38,1935.7195
2020-11-22T20:00:00,18591.38,18700.00,18403.75,18437.66,2433.0472
2020-11-23T00:00:00,18437.18,18529.00,18001.00,18378.53,4254.4392
2020-11-23T04:00:00,18376.82,18577.46,18325.01,18468.78,1302.3584
2020-11-23T08:00:00,18470.05,18777.77,18469.38,18585.01,1939.1065
2020-11-23T12:00:00,18585.01,18719.99,18249.10,18281.63,4435.8574
2020-11-23T16:00:00,18283.57,18482.35,18158.78,18459.89,2857.2006
2020-11-23T20:00:00,18462.68,18499.94,18294.65,18384.82,2866.7016
2020-11-24T00:00:00,18384.82,18550.00,18222.00,18367.39,2501.0299
2020-11-24T04:00:00,18367.25,18468.20,18052.02,18392.39,3286.2900
2020-11-24T08:00:00,18392.39,19100.00,18392.39,19077.00,5723.6980
2020-11-24T12:00:00,19075.00,19450.00,18975.79,19392.68,7080.3865
2020-11-24T16:00:00,19392.19,19469.00,19100.64,19168.01,4912.2486
2020-11-24T20:00:00,19168.01,19250.00,18853.08,19172.84,3119.4333
2020-11-25T00:00:00,19172.90,19240.34,18751.00,18826.13,3061.3150
2020-11-25T04:00:00,18826.14,19070.00,18641.59,18992.58,2366.2631
2020-11-25T08:00:00,18992.58,19360.00,18990.05,19299.62,2632.6393
2020-11-25T12:00:00,19299.62,19500.00,19123.88,19140.04,4570.2022
2020-11-25T16:00:00,19145.00,19216.06,18830.58,18990.56,3902.8512
2020-11-25T20:00:00,18990.56,19099.99,18502.00,18721.93,3952.1229
2020-11-26T00:00:00,18717.24,18915.48,17150.00,17952.19,7792.5343
2020-11-26T04:00:00,17952.19,18099.70,17445.92,17589.93,6062.8819
2020-11-26T08:00:00,17579.97,17579.98,16200.00,17103.74,11773.1168
2020-11-26T12:00:00,17095.22,17418.73,16610.10,16912.74,5917.9532
2020-11-26T16:00:00,16913.96,17045.03,16200.02,16533.46,11567.2260
2020-11-26T20:00:00,16532.58,17344.09,16519.10,17170.00,5530.4585
2020-11-27T00:00:00,17169.99,17475.00,17035.82,17096.00,3769.5726
2020-11-27T04:00:00,17097.80,17356.30,17040.01,17090.67,2203.8828
2020-11-27T08:00:00,17104.52,17200.00,16592.46,16783.86,4358.0926
2020-11-27T12:00:00,16783.87,17077.81,16400.00,16494.26,6432.1392
2020-11-27T16:00:00,16490.00,16870.01,16459.35,16816.00,3840.5129
2020-11-27T20:00:00,16815.99,17165.86,16751.38,17153.95,2729.7843
2020-11-28T00:00:00,17155.43,17198.00,16938.52,17010.30,2069.8476
2020-11-28T04:00:00,17010.47,17075.81,16882.33,17025.92,819.3649
2020-11-28T08:00:00,17024.31,17252.96,16880.00,17164.46,1038.6009
2020-11-28T12:00:00,17166.00,17534.03,17071.71,17533.05,2466.5201
2020-11-28T16:00:00,17533.05,17933.25,17533.04,17843.78,4852.9084
2020-11-28T20:00:00,17849.30,17902.88,17652.00,17739.85,1910.7100
2020-11-29T00:00:00,17736.10,17900.00,17535.26,17887.22,1427.4355
2020-11-29T04:00:00,17884.61,17884.61,17686.91,17829.18,932.3789
2020-11-29T08:00:00,17824.87,18248.21,17815.11,18098.98,1678.1811
2020-11-29T12:00:00,18100.58,18208.87,17915.94,18139.78,1750.4098
2020-11-29T16:00:00,18137.87,18165.00,17947.22,18066.69,1407.8431
2020-11-29T20:00:00,18068.95,18359.00,18046.39,18202.04,1736.0019
2020-11-30T00:00:00,18202.02,18612.87,18201.47,18606.02,3369.1200
2020-11-30T04:00:00,18607.41,18694.96,18472.68,18634.68,1780.1431
2020-11-30T08:00:00,18634.68,18675.00,18345.72,18611.27,1503.8808
2020-11-30T12:00:00,18613.43,19873.23,18612.41,19281.35,10677.1128
2020-11-30T16:00:00,19277.04,19588.53,18998.66,19262.72,6102.3727
2020-11-30T20:00:00,19263.70,19775.00,19172.31,19713.94,3860.8497
2020-12-01T00:00:00,19713.94,19730.00,19355.73,19440.51,3867.0469
2020-12-01T04:00:00,19428.92,19556.44,19304.82,19524.69,2574.8918
2020-12-01T08:00:00,19525.97,19915.14,19002.48,19450.84,4706.3662
2020-12-01T12:00:00,19447.69,19500.00,18109.00,19281.99,11998.5915
2020-12-01T16:00:00,19282.00,19346.31,18626.02,19087.70,5050.6952
2020-12-01T20:00:00,19088.42,19220.00,18736.00,18782.97,2245.2739
2020-12-02T00:00:00,18778.18,18985.99,18461.17,18627.90,3339.2006
2020-12-02T04:00:00,18627.89,19133.33,18335.00,19130.78,3112.7444
2020-12-02T08:00:00,19121.29,19340.00,18997.81,19130.28,2053.6942
2020-12-02T12:00:00,19130.29,19264.60,18745.64,18900.38,3245.3753
2020-12-02T16:00:00,18900.38,19147.73,18780.43,19120.42,2514.8114
2020-12-02T20:00:00,19119.20,19274.30,19051.91,19225.63,1961.3104
2020-12-03T00:00:00,19222.45,19300.00,18950.78,19099.19,2022.8285
2020-12-03T04:00:00,19099.19,19255.41,18885.00,19208.47,1955.9074
2020-12-03T08:00:00,19213.17,19466.58,19124.40,19411.84,2226.6435
2020-12-03T12:00:00,19411.74,19558.78,19250.50,19556.13,2998.2077
2020-12-03T16:00:00,19558.34,19625.64,19210.82,19442.20,2953.2177
2020-12-03T20:00:00,19441.43,19556.30,19320.00,19448.64,2491.4920
2020-12-04T00:00:00,19446.43,19546.46,19155.00,19183.49,2213.0733
2020-12-04T04:00:00,19178.10,19375.00,19134.28,19309.62,1807.6647
2020-12-04T08:00:00,19309.62,19464.06,18784.55,18837.41,3314.6209
2020-12-04T12:00:00,18837.42,19161.63,18700.00,18966.96,3058.2748
2020-12-04T16:00:00,18965.09,19084.76,18827.66,19056.01,2439.7022
2020-12-04T20:00:00,19056.00,19059.44,18576.05,18658.10,3549.5416
2020-12-05T00:00:00,18658.09,18900.00,18501.00,18831.82,2138.6698
2020-12-05T04:00:00,18831.82,18999.00,18820.15,18931.01,1073.6290
2020-12-05T08:00:00,18931.01,19189.98,18931.00,19032.92,958.8723
2020-12-05T12:00:00,19031.60,19163.45,18959.62,19126.14,891.6229
2020-12-05T16:00:00,19126.13,19185.83,19042.00,19137.00,1040.2347
2020-12-05T20:00:00,19137.03,19168.52,19003.47,19158.96,979.1935
2020-12-06T00:00:00,19158.96,19349.00,19150.00,19199.16,1544.5501
2020-12-06T04:00:00,19193.09,19271.99,19113.14,19243.42,586.5043
2020-12-06T08:00:00,19244.63,19264.53,18968.37,19100.00,919.6310
2020-12-06T12:00:00,19099.99,19172.97,18878.00,19145.45,963.9430
2020-12-06T16:00:00,19145.45,19219.99,19024.16,19148.17,924.2055
2020-12-06T20:00:00,19147.80,19430.25,19062.00,19375.60,1726.4479
2020-12-07T00:00:00,19375.60,19432.57,19172.99,19294.77,1476.0007
2020-12-07T04:00:00,19294.77,19399.00,19243.87,19378.35,811.6006
2020-12-07T08:00:00,19378.29,19390.32,19100.00,19112.66,817.2382
2020-12-07T12:00:00,19111.99,19270.22,19100.00,19227.81,1610.1783
2020-12-07T16:00:00,19227.97,19254.01,18901.00,18974.94,2752.0985
2020-12-07T20:00:00,18969.98,19229.08,18938.71,19177.71,1510.3353
2020-12-08T00:00:00,19177.08,19245.00,19142.89,19159.23,1239.9425
2020-12-08T04:00:00,19159.23,19299.51,19102.64,19143.22,1082.6597
2020-12-08T08:00:00,19143.86,19169.13,18680.24,18770.00,2653.8922
2020-12-08T12:00:00,18770.00,18984.06,18615.00,18807.20,2905.2455
2020-12-08T16:00:00,18808.35,18937.57,18752.97,18786.88,2177.7406
2020-12-08T20:00:00,18786.88,18838.76,18200.00,18316.22,5102.3821
2020-12-09T00:00:00,18316.22,18368.77,18005.01,18294.55,4299.4023
2020-12-09T04:00:00,18294.55,18297.41,17861.68,17925.20,3024.4590
2020-12-09T08:00:00,17919.07,18398.54,17639.00,18253.93,3462.6158
2020-12-09T12:00:00,18253.93,18529.93,18176.66,18345.90,3249.5576
2020-12-09T16:00:00,18345.90,18438.47,18154.61,18255.14,2561.1090
2020-12-09T20:00:00,18253.09,18647.33,18204.75,18546.55,4070.2226
2020-12-10T00:00:00,18546.55,18556.42,18320.00,18410.62,1974.5751
2020-12-10T04:00:00,18410.62,18496.35,18290.48,18341.54,1001.4557
2020-12-10T08:00:00,18341.54,18480.00,18117.79,18189.99,2174.9546
2020-12-10T12:00:00,18185.94,18288.54,17905.00,18130.99,4134.3475
2020-12-10T16:00:00,18130.98,18400.00,18069.01,18396.51,2896.1567
2020-12-10T20:00:00,18396.51,18433.81,18228.00,18253.44,2717.7134
2020-12-11T00:00:00,18257.18,18293.08,17721.09,17989.31,5240.8960
2020-12-11T04:00:00,17989.78,18041.50,17691.10,17800.00,1652.0661
2020-12-11T08:00:00,17800.00,17996.00,17580.00,17639.93,3042.8930
2020-12-11T12:00:00,17637.89,18135.00,17611.00,18107.72,2697.5550
2020-12-11T16:00:00,18107.72,18115.05,17859.95,17970.96,2106.4741
2020-12-11T20:00:00,17970.96,18181.61,17911.51,18042.15,2213.7493
2020-12-12T00:00:00,18044.19,18375.00,18023.57,18290.79,2269.9780
2020-12-12T04:00:00,18291.33,18414.70,18265.00,18394.94,735.2099
2020-12-12T08:00:00,18387.33,18518.24,18334.76,18509.50,606.5981
2020-12-12T12:00:00,18509.49,18530.72,18327.33,18405.73,1204.0554
2020-12-12T16:00:00,18406.59,18855.55,18367.12,18811.28,2038.8652
2020-12-12T20:00:00,18822.20,18955.34,18744.00,18821.28,1761.4659
2020-12-13T00:00:00,18821.28,18880.28,18730.00,18798.99,1149.0797
2020-12-13T04:00:00,18800.00,19290.00,18784.77,19245.42,2009.9399
2020-12-13T08:00:00,19245.75,19365.13,19178.59,19326.70,1639.9128
2020-12-13T12:00:00,19326.70,19421.03,19100.00,19216.85,2774.0962
2020-12-13T16:00:00,19218.57,19386.15,19156.76,19185.20,1599.4633
2020-12-13T20:00:00,19183.17,19218.67,18980.00,19166.65,1451.7088
2020-12-14T00:00:00,19166.65,19338.45,18967.68,19262.64,1782.9759
2020-12-14T04:00:00,19262.64,19284.00,19033.60,19154.20,1165.3702
2020-12-14T08:00:00,19155.01,19262.35,19045.16,19105.20,1287.6636
2020-12-14T12:00:00,19105.20,19300.00,19035.25,19199.89,1582.8811
2020-12-14T16:00:00,19195.61,19229.89,19115.85,19170.11,1591.3502
2020-12-14T20:00:00,19170.11,19349.98,19130.00,19272.37,1692.1287
2020-12-15T00:00:00,19272.37,19565.00,19251.88,19478.00,3145.5996
2020-12-15T04:00:00,19478.00,19494.80,19051.27,19197.25,2434.7428
2020-12-15T08:00:00,19197.25,19363.84,19077.94,19306.52,1776.1178
2020-12-15T12:00:00,19306.51,19442.17,19266.51,19415.70,2683.0272
2020-12-15T16:00:00,19418.16,19556.10,19344.52,19549.19,3064.3215
2020-12-15T20:00:00,19549.19,19558.50,19350.53,19444.60,2241.4032
2020-12-16T00:00:00,19443.19,19500.00,19300.00,19362.80,2163.1851
2020-12-16T04:00:00,19357.73,19464.34,19317.01,19434.48,1122.6188
2020-12-16T08:00:00,19435.30,19866.72,19386.73,19751.25,2919.0111
2020-12-16T12:00:00,19751.25,20822.00,19703.77,20697.26,12442.8857
2020-12-16T16:00:00,20697.27,20907.98,20579.43,20770.33,6978.7358
2020-12-16T20:00:00,20770.33,21569.94,20752.99,21359.65,7723.7985
2020-12-17T00:00:00,21360.50,22190.01,21252.01,21761.94,8103.6950
2020-12-17T04:00:00,21761.94,22488.00,21740.05,22487.74,4567.2937
2020-12-17T08:00:00,22488.00,23776.94,22277.98,22763.12,8263.6758
2020-12-17T12:00:00,22763.12,23412.99,22605.02,23375.49,10276.7438
2020-12-17T16:00:00,23375.50,23750.00,22416.50,22915.80,15661.1126
2020-12-17T20:00:00,22914.25,23109.54,22265.65,22826.48,6729.8286
2020-12-18T00:00:00,22826.37,23265.00,22480.00,22824.75,4401.0796
2020-12-18T04:00:00,22824.06,23181.56,22774.92,23053.48,3165.5707
2020-12-18T08:00:00,23053.50,23280.00,22744.22,22873.94,3619.9069
2020-12-18T12:00:00,22873.94,23068.28,22329.00,22570.49,5299.4697
2020-12-18T16:00:00,22569.07,22858.78,22480.12,22789.32,4683.3874
2020-12-18T20:00:00,22789.29,23170.57,22679.48,23137.76,3659.8215
2020-12-19T00:00:00,23138.89,23248.00,22942.82,23126.23,2276.8503
2020-12-19T04:00:00,23126.38,23166.83,22840.70,22882.83,1746.7201
2020-12-19T08:00:00,22882.83,23105.86,22770.00,22914.23,1770.2856
2020-12-19T12:00:00,22914.07,23684.00,22914.07,23591.89,4763.6585
2020-12-19T16:00:00,23591.89,24200.00,23488.33,23838.26,6991.3870
2020-12-19T20:00:00,23835.02,24090.00,23751.00,23849.99,3028.7629
2020-12-20T00:00:00,23850.00,23852.01,23218.53,23370.01,2959.8365
2020-12-20T04:00:00,23370.01,23662.10,23100.00,23648.45,1612.1881
2020-12-20T08:00:00,23648.84,23799.00,23377.64,23563.94,1206.9671
2020-12-20T12:00:00,23558.91,23930.00,23316.74,23894.93,1614.8205
2020-12-20T16:00:00,23893.20,24018.47,23645.24,23955.14,2354.3518
2020-12-20T20:00:00,23953.60,24300.00,23111.12,23476.51,5215.2538
2020-12-21T00:00:00,23476.51,24047.08,23310.00,23958.28,3884.7244
2020-12-21T04:00:00,23958.28,24118.75,23709.15,23974.83,1948.8983
2020-12-21T08:00:00,23974.83,24072.26,22294.00,22646.11,5334.8211
2020-12-21T12:00:00,22646.84,23243.88,21913.84,23126.53,6824.5602
2020-12-21T16:00:00,23125.89,23354.74,22667.77,22825.04,4608.6257
2020-12-21T20:00:00,22827.07,23243.51,22710.72,22729.40,3127.0089
2020-12-22T00:00:00,22729.40,22978.63,22501.00,22861.09,3341.9510
2020-12-22T04:00:00,22861.17,23072.27,22501.00,22652.39,2046.2036
2020-12-22T08:00:00,22653.67,23151.92,22380.05,23119.10,2315.2599
2020-12-22T12:00:00,23119.10,23628.34,23071.11,23345.43,4275.7084
2020-12-22T16:00:00,23342.06,23520.70,23221.69,23409.97,3119.0792
2020-12-22T20:00:00,23409.97,23839.78,23288.65,23823.27,3499.4492
2020-12-23T00:00:00,23824.13,24042.00,23559.98,23691.59,3472.1907
2020-12-23T04:00:00,23691.59,23693.01,23311.01,23545.51,2555.7410
2020-12-23T08:00:00,23545.25,23722.96,22808.73,23078.83,3473.4156
2020-12-23T12:00:00,23073.17,24090.00,22938.59,23449.53,5196.6942
2020-12-23T16:00:00,23449.53,23678.87,23350.00,23541.91,3356.7712
2020-12-23T20:00:00,23541.91,23620.68,22600.00,23228.35,5357.3090
2020-12-24T00:00:00,23226.18,23232.69,22712.89,22886.80,3902.7912
2020-12-24T04:00:00,22887.80,23217.17,22792.10,23168.20,2019.4799
2020-12-24T08:00:00,23168.19,23472.11,23050.09,23216.04,1602.4698
2020-12-24T12:00:00,23216.01,23427.50,23021.76,23231.89,4452.4951
2020-12-24T16:00:00,23233.26,23470.00,23116.67,23298.81,2011.1403
2020-12-24T20:00:00,23299.87,23785.00,23264.65,23717.96,2452.3767
2020-12-25T00:00:00,23718.61,23805.00,23416.00,23465.79,1878.5595
2020-12-25T04:00:00,23463.93,23669.92,23438.00,23639.13,1313.8394
2020-12-25T08:00:00,23642.95,24660.00,23592.12,24545.52,4162.0753
2020-12-25T12:00:00,24545.54,24623.26,23803.69,24019.59,3808.7224
2020-12-25T16:00:00,24019.58,24533.07,24000.00,24440.00,2158.7039
2020-12-25T20:00:00,24440.00,24770.95,24209.01,24704.71,2470.5754
2020-12-26T00:00:00,24704.71,25000.00,24490.01,24893.03,3475.9697
2020-12-26T04:00:00,24893.03,24933.89,24655.01,24784.55,1636.4651
2020-12-26T08:00:00,24783.23,24980.00,24541.98,24827.53,1222.9080
2020-12-26T12:00:00,24822.20,25673.40,24734.07,25621.27,4373.5403
2020-12-26T16:00:00,25621.20,25990.00,25563.92,25938.67,6053.5266
2020-12-26T20:00:00,25938.67,26822.00,25811.59,26475.35,8020.0304
2020-12-27T00:00:00,26482.64,26950.00,26435.85,26555.25,4607.6977
2020-12-27T04:00:00,26555.48,27794.64,26553.89,27608.96,4663.8400
2020-12-27T08:00:00,27608.96,28387.00,26809.76,27612.27,4984.3162
2020-12-27T12:00:00,27623.19,27749.51,26362.67,27347.69,6552.9401
2020-12-27T16:00:00,27347.70,27446.70,26526.00,27058.39,5907.6442
2020-12-27T20:00:00,27058.39,27070.00,25772.55,26258.65,6910.5693
2020-12-28T00:00:00,26255.16,27339.99,26086.19,27269.36,4513.1166
2020-12-28T04:00:00,27265.66,27297.00,26800.00,26972.68,2746.3802
2020-12-28T08:00:00,26972.38,27041.86,26521.41,26817.34,1762.0796
2020-12-28T12:00:00,26817.33,27477.00,26677.71,26883.52,4368.9401
2020-12-28T16:00:00,26880.90,27200.00,26708.43,26965.92,3353.3145
2020-12-28T20:00:00,26965.92,27113.83,26400.00,27040.36,4521.8783
2020-12-29T00:00:00,27039.39,27073.02,26400.00,26409.04,3089.4633
2020-12-29T04:00:00,26408.81,26539.98,25833.73,26373.75,3779.0733
2020-12-29T08:00:00,26373.75,26874.12,26373.74,26851.20,2212.3619
2020-12-29T12:00:00,26846.76,27065.88,26410.52,26583.39,3564.5932
2020-12-29T16:00:00,26583.38,26919.84,26206.25,26919.66,4164.9298
2020-12-29T20:00:00,26917.90,27396.77,26764.34,27366.35,3857.6828
2020-12-30T00:00:00,27366.35,28200.00,27366.34,28030.91,5486.2501
2020-12-30T04:00:00,28046.00,28580.00,27700.00,28359.63,4541.5510
2020-12-30T08:00:00,28359.63,28566.59,27311.73,27825.44,3731.1254
2020-12-30T12:00:00,27817.37,28289.33,27566.25,28153.90,2988.7234
2020-12-30T16:00:00,28153.90,28937.34,27900.00,28806.79,5874.8646
2020-12-30T20:00:00,28806.78,29018.26,28567.08,28897.42,5558.9823
2020-12-31T00:00:00,28897.42,29321.90,28181.05,29041.93,6372.0622
2020-12-31T04:00:00,29042.02,29297.00,28751.06,29175.08,3389.1307
2020-12-31T08:00:00,29175.08,29231.50,28578.47,28923.78,2867.9490
2020-12-31T12:00:00,28923.33,29010.70,28000.00,28820.86,6093.9476
2020-12-31T16:00:00,28820.87,29055.00,28308.28,28949.67,5419.6619
2020-12-31T20:00:00,28949.64,29200.00,28825.00,28990.08,4671.1355
2021-01-01T00:00:00,28990.08,29545.00,28751.82,29358.30,5506.9317
2021-01-01T04:00:00,29358.30,29465.00,28900.00,29166.41,4036.3468
2021-01-01T08:00:00,29166.41,29490.00,28928.16,29391.06,2272.9815
2021-01-01T12:00:00,29391.05,29688.88,29100.00,29262.05,3504.9452
2021-01-01T16:00:00,29260.78,29436.72,28700.00,29116.99,4373.3709
2021-01-01T20:00:00,29116.93,29417.95,28958.00,29412.84,2516.6765
2021-01-02T00:00:00,29413.29,29561.73,29039.00,29440.01,3219.1965
2021-01-02T04:00:00,29440.01,29887.00,29301.51,29837.78,2820.9941
2021-01-02T08:00:00,29837.77,29969.99,29550.00,29829.72,2471.3066
2021-01-02T12:00:00,29829.71,31898.00,29805.14,31802.45,10137.9371
2021-01-02T16:00:00,31800.34,33300.00,31790.31,33111.87,12834.0794
2021-01-02T20:00:00,33111.87,33140.03,30188.00,32225.91,15191.7327
2021-01-03T00:00:00,32222.88,32921.09,32008.62,32617.55,4050.0433
2021-01-03T04:00:00,32613.67,34810.00,32490.91,34508.49,7975.9062
2021-01-03T08:00:00,34508.48,34700.00,33500.00,34450.26,4792.4835
2021-01-03T12:00:00,34450.26,34618.63,32800.00,33567.82,6626.3046
2021-01-03T16:00:00,33569.34,33884.16,32270.59,32772.46,7384.9671
2021-01-03T20:00:00,32774.33,33870.00,32722.38,33080.66,6122.0118
2021-01-04T00:00:00,33082.84,33636.42,32453.37,33611.60,5986.2167
2021-01-04T04:00:00,33607.79,33666.99,31700.00,32108.13,6029.2596
2021-01-04T08:00:00,32117.60,32599.01,27678.00,30774.11,12693.6864
2021-01-04T12:00:00,30769.75,32246.07,30500.00,31771.01,8793.1753
2021-01-04T16:00:00,31771.01,31930.55,30607.88,31690.76,7212.9424
2021-01-04T20:00:00,31690.76,32050.00,30864.66,32019.99,5330.1093
2021-01-05T00:00:00,32020.22,32890.00,31157.56,31201.92,7769.4502
2021-01-05T04:00:00,31201.88,31655.24,29891.13,30831.98,8641.5726
2021-01-05T08:00:00,30843.04,31820.93,30829.56,31820.92,3246.0840
2021-01-05T12:00:00,31820.93,32428.15,31160.12,32167.29,5705.4321
2021-01-05T16:00:00,32167.30,34306.17,31850.00,33807.67,8954.7657
2021-01-05T20:00:00,33813.68,34499.67,33424.73,34030.64,7965.2645
2021-01-06T00:00:00,34043.91,34233.00,33352.54,34199.45,5998.6662
2021-01-06T04:00:00,34192.03,35868.69,34191.51,34787.89,10102.6692
2021-01-06T08:00:00,34787.88,35365.45,33700.00,35023.68,4664.7478
2021-01-06T12:00:00,35025.25,35200.00,34200.00,34669.08,5575.9840
2021-01-06T16:00:00,34668.45,35848.00,34455.00,34940.03,7923.9907
2021-01-06T20:00:00,34957.26,37000.00,34341.77,36859.26,11478.0452
2021-01-07T00:00:00,36859.26,37810.00,36511.51,37575.83,8443.0875
2021-01-07T04:00:00,37583.58,37823.00,36793.39,36917.01,5028.2460
2021-01-07T08:00:00,36930.48,37971.00,36352.98,37886.66,3058.4281
2021-01-07T12:00:00,37883.24,39000.00,37604.39,39000.00,8213.1223
2021-01-07T16:00:00,39000.00,40425.00,36200.00,39093.33,16904.7717
2021-01-07T20:00:00,39098.67,39998.00,38310.00,39505.56,8698.6500
2021-01-08T00:00:00,39510.55,39750.00,36565.08,38414.82,10625.9145
2021-01-08T04:00:00,38414.82,39128.01,37572.01,38956.26,4331.4890
2021-01-08T08:00:00,38954.71,41500.00,38264.26,41329.64,6712.3258
2021-01-08T12:00:00,41318.06,41986.37,39850.00,40915.61,9230.3457
2021-01-08T16:00:00,40915.61,41650.00,39800.00,40366.77,8662.1501
2021-01-08T20:00:00,40358.71,40979.00,38700.00,40665.15,8960.2597
2021-01-09T00:00:00,40642.15,40980.00,39521.00,40264.29,5653.4330
2021-01-09T04:00:00,40257.01,40535.00,38800.00,39665.99,5341.1643
2021-01-09T08:00:00,39665.99,41269.69,39327.65,40628.32,3405.3956
2021-01-09T12:00:00,40633.54,41406.94,40300.00,40620.02,4116.7341
2021-01-09T16:00:00,40625.90,40965.00,40007.00,40749.99,4220.6726
2021-01-09T20:00:00,40749.99,40890.00,40100.00,40257.43,4415.5713
2021-01-10T00:00:00,40257.43,41452.12,40253.39,40481.50,4557.5048
2021-01-10T04:00:00,40481.49,41186.76,40205.00,41090.01,2758.1597
2021-01-10T08:00:00,41090.02,41136.51,38999.00,39233.94,4476.4653
2021-01-10T12:00:00,39233.38,40164.67,38582.00,39716.79,4500.9705
2021-01-10T16:00:00,39715.89,39797.92,36675.25,37363.26,11663.3123
2021-01-10T20:00:00,37363.25,39071.13,34444.00,38171.57,15780.1578
2021-01-11T00:00:00,38168.89,38273.88,33333.34,35419.85,18885.6167
2021-01-11T04:00:00,35408.67,36000.00,32265.00,34333.36,17572.9360
2021-01-11T08:00:00,34333.39,36342.52,34000.00,34114.76,6476.6887
2021-01-11T12:00:00,34113.00,35094.31,30251.55,31500.03,21314.2066
2021-01-11T16:00:00,31500.00,33627.62,30100.00,32226.84,22162.2969
2021-01-11T20:00:00,32217.75,35682.00,31374.50,35452.59,16091.4118
2021-01-12T00:00:00,35456.89,35585.57,33686.11,34996.38,11426.4005
2021-01-12T04:00:00,34994.63,36604.51,34538.49,36449.26,8477.5839
2021-01-12T08:00:00,36443.72,36527.63,34758.00,35388.39,4916.3860
2021-01-12T12:00:00,35402.55,35681.60,32500.00,33834.06,9953.0607
2021-01-12T16:00:00,33834.08,35488.00,33825.19,34669.89,6648.9182
2021-01-12T20:00:00,34656.03,35000.00,33300.00,34038.98,6805.2782
2021-01-13T00:00:00,34035.53,34350.00,32309.04,33787.42,9892.9110
2021-01-13T04:00:00,33792.07,35149.04,32800.00,34940.72,5703.2710
2021-01-13T08:00:00,34958.43,35233.27,34021.56,34378.66,4800.8028
2021-01-13T12:00:00,34378.37,35073.87,34010.00,34652.19,4575.4866
2021-01-13T16:00:00,34650.52,36175.69,34362.83,35999.65,5663.0413
2021-01-13T20:00:00,35999.79,37888.00,35686.62,37393.66,8973.2245
2021-01-14T00:00:00,37393.67,38195.00,37001.49,37051.07,6108.8354
2021-01-14T04:00:00,37055.46,38616.22,36751.11,38230.59,4291.0777
2021-01-14T08:00:00,38220.66,38800.00,37888.00,38381.21,3074.6481
2021-01-14T12:00:00,38381.21,40127.66,37725.10,39529.25,7272.2366
2021-01-14T16:00:00,39529.60,39991.99,39175.00,39849.51,5650.4234
2021-01-14T20:00:00,39849.95,39899.00,38132.13,39125.14,5471.5392
2021-01-15T00:00:00,39123.05,39697.00,38406.46,38657.96,4071.4857
2021-01-15T04:00:00,38660.54,38859.65,37555.00,38444.22,3600.3328
2021-01-15T08:00:00,38448.09,38740.00,37911.28,38078.28,2246.4692
2021-01-15T12:00:00,38085.93,38171.46,35136.28,35537.94,8029.7330
2021-01-15T16:00:00,35538.43,36423.74,34298.93,35197.44,12033.9393
2021-01-15T20:00:00,35197.43,36900.00,34800.00,36754.67,6439.0992
2021-01-16T00:00:00,36754.60,37678.23,35974.19,36539.76,5114.9826
2021-01-16T04:00:00,36539.69,36955.60,35532.20,36584.75,3909.8870
2021-01-16T08:00:00,36589.50,37948.00,36373.00,37690.00,2470.4869
2021-01-16T12:00:00,37690.00,37895.00,36700.17,37472.98,2403.9274
2021-01-16T16:00:00,37472.98,37733.64,36225.96,36399.99,3396.4064
2021-01-16T20:00:00,36397.98,36840.20,35372.59,36006.94,3565.7351
2021-01-17T00:00:00,36004.80,36720.00,35555.00,36184.19,2361.7378
2021-01-17T04:00:00,36181.16,36374.57,34524.87,34773.91,4273.2645
2021-01-17T08:00:00,34773.91,35416.07,33850.03,35292.84,4177.9903
2021-01-17T12:00:00,35292.84,35947.36,34680.60,35755.93,2771.9838
2021-01-17T16:00:00,35749.98,36176.89,35525.00,35624.00,2313.8791
2021-01-17T20:00:00,35639.18,36860.00,35550.00,35820.00,3283.1939
2021-01-18T00:00:00,35820.01,36200.00,34794.28,35080.04,3193.6025
2021-01-18T04:00:00,35084.74,36250.00,34736.46,36087.74,2609.4807
2021-01-18T08:00:00,36085.11,36656.64,35755.64,36427.81,2084.8516
2021-01-18T12:00:00,36427.81,37402.00,36062.37,36435.10,3549.3654
2021-01-18T16:00:00,36435.10,36586.43,35425.00,35985.76,2906.0636
2021-01-18T20:00:00,35981.35,36781.86,35845.97,36624.23,2266.2772
2021-01-19T00:00:00,36624.23,37329.56,36400.60,36514.92,4126.9259
2021-01-19T04:00:00,36514.82,37292.00,36200.00,37223.61,2449.8818
2021-01-19T08:00:00,37223.61,37550.00,36790.66,37313.14,1941.9852
2021-01-19T12:00:00,37320.27,37495.71,36651.25,37349.00,2568.6357
2021-01-19T16:00:00,37349.00,37857.00,36055.08,36280.99,4835.1192
2021-01-19T20:00:00,36280.99,36800.00,35895.11,35917.28,2982.2312
2021-01-20T00:00:00,35921.91,36415.34,35000.00,35074.20,4288.1698
2021-01-20T04:00:00,35072.31,35858.18,34780.00,35700.72,3434.3698
2021-01-20T08:00:00,35698.03,35951.71,34000.00,34423.86,3959.3579
2021-01-20T12:00:00,34419.13,35182.94,34000.00,34201.52,4660.7885
2021-01-20T16:00:00,34190.39,35317.35,33387.01,35200.48,6097.6415
2021-01-20T20:00:00,35200.48,35679.45,34489.99,35503.09,3005.3805
2021-01-21T00:00:00,35498.85,35628.24,34200.00,34588.90,2926.9688
2021-01-21T04:00:00,34588.90,34998.11,33932.82,34599.87,2469.9171
2021-01-21T08:00:00,34600.48,34643.30,32000.00,32173.23,7883.3073
2021-01-21T12:00:00,32173.23,32790.00,30800.00,31358.63,14639.7631
2021-01-21T16:00:00,31350.88,32749.00,30980.01,32471.29,9439.5936
2021-01-21T20:00:00,32478.91,32548.07,30011.00,30855.95,13113.5640
2021-01-22T00:00:00,30855.90,31050.00,28732.00,30985.34,19694.1755
2021-01-22T04:00:00,30980.73,32059.00,30584.92,30816.24,7266.9320
2021-01-22T08:00:00,30810.51,32030.12,30450.26,31743.99,3774.3142
2021-01-22T12:00:00,31752.30,32800.00,31355.01,32506.51,6178.9467
2021-01-22T16:00:00,32512.43,33694.39,32000.00,33663.37,6357.4796
2021-01-22T20:00:00,33658.76,33867.00,32626.20,32984.93,4883.8735
2021-01-23T00:00:00,32982.66,32988.07,32074.01,32396.36,3616.7468
2021-01-23T04:00:00,32385.54,33488.79,32306.39,32971.18,2237.4895
2021-01-23T08:00:00,32969.90,33128.71,31564.49,31683.06,2360.6667
2021-01-23T12:00:00,31680.87,32309.95,31432.19,31899.99,2780.3763
2021-01-23T16:00:00,31897.78,32537.25,31656.67,32390.01,2897.3509
2021-01-23T20:00:00,32390.01,32526.02,31860.01,32112.01,2247.1846
2021-01-24T00:00:00,32110.00,32490.00,31676.38,32490.00,1746.3350
2021-01-24T04:00:00,32490.00,33086.53,32362.52,32802.41,2274.6154
2021-01-24T08:00:00,32800.03,33024.28,32500.00,32860.11,833.2382
2021-01-24T12:00:00,32860.78,32964.07,31911.29,31991.00,1990.4018
2021-01-24T16:00:00,31991.00,32180.25,30931.21,31340.22,4110.6710
2021-01-24T20:00:00,31340.15,32394.02,31279.33,32288.56,2663.5395
2021-01-25T00:00:00,32293.18,33700.00,32210.17,33571.99,4333.0684
2021-01-25T04:00:00,33571.99,33793.43,33080.00,33376.25,2613.2880
2021-01-25T08:00:00,33375.89,33549.82,32789.00,33188.21,1137.3801
2021-01-25T12:00:00,33188.21,34888.00,33063.13,34450.85,4717.3083
2021-01-25T16:00:00,34460.30,34618.34,33364.92,33412.38,4971.7726
2021-01-25T20:00:00,33412.37,33445.90,31920.80,32261.87,5272.8455
2021-01-26T00:00:00,32260.52,32845.16,31435.34,31539.73,5128.3099
2021-01-26T04:00:00,31538.99,32338.84,31116.30,31667.79,3095.0084
2021-01-26T08:00:00,31667.79,32479.62,31391.00,31825.45,1901.9816
2021-01-26T12:00:00,31825.45,31998.18,30830.00,31772.62,4492.3128
2021-01-26T16:00:00,31772.62,32444.18,31343.15,32239.95,4544.8403
2021-01-26T20:00:00,32236.77,32960.37,31892.46,32510.82,4373.3859
2021-01-27T00:00:00,32510.82,32584.62,31600.99,31839.07,3449.6718
2021-01-27T04:00:00,31836.59,32070.57,31409.01,31811.86,3024.0116
2021-01-27T08:00:00,31811.51,31811.51,30600.00,30677.49,4589.5592
2021-01-27T12:00:00,30689.04,31079.13,29156.00,30398.01,12939.4292
2021-01-27T16:00:00,30398.02,31030.43,29513.72,30841.48,11550.4635
2021-01-27T20:00:00,30840.32,31880.00,30140.00,30407.13,10653.9501
2021-01-28T00:00:00,30414.11,31598.68,29902.14,31496.70,8878.6441
2021-01-28T04:00:00,31493.91,31935.25,31108.71,31192.28,3899.1044
2021-01-28T08:00:00,31192.33,31632.44,30853.39,31469.94,2035.7807
2021-01-28T12:00:00,31474.04,32281.69,31174.56,31992.77,4352.7903
2021-01-28T16:00:00,31995.52,32800.00,31700.01,32645.31,7778.6232
2021-01-28T20:00:00,32648.18,34000.00,32477.50,33488.99,9062.1200
2021-01-29T00:00:00,33487.92,34433.04,33466.64,33827.12,11910.6155
2021-01-29T04:00:00,33827.15,34020.00,31990.00,32322.73,8902.6718
2021-01-29T08:00:00,32322.73,38077.81,32058.57,37108.69,19875.2559
2021-01-29T12:00:00,37106.18,38570.13,36570.00,37178.27,11738.4756
2021-01-29T16:00:00,37179.31,37550.00,33500.66,34319.65,12891.9133
2021-01-29T20:00:00,34319.65,35373.00,33706.18,34262.11,7322.1477
2021-01-30T00:00:00,34262.11,34900.00,32852.86,33289.75,6001.5643
2021-01-30T04:00:00,33283.05,34200.00,33147.81,34051.88,3660.9334
2021-01-30T08:00:00,34045.17,34450.00,33533.37,33674.25,3637.5322
2021-01-30T12:00:00,33680.46,34539.45,33464.74,34245.82,3467.4446
2021-01-30T16:00:00,34255.70,34405.43,33550.00,34312.49,2474.3717
2021-01-30T20:00:00,34311.41,34814.59,33994.62,34315.63,2120.3054
2021-01-31T00:00:00,34315.63,34387.75,33675.00,33954.06,2628.9747
2021-01-31T04:00:00,33954.07,34140.00,33416.21,33617.53,2006.3474
2021-01-31T08:00:00,33617.57,33834.86,33230.78,33586.29,1536.1755
2021-01-31T12:00:00,33586.29,34232.40,32555.00,32909.59,3323.8044
2021-01-31T16:00:00,32906.48,33100.00,32200.00,32855.40,4262.7340
2021-01-31T20:00:00,32851.68,33281.97,32540.00,33137.74,2678.3615
2021-02-01T00:00:00,33137.75,33850.00,32333.00,33590.17,4234.7743
2021-02-01T04:00:00,33590.70,34460.90,33163.26,33830.38,4525.7339
2021-02-01T08:00:00,33832.69,34728.57,33625.30,34191.46,2910.3488
2021-02-01T12:00:00,34191.45,34465.52,33144.44,33150.00,4668.8169
2021-02-01T16:00:00,33150.00,34071.10,33125.24,33839.64,3208.2006
2021-02-01T20:00:00,33847.18,34034.16,33453.34,33533.19,2427.5394
2021-02-02T00:00:00,33534.39,34161.18,33450.00,33583.60,2843.5122
2021-02-02T04:00:00,33585.97,34404.86,33533.00,34260.00,2560.6257
2021-02-02T08:00:00,34254.53,35649.22,34122.38,34710.00,3811.8953
2021-02-02T12:00:00,34710.00,35237.51,34403.73,34750.02,3619.5408
2021-02-02T16:00:00,34751.15,35839.43,34604.10,35786.97,4016.0483
2021-02-02T20:00:00,35790.49,36000.00,35509.51,35512.67,3144.2167
2021-02-03T00:00:00,35513.00,36544.46,35393.80,36452.32,4028.1539
2021-02-03T04:00:00,36453.00,36888.00,36291.42,36347.21,3067.0130
2021-02-03T08:00:00,36351.24,36351.24,35575.00,35992.00,2067.2809
2021-02-03T12:00:00,35992.00,36950.00,35857.36,36910.00,4603.8652
2021-02-03T16:00:00,36910.01,37263.72,36677.01,36860.73,5493.9710
2021-02-03T20:00:00,36860.73,37723.72,36710.00,37678.37,4521.6855
2021-02-04T00:00:00,37688.42,38360.88,37400.00,37527.80,6873.4350
2021-02-04T04:00:00,37529.81,38247.22,37384.69,37894.88,3487.9711
2021-02-04T08:00:00,37896.74,38769.00,36815.98,37370.15,6015.1356
2021-02-04T12:00:00,37370.15,37787.53,36156.45,36627.33,6026.5306
2021-02-04T16:00:00,36627.33,37550.29,36464.84,37525.03,5698.2217
2021-02-04T20:00:00,37525.04,37842.00,36885.00,36975.00,3598.0690
2021-02-05T00:00:00,36976.59,37431.33,36605.87,37385.00,3141.4729
2021-02-05T04:00:00,37385.00,37755.00,37030.56,37718.38,2525.7726
2021-02-05T08:00:00,37712.41,37823.00,37239.42,37717.69,1846.8167
2021-02-05T12:00:00,37719.99,38349.00,37581.31,38000.00,4489.4698
2021-02-05T16:00:00,38000.00,38190.00,37275.00,37658.06,3749.2123
2021-02-05T20:00:00,37658.06,38336.31,37527.33,38311.49,2089.9576
2021-02-06T00:00:00,38327.09,39682.01,38250.00,39407.94,7978.2691
2021-02-06T04:00:00,39405.72,39561.77,38777.05,39389.96,2626.7218
2021-02-06T08:00:00,39393.27,40500.00,39390.35,40239.72,3652.2936
2021-02-06T12:00:00,40239.78,40959.63,39950.00,40956.29,4589.8230
2021-02-06T16:00:00,40957.62,41000.00,40029.00,40223.24,3931.3502
2021-02-06T20:00:00,40223.24,40508.33,39099.00,39265.43,4324.3484
2021-02-07T00:00:00,39266.10,39669.66,38380.29,38869.72,4442.5528
2021-02-07T04:00:00,38869.71,39149.45,38000.00,39072.87,2997.8859
2021-02-07T08:00:00,39072.88,39737.83,38821.80,39099.29,2255.8804
2021-02-07T12:00:00,39088.24,39315.72,37587.78,37974.48,4088.7895
2021-02-07T16:00:00,37977.38,38500.00,37371.35,38109.93,3693.9834
2021-02-07T20:00:00,38109.93,39150.00,37760.48,38871.42,2818.7806
2021-02-08T00:00:00,38871.43,39190.56,38058.00,38119.42,2483.6178
2021-02-08T04:00:00,38119.42,39407.46,38057.01,39310.39,2089.7102
2021-02-08T08:00:00,39315.27,39540.00,38904.22,39462.54,1266.9203
2021-02-08T12:00:00,39475.00,44900.00,39155.02,43807.94,22018.4008
2021-02-08T16:00:00,43814.74,44355.00,42505.02,43089.89,8434.2044
2021-02-08T20:00:00,43089.64,46750.00,42970.55,46448.10,11641.1568
2021-02-09T00:00:00,46453.66,47550.00,45567.00,46644.85,10073.1436
2021-02-09T04:00:00,46653.99,48200.00,46300.00,47625.85,6218.4695
2021-02-09T08:00:00,47625.85,48000.00,45606.34,46445.69,4180.0426
2021-02-09T12:00:00,46453.41,47150.00,45020.00,46859.01,5847.4865
2021-02-09T16:00:00,46848.45,47471.00,46070.57,47132.92,5229.7531
2021-02-09T20:00:00,47132.91,47558.18,46289.00,46514.73,4869.8984
2021-02-10T00:00:00,46514.73,46966.90,46033.75,46280.53,4163.0905
2021-02-10T04:00:00,46280.55,46995.00,45666.00,46636.65,3352.5337
2021-02-10T08:00:00,46636.65,47349.99,46299.01,46662.46,1947.3527
2021-02-10T12:00:00,46659.64,46659.75,43706.86,44364.30,8347.6803
2021-02-10T16:00:00,44364.30,45292.00,43859.00,45250.02,5040.3637
2021-02-10T20:00:00,45250.01,45326.40,44380.00,44850.00,2966.9906
2021-02-11T00:00:00,44850.00,45668.48,44011.00,45465.35,4062.9269
2021-02-11T04:00:00,45472.47,45701.91,44460.89,44754.52,2336.4116
2021-02-11T08:00:00,44751.13,46500.00,44555.55,46061.02,2003.1645
2021-02-11T12:00:00,46078.18,48373.00,46078.17,48032.30,6875.2098
2021-02-11T16:00:00,48021.87,48300.00,46967.00,47804.44,5084.1361
2021-02-11T20:00:00,47811.94,48690.00,46608.05,47997.91,5860.7558
2021-02-12T00:00:00,47993.60,48912.00,47451.93,47632.07,4592.5851
2021-02-12T04:00:00,47629.04,47635.12,46845.28,47350.94,4369.1279
2021-02-12T08:00:00,47358.27,48040.79,47050.00,47656.36,1565.2416
2021-02-12T12:00:00,47656.36,48200.00,46300.00,47137.62,5084.6579
2021-02-12T16:00:00,47137.62,48000.00,47000.00,47348.76,4616.6622
2021-02-12T20:00:00,47348.76,48200.00,47240.66,47408.34,3274.8811
2021-02-13T00:00:00,47408.34,48199.00,47327.58,47924.57,2152.3946
2021-02-13T04:00:00,47922.82,48000.00,47090.00,47090.00,1982.4413
2021-02-13T08:00:00,47088.99,47653.29,46327.00,46615.64,2437.5321
2021-02-13T12:00:00,46630.80,47373.58,46300.00,47159.37,1950.2974
2021-02-13T16:00:00,47139.90,47400.00,46764.34,46932.31,1700.3797
2021-02-13T20:00:00,46924.70,47425.00,46735.00,47232.45,1797.8322
2021-02-14T00:00:00,47240.75,47750.00,47100.13,47349.29,2195.0672
2021-02-14T04:00:00,47349.30,49344.14,47316.28,48785.64,4131.0754
2021-02-14T08:00:00,48777.57,49377.59,48387.60,49089.60,1214.5836
2021-02-14T12:00:00,49089.60,49700.00,48160.00,48616.85,3391.0112
2021-02-14T16:00:00,48616.84,49149.00,48480.01,48750.18,2037.5899
2021-02-14T20:00:00,48750.17,49325.37,48591.54,48680.69,2177.2251
2021-02-15T00:00:00,48667.23,49093.44,45768.46,47172.44,8160.1384
2021-02-15T04:00:00,47172.43,47444.00,46350.00,47321.68,3064.1882
2021-02-15T08:00:00,47321.35,48030.94,47142.61,47836.51,1506.5601
2021-02-15T12:00:00,47836.51,48246.40,47440.34,47993.89,2248.3995
2021-02-15T16:00:00,47985.00,48800.00,47985.00,48673.95,2222.0809
2021-02-15T20:00:00,48678.00,48798.11,47650.00,47936.37,2230.7856
2021-02-16T00:00:00,47935.66,49582.80,47051.22,49566.25,4288.0401
2021-02-16T04:00:00,49573.46,49900.00,48565.00,49160.82,3286.8124
2021-02-16T08:00:00,49161.18,49341.00,48701.59,48906.40,1009.0970
2021-02-16T12:00:00,48918.12,50645.00,48400.00,48998.66,6304.4083
2021-02-16T16:00:00,48998.67,49295.00,47818.73,48585.32,4797.2649
2021-02-16T20:00:00,48584.74,49285.00,48245.00,49158.71,3367.5829
2021-02-17T00:00:00,49141.43,50209.00,48942.87,49659.45,3844.5965
2021-02-17T04:00:00,49669.73,51248.00,49150.00,51114.65,5299.1908
2021-02-17T08:00:00,51114.65,51717.88,50610.00,51277.14,3009.3857
2021-02-17T12:00:00,51270.00,51646.49,50500.00,51172.34,4806.6808
2021-02-17T16:00:00,51172.34,52368.99,50782.42,52149.99,4454.4478
2021-02-17T20:00:00,52150.00,52640.35,51965.18,52170.01,4260.8699
2021-02-18T00:00:00,52170.01,52549.99,51969.20,52050.86,2645.7340
2021-02-18T04:00:00,52050.86,52337.57,51312.91,51950.34,2217.1423
2021-02-18T08:00:00,51933.52,52161.33,51077.40,51329.20,1820.1457
2021-02-18T12:00:00,51329.21,52289.61,50875.00,51544.77,3572.0074
2021-02-18T16:00:00,51551.17,52169.39,51450.00,51757.10,2458.8199
2021-02-18T20:00:00,51761.36,52200.00,51537.25,51601.73,2975.5534
2021-02-19T00:00:00,51596.00,51949.00,50725.00,51226.52,3669.8860
2021-02-19T04:00:00,51216.32,51855.00,50900.22,51707.84,1495.3428
2021-02-19T08:00:00,51707.83,52899.46,51691.76,52676.03,2304.9734
2021-02-19T12:00:00,52680.91,53900.00,52305.55,53900.00,4392.1943
2021-02-19T16:00:00,53900.00,55781.00,53655.01,55054.41,9093.3917
2021-02-19T20:00:00,55059.58,56370.05,54860.00,55983.56,7005.6939
2021-02-20T00:00:00,55983.57,56596.00,55398.63,55741.88,4266.4033
2021-02-20T04:00:00,55741.87,56192.00,55236.00,55255.31,2054.7626
2021-02-20T08:00:00,55247.41,56356.00,55034.06,56356.00,1583.9657
2021-02-20T12:00:00,56356.00,57563.57,55850.00,56213.09,5111.6999
2021-02-20T16:00:00,56228.76,57500.00,56219.67,57027.23,4017.5534
2021-02-20T20:00:00,57027.23,57090.39,54000.10,55923.52,5103.4371
2021-02-21T00:00:00,55921.44,56899.52,55531.23,56543.93,2093.3859
2021-02-21T04:00:00,56543.92,56979.62,55954.37,56120.07,1314.2255
2021-02-21T08:00:00,56121.16,57800.00,55869.99,57306.84,1924.0659
2021-02-21T12:00:00,57306.84,57613.85,56639.93,57377.40,1936.5961
2021-02-21T16:00:00,57377.39,58367.00,57085.00,58092.37,3120.3831
2021-02-21T20:00:00,58093.71,58264.65,57019.56,57489.16,3141.7779
2021-02-22T00:00:00,57489.16,57577.69,55840.00,55919.79,4819.4548
2021-02-22T04:00:00,55922.98,56586.29,55150.00,56465.71,3323.9354
2021-02-22T08:00:00,56465.72,56629.37,53525.00,54483.40,4654.7358
2021-02-22T12:00:00,54482.84,54608.06,46616.00,53286.14,21773.9624
2021-02-22T16:00:00,53275.71,53888.69,51559.55,53620.75,8490.3026
2021-02-22T20:00:00,53622.00,55043.63,53297.68,54142.13,6386.7748
2021-02-23T00:00:00,54125.67,54206.22,50900.00,51850.67,6756.6853
2021-02-23T04:00:00,51844.07,52294.61,48543.67,49634.54,12065.4732
2021-02-23T08:00:00,49619.46,49963.79,44888.08,46339.69,16396.0996
2021-02-23T12:00:00,46327.55,49705.00,45735.04,48624.37,17749.2667
2021-02-23T16:00:00,48624.38,49250.00,45438.98,45450.25,10913.4168
2021-02-23T20:00:00,45464.03,48934.86,45200.00,48899.99,8419.6441
2021-02-24T00:00:00,48899.99,51000.00,47002.00,50929.21,7554.2028
2021-02-24T04:00:00,50929.46,51398.00,49436.23,50082.62,4659.6012
2021-02-24T08:00:00,50090.93,51415.41,49782.86,50380.00,2444.1233
2021-02-24T12:00:00,50379.99,51332.84,48500.00,49850.22,7080.5436
2021-02-24T16:00:00,49850.00,50144.92,48833.24,48990.27,4379.8117
2021-02-24T20:00:00,48990.27,49788.00,48078.62,49737.82,4613.8668
2021-02-25T00:00:00,49737.81,50888.00,49571.07,50273.95,3431.7052
2021-02-25T04:00:00,50273.95,50628.66,49600.00,50479.35,3337.3158
2021-02-25T08:00:00,50479.34,50571.15,48667.01,50348.09,2850.8448
2021-02-25T12:00:00,50348.10,52107.83,50121.10,50854.30,5477.2597
2021-02-25T16:00:00,50854.30,51374.94,49250.00,49465.01,4858.0754
2021-02-25T20:00:00,49465.00,49519.86,46700.00,47058.48,8056.0032
2021-02-26T00:00:00,47063.90,47822.93,46000.00,47358.18,8611.4707
2021-02-26T04:00:00,47358.18,47792.17,44150.00,44978.96,6677.4755
2021-02-26T08:00:00,44977.65,46896.67,44927.77,46435.92,3060.0495
2021-02-26T12:00:00,46444.44,47890.10,45836.90,47628.03,7330.8512
2021-02-26T16:00:00,47618.56,48464.64,46596.04,46917.82,4982.3855
2021-02-26T20:00:00,46919.99,47092.28,45088.00,46326.20,5386.3858
2021-02-27T00:00:00,46319.79,47999.99,46176.19,47424.02,3346.1072
2021-02-27T04:00:00,47424.02,48356.86,46829.09,47167.34,2144.0832
2021-02-27T08:00:00,47157.93,47628.19,46224.00,47295.07,1447.1344
2021-02-27T12:00:00,47305.76,47821.55,46363.63,46561.75,2288.3760
2021-02-27T16:00:00,46561.75,47490.00,46313.55,47450.00,2079.4402
2021-02-27T20:00:00,47449.62,47592.99,45055.00,46180.75,4985.1397
2021-02-28T00:00:00,46169.92,46656.00,44501.00,44677.11,3651.6145
2021-02-28T04:00:00,44677.90,45581.76,43810.19,44424.90,4523.2171
2021-02-28T08:00:00,44420.56,45536.03,44414.67,45289.36,1700.2695
2021-02-28T12:00:00,45289.36,45500.00,43178.90,43407.67,4315.6735
2021-02-28T16:00:00,43408.64,44596.00,43016.00,44511.00,4601.7561
2021-02-28T20:00:00,44508.55,45998.00,44178.88,45231.75,3953.0754
2021-03-01T00:00:00,45231.74,46894.83,45042.13,46389.90,4372.9790
2021-03-01T04:00:00,46390.17,46742.56,45680.00,46319.99,1726.3416
2021-03-01T08:00:00,46326.46,47964.53,46319.99,47826.89,3315.4061
2021-03-01T12:00:00,47826.52,49451.00,47526.68,49317.61,6646.5971
2021-03-01T16:00:00,49317.61,49589.00,48025.27,48277.35,5493.6144
2021-03-01T20:00:00,48277.34,49829.00,48012.90,49639.40,3513.3121
2021-03-02T00:00:00,49635.30,50250.00,48756.61,49004.87,4009.4046
2021-03-02T04:00:00,49009.56,49421.65,48373.74,48384.71,2367.0456
2021-03-02T08:00:00,48379.71,49298.86,48342.43,48895.54,1233.9291
2021-03-02T12:00:00,48899.25,49750.00,48426.34,48714.75,2566.7723
2021-03-02T16:00:00,48714.75,48749.00,47160.59,47476.03,4445.0887
2021-03-02T20:00:00,47476.04,48541.70,47075.11,48511.60,2441.3227
2021-03-03T00:00:00,48502.18,48977.00,48161.75,48736.04,1724.7593
2021-03-03T04:00:00,48736.04,49996.99,48694.99,49800.72,3063.2424
2021-03-03T08:00:00,49800.72,51820.64,49800.72,51689.18,4551.4628
2021-03-03T12:00:00,51689.18,52666.00,50510.03,50808.02,5874.9711
2021-03-03T16:00:00,50808.02,51650.00,50300.00,50887.19,3674.0925
2021-03-03T20:00:00,50887.20,51350.00,50360.00,50360.00,2412.9492
2021-03-04T00:00:00,50370.33,51798.33,49444.00,49600.00,4212.7469
2021-03-04T04:00:00,49600.00,49918.04,48999.95,49732.04,2623.8761
2021-03-04T08:00:00,49720.41,50744.41,48562.15,49355.07,3116.1310
2021-03-04T12:00:00,49355.07,50600.00,48757.77,49415.27,4076.0216
2021-03-04T16:00:00,49417.61,50050.00,47543.21,47961.18,6476.9682
2021-03-04T20:00:00,47981.97,48689.77,47502.00,48368.52,2881.2357
2021-03-05T00:00:00,48370.97,48380.36,46219.32,47314.09,6492.1329
2021-03-05T04:00:00,47312.98,47550.00,46621.00,47407.61,2701.3853
2021-03-05T08:00:00,47400.61,47531.04,46416.22,47499.37,2107.5196
2021-03-05T12:00:00,47494.02,48823.78,46966.00,47872.78,5096.5783
2021-03-05T16:00:00,47870.03,49431.80,46874.97,49315.02,5961.4755
2021-03-05T20:00:00,49315.02,49473.99,48599.71,48769.47,3109.0888
2021-03-06T00:00:00,48766.01,49174.91,48201.00,48625.00,1931.3027
2021-03-06T04:00:00,48625.00,49150.00,48084.04,48805.59,1815.4581
2021-03-06T08:00:00,48793.37,49070.37,47916.01,48142.41,1322.4233
2021-03-06T12:00:00,48136.64,48177.78,47077.00,47277.49,2458.5142
2021-03-06T16:00:00,47293.70,48690.31,47136.48,48374.82,2195.2048
2021-03-06T20:00:00,48374.82,49210.00,48276.42,48909.84,2154.9346
2021-03-07T00:00:00,48909.84,49910.95,48909.83,49585.10,2504.2948
2021-03-07T04:00:00,49585.10,50190.00,49132.93,50072.15,1536.6108
2021-03-07T08:00:00,50065.66,51200.00,50060.54,50707.63,2045.8251
2021-03-07T12:00:00,50707.63,51250.00,50168.37,50553.82,2486.7307
2021-03-07T16:00:00,50562.87,51342.08,50237.00,50374.76,2424.4287
2021-03-07T20:00:00,50370.23,51459.00,49712.10,50978.61,2967.2646
2021-03-08T00:00:00,50976.22,51846.50,50268.66,50640.91,4006.3718
2021-03-08T04:00:00,50635.70,50980.22,49540.00,49795.26,2715.9095
2021-03-08T08:00:00,49795.67,50600.02,49328.62,50508.80,2197.5015
2021-03-08T12:00:00,50517.52,51275.00,50147.05,51104.17,3614.4937
2021-03-08T16:00:00,51110.56,51498.40,50570.17,51323.17,2552.1731
2021-03-08T20:00:00,51320.93,52425.00,51253.63,52415.23,3769.8373
2021-03-09T00:00:00,52413.17,54173.55,51845.01,53903.00,5985.5408
2021-03-09T04:00:00,53910.49,54489.00,53444.00,53556.62,3414.0222
2021-03-09T08:00:00,53556.62,54422.08,53265.13,54260.69,2348.8477
2021-03-09T12:00:00,54261.24,54819.91,53553.66,54126.09,4238.6410
2021-03-09T16:00:00,54126.10,54355.05,53653.46,54131.16,2459.5266
2021-03-09T20:00:00,54131.16,54936.00,53918.58,54916.38,2730.5713
2021-03-10T00:00:00,54921.61,55861.00,53113.00,53461.49,7443.8798
2021-03-10T04:00:00,53459.96,54450.00,53025.00,54230.38,2366.6066
2021-03-10T08:00:00,54223.98,55415.83,54092.15,54850.33,2400.7455
2021-03-10T12:00:00,54857.42,56500.00,54780.00,56387.17,5819.5122
2021-03-10T16:00:00,56387.17,57402.14,56141.38,56750.06,5671.1676
2021-03-10T20:00:00,56755.85,57200.00,55510.00,55890.69,4624.1660
2021-03-11T00:00:00,55888.70,56500.00,55088.47,55974.29,3371.0590
2021-03-11T04:00:00,55974.30,56192.06,55000.00,55013.31,2521.3661
2021-03-11T08:00:00,55017.95,56279.22,54283.00,56260.76,3301.7463
2021-03-11T12:00:00,56257.74,57188.00,55763.46,56379.73,5338.2247
2021-03-11T16:00:00,56373.65,57700.00,56328.82,56850.32,5572.4384
2021-03-11T20:00:00,56851.68,58113.00,56599.85,57815.47,4264.3777
2021-03-12T00:00:00,57820.15,58065.92,56666.67,57104.54,4089.6805
2021-03-12T04:00:00,57105.64,57391.98,56357.58,56665.76,2315.0692
2021-03-12T08:00:00,56672.79,57094.00,55835.00,56481.61,3129.2389
2021-03-12T12:00:00,56478.16,57111.00,55050.00,56982.35,5559.7290
2021-03-12T16:00:00,56982.35,57738.62,56733.77,56947.94,3994.1026
2021-03-12T20:00:00,56947.94,57499.00,56300.00,57225.91,2672.7181
2021-03-13T00:00:00,57220.84,57290.68,56083.74,56686.41,2066.3097
2021-03-13T04:00:00,56682.67,57375.21,56260.01,57330.32,1317.3165
2021-03-13T08:00:00,57346.39,60000.00,57073.29,59804.29,5901.5520
2021-03-13T12:00:00,59811.63,60415.34,59211.00,59653.46,4497.0924
2021-03-13T16:00:00,59653.83,60879.15,59460.00,60800.00,4241.1926
2021-03-13T20:00:00,60800.01,61788.45,60555.00,61178.50,4277.8226
2021-03-14T00:00:00,61181.38,61680.00,60734.10,61355.28,2468.0816
2021-03-14T04:00:00,61355.28,61524.03,60440.00,60461.45,1777.1201
2021-03-14T08:00:00,60461.63,61091.30,59401.00,60329.61,2230.5774
2021-03-14T12:00:00,60336.80,60598.99,59475.01,59684.60,1954.8922
2021-03-14T16:00:00,59691.04,60405.69,59291.23,59933.33,2101.1689
2021-03-14T20:00:00,59933.33,60746.27,58950.00,58972.70,3050.1274
2021-03-15T00:00:00,58972.71,60486.12,58740.00,60365.76,3651.2462
2021-03-15T04:00:00,60362.52,60601.07,57334.00,57850.01,4702.1979
2021-03-15T08:00:00,57856.76,58393.95,54568.00,56184.21,8495.9997
2021-03-15T12:00:00,56182.54,57325.00,55023.01,56215.93,7225.3542
2021-03-15T16:00:00,56208.16,56684.00,55500.00,56624.23,3757.4047
2021-03-15T20:00:00,56624.23,56947.97,55591.51,55636.15,3819.1891
2021-03-16T00:00:00,55629.08,56074.48,53221.00,54222.33,8661.2163
2021-03-16T04:00:00,54222.33,55479.45,53559.35,55254.34,3081.0100
2021-03-16T08:00:00,55255.82,56444.00,55037.60,55416.32,3242.9229
2021-03-16T12:00:00,55424.74,55940.39,54576.00,55853.75,3714.9262
2021-03-16T16:00:00,55853.76,56091.42,54958.26,55765.89,2640.8231
2021-03-16T20:00:00,55759.73,56970.00,55698.26,56927.11,3091.4803
2021-03-17T00:00:00,56924.26,57179.00,55418.14,55531.61,2587.2581
2021-03-17T04:00:00,55531.61,56350.88,55210.91,55839.39,1621.3090
2021-03-17T08:00:00,55839.39,56058.25,54446.07,54836.40,2765.2007
2021-03-17T12:00:00,54839.16,55434.53,54138.01,54968.41,4636.9016
2021-03-17T16:00:00,54968.32,58280.00,54782.74,57900.00,7374.4769
2021-03-17T20:00:00,57900.00,58996.38,57605.06,58925.54,3702.4279
2021-03-18T00:00:00,58925.54,59576.18,58589.23,58715.01,2897.7798
2021-03-18T04:00:00,58715.00,59219.79,58127.00,58345.66,2041.7821
2021-03-18T08:00:00,58345.67,58645.61,57878.63,58145.63,1677.2198
2021-03-18T12:00:00,58145.63,59633.76,57518.19,59530.19,4755.3617
2021-03-18T16:00:00,59530.19,60100.00,57169.69,57288.95,7071.6745
2021-03-18T20:00:00,57283.45,58154.24,56996.15,57644.95,3015.6783
2021-03-19T00:00:00,57644.95,57901.15,56260.00,57794.26,3824.6652
2021-03-19T04:00:00,57794.25,58475.66,57613.97,57804.75,2022.3015
2021-03-19T08:00:00,57804.75,58886.00,57452.00,58851.40,2299.0378
2021-03-19T12:00:00,58854.79,59249.00,57927.60,59003.22,3299.4196
2021-03-19T16:00:00,58995.03,59210.00,58380.63,58875.85,2410.6402
2021-03-19T20:00:00,58875.85,59461.99,57950.70,58039.66,2573.5655
2021-03-20T00:00:00,58026.91,58914.96,57827.97,58379.22,1522.3152
2021-03-20T04:00:00,58379.22,58630.08,58000.00,58431.44,705.1898
2021-03-20T08:00:00,58431.44,59299.00,58417.19,59252.07,1053.5288
2021-03-20T12:00:00,59252.07,59928.00,58590.86,59274.08,2892.5041
2021-03-20T16:00:00,59274.08,59477.79,58915.12,59276.66,1410.9678
2021-03-20T20:00:00,59276.66,59380.00,58025.00,58116.70,2140.7757
2021-03-21T00:00:00,58126.34,58651.22,57450.00,57829.01,2767.5491
2021-03-21T04:00:00,57829.00,57829.01,56711.69,57003.53,2249.4819
2021-03-21T08:00:00,57000.33,57314.14,55543.89,56273.74,1944.5821
2021-03-21T12:00:00,56273.78,57575.00,55885.01,57227.70,1704.4926
2021-03-21T16:00:00,57227.70,57746.90,56855.53,57586.01,1444.7990
2021-03-21T20:00:00,57586.01,58158.41,57180.86,57363.32,1730.7341
2021-03-22T00:00:00,57377.29,57627.36,56325.00,57554.94,2202.0564
2021-03-22T04:00:00,57561.42,57875.79,57300.72,57559.82,881.3131
2021-03-22T08:00:00,57572.41,58421.68,57050.00,57714.09,1415.3190
2021-03-22T12:00:00,57722.74,57756.04,56585.00,57105.10,3325.5784
2021-03-22T16:00:00,57107.89,57225.53,55555.00,55565.68,4052.0309
2021-03-22T20:00:00,55564.00,56011.31,53739.50,54110.07,7635.8588
2021-03-23T00:00:00,54111.49,55396.95,53812.00,54702.55,3152.3606
2021-03-23T04:00:00,54702.55,54792.84,53000.00,54168.72,3894.9583
2021-03-23T08:00:00,54176.70,54817.29,53827.63,54249.26,1636.7101
2021-03-23T12:00:00,54249.26,55478.42,54231.09,55172.88,4146.5785
2021-03-23T16:00:00,55182.40,55858.00,54816.47,55030.53,3950.2013
2021-03-23T20:00:00,55019.60,55093.66,54179.98,54345.54,2440.9480
2021-03-24T00:00:00,54333.27,54738.00,53527.00,54341.41,2627.8637
2021-03-24T04:00:00,54339.23,55591.02,53733.00,55456.66,2382.5875
2021-03-24T08:00:00,55456.53,56666.67,55452.32,56588.58,3242.3447
2021-03-24T12:00:00,56581.68,57209.97,56002.44,56261.37,3893.9533
2021-03-24T16:00:00,56261.37,56386.22,54600.00,54681.18,3752.5872
2021-03-24T20:00:00,54681.18,54681.18,51673.82,52276.16,7875.8772
2021-03-25T00:00:00,52259.69,52777.00,51500.00,52109.27,5187.3552
2021-03-25T04:00:00,52109.27,53238.00,51888.05,52246.91,2407.3367
2021-03-25T08:00:00,52246.91,53144.43,52066.62,52136.31,2682.7737
2021-03-25T12:00:00,52140.48,52311.00,50305.00,50983.82,11545.6421
2021-03-25T16:00:00,50996.69,52532.41,50548.22,52209.05,4803.5983
2021-03-25T20:00:00,52209.05,52757.15,51235.25,51325.01,3015.3381
2021-03-26T00:00:00,51320.76,52728.28,51250.00,52428.82,2171.4700
2021-03-26T04:00:00,52428.61,53701.30,52200.00,53651.25,2691.3713
2021-03-26T08:00:00,53651.25,53983.75,52584.01,52713.87,2727.1321
2021-03-26T12:00:00,52728.13,53575.00,52534.11,53326.52,3428.6527
2021-03-26T16:00:00,53327.28,54096.27,52910.00,53839.13,3729.6658
2021-03-26T20:00:00,53846.76,55125.13,53844.59,55072.44,3094.7154
2021-03-27T00:00:00,55080.90,55658.94,54534.51,54795.76,2300.2054
2021-03-27T04:00:00,54802.65,55380.00,54515.34,54971.06,1432.9009
2021-03-27T08:00:00,54964.55,55152.81,54329.92,54458.90,1162.3386
2021-03-27T12:00:00,54458.65,55080.90,53966.00,54980.99,1940.6427
2021-03-27T16:00:00,54980.98,56300.00,54971.33,55802.75,2671.8148
2021-03-27T20:00:00,55802.75,56640.00,55719.45,55856.53,1825.4311
2021-03-28T00:00:00,55856.54,56225.95,55573.49,56069.64,1822.3134
2021-03-28T04:00:00,56062.42,56500.00,55845.83,56225.18,1109.0030
2021-03-28T08:00:00,56225.18,56587.08,55715.61,55792.17,990.7042
2021-03-28T12:00:00,55788.36,56387.05,55275.06,56357.42,1666.0766
2021-03-28T16:00:00,56357.43,56479.87,54701.00,55224.61,1925.3934
2021-03-28T20:00:00,55224.61,55876.81,54777.77,55778.82,1722.3123
2021-03-29T00:00:00,55781.22,55908.93,54962.19,55355.61,1572.1938
2021-03-29T04:00:00,55355.61,56160.00,54900.00,55913.47,1563.8757
2021-03-29T08:00:00,55913.46,58325.85,55908.54,57886.15,3906.1136
2021-03-29T12:00:00,57888.76,58400.00,57296.25,57721.01,4008.9909
2021-03-29T16:00:00,57734.69,58292.20,57178.12,57681.82,4058.8573
2021-03-29T20:00:00,57681.83,57910.83,57056.80,57613.48,2442.3376
2021-03-30T00:00:00,57613.76,57729.86,57000.00,57107.50,2881.0752
2021-03-30T04:00:00,57106.97,58256.42,57022.02,58119.87,1911.2537
2021-03-30T08:00:00,58116.43,59300.00,57734.18,59271.43,2951.6886
2021-03-30T12:00:00,59271.43,59397.48,58463.51,58514.70,3206.2115
2021-03-30T16:00:00,58514.70,59114.03,58460.00,59098.99,2444.6814
2021-03-30T20:00:00,59099.00,59100.00,58420.61,58786.46,1710.1663
2021-03-31T00:00:00,58786.46,59093.00,58426.03,58635.38,1988.0032
2021-03-31T04:00:00,58635.38,59800.00,57501.00,58177.10,2838.2423
2021-03-31T08:00:00,58184.04,58280.73,56873.80,58006.71,2666.7375
2021-03-31T12:00:00,58006.71,59472.00,57674.49,59289.49,3288.7407
2021-03-31T16:00:00,59302.73,59664.55,58380.79,58601.27,4150.7329
2021-03-31T20:00:00,58601.28,59306.50,58347.44,58800.00,2444.1702
2021-04-01T00:00:00,58800.01,59333.16,58756.07,59138.55,1240.0642
2021-04-01T04:00:00,59138.56,59250.00,58539.34,58856.15,1316.2271
2021-04-01T08:00:00,58856.15,59474.94,58139.94,58593.82,1568.6073
2021-04-01T12:00:00,58593.83,59284.05,58412.49,58975.02,2444.9395
2021-04-01T16:00:00,58975.02,59136.26,57930.00,58908.22,3379.1527
2021-04-01T20:00:00,58915.87,59015.34,58560.65,58726.48,1147.3393
2021-04-02T00:00:00,58726.47,60055.02,58441.88,59821.69,3448.8678
2021-04-02T04:00:00,59821.69,59948.50,59320.58,59434.90,1452.9347
2021-04-02T08:00:00,59431.91,59690.09,59245.16,59566.14,917.1247
2021-04-02T12:00:00,59566.14,59618.02,58900.00,59482.03,2457.3993
2021-04-02T16:00:00,59482.04,59591.85,58560.00,58860.00,1523.0182
2021-04-02T20:00:00,58860.00,59200.00,58458.68,58981.04,1167.5855
2021-04-03T00:00:00,58981.04,59479.00,58941.20,59232.54,1114.7424
2021-04-03T04:00:00,59232.54,59518.28,59190.86,59299.30,551.8598
2021-04-03T08:00:00,59299.29,59752.00,58750.00,59269.49,969.8590
2021-04-03T12:00:00,59257.53,59450.00,58802.43,58824.11,754.0161
2021-04-03T16:00:00,58824.12,59158.87,57800.00,58608.79,2127.0910
2021-04-03T20:00:00,58608.79,58608.79,56943.00,57094.34,2887.6957
2021-04-04T00:00:00,57094.34,57585.52,56478.53,57545.00,2378.3813
2021-04-04T04:00:00,57545.01,57697.36,57200.98,57645.59,726.8974
2021-04-04T08:00:00,57645.59,57784.07,57190.63,57311.58,604.8427
2021-04-04T12:00:00,57311.58,58500.00,57049.69,57942.63,1252.0540
2021-04-04T16:00:00,57943.57,58281.48,57690.00,57972.19,749.8361
2021-04-04T20:00:00,57969.07,58312.80,57857.71,58215.94,589.4205
2021-04-05T00:00:00,58216.73,58424.00,57355.00,57491.12,1149.9281
2021-04-05T04:00:00,57491.13,57618.29,56831.38,57268.00,1228.2351
2021-04-05T08:00:00,57267.99,57750.00,56817.64,57750.00,867.4340
2021-04-05T12:00:00,57750.00,59251.76,57750.00,59037.96,2508.0532
2021-04-05T16:00:00,59029.50,59250.00,58615.04,59030.57,2142.2260
2021-04-05T20:00:00,59030.56,59133.85,58500.00,59123.02,1308.9869
2021-04-06T00:00:00,59134.07,59475.00,58000.00,58611.25,2133.5298
2021-04-06T04:00:00,58611.25,58999.00,58353.94,58577.60,733.3404
2021-04-06T08:00:00,58577.60,58955.35,58229.12,58529.46,1141.8313
2021-04-06T12:00:00,58529.46,58999.99,57333.33,57837.23,3483.8254
2021-04-06T16:00:00,57837.23,58293.78,57740.55,58261.86,1743.0591
2021-04-06T20:00:00,58261.86,58329.64,57642.03,58019.98,1118.7441
2021-04-07T00:00:00,58021.67,58207.57,57239.35,57917.08,1850.5790
2021-04-07T04:00:00,57917.09,58630.00,57275.00,57852.95,1629.6877
2021-04-07T08:00:00,57852.94,57932.13,55677.00,56303.41,4267.4559
2021-04-07T12:00:00,56297.82,56958.00,55609.00,56469.47,4003.0086
2021-04-07T16:00:00,56469.47,56790.00,55400.00,56113.50,3986.7065
2021-04-07T20:00:00,56113.51,56553.38,55688.98,55955.75,2049.8567
2021-04-08T00:00:00,55962.67,56688.00,55700.00,56537.30,1166.0770
2021-04-08T04:00:00,56537.30,57300.00,56522.65,57012.01,1011.6431
2021-04-08T08:00:00,57013.24,57245.37,56355.00,56438.82,756.5880
2021-04-08T12:00:00,56438.82,57900.00,56346.89,57760.91,2180.0622
2021-04-08T16:00:00,57760.91,58152.00,57558.67,57734.05,1849.2148
2021-04-08T20:00:00,57734.05,58083.41,57446.77,58083.10,1110.0121
2021-04-09T00:00:00,58083.10,58395.00,57850.00,58011.65,1132.9536
2021-04-09T04:00:00,58011.65,58300.00,57670.51,58056.63,869.5733
2021-04-09T08:00:00,58062.19,58869.69,57681.70,58512.09,1105.2690
2021-04-09T12:00:00,58512.10,58770.57,58016.02,58206.29,2148.8347
2021-04-09T16:00:00,58206.29,58498.26,57850.01,58373.11,1452.2618
2021-04-09T20:00:00,58373.12,58590.64,57844.99,58092.68,1385.8538
2021-04-10T00:00:00,58092.68,59160.86,57875.41,59160.86,1676.2247
2021-04-10T04:00:00,59162.98,61218.97,59162.97,60447.18,4674.6020
2021-04-10T08:00:00,60447.18,60950.00,60400.40,60503.71,908.2113
2021-04-10T12:00:00,60503.70,60753.34,59855.00,60215.54,1717.3852
2021-04-10T16:00:00,60220.22,60498.00,59518.00,59533.01,1629.1265
2021-04-10T20:00:00,59533.01,59844.02,58370.00,59778.60,2212.2613
2021-04-11T00:00:00,59778.59,60658.89,59614.93,60241.77,1831.9769
2021-04-11T04:00:00,60244.75,60300.92,59317.23,59633.82,1201.3070
2021-04-11T08:00:00,59633.82,60082.22,59407.87,59672.23,1008.3548
2021-04-11T12:00:00,59672.23,59777.60,59177.06,59616.18,890.0316
2021-04-11T16:00:00,59616.18,60157.00,59389.90,59670.18,1119.8794
2021-04-11T20:00:00,59670.18,60072.00,59405.00,59985.26,1227.4154
2021-04-12T00:00:00,59983.66,60430.00,59542.31,60340.63,1667.0974
2021-04-12T04:00:00,60340.63,61199.00,60000.00,60667.15,1698.8946
2021-04-12T08:00:00,60666.61,60828.55,59369.00,60231.71,1720.6536
2021-04-12T12:00:00,60231.71,60574.47,59625.01,59991.82,2426.5763
2021-04-12T16:00:00,59991.81,60160.00,59655.40,60020.73,2348.7490
2021-04-12T20:00:00,60020.73,60196.49,59750.00,59839.82,1605.7567
2021-04-13T00:00:00,59836.88,61055.00,59799.01,60350.00,3332.1394
2021-04-13T04:00:00,60350.00,61344.99,60282.61,61043.27,1619.9254
2021-04-13T08:00:00,61044.75,63199.99,61038.32,62955.46,3851.5200
2021-04-13T12:00:00,62955.81,63699.99,62541.02,63400.01,3682.3207
2021-04-13T16:00:00,63412.31,63774.39,62563.00,63045.79,3775.2997
2021-04-13T20:00:00,63034.05,63666.82,62863.50,63588.22,1636.5608
2021-04-14T00:00:00,63588.22,63885.49,63110.81,63783.36,2225.4133
2021-04-14T04:00:00,63783.37,64899.00,63666.00,64360.26,2644.3809
2021-04-14T08:00:00,64360.26,64850.00,63102.57,64583.11,3143.7950
2021-04-14T12:00:00,64583.11,64707.33,62354.57,63047.68,5349.9915
2021-04-14T16:00:00,63047.69,63777.00,61277.91,62135.27,6510.5771
2021-04-14T20:00:00,62143.08,63051.64,61849.53,62971.80,2696.6833
2021-04-15T00:00:00,62971.80,63388.88,62327.38,63065.99,1811.9616
2021-04-15T04:00:00,63065.99,63484.77,62708.06,62879.03,1430.6954
2021-04-15T08:00:00,62879.02,63138.75,62036.73,62353.54,1075.3313
2021-04-15T12:00:00,62352.52,63148.05,62352.09,62767.00,1690.7020
2021-04-15T16:00:00,62767.00,63652.35,62364.51,63466.92,2695.2246
2021-04-15T20:00:00,63466.42,63831.82,63047.03,63229.04,2505.5356
2021-04-16T00:00:00,63229.04,63604.34,62761.11,62985.65,3278.0123
2021-04-16T04:00:00,62985.65,63007.43,61000.00,61469.20,3269.0030
2021-04-16T08:00:00,61469.21,61685.23,60048.43,60900.58,2795.1366
2021-04-16T12:00:00,60906.12,61777.00,60399.38,61729.34,4906.4497
2021-04-16T16:00:00,61729.35,61961.90,61228.87,61854.60,3404.8059
2021-04-16T20:00:00,61852.74,62167.57,61425.00,61427.27,2214.0058
2021-04-17T00:00:00,61427.27,62572.48,61230.00,62433.93,1639.2292
2021-04-17T04:00:00,62433.93,62515.08,61939.42,62171.37,1054.9096
2021-04-17T08:00:00,62171.37,62498.00,60728.87,60920.03,1380.3865
2021-04-17T12:00:00,60920.03,61301.35,60155.01,60343.68,3213.9729
2021-04-17T16:00:00,60343.69,60850.00,59700.00,60765.52,2324.7299
2021-04-17T20:00:00,60767.88,61026.32,60026.00,60058.86,1234.5396
2021-04-18T00:00:00,60067.20,60437.97,51300.00,56396.39,12036.9891
2021-04-18T04:00:00,56396.39,56907.00,54743.22,56286.67,6809.5407
2021-04-18T08:00:00,56286.68,56639.82,53134.65,53371.28,5086.9920
2021-04-18T12:00:00,53371.28,55951.03,53320.68,55556.63,5809.2689
2021-04-18T16:00:00,55553.40,56071.20,54949.51,55805.46,3799.5387
2021-04-18T20:00:00,55805.46,56790.70,55610.23,56274.41,3349.3801
2021-04-19T00:00:00,56273.65,57500.00,55819.64,57168.99,2615.6907
2021-04-19T04:00:00,57168.99,57566.47,56532.83,57405.50,1358.0534
2021-04-19T08:00:00,57412.50,57600.00,56213.83,57188.50,1777.5788
2021-04-19T12:00:00,57186.64,57223.82,54187.85,54617.12,4997.1880
2021-04-19T16:00:00,54617.50,56143.08,54390.54,56024.86,3781.3403
2021-04-19T20:00:00,56024.82,56669.90,55570.00,55696.83,2308.5406
2021-04-20T00:00:00,55696.83,55843.00,53610.00,54630.17,4948.6680
2021-04-20T04:00:00,54594.98,55533.31,53430.01,54472.36,2337.1966
2021-04-20T08:00:00,54472.36,56459.33,54265.73,56339.56,1899.7136
2021-04-20T12:00:00,56339.56,56546.96,54708.65,55358.98,3553.0028
2021-04-20T16:00:00,55370.06,56793.08,55141.74,56635.51,3339.0034
2021-04-20T20:00:00,56635.51,57111.00,56156.69,56499.29,2530.6953
2021-04-21T00:00:00,56477.67,56810.56,55225.14,55255.60,2289.2711
2021-04-21T04:00:00,55255.59,55828.83,55023.13,55328.11,1458.6513
2021-04-21T08:00:00,55328.11,55764.16,54344.64,54606.00,1639.7336
2021-04-21T12:00:00,54606.00,56379.83,54334.00,56187.07,3265.1377
2021-04-21T16:00:00,56187.06,56363.89,55155.01,55491.32,2840.0647
2021-04-21T20:00:00,55496.35,55503.91,53620.91,53800.86,4091.2255
2021-04-22T00:00:00,53795.62,54679.57,51300.00,53502.23,6977.2337
2021-04-22T04:00:00,53496.96,54867.07,53437.09,54158.68,1572.2288
2021-04-22T08:00:00,54158.90,55217.99,53125.00,54860.02,2516.4110
2021-04-22T12:00:00,54860.97,55469.98,54226.39,54693.51,2921.7677
2021-04-22T16:00:00,54693.51,55177.91,51500.00,52914.63,7498.8662
2021-04-22T20:00:00,52903.00,52915.66,50400.00,51701.59,8941.3843
2021-04-23T00:00:00,51695.98,52130.58,48500.00,50317.01,11851.7985
2021-04-23T04:00:00,50317.01,50581.65,47658.00,47895.01,6652.0879
2021-04-23T08:00:00,47885.66,50314.04,47464.65,50146.02,5233.8373
2021-04-23T12:00:00,50146.02,50397.12,48559.44,49921.63,6477.0675
2021-04-23T16:00:00,49921.63,50999.99,49558.94,50970.01,5398.9835
2021-04-23T20:00:00,50970.78,51500.00,50217.72,51187.27,3181.0834
2021-04-24T00:00:00,51187.75,51260.61,49358.48,50179.02,2597.2885
2021-04-24T04:00:00,50179.02,50695.00,49722.56,49870.01,1141.3775
2021-04-24T08:00:00,49868.58,50250.55,48726.87,49124.98,2042.2937
2021-04-24T12:00:00,49114.86,50389.91,48970.00,50258.87,2386.6637
2021-04-24T16:00:00,50259.86,50971.93,49702.64,50748.29,1828.3245
2021-04-24T20:00:00,50748.29,51056.56,50000.00,50089.15,1843.1956
2021-04-25T00:00:00,50101.42,50497.94,49666.00,49693.12,1416.0383
2021-04-25T04:00:00,49691.15,49899.73,49136.93,49711.73,1459.2558
2021-04-25T08:00:00,49719.99,50298.00,49237.39,49589.99,1981.0465
2021-04-25T12:00:00,49590.00,50591.38,49490.96,50300.00,1642.6413
2021-04-25T16:00:00,50299.99,50487.90,49280.00,49390.48,1739.1695
2021-04-25T20:00:00,49390.48,49632.08,47044.01,49121.00,6395.3606
2021-04-26T00:00:00,49121.00,52566.38,48817.62,52444.47,5287.7911
2021-04-26T04:00:00,52447.62,53115.47,52103.93,52887.52,1832.5847
2021-04-26T08:00:00,52887.51,53800.00,52348.28,53715.72,1736.0830
2021-04-26T12:00:00,53715.72,54000.00,53313.78,53652.97,2620.3607
2021-04-26T16:00:00,53653.03,54400.00,52947.64,54100.86,3437.5120
2021-04-26T20:00:00,54100.87,54269.88,52644.82,54053.60,3090.8925
2021-04-27T00:00:00,54047.80,54200.00,53353.45,53547.05,1508.5144
2021-04-27T04:00:00,53537.07,54923.00,53321.00,54608.29,1703.5688
2021-04-27T08:00:00,54608.30,55323.85,54410.16,55237.57,1862.0810
2021-04-27T12:00:00,55242.14,55389.00,54440.07,55062.77,4082.3564
2021-04-27T16:00:00,55062.77,55150.00,54341.20,54841.57,3018.3323
2021-04-27T20:00:00,54841.56,55509.39,54800.00,55069.62,1782.2336
2021-04-28T00:00:00,55069.61,55794.43,54860.00,54860.01,2554.1296
2021-04-28T04:00:00,54860.00,55072.63,53887.00,54317.12,2304.3091
2021-04-28T08:00:00,54308.85,55128.80,53952.84,54894.65,1443.7398
2021-04-28T12:00:00,54894.64,55350.00,54160.00,54395.63,3029.0672
2021-04-28T16:00:00,54395.63,55502.99,54282.94,55492.10,3131.7785
2021-04-28T20:00:00,55492.14,56476.17,54084.94,54894.03,4021.3125
2021-04-29T00:00:00,54889.81,55226.86,54149.41,54324.56,1678.3004
2021-04-29T04:00:00,54321.53,54539.99,53535.43,54500.00,1544.8313
2021-04-29T08:00:00,54500.00,54748.99,53800.01,54347.42,1298.5707
2021-04-29T12:00:00,54347.43,54588.95,53337.55,53755.89,3288.9829
2021-04-29T16:00:00,53755.90,53831.53,52508.59,52894.19,4270.1656
2021-04-29T20:00:00,52893.46,53682.85,52369.61,53580.00,2511.4660
2021-04-30T00:00:00,53580.00,53874.51,53068.43,53739.17,1566.0226
2021-04-30T04:00:00,53739.18,54601.91,53739.17,54363.11,1612.5702
2021-04-30T08:00:00,54363.11,54834.89,54101.00,54282.63,1192.3526
2021-04-30T12:00:00,54282.64,57289.80,54230.35,57229.04,5538.6290
2021-04-30T16:00:00,57229.05,57421.48,56320.00,57083.69,3654.0777
2021-04-30T20:00:00,57083.69,58075.01,56433.32,57798.77,2972.6809
2021-05-01T00:00:00,57798.77,58550.00,57514.39,58254.02,3252.4966
2021-05-01T04:00:00,58254.03,58474.99,57680.00,57798.46,1591.8594
2021-05-01T08:00:00,57798.46,58000.00,57199.00,57879.76,1222.0706
2021-05-01T12:00:00,57879.76,58121.11,57050.94,57411.43,1625.0278
2021-05-01T16:00:00,57411.44,58048.22,57250.00,57819.38,1755.2567
2021-05-01T20:00:00,57819.38,57999.00,57350.00,57859.28,1340.3381
2021-05-02T00:00:00,57859.28,57972.26,56399.51,56529.01,1660.6695
2021-05-02T04:00:00,56519.69,57180.47,56222.05,56678.35,1217.8174
2021-05-02T08:00:00,56680.83,57127.68,56072.00,57127.68,1202.5130
2021-05-02T12:00:00,57127.68,57308.77,56498.63,56639.27,1051.2693
2021-05-02T16:00:00,56639.27,56984.40,56371.53,56889.97,829.7963
2021-05-02T20:00:00,56895.00,57198.06,56275.00,56625.20,1685.5604
2021-05-03T00:00:00,56625.21,58300.00,56575.99,57962.55,2523.3057
2021-05-03T04:00:00,57962.55,58867.00,57733.53,58804.68,1365.9162
2021-05-03T08:00:00,58814.74,58986.00,58327.11,58699.70,1414.1488
2021-05-03T12:00:00,58699.05,58801.21,57303.06,57663.33,2929.5918
2021-05-03T16:00:00,57663.35,58219.26,57201.97,57587.67,3456.0772
2021-05-03T20:00:00,57587.67,57591.10,56500.00,57212.73,3475.9668
2021-05-04T00:00:00,57212.73,57247.24,54700.20,55484.23,4197.6383
2021-05-04T04:00:00,55484.22,56393.71,55233.76,55935.49,1768.2871
2021-05-04T08:00:00,55935.53,56662.72,55585.18,56188.40,2212.1123
2021-05-04T12:00:00,56189.30,56337.13,53585.82,53835.65,8145.4143
2021-05-04T16:00:00,53835.64,54789.87,53200.00,54587.33,4268.6246
2021-05-04T20:00:00,54600.93,54872.19,53057.70,53241.92,2899.9821
2021-05-05T00:00:00,53241.91,55416.48,52913.02,54810.20,3945.0179
2021-05-05T04:00:00,54813.81,55301.95,54000.00,54912.30,2972.4075
2021-05-05T08:00:00,54912.30,55861.95,54748.49,55154.65,1990.8201
2021-05-05T12:00:00,55154.65,57750.00,55100.33,57660.96,5283.3506
2021-05-05T16:00:00,57662.41,57980.86,57103.00,57191.64,4961.4348
2021-05-05T20:00:00,57191.65,57630.00,56575.00,57515.69,3765.8737
2021-05-06T00:00:00,57515.69,57658.21,56637.35,56874.14,2797.9496
2021-05-06T04:00:00,56867.89,57600.00,56433.21,56880.63,1722.6916
2021-05-06T08:00:00,56880.63,58400.00,56831.05,58073.22,1929.2108
2021-05-06T12:00:00,58072.61,58152.66,56853.62,57163.25,3406.8684
2021-05-06T16:00:00,57165.69,57522.01,55288.00,56180.49,5636.6186
2021-05-06T20:00:00,56180.49,56839.95,55730.27,56440.66,2750.7971
2021-05-07T00:00:00,56444.82,57137.88,55522.60,55750.01,3295.0329
2021-05-07T04:00:00,55750.01,56321.80,55300.00,55814.81,1968.7534
2021-05-07T08:00:00,55814.81,56844.90,55608.62,56523.74,1398.2725
2021-05-07T12:00:00,56523.74,57750.99,56285.60,57611.32,3507.9986
2021-05-07T16:00:00,57617.39,58735.95,57250.00,57628.53,4848.4163
2021-05-07T20:00:00,57645.41,58176.93,56786.52,57380.39,3305.4221
2021-05-08T00:00:00,57380.39,58470.81,56980.01,58188.85,2007.6477
2021-05-08T04:00:00,58188.84,58664.61,57519.57,58527.73,1735.1051
2021-05-08T08:00:00,58540.91,59434.26,58424.55,58662.71,2189.7967
2021-05-08T12:00:00,58662.71,59499.99,57611.26,57710.68,3903.7510
2021-05-08T16:00:00,57705.18,59410.16,57705.18,59100.01,3345.2337
2021-05-08T20:00:00,59100.01,59559.84,58578.54,58958.05,2193.4103
2021-05-09T00:00:00,58958.06,59300.52,58422.00,58673.33,2763.6723
2021-05-09T04:00:00,58644.80,58923.51,57782.44,58003.19,3394.8342
2021-05-09T08:00:00,57998.62,58380.01,57544.00,57886.29,2299.6591
2021-05-09T12:00:00,57886.30,57976.28,56265.30,57438.68,4448.1565
2021-05-09T16:00:00,57438.68,57914.82,57142.36,57338.66,2181.6062
2021-05-09T20:00:00,57338.65,58491.15,57264.78,58312.57,2081.7949
2021-05-10T00:00:00,58313.84,59493.34,58102.00,59427.44,2497.0290
2021-05-10T04:00:00,59427.41,59592.20,58414.10,58430.94,2079.7445
2021-05-10T08:00:00,58430.94,58646.65,57400.46,58172.68,2637.8741
2021-05-10T12:00:00,58179.93,58420.00,56800.00,58402.62,4953.1533
2021-05-10T16:00:00,58389.25,58643.17,55577.62,55712.47,6675.6814
2021-05-10T20:00:00,55712.47,56302.90,53600.00,55866.41,5803.7513
2021-05-11T00:00:00,55866.38,56451.70,54511.48,55170.74,3342.5959
2021-05-11T04:00:00,55166.42,55916.29,54663.41,55808.46,1709.7715
2021-05-11T08:00:00,55798.36,56267.14,55142.25,55265.15,1680.2620
2021-05-11T12:00:00,55265.14,56223.12,54807.40,56110.54,3512.3367
2021-05-11T16:00:00,56110.54,56962.07,55811.15,56717.57,3024.5828
2021-05-11T20:00:00,56717.58,56953.87,56310.01,56753.19,2177.0870
2021-05-12T00:00:00,56753.19,57930.00,56637.34,57831.45,2571.5275
2021-05-12T04:00:00,57834.61,58041.00,56951.52,57168.30,1474.5156
2021-05-12T08:00:00,57163.83,57268.94,56043.79,56518.36,1981.6621
2021-05-12T12:00:00,56518.36,56984.99,55329.72,55527.00,4959.0114
2021-05-12T16:00:00,55527.00,55708.43,53560.00,54458.24,7041.1524
2021-05-12T20:00:00,54486.09,54809.90,48500.00,49498.77,11632.9738
2021-05-13T00:00:00,49498.76,52500.00,46000.00,50473.48,9701.2550
2021-05-13T04:00:00,50458.23,51400.00,50343.17,50935.60,3358.1366
2021-05-13T08:00:00,50929.13,50989.86,48428.85,49790.93,5813.6603
2021-05-13T12:00:00,49799.40,50918.63,49482.15,49650.00,5878.2667
2021-05-13T16:00:00,49650.00,50501.57,46897.08,48508.16,13416.8952
2021-05-13T20:00:00,48517.10,49902.73,48314.94,49690.11,4081.8736
2021-05-14T00:00:00,49682.28,50439.08,49088.00,49233.70,3400.6175
2021-05-14T04:00:00,49227.09,50300.00,48895.00,50047.39,2223.6322
2021-05-14T08:00:00,50047.38,51024.01,49951.28,50641.76,2668.4294
2021-05-14T12:00:00,50641.76,51569.56,50120.00,51303.75,4870.5239
2021-05-14T16:00:00,51303.75,51410.60,49843.73,50164.38,5002.8157
2021-05-14T20:00:00,50165.19,50347.22,49064.60,49893.48,3821.7749
2021-05-15T00:00:00,49893.48,50730.58,49328.58,49670.25,3986.4284
2021-05-15T04:00:00,49670.25,49903.28,48450.00,48525.82,2491.3601
2021-05-15T08:00:00,48523.29,49340.52,47821.00,48965.90,3079.2980
2021-05-15T12:00:00,48971.12,49615.11,48682.23,49014.90,2561.5379
2021-05-15T16:00:00,49022.41,49022.51,46963.52,48122.29,5358.7642
2021-05-15T20:00:00,48122.29,48750.00,46573.00,46775.51,4458.7259
2021-05-16T00:00:00,46771.01,48392.48,46490.00,48376.17,3915.0853
2021-05-16T04:00:00,48380.00,49475.56,48060.00,49387.60,1739.9672
2021-05-16T08:00:00,49381.92,49808.28,48670.84,49063.01,1481.2667
2021-05-16T12:00:00,49064.73,49249.99,47678.01,47757.74,2267.1909
2021-05-16T16:00:00,47759.01,48124.61,44000.00,45534.60,9394.8766
2021-05-16T20:00:00,45524.74,46499.00,43825.00,46450.79,11856.9440
2021-05-17T00:00:00,46450.78,46646.15,42763.31,42897.88,10006.8287
2021-05-17T04:00:00,42922.40,45331.75,42141.00,45191.33,9415.3236
2021-05-17T08:00:00,45191.33,45874.97,44402.34,45803.18,3242.0634
2021-05-17T12:00:00,45800.22,45849.89,43157.39,43336.01,5668.8479
2021-05-17T16:00:00,43340.00,44460.00,42101.00,44252.11,9342.3735
2021-05-17T20:00:00,44252.11,44974.87,42535.16,43580.50,5984.7850
2021-05-18T00:00:00,43571.89,45306.34,43188.48,44802.73,4854.4497
2021-05-18T04:00:00,44802.72,45851.00,44772.15,45204.47,2980.8244
2021-05-18T08:00:00,45207.23,45705.38,44666.69,45387.26,1925.0777
2021-05-18T12:00:00,45385.34,45405.51,42673.20,43029.06,7654.8239
2021-05-18T16:00:00,43030.23,43878.81,42377.30,43308.69,6925.4951
2021-05-18T20:00:00,43299.47,43563.58,42300.00,42857.15,3869.6295
2021-05-19T00:00:00,42865.05,43591.70,40111.00,40595.00,12183.1006
2021-05-19T04:00:00,40595.00,40854.43,38500.00,40383.73,15832.8414
2021-05-19T08:00:00,40382.07,40776.99,36189.90,38690.13,10899.5335
2021-05-19T12:00:00,38682.50,39135.55,30000.00,37448.99,36523.3448
2021-05-19T16:00:00,37449.00,42990.00,36206.66,39440.99,21796.5679
2021-05-19T20:00:00,39441.00,40378.72,36669.37,36731.75,12301.8541
2021-05-20T00:00:00,36735.44,38679.18,35000.00,38416.03,13842.7728
2021-05-20T04:00:00,38416.51,40812.00,38277.15,40043.50,5778.9157
2021-05-20T08:00:00,40043.49,40756.15,38802.08,40571.98,4446.8326
2021-05-20T12:00:00,40561.11,42605.00,40178.90,41549.88,10154.2715
2021-05-20T16:00:00,41555.00,41578.58,38172.55,40229.88,10768.2649
2021-05-20T20:00:00,40229.88,41854.22,39581.63,40623.33,6454.7399
2021-05-21T00:00:00,40623.24,42275.99,40500.19,40762.38,5123.1173
2021-05-21T04:00:00,40758.61,40806.42,39292.05,39871.45,4743.6197
2021-05-21T08:00:00,39879.72,41255.00,39345.88,41187.62,3693.7909
2021-05-21T12:00:00,41176.38,41789.61,36511.88,36888.43,16397.4420
2021-05-21T16:00:00,36888.44,37893.77,35561.51,36094.31,12739.2581
2021-05-21T20:00:00,36094.31,37500.00,33501.54,37340.77,13264.6721
2021-05-22T00:00:00,37333.09,38134.86,36522.37,36977.50,5613.3277
2021-05-22T04:00:00,36977.51,37283.03,35257.52,36323.34,6057.8890
2021-05-22T08:00:00,36317.60,38801.57,36302.78,38190.15,5012.0186
2021-05-22T12:00:00,38197.05,38889.76,37136.68,38190.85,5431.8534
2021-05-22T16:00:00,38188.11,38593.64,37253.08,37340.46,4101.3267
2021-05-22T20:00:00,37340.46,38400.00,37325.20,37476.83,3022.6120
2021-05-23T00:00:00,37476.84,38319.36,36723.30,37471.29,3536.2801
2021-05-23T04:00:00,37471.28,37471.28,35579.92,35947.62,3959.1103
2021-05-23T08:00:00,35953.53,35953.53,33875.00,35433.91,9256.9521
2021-05-23T12:00:00,35431.39,35823.81,32662.93,33335.16,13989.0016
2021-05-23T16:00:00,33333.16,34000.00,31111.00,33098.54,15519.8968
2021-05-23T20:00:00,33098.54,35069.00,33098.54,34758.67,7172.0621
2021-05-24T00:00:00,34758.88,35989.00,34700.29,35334.98,8061.4211
2021-05-24T04:00:00,35346.38,36948.21,34407.17,36705.67,5968.3677
2021-05-24T08:00:00,36712.67,37941.00,35948.36,37648.65,4855.2441
2021-05-24T12:00:00,37646.29,38750.00,37252.39,37586.03,9024.4177
2021-05-24T16:00:00,37591.57,39800.00,36868.00,39644.85,10268.8214
2021-05-24T20:00:00,39649.63,39966.87,38000.01,38878.56,6241.1862
2021-05-25T00:00:00,38874.53,39878.51,37803.11,38374.07,5027.5472
2021-05-25T04:00:00,38374.07,39240.65,37685.01,39041.86,2983.9699
2021-05-25T08:00:00,39045.82,39179.75,36527.51,36586.84,4246.7756
2021-05-25T12:00:00,36584.55,38499.00,36481.26,38321.54,6113.8387
2021-05-25T16:00:00,38318.20,38350.20,37180.00,37344.64,3896.3545
2021-05-25T20:00:00,37344.64,38751.86,37309.99,38361.81,3839.0709
2021-05-26T00:00:00,38361.81,39721.00,37837.36,39574.59,4750.1048
2021-05-26T04:00:00,39571.05,40792.70,39054.13,40518.74,3712.4217
2021-05-26T08:00:00,40503.63,40900.00,39435.96,39916.50,2450.4146
2021-05-26T12:00:00,39916.90,40379.38,38491.18,38796.47,5529.1119
2021-05-26T16:00:00,38796.21,39399.94,37950.01,38544.99,5870.8557
2021-05-26T20:00:00,38542.60,39490.00,38350.89,39293.23,2794.7776
2021-05-27T00:00:00,39293.23,39293.23,37191.99,37686.51,4788.1276
2021-05-27T04:00:00,37692.89,38471.31,37285.76,38338.96,2039.6286
2021-05-27T08:00:00,38338.95,39882.68,37900.00,39728.09,2446.2245
2021-05-27T12:00:00,39730.44,40440.95,39302.27,39717.74,4084.2716
2021-05-27T16:00:00,39717.74,39770.24,38538.32,38824.54,3490.9906
2021-05-27T20:00:00,38826.02,39218.36,38224.66,38556.88,2541.6515
2021-05-28T00:00:00,38556.88,38900.00,37749.14,38281.98,3048.5278
2021-05-28T04:00:00,38273.78,38273.78,36475.00,37003.34,4853.8666
2021-05-28T08:00:00,37002.46,37296.69,35127.00,35376.41,6438.3918
2021-05-28T12:00:00,35370.98,37304.96,35198.36,36799.70,7096.7629
2021-05-28T16:00:00,36801.99,36884.16,35569.98,35805.61,7112.9707
2021-05-28T20:00:00,35805.60,36260.06,34688.00,35680.47,7681.2036
2021-05-29T00:00:00,35680.48,36767.22,35642.86,36470.86,3255.8948
2021-05-29T04:00:00,36467.30,37325.00,35643.33,36163.69,3233.3449
2021-05-29T08:00:00,36169.36,36370.33,34621.00,35409.50,4552.4794
2021-05-29T12:00:00,35409.49,35436.74,33847.40,34415.14,7245.4938
2021-05-29T16:00:00,34417.57,35050.00,33650.86,34041.24,5817.3669
2021-05-29T20:00:00,34038.39,35097.21,33780.34,34627.82,3894.5709
2021-05-30T00:00:00,34627.81,34980.00,33333.00,34784.25,4372.8322
2021-05-30T04:00:00,34789.78,36272.33,34655.29,36035.28,3161.9841
2021-05-30T08:00:00,36036.03,36436.30,35561.49,36383.45,2043.1773
2021-05-30T12:00:00,36378.76,36500.00,35138.04,35500.00,2304.4202
2021-05-30T16:00:00,35500.01,36298.80,35336.45,36098.43,2351.9116
2021-05-30T20:00:00,36098.42,36350.00,35511.30,35669.44,1804.6211
2021-05-31T00:00:00,35669.44,36012.17,34287.18,34531.91,3834.5393
2021-05-31T04:00:00,34529.46,36000.00,34183.00,35879.77,2598.9771
2021-05-31T08:00:00,35881.29,37236.08,35618.16,36871.30,3478.5150
2021-05-31T12:00:00,36857.07,37291.08,36360.00,36992.44,3963.8053
2021-05-31T16:00:00,36992.44,37494.20,36531.19,36887.15,2990.9068
2021-05-31T20:00:00,36891.68,37534.09,36580.60,37279.31,2660.3725
2021-06-01T00:00:00,37276.23,37918.97,36500.00,36714.69,3217.1429
2021-06-01T04:00:00,36714.69,37434.89,36572.97,36841.35,1597.9719
2021-06-01T08:00:00,36841.35,36944.90,35929.49,36597.34,1781.6916
2021-06-01T12:00:00,36601.20,37400.00,35669.14,36236.61,3885.4285
2021-06-01T16:00:00,36234.00,36496.90,35728.00,35983.15,3114.3759
2021-06-01T20:00:00,35983.18,36800.00,35868.13,36685.00,2116.4921
2021-06-02T00:00:00,36684.99,36891.50,35920.00,36466.19,1572.3333
2021-06-02T04:00:00,36472.02,37405.00,36472.02,37223.62,1315.5826
2021-06-02T08:00:00,37223.62,37500.00,36862.36,37204.30,1783.0518
2021-06-02T12:00:00,37204.26,38237.37,37054.98,38045.12,3853.8702
2021-06-02T16:00:00,38045.13,38208.98,37730.46,37883.12,3340.4498
2021-06-02T20:00:00,37884.31,37940.49,37330.95,37577.91,2087.0713
2021-06-03T00:00:00,37581.83,37872.91,37184.88,37639.41,1494.3838
2021-06-03T04:00:00,37644.30,39051.68,37608.35,38645.42,2399.3530
2021-06-03T08:00:00,38640.89,39489.82,38540.86,38791.36,2423.1829
2021-06-03T12:00:00,38791.36,39295.34,38329.29,38561.07,3469.1981
2021-06-03T16:00:00,38561.07,39000.00,38428.82,38590.30,2572.1889
2021-06-03T20:00:00,38590.30,39276.27,38540.04,39248.55,1967.4494
2021-06-04T00:00:00,39248.54,39291.24,37389.26,37965.18,3666.9166
2021-06-04T04:00:00,37965.18,37965.18,36308.17,36620.39,2844.7090
2021-06-04T08:00:00,36620.34,37032.74,36250.00,36587.77,1788.1249
2021-06-04T12:00:00,36587.77,37148.36,35593.22,36987.16,5465.0103
2021-06-04T16:00:00,36987.16,37300.00,36750.00,36824.11,2381.7361
2021-06-04T20:00:00,36824.41,37276.51,36500.00,36856.52,1771.1356
2021-06-05T00:00:00,36856.53,37864.47,36646.45,37437.98,1806.7318
2021-06-05T04:00:00,37437.98,37921.35,37437.98,37589.09,852.8644
2021-06-05T08:00:00,37589.09,37868.25,35713.83,35915.27,2641.6612
2021-06-05T12:00:00,35915.26,36442.59,35300.00,36330.07,3041.7477
2021-06-05T16:00:00,36327.54,36327.54,35734.69,35805.58,1760.8066
2021-06-05T20:00:00,35805.57,36034.82,34832.17,35539.49,3550.8786
2021-06-06T00:00:00,35539.97,36271.13,35422.44,36022.06,1958.5660
2021-06-06T04:00:00,36020.75,36477.86,35733.13,36154.48,881.6338
2021-06-06T08:00:00,36154.47,36439.85,35826.04,35887.80,945.0676
2021-06-06T12:00:00,35893.44,36433.32,35473.82,36167.76,1509.5134
2021-06-06T16:00:00,36166.48,36323.78,35727.45,35764.04,1008.6104
2021-06-06T20:00:00,35768.49,36034.85,35258.00,35800.48,1881.1121
2021-06-07T00:00:00,35800.48,36812.39,35530.00,36396.12,2121.4008
2021-06-07T04:00:00,36396.12,36571.88,35861.54,36163.25,1286.8648
2021-06-07T08:00:00,36163.25,36620.20,35907.41,36395.00,1343.4420
2021-06-07T12:00:00,36395.00,36790.16,35865.81,36036.71,3626.9065
2021-06-07T16:00:00,36036.71,36088.61,35333.09,35641.05,3258.4065
2021-06-07T20:00:00,35634.46,35738.64,33333.00,33575.91,7360.6956
2021-06-08T00:00:00,33567.26,34069.00,32399.46,32847.19,7506.6413
2021-06-08T04:00:00,32847.19,33257.97,32177.00,32979.31,3726.0184
2021-06-08T08:00:00,32980.69,33356.39,32684.97,33128.46,2645.3713
2021-06-08T12:00:00,33123.94,33204.49,31004.95,31726.12,10559.4020
2021-06-08T16:00:00,31726.13,33036.49,31600.10,32909.62,6455.8326
2021-06-08T20:00:00,32909.61,33931.82,32703.40,33402.13,4044.2920
2021-06-09T00:00:00,33402.13,33561.10,32408.53,32886.62,3950.6013
2021-06-09T04:00:00,32883.30,34608.10,32560.55,34192.33,3728.2968
2021-06-09T08:00:00,34192.32,35075.00,33710.94,35010.40,2667.5973
2021-06-09T12:00:00,35017.72,36696.72,34608.83,36376.95,7491.8202
2021-06-09T16:00:00,36376.64,36950.00,35409.83,36301.70,4952.6761
2021-06-09T20:00:00,36304.66,37573.99,36149.36,37403.86,3249.9062
2021-06-10T00:00:00,37404.75,37685.00,36771.83,36988.79,2732.6109
2021-06-10T04:00:00,36985.35,37241.09,36555.00,36984.18,1629.8416
2021-06-10T08:00:00,36984.19,38425.67,36263.01,37843.95,3811.5217
2021-06-10T12:00:00,37843.96,38228.05,36664.41,36912.97,4401.1125
2021-06-10T16:00:00,36912.02,37163.54,36155.00,36697.68,4533.8698
2021-06-10T20:00:00,36697.68,37115.93,35800.00,36694.05,2744.8578
2021-06-11T00:00:00,36694.91,37273.42,35944.00,36783.02,2456.9459
2021-06-11T04:00:00,36776.01,37400.00,36415.42,37158.48,1599.8164
2021-06-11T08:00:00,37155.78,37695.00,36936.87,37395.87,1672.8385
2021-06-11T12:00:00,37398.31,37600.00,36763.73,36820.63,2920.8349
2021-06-11T16:00:00,36816.75,37397.28,36521.84,37256.95,2831.7354
2021-06-11T20:00:00,37256.94,37492.00,36793.86,37338.44,2660.0224
2021-06-12T00:00:00,37340.08,37448.00,35293.91,35599.18,4007.0585
2021-06-12T04:00:00,35599.18,35742.97,35000.00,35300.07,2688.3863
2021-06-12T08:00:00,35300.06,35885.90,34635.47,35627.18,2874.7970
2021-06-12T12:00:00,35636.11,36227.15,35359.33,35409.59,2388.2859
2021-06-12T16:00:00,35409.58,36010.03,35322.54,35747.55,1372.1644
2021-06-12T20:00:00,35747.55,36138.70,35426.28,35557.33,1185.8536
2021-06-13T00:00:00,35557.32,35949.49,34840.00,34880.01,1689.4770
2021-06-13T04:00:00,34880.01,35499.76,34780.57,35281.57,1402.6514
2021-06-13T08:00:00,35281.52,36098.00,35186.14,35914.04,1015.3292
2021-06-13T12:00:00,35912.53,36159.10,35686.62,36047.52,1172.6948
2021-06-13T16:00:00,36047.52,37765.00,36000.00,37669.98,4066.9793
2021-06-13T20:00:00,37669.99,39396.00,37661.35,39015.24,6401.8302
2021-06-14T00:00:00,39015.24,39847.57,38744.83,38986.21,3342.5045
2021-06-14T04:00:00,38986.21,39708.00,38800.69,39564.29,1912.0400
2021-06-14T08:00:00,39564.30,39641.32,38928.57,39166.15,1994.9477
2021-06-14T12:00:00,39166.16,41076.03,39041.17,40682.32,7017.2423
2021-06-14T16:00:00,40682.32,40743.85,39314.33,39718.78,4656.1953
2021-06-14T20:00:00,39720.99,40611.87,39628.54,40539.47,2993.9143
2021-06-15T00:00:00,40537.93,40850.00,39860.99,40430.01,2472.6549
2021-06-15T04:00:00,40430.01,40602.72,40112.78,40389.89,1258.0760
2021-06-15T08:00:00,40389.89,40420.17,39563.04,39838.73,1912.3496
2021-06-15T12:00:00,39838.74,40448.64,39728.08,40053.61,3544.5336
2021-06-15T16:00:00,40054.95,41322.55,39771.01,39962.73,5587.6179
2021-06-15T20:00:00,39962.83,40382.25,39510.98,40162.37,2245.4709
2021-06-16T00:00:00,40158.06,40180.08,39612.00,40026.04,1528.5642
2021-06-16T04:00:00,40024.77,40499.00,39861.33,40133.14,1664.2057
2021-06-16T08:00:00,40133.14,40257.45,38929.22,39098.92,1955.6193
2021-06-16T12:00:00,39092.65,39518.10,38575.00,38789.35,3540.8395
2021-06-16T16:00:00,38779.00,39706.60,38328.15,38668.76,5603.6833
2021-06-16T20:00:00,38667.95,38927.86,38105.00,38351.00,2945.6633
2021-06-17T00:00:00,38351.00,39133.37,38200.04,38883.91,2413.0493
2021-06-17T04:00:00,38880.64,39399.56,38658.55,39206.58,1909.3354
2021-06-17T08:00:00,39206.59,39554.98,39080.82,39153.80,1339.5595
2021-06-17T12:00:00,39153.79,39192.86,38444.18,39019.99,2639.7709
2021-06-17T16:00:00,39019.99,39117.98,37525.00,37707.30,4638.9440
2021-06-17T20:00:00,37703.84,38240.00,37365.63,38095.17,3029.6913
2021-06-18T00:00:00,38103.94,38216.22,37223.32,37943.40,2800.9525
2021-06-18T04:00:00,37940.53,38137.41,37402.16,37726.39,1974.9466
2021-06-18T08:00:00,37726.39,38018.29,37050.00,37833.16,2501.5615
2021-06-18T12:00:00,37834.11,37950.43,36346.01,36360.49,4911.0689
2021-06-18T16:00:00,36365.12,36743.98,35153.16,35343.85,7023.2988
2021-06-18T20:00:00,35342.36,35933.00,35250.00,35841.81,4260.5490
2021-06-19T00:00:00,35840.96,36342.28,34833.26,35138.12,3992.3740
2021-06-19T04:00:00,35139.99,35867.11,34969.40,35807.99,2395.5249
2021-06-19T08:00:00,35804.61,36000.00,35589.97,35941.60,2477.2677
2021-06-19T12:00:00,35945.91,36457.18,35575.06,36127.29,3271.0947
2021-06-19T16:00:00,36127.20,36220.25,35384.51,35953.58,2592.9609
2021-06-19T20:00:00,35956.24,36192.41,35386.91,35484.79,2071.8646
2021-06-20T00:00:00,35484.80,35802.25,35111.00,35530.71,1964.6009
2021-06-20T04:00:00,35530.71,35909.55,35351.26,35638.66,1681.3044
2021-06-20T08:00:00,35632.22,35669.71,33670.00,33876.48,4643.5788
2021-06-20T12:00:00,33876.49,34666.00,33347.05,34416.13,4679.4768
2021-06-20T16:00:00,34416.13,35644.61,34293.77,35481.08,3064.8272
2021-06-20T20:00:00,35490.91,36139.73,35368.00,35585.78,3366.2864
2021-06-21T00:00:00,35585.79,35741.54,34607.98,34630.85,2729.1679
2021-06-21T04:00:00,34627.98,34700.00,32311.11,33039.40,7660.8602
2021-06-21T08:00:00,33039.40,33553.77,31700.00,32531.61,9285.5710
2021-06-21T12:00:00,32531.62,33500.00,31951.95,32683.01,8221.7969
2021-06-21T16:00:00,32683.01,32981.17,32045.06,32590.00,6394.2148
2021-06-21T20:00:00,32590.00,32804.12,31259.00,31609.82,7012.7884
2021-06-22T00:00:00,31609.82,33261.29,31160.00,33030.69,6424.2363
2021-06-22T04:00:00,33026.43,33107.75,32472.63,32603.11,1857.9534
2021-06-22T08:00:00,32603.12,32603.12,31150.00,31213.44,4288.2627
2021-06-22T12:00:00,31213.87,32065.81,28800.00,31711.38,23072.2581
2021-06-22T16:00:00,31711.38,33352.00,31634.09,32421.64,9377.6674
2021-06-22T20:00:00,32421.62,32986.60,32154.11,32538.37,3388.7954
2021-06-23T00:00:00,32538.90,34399.00,31708.03,33999.91,6603.9212
2021-06-23T04:00:00,33991.02,34400.00,33611.01,33994.12,2445.0051
2021-06-23T08:00:00,33994.11,34513.00,33677.90,33934.75,2385.7877
2021-06-23T12:00:00,33936.06,34881.02,33360.43,33503.51,5617.1271
2021-06-23T16:00:00,33503.56,33972.78,32879.00,32882.93,3531.2615
2021-06-23T20:00:00,32882.93,33805.23,32739.15,33688.35,2541.7100
2021-06-24T00:00:00,33688.51,33875.14,32300.00,32597.83,3262.7037
2021-06-24T04:00:00,32597.82,33240.00,32321.16,32842.34,1650.7348
2021-06-24T08:00:00,32842.33,33901.09,32826.91,33853.52,1274.7424
2021-06-24T12:00:00,33853.52,34600.00,33760.00,33896.07,4014.7634
2021-06-24T16:00:00,33896.07,35295.67,33775.00,34863.17,4621.8752
2021-06-24T20:00:00,34863.17,34981.81,34512.40,34654.58,2044.1215
2021-06-25T00:00:00,34654.87,35500.00,34255.48,35073.58,3067.2143
2021-06-25T04:00:00,35065.93,35098.00,33969.00,34300.58,2709.3912
2021-06-25T08:00:00,34285.57,34469.16,33275.00,33313.52,2745.2888
2021-06-25T12:00:00,33324.34,33612.14,32350.00,32591.25,6726.1772
2021-06-25T16:00:00,32591.25,32881.91,31501.00,32236.66,7367.0115
2021-06-25T20:00:00,32236.59,32369.48,31300.00,31594.63,3890.1098
2021-06-26T00:00:00,31594.62,32280.00,31323.00,31983.39,2320.5829
2021-06-26T04:00:00,31984.95,32711.68,30662.00,30728.43,2383.2673
2021-06-26T08:00:00,30728.42,31891.16,30173.49,31791.50,3629.8358
2021-06-26T12:00:00,31787.98,31991.16,30513.97,31523.75,3690.0186
2021-06-26T16:00:00,31529.73,31908.10,30775.50,31576.44,3447.3441
2021-06-26T20:00:00,31576.43,32294.16,30900.00,32275.19,2828.3385
2021-06-27T00:00:00,32267.59,33213.34,32002.21,33158.02,3469.5484
2021-06-27T04:00:00,33158.02,33500.00,32816.32,33301.37,1756.1768
2021-06-27T08:00:00,33304.18,33461.23,32356.35,33250.08,1665.0876
2021-06-27T12:00:00,33254.78,33590.61,32713.83,33210.70,1838.5677
2021-06-27T16:00:00,33210.70,33409.39,32569.00,32825.09,1735.0158
2021-06-27T20:00:00,32823.45,34749.00,32430.00,34709.23,3964.5335
2021-06-28T00:00:00,34708.53,34999.97,34226.54,34400.00,2882.5200
2021-06-28T04:00:00,34400.00,35301.43,34300.00,35036.19,2164.3717
2021-06-28T08:00:00,35036.19,35183.74,33930.61,34116.30,1850.7916
2021-06-28T12:00:00,34116.30,34988.88,33864.99,34988.86,3026.1035
2021-06-28T16:00:00,34988.86,35034.95,33973.16,34460.80,3098.5147
2021-06-28T20:00:00,34460.81,34818.00,34128.00,34493.22,1897.9632
2021-06-29T00:00:00,34493.22,35140.00,34233.35,34598.74,2428.5170
2021-06-29T04:00:00,34579.20,35438.14,34551.01,34862.52,1913.8822
2021-06-29T08:00:00,34861.41,35753.19,34742.07,35577.89,2107.8003
2021-06-29T12:00:00,35575.65,36449.98,35361.16,36250.00,5296.8891
2021-06-29T16:00:00,36250.00,36675.00,36065.01,36419.73,3610.6640
2021-06-29T20:00:00,36410.42,36485.00,35718.87,35904.28,2559.8457
2021-06-30T00:00:00,35906.17,36094.42,34994.17,35117.53,2976.7283
2021-06-30T04:00:00,35117.53,35289.00,34665.01,35255.60,1973.0671
2021-06-30T08:00:00,35255.59,35333.00,34430.95,34860.60,2371.3206
2021-06-30T12:00:00,34862.17,35033.11,34081.00,34195.80,3277.5844
2021-06-30T16:00:00,34196.75,34908.86,34033.00,34764.81,3740.4432
2021-06-30T20:00:00,34763.47,35219.14,34382.40,35060.00,2361.5795
2021-07-01T00:00:00,35060.00,35066.54,34131.07,34131.07,1834.6143
2021-07-01T04:00:00,34131.07,34474.15,33331.08,33362.10,1854.4200
2021-07-01T08:00:00,33362.09,33746.90,33001.00,33728.43,1887.2361
2021-07-01T12:00:00,33713.23,33856.31,33053.76,33446.70,2626.2162
2021-07-01T16:00:00,33446.69,33660.54,32703.48,33100.01,3183.3054
2021-07-01T20:00:00,33100.00,33648.56,33100.00,33516.11,1825.1590
2021-07-02T00:00:00,33510.93,33972.06,32786.40,32924.35,1892.4146
2021-07-02T04:00:00,32920.91,33497.42,32704.73,33364.60,1346.4075
2021-07-02T08:00:00,33364.60,33600.00,32761.64,33020.35,1567.9106
2021-07-02T12:00:00,33020.34,33732.58,32865.21,33706.01,3490.5976
2021-07-02T16:00:00,33706.01,33789.47,33121.96,33342.19,2176.9910
2021-07-02T20:00:00,33347.08,33905.00,33066.21,33805.02,1291.3326
2021-07-03T00:00:00,33805.01,33922.34,33320.00,33521.99,1029.8195
2021-07-03T04:00:00,33521.99,34664.56,33458.92,34500.25,1064.5491
2021-07-03T08:00:00,34500.26,34768.75,34410.01,34610.50,992.7541
2021-07-03T12:00:00,34611.38,34811.80,34481.41,34630.30,1122.4355
2021-07-03T16:00:00,34630.29,34953.07,34500.00,34755.77,905.3117
2021-07-03T20:00:00,34755.83,34909.72,34235.81,34682.16,1082.9313
2021-07-04T00:00:00,34685.03,34779.43,34390.53,34653.59,687.9341
2021-07-04T04:00:00,34653.61,35726.91,34646.57,35595.47,1305.6714
2021-07-04T08:00:00,35593.05,35679.32,35362.06,35522.51,982.8729
2021-07-04T12:00:00,35522.04,35571.06,35227.00,35506.24,839.3253
2021-07-04T16:00:00,35506.24,35694.52,35386.23,35586.72,942.4724
2021-07-04T20:00:00,35586.72,35951.00,35218.01,35284.05,1465.7544
2021-07-05T00:00:00,35284.06,35290.82,34205.00,34355.18,1986.1716
2021-07-05T04:00:00,34350.30,34416.39,34034.34,34269.39,1107.2227
2021-07-05T08:00:00,34269.39,34556.19,33333.00,33380.10,1699.3193
2021-07-05T12:00:00,33390.01,33781.06,33321.00,33602.84,1964.7591
2021-07-05T16:00:00,33605.42,34278.13,33156.86,34131.57,1630.5688
2021-07-05T20:00:00,34131.57,34219.27,33683.11,33697.78,1219.5648
2021-07-06T00:00:00,33697.78,34173.29,33655.15,33935.38,781.0465
2021-07-06T04:00:00,33933.66,34948.12,33928.09,34869.64,1370.2630
2021-07-06T08:00:00,34869.64,35100.00,33759.46,34082.58,1669.1911
2021-07-06T12:00:00,34081.07,34521.36,33300.00,34047.00,3173.2911
2021-07-06T16:00:00,34051.33,34177.00,33526.05,34032.84,2117.0455
2021-07-06T20:00:00,34032.84,34331.39,33650.00,34225.73,1202.1764
2021-07-07T00:00:00,34225.72,34553.00,33960.36,34460.01,1196.1895
2021-07-07T04:00:00,34460.01,34926.00,34396.78,34730.20,1295.5677
2021-07-07T08:00:00,34731.75,34995.00,34473.68,34847.61,911.9008
2021-07-07T12:00:00,34847.62,35077.46,34481.59,34525.72,2073.8403
2021-07-07T16:00:00,34525.72,34806.95,34411.04,34638.28,1807.8149
2021-07-07T20:00:00,34634.97,34634.97,33770.01,33878.56,2119.5849
2021-07-08T00:00:00,33879.50,33934.62,33073.07,33324.82,2905.6042
2021-07-08T04:00:00,33322.77,33500.00,32300.00,32505.02,3338.8495
2021-07-08T08:00:00,32498.77,32747.44,32111.00,32708.09,1764.9794
2021-07-08T12:00:00,32709.40,32991.35,32351.27,32918.74,3005.1605
2021-07-08T16:00:00,32915.94,33195.59,32655.00,33012.61,1830.6589
2021-07-08T20:00:00,33012.61,33078.09,32510.74,32875.95,1302.1000
2021-07-09T00:00:00,32875.95,33097.63,32255.24,32944.28,1651.5200
2021-07-09T04:00:00,32942.64,33310.52,32751.26,32915.98,1134.5539
2021-07-09T08:00:00,32915.99,33061.46,32619.86,32785.46,685.0743
2021-07-09T12:00:00,32785.89,33685.68,32644.33,33552.82,2023.9180
2021-07-09T16:00:00,33556.43,33699.99,33280.00,33455.45,1249.1775
2021-07-09T20:00:00,33455.46,34100.00,33371.40,33824.26,1576.6627
2021-07-10T00:00:00,33824.25,34267.14,33644.71,33810.07,959.7616
2021-07-10T04:00:00,33805.06,33916.94,33476.53,33770.62,509.3941
2021-07-10T08:00:00,33770.62,33935.47,33567.37,33796.36,552.0283
2021-07-10T12:00:00,33796.36,33935.47,33645.55,33876.80,589.6169
2021-07-10T16:00:00,33877.35,34189.74,33232.00,33419.23,1203.5608
2021-07-10T20:00:00,33419.23,33709.74,33027.83,33515.35,1091.8840
2021-07-11T00:00:00,33515.35,33805.15,33406.10,33462.06,943.3011
2021-07-11T04:00:00,33460.40,33649.76,33333.33,33513.92,488.6472
2021-07-11T08:00:00,33516.19,33852.87,33435.29,33822.86,1003.7737
2021-07-11T12:00:00,33828.57,34000.00,33663.21,33957.11,904.8431
2021-07-11T16:00:00,33953.45,34100.00,33787.07,33911.28,1406.6443
2021-07-11T20:00:00,33906.11,34607.37,33731.99,34259.23,2275.8556
2021-07-12T00:00:00,34259.22,34534.03,34029.77,34457.24,1089.2700
2021-07-12T04:00:00,34457.25,34670.00,34170.47,34283.96,1111.2929
2021-07-12T08:00:00,34283.95,34479.42,33538.18,33538.18,1417.4378
2021-07-12T12:00:00,33538.18,33631.07,33313.52,33339.28,1881.9906
2021-07-12T16:00:00,33339.28,33429.47,32750.00,32823.80,2554.1258
2021-07-12T20:00:00,32812.48,33299.57,32665.00,33091.10,2091.1233
2021-07-13T00:00:00,33077.43,33241.99,32843.42,33083.91,1006.9507
2021-07-13T04:00:00,33083.90,33327.00,32755.82,33184.60,827.5241
2021-07-13T08:00:00,33184.60,33337.61,32939.59,33044.35,855.2101
2021-07-13T12:00:00,33046.91,33046.92,32300.00,32795.95,3047.8000
2021-07-13T16:00:00,32798.53,32940.73,32224.62,32297.86,2194.0390
2021-07-13T20:00:00,32297.87,32742.97,32201.12,32734.14,1546.5182
2021-07-14T00:00:00,32734.14,32812.92,31658.47,31841.70,2584.6948
2021-07-14T04:00:00,31841.69,32022.05,31677.00,31926.30,1238.1228
2021-07-14T08:00:00,31926.29,32687.91,31600.00,32456.93,1488.8020
2021-07-14T12:00:00,32459.92,32979.07,32300.00,32787.95,2221.5087
2021-07-14T16:00:00,32792.63,33125.55,32570.00,32724.83,1771.5271
2021-07-14T20:00:00,32724.83,33060.59,32683.16,32816.39,1050.6632
2021-07-15T00:00:00,32815.75,33187.60,32643.24,32643.25,1122.9300
2021-07-15T04:00:00,32643.24,32692.15,32343.34,32464.92,1039.6614
2021-07-15T08:00:00,32464.91,32603.18,31795.14,31871.41,1597.9131
2021-07-15T12:00:00,31871.41,32159.96,31478.41,31674.82,2876.4549
2021-07-15T16:00:00,31674.81,31777.00,31064.77,31532.64,3391.3302
2021-07-15T20:00:00,31533.98,31887.85,31512.23,31868.68,1245.3222
2021-07-16T00:00:00,31872.49,32042.62,31400.00,31918.11,1354.1155
2021-07-16T04:00:00,31918.11,32024.82,31560.01,31794.53,791.2588
2021-07-16T08:00:00,31790.51,31802.28,31025.42,31087.95,1285.7572
2021-07-16T12:00:00,31083.29,32200.00,31064.74,32150.49,2520.3339
2021-07-16T16:00:00,32150.49,32259.16,31832.43,31902.82,2696.8539
2021-07-16T20:00:00,31906.18,31980.95,31351.92,31388.06,1358.1586
2021-07-17T00:00:00,31389.57,31649.00,31179.01,31309.99,1394.5181
2021-07-17T04:00:00,31309.99,31598.16,31200.00,31521.03,749.5898
2021-07-17T08:00:00,31521.03,31949.99,31258.91,31397.97,853.4623
2021-07-17T12:00:00,31403.05,31783.99,31346.22,31775.54,849.3148
2021-07-17T16:00:00,31775.54,31931.93,31555.02,31851.38,920.7364
2021-07-17T20:00:00,31852.29,31910.22,31505.34,31533.91,927.9527
2021-07-18T00:00:00,31533.90,32450.00,31483.75,32172.69,1291.1028
2021-07-18T04:00:00,32172.69,32194.80,31692.47,31715.50,542.4179
2021-07-18T08:00:00,31715.49,31859.01,31585.00,31810.99,495.6375
2021-07-18T12:00:00,31810.98,31856.28,31125.60,31382.62,1087.3384
2021-07-18T16:00:00,31390.00,31771.16,31315.52,31654.07,672.2879
2021-07-18T20:00:00,31654.07,31923.58,31444.85,31788.25,917.6987
2021-07-19T00:00:00,31786.37,31850.00,31440.44,31551.48,826.3521
2021-07-19T04:00:00,31551.48,31887.82,31524.67,31605.64,785.8488
2021-07-19T08:00:00,31605.63,31669.40,31177.12,31268.38,1081.3044
2021-07-19T12:00:00,31270.40,31361.86,30429.99,30668.48,5270.3277
2021-07-19T16:00:00,30668.48,30849.16,30539.13,30738.97,1847.0934
2021-07-19T20:00:00,30738.97,30990.00,30696.94,30842.03,1216.0789
2021-07-20T00:00:00,30842.04,31052.65,29511.91,29609.65,5092.2198
2021-07-20T04:00:00,29615.66,29945.00,29507.80,29830.54,2977.0119
2021-07-20T08:00:00,29830.53,29892.62,29301.56,29706.00,2465.0081
2021-07-20T12:00:00,29706.00,30000.00,29305.00,29908.28,3796.6727
2021-07-20T16:00:00,29905.50,30000.00,29599.35,29785.71,2148.7734
2021-07-20T20:00:00,29786.94,29995.89,29500.00,29796.16,1634.4671
2021-07-21T00:00:00,29796.15,29906.81,29501.02,29850.67,1438.9889
2021-07-21T04:00:00,29839.81,30952.67,29830.02,30836.64,2363.6732
2021-07-21T08:00:00,30835.27,31658.00,30731.39,31557.68,1755.2672
2021-07-21T12:00:00,31557.67,31979.99,31428.00,31941.90,2751.9140
2021-07-21T16:00:00,31941.90,32825.00,31600.00,31631.40,5348.6416
2021-07-21T20:00:00,31627.35,32253.34,31525.61,32135.19,1939.9934
2021-07-22T00:00:00,32152.68,32381.35,31791.00,31940.40,1283.5152
2021-07-22T04:00:00,31937.59,32317.97,31867.31,32147.09,886.8107
2021-07-22T08:00:00,32147.09,32255.25,31729.68,31921.90,1029.9023
2021-07-22T12:00:00,31921.90,32584.30,31736.97,32528.55,2075.8844
2021-07-22T16:00:00,32528.55,32611.84,32230.44,32389.00,1547.0894
2021-07-22T20:00:00,32389.00,32493.33,32051.88,32287.74,881.4383
2021-07-23T00:00:00,32287.75,32780.00,32206.40,32609.08,1616.3354
2021-07-23T04:00:00,32609.09,32917.39,32374.63,32496.00,1068.4860
2021-07-23T08:00:00,32496.57,32553.33,32227.10,32318.00,701.2519
2021-07-23T12:00:00,32318.01,32603.00,32253.14,32323.00,1559.0218
2021-07-23T16:00:00,32323.00,32343.37,32000.00,32267.87,1402.6019
2021-07-23T20:00:00,32267.86,33647.27,32160.08,33647.26,2657.1455
2021-07-24T00:00:00,33647.27,33795.41,33424.70,33688.78,1382.2778
2021-07-24T04:00:00,33694.34,33947.64,33600.00,33833.25,756.3764
2021-07-24T08:00:00,33833.24,34056.41,33555.00,33902.04,1091.9971
2021-07-24T12:00:00,33902.05,34075.06,33763.98,33900.00,1451.8940
2021-07-24T16:00:00,33889.95,34525.00,33754.29,33883.00,3113.0789
2021-07-24T20:00:00,33869.69,34313.66,33700.00,34283.01,2069.1282
2021-07-25T00:00:00,34291.67,34476.67,33895.56,34192.28,2091.4765
2021-07-25T04:00:00,34192.29,34810.07,34100.00,34721.35,1080.9095
2021-07-25T08:00:00,34721.35,34837.08,34301.81,34420.68,696.7876
2021-07-25T12:00:00,34420.67,34445.19,33888.89,34204.81,1524.4363
2021-07-25T16:00:00,34204.81,34628.63,34119.16,34392.24,1323.0278
2021-07-25T20:00:00,34387.77,35451.04,34329.01,35428.26,2717.9924
2021-07-26T00:00:00,35428.25,39770.00,35251.54,38309.68,11788.3947
2021-07-26T04:00:00,38305.43,39279.43,37825.79,38185.15,3821.0866
2021-07-26T08:00:00,38185.15,38767.39,37675.81,38514.57,3626.5363
2021-07-26T12:00:00,38515.84,38910.69,37888.09,38575.07,5467.3076
2021-07-26T16:00:00,38569.01,40593.93,38503.07,39362.00,7520.5273
2021-07-26T20:00:00,39353.49,39485.71,36774.45,37262.77,8130.6931
2021-07-27T00:00:00,37262.76,37531.44,36413.26,36852.69,4996.3922
2021-07-27T04:00:00,36852.69,37368.24,36708.48,37153.38,2702.9705
2021-07-27T08:00:00,37153.38,38114.34,37009.32,38096.56,2836.5506
2021-07-27T12:00:00,38096.56,38788.35,37750.00,38212.73,5022.0920
2021-07-27T16:00:00,38212.73,38316.47,37371.12,37822.05,4759.8057
2021-07-27T20:00:00,37822.05,39550.00,37822.04,39470.48,4391.2933
2021-07-28T00:00:00,39475.99,40352.00,38935.00,39848.54,5808.4375
2021-07-28T04:00:00,39840.54,40210.00,39251.00,39915.35,3903.4917
2021-07-28T08:00:00,39915.36,40925.56,39391.00,40788.24,3534.4206
2021-07-28T12:00:00,40787.56,40900.00,39362.89,39714.53,5121.8811
2021-07-28T16:00:00,39714.53,40691.24,38803.34,40415.00,6244.5141
2021-07-28T20:00:00,40415.60,40415.71,39600.00,40035.10,2585.5886
2021-07-29T00:00:00,40035.10,40275.53,39229.47,39632.55,2323.6285
2021-07-29T04:00:00,39638.60,40268.73,39519.29,39959.49,1453.8767
2021-07-29T08:00:00,39968.23,40644.85,39530.45,39791.21,1518.3952
2021-07-29T12:00:00,39786.70,40164.79,39400.49,39959.93,1825.6091
2021-07-29T16:00:00,39959.92,40181.82,39402.51,39689.65,2073.1800
2021-07-29T20:00:00,39681.10,40417.97,39520.00,40039.44,1827.7355
2021-07-30T00:00:00,40039.44,40258.25,39768.63,39981.86,1535.0978
2021-07-30T04:00:00,39981.85,40050.42,39605.00,39737.37,1066.5044
2021-07-30T08:00:00,39737.10,39785.73,38342.00,38669.58,2579.1218
2021-07-30T12:00:00,38668.48,39173.00,38601.10,39097.10,2324.5397
2021-07-30T16:00:00,39097.10,39902.49,38886.00,39895.01,1506.3547
2021-07-30T20:00:00,39883.03,42320.57,39745.01,42237.95,6051.6160
2021-07-31T00:00:00,42233.66,42414.61,41641.89,41840.33,2546.4065
2021-07-31T04:00:00,41835.61,41894.12,41211.00,41553.97,1218.5376
2021-07-31T08:00:00,41556.75,42000.00,41375.20,41606.36,962.8036
2021-07-31T12:00:00,41605.66,41741.95,41141.56,41569.62,1412.2499
2021-07-31T16:00:00,41569.62,41625.90,41064.11,41334.92,986.0923
2021-07-31T20:00:00,41331.48,41999.00,41170.99,41495.01,2225.8530
2021-08-01T00:00:00,41499.00,42605.64,41150.00,42468.51,2236.1770
2021-08-01T04:00:00,42468.52,42468.52,41620.84,41718.85,1227.7483
2021-08-01T08:00:00,41718.85,41966.21,41349.73,41610.32,707.5093
2021-08-01T12:00:00,41610.31,41826.28,41171.93,41300.32,1035.5807
2021-08-01T16:00:00,41300.32,41493.71,40608.53,41269.01,2311.9761
2021-08-01T20:00:00,41270.61,41517.00,39426.00,39865.41,3098.6815
2021-08-02T00:00:00,39859.18,40108.14,39241.50,39797.25,2322.3412
2021-08-02T04:00:00,39797.28,40459.68,39592.02,40126.42,1228.1861
2021-08-02T08:00:00,40126.41,40173.45,39324.37,39553.22,1861.1663
2021-08-02T12:00:00,39553.25,39826.27,38931.08,39706.88,2530.2643
2021-08-02T16:00:00,39706.88,39976.70,39013.83,39170.03,2057.2564
2021-08-02T20:00:00,39170.03,39543.76,38690.00,39149.59,2380.1979
2021-08-03T00:00:00,39149.59,39785.30,38512.01,38651.37,2514.8814
2021-08-03T04:00:00,38654.90,38821.66,37980.00,38601.15,2906.0323
2021-08-03T08:00:00,38601.07,38813.33,38325.14,38481.22,1058.8920
2021-08-03T12:00:00,38485.80,38709.00,37700.00,38169.00,3386.9622
2021-08-03T16:00:00,38169.00,38530.13,37627.21,37998.98,3015.3358
2021-08-03T20:00:00,37991.35,38624.74,37865.00,38191.44,2212.7138
2021-08-04T00:00:00,38189.40,38559.36,37887.08,37956.39,1759.4529
2021-08-04T04:00:00,37958.61,38196.23,37655.00,37809.06,1574.5536
2021-08-04T08:00:00,37810.27,38246.42,37509.00,38151.81,1664.1975
2021-08-04T12:00:00,38163.56,39470.00,38143.26,39308.62,4109.3440
2021-08-04T16:00:00,39308.62,39840.00,39232.39,39751.90,3559.9960
2021-08-04T20:00:00,39753.47,39965.10,39512.92,39722.41,2660.1321
2021-08-05T00:00:00,39718.90,39831.00,39166.13,39425.97,2530.6542
2021-08-05T04:00:00,39425.96,39517.41,38704.98,38851.78,2297.1592
2021-08-05T08:00:00,38850.27,38943.16,37819.84,38001.55,3371.9753
2021-08-05T12:00:00,38001.53,39384.61,37300.00,38780.70,6415.9044
2021-08-05T16:00:00,38774.83,41447.89,38759.92,40722.79,11732.4562
2021-08-05T20:00:00,40723.86,41310.00,40690.57,40888.74,2159.7061
2021-08-06T00:00:00,40888.73,41034.40,39928.64,40232.44,2448.5316
2021-08-06T04:00:00,40232.44,41191.62,39876.74,40739.23,2058.6495
2021-08-06T08:00:00,40736.29,41160.03,40413.57,40513.39,2470.8042
2021-08-06T12:00:00,40515.49,42400.00,40300.00,42231.19,5014.5004
2021-08-06T16:00:00,42232.56,43399.26,42232.56,42930.45,6433.6029
2021-08-06T20:00:00,42934.07,42992.48,42402.55,42869.58,1999.0259
2021-08-07T00:00:00,42869.59,43786.11,42607.00,43730.18,2988.4676
2021-08-07T04:00:00,43727.19,43974.00,43039.76,43240.77,1539.2898
2021-08-07T08:00:00,43240.77,44000.00,43135.65,43851.12,2516.3084
2021-08-07T12:00:00,43853.68,44600.00,43110.52,43412.62,5212.0449
2021-08-07T16:00:00,43412.62,44099.00,42457.27,43980.20,3825.9439
2021-08-07T20:00:00,43980.21,44750.00,43505.00,44637.34,3552.7401
2021-08-08T00:00:00,44628.11,44831.26,43778.28,44383.10,3391.5899
2021-08-08T04:00:00,44383.09,45363.83,44221.58,44869.67,2818.0964
2021-08-08T08:00:00,44869.66,45084.07,44138.51,44486.15,1373.0491
2021-08-08T12:00:00,44486.15,45222.03,43794.94,44032.00,2908.8178
2021-08-08T16:00:00,44032.00,44434.93,43282.70,43745.37,4483.0421
2021-08-08T20:00:00,43734.76,44624.89,43131.97,43829.14,3737.6762
2021-08-09T00:00:00,43829.15,44015.05,42821.30,43532.00,4799.9365
2021-08-09T04:00:00,43531.99,43868.63,43288.45,43840.24,1296.0584
2021-08-09T08:00:00,43835.75,46100.00,43636.57,45981.76,3369.1239
2021-08-09T12:00:00,45981.76,46297.42,45293.76,45909.16,3615.7327
2021-08-09T16:00:00,45912.12,46497.42,45729.35,46005.09,2575.7889
2021-08-09T20:00:00,46000.14,46440.72,44876.98,46285.48,3808.0847
2021-08-10T00:00:00,46280.00,46718.44,45641.61,45718.94,2340.3157
2021-08-10T04:00:00,45718.93,46040.00,45330.99,45964.06,1093.5400
2021-08-10T08:00:00,45964.06,46180.25,45222.00,45364.45,1926.8509
2021-08-10T12:00:00,45369.31,46124.61,44900.00,45195.07,3415.7328
2021-08-10T16:00:00,45178.83,45596.53,44650.27,45521.19,2887.3679
2021-08-10T20:00:00,45521.19,45942.05,45246.17,45595.66,2092.6933
2021-08-11T00:00:00,45601.82,45990.00,45350.74,45587.39,1444.0035
2021-08-11T04:00:00,45587.39,46450.00,45460.36,46364.98,1616.8732
2021-08-11T08:00:00,46372.28,46610.00,45877.08,45947.07,1795.2714
2021-08-11T12:00:00,45949.99,46781.09,45844.02,46482.78,2546.1639
2021-08-11T16:00:00,46484.33,46612.48,46200.00,46465.01,1781.4136
2021-08-11T20:00:00,46465.01,46686.31,45553.49,45553.49,2444.5948
2021-08-12T00:00:00,45553.10,46223.95,45450.00,45947.47,1413.0076
2021-08-12T04:00:00,45946.48,46026.32,44863.35,45273.80,2421.1624
2021-08-12T08:00:00,45273.80,45675.99,44654.00,44767.76,1658.7030
2021-08-12T12:00:00,44767.75,44965.95,43900.00,44216.07,3133.5334
2021-08-12T16:00:00,44217.76,44568.23,43714.36,44409.21,2558.4362
2021-08-12T20:00:00,44409.22,44574.77,43899.75,44422.14,1984.9392
2021-08-13T00:00:00,44422.15,45400.00,44249.64,45179.82,1715.4235
2021-08-13T04:00:00,45179.81,46352.00,44929.89,46119.90,1593.3372
2021-08-13T08:00:00,46134.53,46572.71,45989.61,46170.99,1687.9857
2021-08-13T12:00:00,46170.99,46691.90,46145.78,46374.10,1720.0578
2021-08-13T16:00:00,46373.33,46641.19,46249.06,46484.01,1341.7823
2021-08-13T20:00:00,46484.01,47953.90,46426.80,47833.64,3736.3555
2021-08-14T00:00:00,47833.64,47859.98,47413.76,47571.31,1316.9277
2021-08-14T04:00:00,47571.31,47745.61,47465.71,47644.98,578.9044
2021-08-14T08:00:00,47644.98,48176.52,46034.93,46608.62,2375.5661
2021-08-14T12:00:00,46603.67,46987.03,46098.77,46980.39,1470.8121
2021-08-14T16:00:00,46980.39,47380.50,46644.44,47080.40,1036.1775
2021-08-14T20:00:00,47080.40,47248.93,46353.26,47109.65,1351.9799
2021-08-15T00:00:00,47109.64,47400.00,46847.13,46914.09,1049.6619
2021-08-15T04:00:00,46915.31,46927.14,45699.00,45779.25,1285.1218
2021-08-15T08:00:00,45778.44,46185.45,45609.86,45957.52,1002.9155
2021-08-15T12:00:00,45957.51,46548.01,45525.19,46199.83,1336.5278
2021-08-15T16:00:00,46199.84,46467.89,45668.23,46380.36,1329.9087
2021-08-15T20:00:00,46380.37,47340.57,46296.04,47014.49,1741.5664
2021-08-16T00:00:00,47014.38,48076.52,46804.52,47384.13,2712.3327
2021-08-16T04:00:00,47384.13,47743.55,47220.27,47332.57,788.0081
2021-08-16T08:00:00,47332.57,47681.59,47010.00,47554.29,746.8992
2021-08-16T12:00:00,47554.30,47724.05,45969.77,46369.52,2899.6491
2021-08-16T16:00:00,46369.52,46671.47,46056.79,46098.38,1469.4153
2021-08-16T20:00:00,46098.40,46352.43,45676.91,45902.46,1851.3559
2021-08-17T00:00:00,45903.22,46646.41,45259.00,46438.42,2072.0355
2021-08-17T04:00:00,46438.87,46609.60,45656.00,45958.64,1010.4951
2021-08-17T08:00:00,45958.41,47174.62,45895.82,46872.56,1209.2468
2021-08-17T12:00:00,46869.92,47100.06,45656.01,45720.14,2476.6248
2021-08-17T16:00:00,45728.45,46192.47,45275.34,45462.20,2769.0967
2021-08-17T20:00:00,45462.20,45555.75,44405.39,44671.58,3218.6489
2021-08-18T00:00:00,44675.34,45150.00,44216.47,45071.56,2444.7956
2021-08-18T04:00:00,45073.13,45511.14,44877.72,44967.20,1162.9186
2021-08-18T08:00:00,44959.34,45557.32,44661.87,44758.60,1004.6278
2021-08-18T12:00:00,44758.64,45845.00,44658.18,45835.43,1915.0052
2021-08-18T16:00:00,45841.33,46035.27,44783.57,44923.97,2177.2880
2021-08-18T20:00:00,44917.15,45200.00,44418.01,44707.98,1622.8636
2021-08-19T00:00:00,44709.10,45226.74,44051.09,44056.08,1639.7205
2021-08-19T04:00:00,44058.12,44666.57,43955.00,44666.57,1188.7738
2021-08-19T08:00:00,44666.57,44971.03,44202.26,44231.34,978.8723
2021-08-19T12:00:00,44231.34,45815.21,44141.80,45793.99,2644.7193
2021-08-19T16:00:00,45795.69,46759.00,45406.80,46706.00,3341.1935
2021-08-19T20:00:00,46708.80,47088.08,46346.05,46765.87,2144.8425
2021-08-20T00:00:00,46769.02,47396.00,46644.95,47049.21,2176.2752
2021-08-20T04:00:00,47048.19,47256.39,46704.79,46820.44,1307.0311
2021-08-20T08:00:00,46821.06,47366.44,46718.76,46931.01,1161.7708
2021-08-20T12:00:00,46929.52,48741.00,46891.03,48739.29,3447.6458
2021-08-20T16:00:00,48735.32,49129.00,48300.00,48706.49,2979.8171
2021-08-20T20:00:00,48706.48,49400.00,48631.44,49342.40,2112.1305
2021-08-21T00:00:00,49349.99,49389.02,48670.88,48855.00,1507.1344
2021-08-21T04:00:00,48854.99,49018.32,48589.00,48969.85,1446.1149
2021-08-21T08:00:00,48969.86,49426.66,48285.28,48552.01,1868.1193
2021-08-21T12:00:00,48554.70,49463.32,48500.00,49234.42,1595.0581
2021-08-21T16:00:00,49234.42,49821.92,48807.43,49012.38,2216.2935
2021-08-21T20:00:00,49012.38,49429.80,48855.02,48867.02,942.1159
2021-08-22T00:00:00,48870.21,49195.00,48650.03,48829.17,841.4295
2021-08-22T04:00:00,48828.90,49304.81,48820.30,49234.03,710.0003
2021-08-22T08:00:00,49231.53,49499.40,48954.27,49169.35,620.8988
2021-08-22T12:00:00,49169.36,49248.44,48102.89,48569.79,1717.2751
2021-08-22T16:00:00,48569.78,48869.82,48220.00,48698.83,1076.6625
2021-08-22T20:00:00,48696.69,49526.13,48286.43,49284.63,1277.1302
2021-08-23T00:00:00,49284.38,50400.00,49100.86,50296.32,2983.9712
2021-08-23T04:00:00,50299.96,50449.00,50010.00,50163.41,1322.1418
2021-08-23T08:00:00,50164.56,50505.00,50040.00,50431.57,1312.4994
2021-08-23T12:00:00,50431.56,50491.44,49303.99,49554.72,2315.3804
2021-08-23T16:00:00,49554.73,49810.00,49092.04,49251.65,1568.2421
2021-08-23T20:00:00,49257.02,49741.00,49012.84,49506.50,1322.0335
2021-08-24T00:00:00,49504.53,49703.96,48792.36,49360.56,1407.5735
2021-08-24T04:00:00,49360.56,49875.90,49201.00,49800.81,918.0609
2021-08-24T08:00:00,49800.80,49871.49,49098.39,49454.29,816.2161
2021-08-24T12:00:00,49454.30,49468.54,48212.00,48300.70,4325.3041
2021-08-24T16:00:00,48300.70,48432.28,47720.00,48251.58,3016.1899
2021-08-24T20:00:00,48260.61,48402.93,47600.00,47682.45,1584.9937
2021-08-25T00:00:00,47682.45,48300.00,47658.01,47996.77,1390.7868
2021-08-25T04:00:00,47993.41,48622.20,47902.05,48147.78,1135.3705
2021-08-25T08:00:00,48147.78,48166.67,47122.02,47580.56,1953.4163
2021-08-25T12:00:00,47580.58,48866.90,47334.42,48824.36,2096.8417
2021-08-25T16:00:00,48833.90,49175.00,48518.54,48659.54,1560.1630
2021-08-25T20:00:00,48658.81,49277.00,48625.00,48987.33,1152.6535
2021-08-26T00:00:00,48991.57,49365.10,47822.00,47924.73,1511.4218
2021-08-26T04:00:00,47929.29,48060.67,46578.00,46893.58,2928.1860
2021-08-26T08:00:00,46901.97,47216.29,46721.46,46860.55,1195.3226
2021-08-26T12:00:00,46856.37,47438.36,46315.48,46796.83,2561.3325
2021-08-26T16:00:00,46796.83,47130.66,46506.98,46937.10,1682.4009
2021-08-26T20:00:00,46937.09,47448.80,46823.15,46851.47,1772.6568
2021-08-27T00:00:00,46851.47,47675.92,46361.01,46833.77,1747.6108
2021-08-27T04:00:00,46830.49,47550.00,46589.52,47496.80,1059.5846
2021-08-27T08:00:00,47496.76,47790.95,47002.32,47470.67,1074.1449
2021-08-27T12:00:00,47469.74,48465.00,47057.10,48212.66,2414.4807
2021-08-27T16:00:00,48212.66,48572.42,48012.01,48328.91,1152.9515
2021-08-27T20:00:00,48327.39,49185.12,48186.09,49077.57,1475.3501
2021-08-28T00:00:00,49081.08,49309.83,48854.01,48873.84,1037.3792
2021-08-28T04:00:00,48873.84,49100.00,48664.74,48976.41,585.5702
2021-08-28T08:00:00,48976.41,49094.48,48670.86,48701.84,642.0006
2021-08-28T12:00:00,48701.85,48991.14,48370.00,48848.00,1073.3585
2021-08-28T16:00:00,48848.00,49193.35,48535.20,48682.90,888.4570
2021-08-28T20:00:00,48682.90,49010.18,48616.06,48942.94,668.9364
2021-08-29T00:00:00,48942.89,49667.10,48111.00,48259.01,2088.5550
2021-08-29T04:00:00,48259.00,48621.69,47801.00,48536.50,1110.2327
2021-08-29T08:00:00,48517.44,48696.06,48176.00,48183.60,650.7789
2021-08-29T12:00:00,48198.81,48574.45,48140.65,48516.71,779.5315
2021-08-29T16:00:00,48516.70,48906.74,48376.16,48828.65,926.2230
2021-08-29T20:00:00,48835.98,49418.80,48450.00,48802.58,1379.7740
2021-08-30T00:00:00,48802.58,48906.51,47835.94,47993.26,1952.4378
2021-08-30T04:00:00,47996.61,48160.08,47634.42,47963.54,1811.9495
2021-08-30T08:00:00,47963.55,48228.59,47655.36,47931.11,1161.9026
2021-08-30T12:00:00,47931.11,48116.76,47400.00,48050.00,2078.8530
2021-08-30T16:00:00,48050.01,48646.57,48000.00,48646.00,1915.4216
2021-08-30T20:00:00,48645.98,48718.00,46866.00,46993.71,3328.6730
2021-08-31T00:00:00,46996.80,47213.63,46708.93,47153.14,2186.4869
2021-08-31T04:00:00,47154.80,47913.99,46834.36,47779.06,1745.7026
2021-08-31T08:00:00,47779.06,48089.25,47150.00,47988.00,2247.5983
2021-08-31T12:00:00,47988.00,48259.68,47166.70,47406.68,2859.9191
2021-08-31T16:00:00,47406.68,47576.00,47000.97,47295.57,1886.5355
2021-08-31T20:00:00,47295.56,47419.82,46771.00,47112.50,1993.1972
2021-09-01T00:00:00,47110.33,47319.00,46537.62,47046.18,2248.0465
2021-09-01T04:00:00,47050.96,47498.00,46983.06,47189.26,1111.5527
2021-09-01T08:00:00,47184.36,47795.89,47124.60,47734.52,1425.6130
2021-09-01T12:00:00,47732.79,47855.62,47289.01,47513.78,2223.7652
2021-09-01T16:00:00,47511.52,49125.00,47422.37,48160.88,4510.1138
2021-09-01T20:00:00,48160.89,48893.76,48116.50,48839.86,1491.7472
2021-09-02T00:00:00,48834.27,49910.77,48620.73,49579.14,3312.5651
2021-09-02T04:00:00,49579.49,50377.49,49321.53,49883.75,2361.6275
2021-09-02T08:00:00,49883.76,50226.14,49586.24,50101.05,1748.7104
2021-09-02T12:00:00,50099.05,50392.19,49300.00,49568.20,2943.4147
2021-09-02T16:00:00,49567.12,49760.00,49215.22,49347.59,2110.4355
2021-09-02T20:00:00,49347.59,49873.01,49200.75,49279.37,1643.6295
2021-09-03T00:00:00,49279.38,49528.48,48349.66,49503.98,2503.9826
2021-09-03T04:00:00,49508.79,49747.95,49227.12,49315.15,906.9503
2021-09-03T08:00:00,49313.98,50500.00,49265.92,50183.06,2647.8857
2021-09-03T12:00:00,50188.82,51064.44,49918.15,50584.92,4099.6692
2021-09-03T16:00:00,50584.92,50750.00,50241.33,50541.89,1910.7606
2021-09-03T20:00:00,50550.82,50551.50,49590.00,50025.00,2507.9779
2021-09-04T00:00:00,50025.00,50370.72,49597.49,50298.36,1627.9369
2021-09-04T04:00:00,50303.70,50483.39,50130.01,50203.64,658.3336
2021-09-04T08:00:00,50204.25,50558.75,49714.85,49937.82,1315.1497
2021-09-04T12:00:00,49933.33,50348.23,49772.07,49908.59,1370.9846
2021-09-04T16:00:00,49910.57,50077.00,49400.00,50015.01,1632.2054
2021-09-04T20:00:00,50015.01,50297.63,49756.00,49942.98,990.8780
2021-09-05T00:00:00,49944.89,50336.02,49696.27,49699.19,983.3962
2021-09-05T04:00:00,49699.19,50076.00,49500.00,49889.99,772.9006
2021-09-05T08:00:00,49885.57,50432.63,49834.24,50226.87,818.0123
2021-09-05T12:00:00,50226.86,50502.52,50052.02,50244.18,1094.6593
2021-09-05T16:00:00,50244.70,50899.83,50143.89,50699.99,1333.3164
2021-09-05T20:00:00,50699.99,51907.08,50659.07,51789.17,2741.6499
2021-09-06T00:00:00,51789.17,51961.88,51476.65,51629.96,1415.4716
2021-09-06T04:00:00,51629.95,52000.00,51590.61,51824.81,912.6125
2021-09-06T08:00:00,51824.81,52219.95,51323.88,51428.01,1502.3321
2021-09-06T12:00:00,51424.21,51741.55,51020.08,51620.01,1810.8089
2021-09-06T16:00:00,51622.14,52084.37,51501.00,51747.04,1514.1056
2021-09-06T20:00:00,51746.45,52802.03,51661.32,52698.81,2416.4239
2021-09-07T00:00:00,52698.80,52944.96,52400.00,52675.61,2024.7570
2021-09-07T04:00:00,52673.09,52750.00,52092.90,52350.85,1396.2790
2021-09-07T08:00:00,52354.86,52375.15,50534.41,50958.64,3294.2534
2021-09-07T12:00:00,50957.40,51128.43,42830.77,46755.60,10717.9304
2021-09-07T16:00:00,46755.60,47639.25,46001.00,46710.51,7516.2953
2021-09-07T20:00:00,46709.91,47200.21,46100.00,46894.50,4073.3003
2021-09-08T00:00:00,46894.49,47381.47,46265.76,46481.83,3404.0904
2021-09-08T04:00:00,46480.20,47333.00,45000.00,45075.97,3977.7911
2021-09-08T08:00:00,45093.13,46792.68,44423.49,46426.09,3335.2515
2021-09-08T12:00:00,46426.10,46835.71,45661.53,46094.73,4124.2686
2021-09-08T16:00:00,46095.96,46560.27,45764.08,46453.95,2676.1274
2021-09-08T20:00:00,46453.95,46785.21,45829.44,46060.36,2107.0218
2021-09-09T00:00:00,46059.94,46398.13,45511.82,46005.34,2100.6739
2021-09-09T04:00:00,46004.57,46362.45,45889.10,46280.67,1094.0907
2021-09-09T08:00:00,46280.66,46555.64,45906.07,46320.66,1960.6041
2021-09-09T12:00:00,46319.11,47239.97,45640.00,47014.18,3700.7329
2021-09-09T16:00:00,47014.18,47400.00,46471.97,46580.14,2918.5266
2021-09-09T20:00:00,46573.60,46650.00,46080.35,46400.00,1817.8973
2021-09-10T00:00:00,46396.26,47040.76,46268.41,46729.94,1804.5122
2021-09-10T04:00:00,46727.07,46822.86,45908.85,46171.23,1775.6266
2021-09-10T08:00:00,46171.23,46379.96,45650.00,46339.42,1966.7845
2021-09-10T12:00:00,46339.41,46490.80,44700.00,45426.72,4642.3624
2021-09-10T16:00:00,45428.40,45826.45,45315.70,45647.48,1796.2731
2021-09-10T20:00:00,45647.49,45829.63,44140.48,44851.45,2919.9892
2021-09-11T00:00:00,44850.37,45498.18,44730.29,45194.04,1495.3296
2021-09-11T04:00:00,45194.03,45459.17,44784.65,45035.19,905.6277
2021-09-11T08:00:00,45035.19,45720.18,44838.49,45555.15,677.5893
2021-09-11T12:00:00,45557.90,45781.85,45402.84,45595.37,994.1474
2021-09-11T16:00:00,45594.60,45989.94,45291.91,45364.48,1057.9732
2021-09-11T20:00:00,45362.60,45450.00,44985.70,45171.83,1076.7162
2021-09-12T00:00:00,45173.66,45348.66,44754.31,45329.47,904.1304
2021-09-12T04:00:00,45333.29,45499.43,45061.20,45364.15,518.4509
2021-09-12T08:00:00,45366.05,46194.66,45310.87,46098.12,1078.3216
2021-09-12T12:00:00,46100.00,46274.06,45738.14,45890.66,890.2797
2021-09-12T16:00:00,45895.24,46134.28,45777.77,45910.15,697.3316
2021-09-12T20:00:00,45910.15,46462.98,44905.71,46024.23,2411.3440
2021-09-13T00:00:00,46027.80,46352.94,44565.01,44620.09,2631.3526
2021-09-13T04:00:00,44620.08,44992.74,44197.57,44489.69,1895.1142
2021-09-13T08:00:00,44486.88,44951.25,44184.42,44884.87,1301.4958
2021-09-13T12:00:00,44893.80,46900.00,43465.00,44381.02,5397.7395
2021-09-13T16:00:00,44379.78,44826.72,44180.00,44759.94,1931.6275
2021-09-13T20:00:00,44759.94,45521.90,44759.94,44947.72,1857.9733
2021-09-14T00:00:00,44953.23,45374.48,44679.92,45201.58,1462.8807
2021-09-14T04:00:00,45200.23,45891.96,45065.83,45732.33,1180.4634
2021-09-14T08:00:00,45735.04,46191.91,45691.83,45992.10,1634.6734
2021-09-14T12:00:00,45990.08,46976.12,45773.83,46779.19,4059.2584
2021-09-14T16:00:00,46779.97,46887.84,46338.23,46486.97,2317.6064
2021-09-14T20:00:00,46486.97,47274.92,46403.39,47127.22,1989.2821
2021-09-15T00:00:00,47127.81,47489.64,46919.39,47100.00,2031.8493
2021-09-15T04:00:00,47096.02,47223.03,46705.00,47202.04,1327.5560
2021-09-15T08:00:00,47193.43,47713.48,47032.51,47580.79,1528.4276
2021-09-15T12:00:00,47580.79,48326.00,47317.73,48321.98,2990.5847
2021-09-15T16:00:00,48314.27,48458.94,47863.81,48085.67,2330.5549
2021-09-15T20:00:00,48090.00,48475.00,47916.99,48148.12,1930.8695
2021-09-16T00:00:00,48144.03,48217.33,47361.01,47621.75,2205.3112
2021-09-16T04:00:00,47621.75,48499.99,47588.47,48362.12,1434.5089
2021-09-16T08:00:00,48362.13,48369.22,47645.46,47924.00,1160.7871
2021-09-16T12:00:00,47921.45,48243.72,47228.20,48044.33,2767.3108
2021-09-16T16:00:00,48041.69,48185.18,47295.77,47436.71,2112.1847
2021-09-16T20:00:00,47443.29,47956.13,47020.82,47753.16,2059.1770
2021-09-17T00:00:00,47753.15,48113.23,47470.42,47907.87,1287.1114
2021-09-17T04:00:00,47913.65,48176.64,47670.72,47734.87,935.2013
2021-09-17T08:00:00,47735.85,47998.54,47280.54,47412.92,1320.6105
2021-09-17T12:00:00,47412.92,47659.07,47143.02,47526.81,1778.9468
2021-09-17T16:00:00,47526.82,47744.36,46752.67,47505.29,2156.7825
2021-09-17T20:00:00,47505.29,47575.01,46775.65,47303.50,1609.9170
2021-09-18T00:00:00,47306.87,47998.68,47050.00,47941.28,1592.1436
2021-09-18T04:00:00,47941.74,48780.78,47931.45,48627.78,1521.0711
2021-09-18T08:00:00,48627.78,48825.62,48332.30,48374.14,817.0538
2021-09-18T12:00:00,48374.14,48685.28,48254.51,48435.80,1176.3339
2021-09-18T16:00:00,48433.20,48532.59,48072.20,48280.83,1168.0645
2021-09-18T20:00:00,48272.44,48379.75,47808.18,48314.56,1216.3676
2021-09-19T00:00:00,48309.86,48379.19,47606.04,47854.64,1127.8518
2021-09-19T04:00:00,47854.63,48233.45,47780.00,48171.79,831.0218
2021-09-19T08:00:00,48171.79,48346.73,47149.00,47338.24,1022.2740
2021-09-19T12:00:00,47342.63,47781.25,47100.00,47662.42,1452.2177
2021-09-19T16:00:00,47662.43,47790.91,47304.47,47384.34,997.8767
2021-09-19T20:00:00,47384.35,47674.58,46850.87,47255.92,1655.1042
2021-09-20T00:00:00,47253.71,47358.92,45163.50,45547.15,3241.6668
2021-09-20T04:00:00,45540.15,45832.51,44488.21,44822.14,3036.5843
2021-09-20T08:00:00,44800.72,45277.40,43250.00,43718.96,4254.7539
2021-09-20T12:00:00,43713.08,44147.67,42500.00,43839.27,7828.6724
2021-09-20T16:00:00,43840.27,44250.35,42880.00,43850.37,5529.8903
2021-09-20T20:00:00,43848.44,43954.57,42535.13,43012.97,3815.1087
2021-09-21T00:00:00,43007.69,43086.00,40200.00,42679.53,7083.9338
2021-09-21T04:00:00,42677.99,43331.89,42163.74,43301.19,1975.3196
2021-09-21T08:00:00,43294.50,43639.88,43044.81,43287.80,1638.7757
2021-09-21T12:00:00,43287.80,43562.23,42172.83,43077.44,3601.8294
2021-09-21T16:00:00,43073.10,43273.14,41467.18,42021.97,4822.8169
2021-09-21T20:00:00,42023.30,42308.77,39600.00,40719.60,8152.6628
2021-09-22T00:00:00,40736.81,42420.30,40570.42,42068.92,4709.0683
2021-09-22T04:00:00,42068.92,42747.06,41799.00,42554.86,2023.3688
2021-09-22T08:00:00,42554.15,42631.33,41850.00,41935.33,1872.5662
2021-09-22T12:00:00,41936.55,43300.00,41883.24,43250.59,3257.3458
2021-09-22T16:00:00,43246.52,44035.44,42876.67,43437.11,5537.5805
2021-09-22T20:00:00,43428.16,43720.43,43036.72,43575.10,2062.6091
2021-09-23T00:00:00,43575.19,44209.00,43096.73,44100.68,2295.7260
2021-09-23T04:00:00,44100.00,44411.11,43724.10,44259.92,1521.7749
2021-09-23T08:00:00,44261.52,44350.00,43388.88,43666.32,1826.0189
2021-09-23T12:00:00,43666.32,44270.00,43418.31,43778.95,2406.2132
2021-09-23T16:00:00,43771.66,44949.00,43636.00,44805.21,3909.2126
2021-09-23T20:00:00,44805.20,45000.00,44397.54,44897.59,1487.9291
2021-09-24T00:00:00,44896.55,45000.00,44243.85,44298.65,2822.2041
2021-09-24T04:00:00,44297.35,45200.00,43924.32,44858.68,1954.6720
2021-09-24T08:00:00,44854.72,45089.24,40683.29,41534.31,7224.0615
2021-09-24T12:00:00,41540.87,42720.99,40872.15,41978.56,5807.3556
2021-09-24T16:00:00,41978.55,42567.33,41777.53,42409.57,2450.3416
2021-09-24T20:00:00,42409.05,43242.90,42339.32,42848.92,2192.9424
2021-09-25T00:00:00,42848.44,42991.08,42050.47,42643.38,1392.5986
2021-09-25T04:00:00,42639.99,42894.31,42256.45,42393.78,813.4170
2021-09-25T08:00:00,42395.13,42998.76,41675.00,42509.34,1942.4840
2021-09-25T12:00:00,42507.09,42791.24,42186.70,42691.78,1291.0199
2021-09-25T16:00:00,42691.78,42847.10,42374.09,42694.35,1097.1648
2021-09-25T20:00:00,42692.87,42844.08,42411.00,42705.51,846.6397
2021-09-26T00:00:00,42705.51,42769.31,41944.81,42238.85,1499.2816
2021-09-26T04:00:00,42238.85,42324.11,40803.00,41270.73,1867.1853
2021-09-26T08:00:00,41267.86,43767.74,41076.72,43080.69,2596.1609
2021-09-26T12:00:00,43080.66,43496.59,43080.08,43366.41,1462.8622
2021-09-26T16:00:00,43366.42,43559.18,43103.48,43260.00,874.6019
2021-09-26T20:00:00,43261.04,43937.00,42686.29,43178.02,1671.5536
2021-09-27T00:00:00,43172.17,44366.96,42947.88,44053.82,2190.2193
2021-09-27T04:00:00,44058.90,44288.80,43671.95,43710.01,1239.5029
2021-09-27T08:00:00,43712.06,44136.99,43400.00,43767.65,1167.5509
2021-09-27T12:00:00,43767.66,44077.21,43050.00,43312.99,1898.2794
2021-09-27T16:00:00,43312.99,43426.39,42871.70,43039.29,1627.1577
2021-09-27T20:00:00,43040.83,43423.44,42111.00,42171.76,1972.0609
2021-09-28T00:00:00,42166.31,42641.78,41953.96,42570.17,1191.6897
2021-09-28T04:00:00,42570.17,42780.00,41670.01,41778.96,1451.9078
2021-09-28T08:00:00,41784.59,42161.41,41535.44,42109.47,1565.2683
2021-09-28T12:00:00,42103.31,42569.18,41276.61,41455.21,2928.4239
2021-09-28T16:00:00,41452.86,41773.02,41114.31,41599.94,1784.8013
2021-09-28T20:00:00,41607.45,42026.78,40897.70,41026.07,1569.7227
2021-09-29T00:00:00,41030.19,42258.00,40750.12,42200.78,1839.0438
2021-09-29T04:00:00,42202.69,42502.00,42003.45,42464.59,947.9721
2021-09-29T08:00:00,42464.48,42499.97,42128.01,42404.74,1440.7940
2021-09-29T12:00:00,42404.74,42638.99,41614.00,41691.47,2461.8926
2021-09-29T16:00:00,41689.94,41820.24,41047.11,41193.74,1952.4408
2021-09-29T20:00:00,41193.74,41567.45,40904.20,41522.16,1661.1582
2021-09-30T00:00:00,41519.11,43723.77,41409.67,43605.49,2894.5461
2021-09-30T04:00:00,43600.00,43828.52,43209.11,43284.41,1395.6641
2021-09-30T08:00:00,43286.65,43448.71,42720.45,43066.36,1249.2263
2021-09-30T12:00:00,43067.29,43777.00,42837.49,43148.48,2449.2097
2021-09-30T16:00:00,43148.48,44110.17,42830.00,43529.16,3144.7766
2021-09-30T20:00:00,43534.56,43900.00,43112.24,43824.43,1702.5611
2021-10-01T00:00:00,43828.89,44059.28,43287.44,43640.07,1684.2049
2021-10-01T04:00:00,43642.36,44827.63,43464.05,44805.10,1740.1145
2021-10-01T08:00:00,44805.05,48000.00,44739.71,47511.68,5132.7671
2021-10-01T12:00:00,47514.07,47901.67,46754.49,47375.11,4818.0489
2021-10-01T16:00:00,47378.17,48200.00,47258.81,48071.09,3820.2632
2021-10-01T20:00:00,48071.09,48500.00,47750.00,48165.76,2899.9330
2021-10-02T00:00:00,48165.76,48250.00,47466.96,47543.46,1973.2749
2021-10-02T04:00:00,47535.55,47922.62,47451.00,47751.36,786.1174
2021-10-02T08:00:00,47751.36,47922.30,47521.56,47712.50,611.7898
2021-10-02T12:00:00,47718.28,48359.33,47652.98,47850.36,1325.2166
2021-10-02T16:00:00,47861.13,48280.00,47677.04,48255.60,1509.6433
2021-10-02T20:00:00,48263.87,48300.00,47572.27,47657.69,1056.5924
2021-10-03T00:00:00,47663.74,48000.00,47120.11,47928.93,1466.8935
2021-10-03T04:00:00,47928.93,48125.00,47824.37,47917.66,777.8606
2021-10-03T08:00:00,47917.66,48068.27,47648.15,48006.14,574.3762
2021-10-03T12:00:00,48006.13,48173.06,47832.03,47908.38,843.6847
2021-10-03T16:00:00,47907.59,49300.00,47858.53,48811.77,2390.3733
2021-10-03T20:00:00,48811.77,48850.00,47634.28,48233.99,1936.0710
2021-10-04T00:00:00,48233.99,48315.64,47374.00,47490.43,1918.7618
2021-10-04T04:00:00,47490.43,47904.55,47262.80,47853.89,1000.3996
2021-10-04T08:00:00,47853.60,47972.53,47391.22,47601.78,791.6675
2021-10-04T12:00:00,47603.20,48501.00,46916.70,47792.40,2736.5889
2021-10-04T16:00:00,47780.53,49505.00,47721.30,49398.53,4800.1732
2021-10-04T20:00:00,49399.90,49490.00,48554.03,49245.54,2691.0508
2021-10-05T00:00:00,49244.13,49786.00,49057.18,49320.16,1836.0845
2021-10-05T04:00:00,49320.15,49685.65,49110.00,49486.91,932.6137
2021-10-05T08:00:00,49494.22,50380.38,49403.13,49906.56,2668.2810
2021-10-05T12:00:00,49906.08,50377.60,49604.46,49816.37,3730.5234
2021-10-05T16:00:00,49811.45,51406.19,49673.91,51210.37,4317.1800
2021-10-05T20:00:00,51210.36,51906.23,51126.02,51493.99,4343.9147
2021-10-06T00:00:00,51499.77,51637.01,50925.00,51550.01,2502.8646
2021-10-06T04:00:00,51550.01,51837.48,51195.64,51484.33,1976.7144
2021-10-06T08:00:00,51484.33,51524.78,50416.01,51339.83,2983.2074
2021-10-06T12:00:00,51337.76,55300.00,51293.10,54999.26,10608.5409
2021-10-06T16:00:00,54999.25,55119.56,54485.48,55083.96,3743.8772
2021-10-06T20:00:00,55083.96,55757.11,54815.90,55339.48,4054.4448
2021-10-07T00:00:00,55346.95,55356.85,54111.00,54824.26,3594.8534
2021-10-07T04:00:00,54824.26,55240.77,54281.96,54789.55,1522.4403
2021-10-07T08:00:00,54785.83,54805.07,53823.18,54325.48,2058.7445
2021-10-07T12:00:00,54331.50,54737.79,53379.00,53927.92,4186.2834
2021-10-07T16:00:00,53929.46,54330.17,53415.86,53981.18,2488.0014
2021-10-07T20:00:00,53981.18,54703.18,53618.30,53797.82,1970.5112
2021-10-08T00:00:00,53805.46,54438.35,53717.38,53829.05,1174.0842
2021-10-08T04:00:00,53829.05,54980.00,53634.41,54831.09,1186.7826
2021-10-08T08:00:00,54830.61,56113.00,54768.98,55264.03,2805.9566
2021-10-08T12:00:00,55264.97,55336.30,54023.49,54352.22,3635.8481
2021-10-08T16:00:00,54358.70,54721.34,54050.00,54699.93,1895.3694
2021-10-08T20:00:00,54701.26,54782.71,53786.29,53963.82,1718.8611
2021-10-09T00:00:00,53965.18,54708.79,53675.00,54579.73,1049.6856
2021-10-09T04:00:00,54579.71,55099.99,54415.44,54931.45,1115.9213
2021-10-09T08:00:00,54931.46,55348.27,54504.94,54806.40,1020.4759
2021-10-09T12:00:00,54810.33,55500.00,54810.33,54992.51,1353.3605
2021-10-09T16:00:00,54993.97,55167.15,54608.14,54670.23,1335.7893
2021-10-09T20:00:00,54666.10,55183.62,54345.08,54962.29,1247.8226
2021-10-10T00:00:00,54963.29,55207.97,54112.95,55038.87,1508.9686
2021-10-10T04:00:00,55041.10,56074.52,54866.34,55685.13,1612.0634
2021-10-10T08:00:00,55685.18,55931.38,54725.01,55167.71,871.7674
2021-10-10T12:00:00,55167.71,55566.23,54660.00,55402.03,1041.1243
2021-10-10T16:00:00,55405.24,55547.95,55006.12,55474.83,1172.6066
2021-10-10T20:00:00,55474.16,56545.24,54381.93,54690.53,3163.6609
2021-10-11T00:00:00,54683.09,56789.13,54411.54,56521.99,2370.3972
2021-10-11T04:00:00,56519.56,57054.00,56169.35,56801.58,1636.0941
2021-10-11T08:00:00,56801.58,56884.77,55893.81,56421.74,1314.3402
2021-10-11T12:00:00,56423.18,57690.00,56138.41,57506.80,3328.3196
2021-10-11T16:00:00,57505.21,57833.23,57185.12,57499.97,2573.4945
2021-10-11T20:00:00,57494.47,57513.98,56801.00,57487.44,2199.7751
2021-10-12T00:00:00,57485.97,57495.53,56425.50,56729.32,2372.4791
2021-10-12T04:00:00,56730.54,57674.55,56578.90,57356.89,1320.1287
2021-10-12T08:00:00,57355.56,57627.06,56700.00,57257.76,1288.6291
2021-10-12T12:00:00,57258.25,57460.81,56008.41,56297.25,3399.3418
2021-10-12T16:00:00,56297.48,56366.48,55166.77,55308.77,3504.2196
2021-10-12T20:00:00,55308.77,56545.46,53873.78,56005.10,3572.2106
2021-10-13T00:00:00,56005.10,56612.30,55832.77,56289.81,1579.7953
2021-10-13T04:00:00,56289.81,56382.55,54581.00,54617.97,2057.4627
2021-10-13T08:00:00,54618.00,55313.81,54236.09,55212.33,2321.1020
2021-10-13T12:00:00,55228.14,56472.99,54517.59,56158.13,3421.8640
2021-10-13T16:00:00,56170.71,57309.00,56066.83,57278.54,2830.7965
2021-10-13T20:00:00,57272.91,57771.33,56627.72,57367.32,2479.9929
2021-10-14T00:00:00,57367.32,58520.71,57138.01,58071.80,2491.2245
2021-10-14T04:00:00,58071.63,58176.68,57349.77,57379.82,931.4449
2021-10-14T08:00:00,57379.82,58154.57,57203.48,57627.27,1266.2776
2021-10-14T12:00:00,57627.26,57899.89,57000.00,57338.73,3357.5815
2021-10-14T16:00:00,57338.73,58100.39,56832.32,57875.32,2992.3053
2021-10-14T20:00:00,57871.64,57900.00,57229.37,57359.51,1159.1908
2021-10-15T00:00:00,57359.51,59458.18,56867.11,59446.99,4538.8477
2021-10-15T04:00:00,59446.99,59999.00,59150.54,59222.24,3009.6886
2021-10-15T08:00:00,59231.96,59546.89,58758.01,59540.51,1941.7060
2021-10-15T12:00:00,59540.51,60347.00,59204.33,60016.00,5699.3055
2021-10-15T16:00:00,60017.19,61863.00,60000.00,61436.13,6543.0110
2021-10-15T20:00:00,61436.15,62910.00,60818.00,61695.39,5372.6388
2021-10-16T00:00:00,61690.32,61799.99,61075.00,61644.33,1765.2164
2021-10-16T04:00:00,61648.72,62350.00,61540.40,61731.70,1371.6369
2021-10-16T08:00:00,61731.70,62057.82,61333.00,61593.11,1353.1548
2021-10-16T12:00:00,61593.11,61600.33,60476.49,60953.81,2532.6420
2021-10-16T16:00:00,60953.81,61219.70,60139.01,60831.49,1907.9748
2021-10-16T20:00:00,60832.50,61289.66,60500.02,60877.42,1230.6334
2021-10-17T00:00:00,60867.05,61391.46,60498.00,61125.02,1334.9828
2021-10-17T04:00:00,61123.73,61254.51,60327.67,60344.49,884.9186
2021-10-17T08:00:00,60345.14,61447.35,60334.68,60945.16,745.1253
2021-10-17T12:00:00,60946.16,61272.29,60500.00,60773.04,1101.8254
2021-10-17T16:00:00,60777.93,61078.00,60388.94,60511.75,1230.7959
2021-10-17T20:00:00,60511.96,61744.17,58943.83,61527.11,3855.6747
2021-10-18T00:00:00,61530.07,62562.50,61414.70,62107.87,2513.1834
2021-10-18T04:00:00,62107.88,62675.19,61777.00,61876.94,1307.9912
2021-10-18T08:00:00,61876.62,62439.62,60616.28,60914.63,2236.9285
2021-10-18T12:00:00,60911.30,62226.33,59887.74,62015.37,6082.8809
2021-10-18T16:00:00,62015.36,62389.53,61050.00,61429.39,4919.1498
2021-10-18T20:00:00,61423.10,62124.15,61127.81,62042.41,2738.0151
2021-10-19T00:00:00,62042.40,62987.00,61633.81,62584.78,2241.1616
2021-10-19T04:00:00,62584.79,62793.28,62002.27,62292.22,1071.2023
2021-10-19T08:00:00,62290.13,62566.84,61753.00,62139.81,1015.9059
2021-10-19T12:00:00,62142.78,63293.30,61333.00,62410.29,4727.0281
2021-10-19T16:00:00,62409.71,64340.00,62330.73,64200.84,4895.2231
2021-10-19T20:00:00,64201.42,64500.00,63651.81,64303.14,3429.7839
2021-10-20T00:00:00,64303.14,64398.76,63720.80,63865.84,1643.1889
2021-10-20T04:00:00,63865.84,64170.00,63525.00,64006.42,858.5159
2021-10-20T08:00:00,64007.78,64250.00,63739.88,63807.69,805.9464
2021-10-20T12:00:00,63806.44,66999.00,63777.77,66890.92,7946.8633
2021-10-20T16:00:00,66887.80,66950.00,66120.01,66415.24,4957.9380
2021-10-20T20:00:00,66416.40,66450.00,65460.00,66026.54,2982.0017
2021-10-21T00:00:00,66021.26,66040.66,64111.10,65066.06,5120.7815
2021-10-21T04:00:00,65068.15,65263.24,64160.34,65101.71,1851.9758
2021-10-21T08:00:00,65101.71,66650.85,63733.53,64806.50,3354.7124
2021-10-21T12:00:00,64809.74,65598.69,62070.00,62985.38,6688.3039
2021-10-21T16:00:00,62985.39,63799.66,62442.10,62830.67,4000.0886
2021-10-21T20:00:00,62832.43,63115.09,62050.00,62204.02,2458.5291
2021-10-22T00:00:00,62204.01,63350.00,62135.81,63234.54,2383.5919
2021-10-22T04:00:00,63256.35,63444.00,62501.10,63415.31,1836.8135
2021-10-22T08:00:00,63415.32,63750.00,62892.86,63391.43,1037.0379
2021-10-22T12:00:00,63391.42,63721.98,60480.58,60661.35,5711.6366
2021-10-22T16:00:00,60661.40,61385.06,60000.00,61010.02,4736.3260
2021-10-22T20:00:00,61010.01,61221.09,60105.00,60687.64,1512.3017
2021-10-23T00:00:00,60682.88,61259.17,60358.00,61232.62,1132.8391
2021-10-23T04:00:00,61232.61,61555.00,60711.70,60868.89,808.6095
2021-10-23T08:00:00,60866.19,61687.92,59650.00,61550.00,1276.1303
2021-10-23T12:00:00,61549.57,61750.00,60712.00,61459.55,1207.8976
2021-10-23T16:00:00,61459.55,61649.21,60902.00,61015.32,1207.7871
2021-10-23T20:00:00,61015.33,61450.00,60825.07,61300.01,1074.8865
2021-10-24T00:00:00,61300.02,61491.96,60824.34,61233.03,901.4427
2021-10-24T04:00:00,61233.03,61250.00,60570.00,60695.49,760.5883
2021-10-24T08:00:00,60695.49,61275.66,60120.99,60269.87,1093.0817
2021-10-24T12:00:00,60262.97,60831.33,59621.07,59866.16,2573.0011
2021-10-24T16:00:00,59866.43,60750.00,59522.89,60648.84,2082.0314
2021-10-24T20:00:00,60650.49,61350.00,60575.05,60854.48,1163.5821
2021-10-25T00:00:00,60847.91,62229.54,60653.50,62091.03,1735.3436
2021-10-25T04:00:00,62089.26,62908.28,61802.47,62643.52,964.1417
2021-10-25T08:00:00,62643.52,63191.18,62489.79,62761.00,1223.3949
2021-10-25T12:00:00,62760.77,63650.00,62589.93,63614.87,2773.5636
2021-10-25T16:00:00,63614.87,63726.58,62615.00,62661.56,2395.9433
2021-10-25T20:00:00,62663.10,63300.00,62500.00,63083.54,1404.1934
2021-10-26T00:00:00,63081.96,63290.49,62616.77,62755.04,1165.3614
2021-10-26T04:00:00,62756.17,62811.27,62183.72,62436.81,892.5914
2021-10-26T08:00:00,62432.21,63126.16,62421.88,62749.93,838.9710
2021-10-26T12:00:00,62749.92,62868.89,61804.93,62516.02,2371.9704
2021-10-26T16:00:00,62511.17,62717.77,61812.00,61981.80,2050.4352
2021-10-26T20:00:00,61981.80,62303.78,59837.07,60337.62,4862.1522
2021-10-27T00:00:00,60333.19,60862.43,60158.00,60711.13,2041.5238
2021-10-27T04:00:00,60711.44,61488.00,59926.61,59974.72,2336.5727
2021-10-27T08:00:00,59974.71,59981.95,58100.00,58590.34,4411.7788
2021-10-27T12:00:00,58590.34,59485.00,58275.10,58849.38,3557.0158
2021-10-27T16:00:00,58849.43,59221.43,58228.84,59104.31,4153.7342
2021-10-27T20:00:00,59111.02,59644.99,58437.67,58455.47,2356.0603
2021-10-28T00:00:00,58462.73,59237.22,58137.40,58866.01,2301.9357
2021-10-28T04:00:00,58870.56,59268.99,58700.00,59015.96,2510.1624
2021-10-28T08:00:00,59018.95,61273.73,59001.23,60992.27,2399.0265
2021-10-28T12:00:00,60993.46,61839.20,60894.60,61169.96,3169.7668
2021-10-28T16:00:00,61169.97,61478.09,57653.88,61307.74,5247.9128
2021-10-28T20:00:00,61307.73,62477.47,60347.89,60591.65,3725.6948
2021-10-29T00:00:00,60591.63,62082.93,60188.73,61665.11,2383.5702
2021-10-29T04:00:00,61665.10,61729.48,60354.36,60544.75,1678.7958
2021-10-29T08:00:00,60546.20,61355.24,60416.87,60949.15,1522.4142
2021-10-29T12:00:00,60953.11,62557.00,60723.11,62292.15,5643.7220
2021-10-29T16:00:00,62292.15,62974.00,61917.33,62558.98,2998.7710
2021-10-29T20:00:00,62567.50,62744.80,62072.55,62276.72,1269.7378
2021-10-30T00:00:00,62287.95,62379.20,61617.92,61698.70,1154.2556
2021-10-30T04:00:00,61698.70,61929.39,61284.88,61594.55,1029.7971
2021-10-30T08:00:00,61598.73,62005.26,61067.03,61618.10,665.4199
2021-10-30T12:00:00,61618.10,62277.60,60725.01,61404.36,1761.1093
2021-10-30T16:00:00,61393.95,61824.20,61105.06,61768.76,976.1472
2021-10-30T20:00:00,61764.67,61986.72,61207.79,61892.41,1206.8678
2021-10-31T00:00:00,61896.38,62427.02,61627.00,61740.19,1392.1458
2021-10-31T04:00:00,61732.95,61773.02,61103.27,61386.85,1007.6424
2021-10-31T08:00:00,61384.98,61392.94,60309.00,60489.89,1424.9918
2021-10-31T12:00:00,60493.13,60830.90,60001.00,60514.54,1978.9787
2021-10-31T16:00:00,60512.44,60956.10,60245.09,60758.47,1364.7688
2021-10-31T20:00:00,60752.61,61669.14,60563.62,61343.68,1202.6423
2021-11-01T00:00:00,61346.17,61779.87,59752.92,59971.89,2328.0831
2021-11-01T04:00:00,59965.41,62346.78,59500.00,62199.07,1977.8096
2021-11-01T08:00:00,62199.06,62500.00,61687.47,61852.16,1661.2154
2021-11-01T12:00:00,61840.58,62216.05,61320.74,61580.50,1955.5233
2021-11-01T16:00:00,61580.50,61591.09,60327.00,61504.85,2477.0628
2021-11-01T20:00:00,61487.59,61500.53,60454.76,60949.54,1324.6474
2021-11-02T00:00:00,60956.40,61618.38,60672.16,61133.49,1965.3855
2021-11-02T04:00:00,61142.46,61877.55,61122.90,61563.22,1124.4227
2021-11-02T08:00:00,61575.54,63619.31,61415.89,62956.34,2593.8990
2021-11-02T12:00:00,62956.35,64300.00,62956.35,64066.27,3268.9844
2021-11-02T16:00:00,64066.27,64300.00,63264.58,63622.20,2254.9830
2021-11-02T20:00:00,63619.82,63644.71,62645.80,63266.51,2486.4409
2021-11-03T00:00:00,63266.50,63568.36,62800.00,63265.23,1816.7217
2021-11-03T04:00:00,63265.23,63548.56,62787.71,63438.48,1265.8921
2021-11-03T08:00:00,63439.00,63464.68,62922.60,63167.95,1059.8472
2021-11-03T12:00:00,63166.36,63215.00,61610.50,62242.10,3277.6657
2021-11-03T16:00:00,62247.53,63373.17,60070.00,62837.41,3829.0098
2021-11-03T20:00:00,62837.40,63247.39,62750.05,62935.41,1702.7354
2021-11-04T00:00:00,62935.40,63114.14,62232.58,62458.48,1524.2060
2021-11-04T04:00:00,62458.47,62854.30,61879.46,61901.53,931.1729
2021-11-04T08:00:00,61901.53,62348.01,61309.94,61506.20,1528.4201
2021-11-04T12:00:00,61510.23,62450.00,60800.00,61090.82,3267.5575
2021-11-04T16:00:00,61090.82,61425.00,60728.77,61260.90,2586.6541
2021-11-04T20:00:00,61271.30,61574.94,61057.34,61444.50,1213.7478
2021-11-05T00:00:00,61444.49,62364.98,60870.00,62247.05,1526.0068
2021-11-05T04:00:00,62246.59,62638.59,61945.62,62174.32,941.4633
2021-11-05T08:00:00,62174.33,62269.19,61253.21,61309.92,1025.8968
2021-11-05T12:00:00,61309.35,61978.16,60800.00,60839.21,2533.0295
2021-11-05T16:00:00,60839.21,61423.63,60787.51,61141.14,2555.7964
2021-11-05T20:00:00,61138.64,61361.22,60777.00,61006.15,2016.6034
2021-11-06T00:00:00,61006.14,61337.33,60855.29,61170.39,1119.0670
2021-11-06T04:00:00,61170.39,61599.25,60556.41,60847.11,859.5775
2021-11-06T08:00:00,60847.12,61388.64,60150.79,60383.01,1137.0693
2021-11-06T12:00:00,60383.01,60829.35,60125.00,60704.65,1386.1160
2021-11-06T16:00:00,60704.66,61227.21,60481.48,61219.62,871.0424
2021-11-06T20:00:00,61219.32,61540.00,61147.09,61539.31,993.5664
2021-11-07T00:00:00,61539.30,62352.38,61397.86,62200.09,1494.1192
2021-11-07T04:00:00,62200.09,62335.10,61758.56,61812.04,672.3580
2021-11-07T08:00:00,61812.03,62400.00,61532.70,61936.96,415.0044
2021-11-07T12:00:00,61940.08,62179.44,61760.42,61992.70,663.8569
2021-11-07T16:00:00,61992.70,62570.97,61989.42,62315.67,869.0495
2021-11-07T20:00:00,62319.98,63327.96,62224.74,63309.13,1481.6365
2021-11-08T00:00:00,63309.12,65682.03,63309.12,65239.19,5842.4375
2021-11-08T04:00:00,65239.18,66353.08,65113.48,65986.36,2319.0340
2021-11-08T08:00:00,65988.45,66437.69,65635.01,66090.73,1421.0693
2021-11-08T12:00:00,66090.73,66523.00,65170.37,66404.30,2739.6862
2021-11-08T16:00:00,66403.70,66579.64,65796.93,65833.43,2306.0713
2021-11-08T20:00:00,65833.43,67792.77,65599.86,67554.84,3033.5747
2021-11-09T00:00:00,67554.13,68568.85,67050.05,68521.24,2922.4617
2021-11-09T04:00:00,68521.24,68530.00,67691.01,67915.31,2174.6682
2021-11-09T08:00:00,67915.31,68276.58,67335.38,67627.20,1562.0616
2021-11-09T12:00:00,67627.19,68119.37,66623.76,66799.30,3200.5413
2021-11-09T16:00:00,66799.29,67275.00,66261.79,66827.93,2931.6003
2021-11-09T20:00:00,66827.93,67797.00,66690.19,66944.66,2205.2920
2021-11-10T00:00:00,66938.76,67400.20,66355.32,66485.61,1954.1983
2021-11-10T04:00:00,66485.61,66738.46,66240.21,66437.65,1410.7144
2021-11-10T08:00:00,66437.65,67098.34,66364.89,66543.40,1041.3791
2021-11-10T12:00:00,66544.07,69000.00,65951.00,68361.04,4248.9382
2021-11-10T16:00:00,68363.78,68800.01,66559.37,66640.96,3845.7799
2021-11-10T20:00:00,66640.96,67041.51,62800.00,64912.20,6529.2351
2021-11-11T00:00:00,64912.20,65088.01,64133.78,64782.01,2322.0595
2021-11-11T04:00:00,64782.01,65425.00,64420.52,65255.12,1166.2225
2021-11-11T08:00:00,65255.12,65600.00,64612.26,65301.87,1238.3942
2021-11-11T12:00:00,65299.49,65500.00,64427.85,64836.16,2379.4454
2021-11-11T16:00:00,64836.15,65280.63,64612.34,65160.00,1855.6727
2021-11-11T20:00:00,65160.00,65352.26,64773.99,64807.59,1297.7205
2021-11-12T00:00:00,64807.73,65477.06,64108.00,64855.31,1976.0236
2021-11-12T04:00:00,64855.16,65093.81,64240.00,64502.24,973.9833
2021-11-12T08:00:00,64502.24,64962.99,63527.88,63762.96,1765.1476
2021-11-12T12:00:00,63762.96,64211.45,62886.34,63174.28,3636.5003
2021-11-12T16:00:00,63177.31,64128.48,62300.00,63868.90,3789.9328
2021-11-12T20:00:00,63868.90,64512.35,63741.99,64147.90,1517.0389
2021-11-13T00:00:00,64144.42,64448.43,63605.37,63801.60,1119.8073
2021-11-13T04:00:00,63800.76,64118.39,63505.13,64031.96,564.1765
2021-11-13T08:00:00,64036.71,64094.46,63394.17,63566.77,513.1053
2021-11-13T12:00:00,63566.77,64804.75,63431.86,64700.00,1456.8521
2021-11-13T16:00:00,64700.00,64990.00,63850.00,63951.58,1490.4220
2021-11-13T20:00:00,63953.95,64569.82,63945.98,64400.01,823.7404
2021-11-14T00:00:00,64400.01,65330.03,64400.00,64658.65,986.4993
2021-11-14T04:00:00,64657.79,65177.68,64483.89,64639.55,596.3987
2021-11-14T08:00:00,64639.55,64806.67,64079.99,64468.65,890.9753
2021-11-14T12:00:00,64467.00,64800.00,64020.41,64105.52,801.6518
2021-11-14T16:00:00,64105.52,64438.67,63596.90,64176.62,1223.6171
2021-11-14T20:00:00,64176.63,65525.00,64053.22,65505.02,1582.4301
2021-11-15T00:00:00,65505.03,66198.48,65505.03,65745.61,1516.8228
2021-11-15T04:00:00,65745.61,65927.96,65528.03,65599.38,634.3311
2021-11-15T08:00:00,65599.71,66339.90,65292.42,65751.82,1021.4257
2021-11-15T12:00:00,65757.12,65980.77,64234.00,64309.24,2137.2095
2021-11-15T16:00:00,64304.65,64441.35,63636.76,64270.64,3191.0563
2021-11-15T20:00:00,64271.54,64271.54,63371.00,63624.59,1925.7098
2021-11-16T00:00:00,63621.05,63624.60,60500.00,60959.61,6113.8777
2021-11-16T04:00:00,60959.60,61564.05,60343.34,60822.02,3223.4772
2021-11-16T08:00:00,60822.03,61295.73,58638.00,60615.95,4156.0977
2021-11-16T12:00:00,60615.94,61418.19,60049.73,60713.71,3776.5111
2021-11-16T16:00:00,60708.42,60959.39,59793.04,60254.16,3710.6089
2021-11-16T20:00:00,60250.00,61170.88,59144.84,60107.98,3929.5801
2021-11-17T00:00:00,60101.56,60454.74,58558.00,59060.78,4361.0893
2021-11-17T04:00:00,59070.35,60151.22,58611.00,59709.21,3440.7545
2021-11-17T08:00:00,59701.68,60824.21,58380.00,60761.86,3017.3047
2021-11-17T12:00:00,60776.35,60824.38,59368.92,59679.50,3101.2685
2021-11-17T16:00:00,59684.83,60685.10,59440.67,60247.65,3838.5604
2021-11-17T20:00:00,60247.65,60600.00,59661.49,60351.51,3148.2381
2021-11-18T00:00:00,60351.51,60977.21,59879.04,59881.93,3109.4618
2021-11-18T04:00:00,59881.93,60108.94,59525.01,59745.98,2219.8070
2021-11-18T08:00:00,59745.98,59975.20,59000.00,59243.43,2519.7219
2021-11-18T12:00:00,59243.43,59947.70,57657.00,58106.30,6128.6051
2021-11-18T16:00:00,58106.30,58487.56,56621.19,57946.81,7952.1162
2021-11-18T20:00:00,57949.99,58540.00,56514.13,56898.00,4819.5002
2021-11-19T00:00:00,56898.46,57535.60,55625.00,55927.17,5022.1316
2021-11-19T04:00:00,55929.01,56533.33,55855.00,56036.14,2141.2420
2021-11-19T08:00:00,56040.87,57512.59,56028.89,57033.52,1575.4780
2021-11-19T12:00:00,57033.86,58241.77,56757.41,57972.03,3709.9188
2021-11-19T16:00:00,57970.52,58412.12,57756.53,58134.66,3930.0686
2021-11-19T20:00:00,58134.94,58200.00,57593.89,58122.16,2175.7216
2021-11-20T00:00:00,58122.15,59058.97,58003.49,58575.30,1730.5164
2021-11-20T04:00:00,58575.30,58888.00,58334.74,58453.64,863.4659
2021-11-20T08:00:00,58453.65,58806.21,58395.17,58686.47,550.5703
2021-11-20T12:00:00,58683.62,58875.57,57562.89,57664.10,1390.0337
2021-11-20T16:00:00,57664.09,59686.86,57423.35,59488.87,2000.0753
2021-11-20T20:00:00,59488.87,59900.00,59364.08,59760.76,1049.9909
2021-11-21T00:00:00,59760.76,59820.35,58605.38,58731.30,1131.2362
2021-11-21T04:00:00,58731.31,59268.89,58610.00,59023.60,750.2502
2021-11-21T08:00:00,59023.61,59390.00,58509.69,58741.88,696.8051
2021-11-21T12:00:00,58751.73,59342.65,58712.04,59264.29,1199.5363
2021-11-21T16:00:00,59264.28,60070.00,59190.00,59371.41,1834.1506
2021-11-21T20:00:00,59371.41,59750.00,58568.24,58671.21,1049.3879
2021-11-22T00:00:00,58671.22,58800.83,57000.00,57431.02,2372.5680
2021-11-22T04:00:00,57431.01,57808.49,56827.33,57314.27,1555.6000
2021-11-22T08:00:00,57314.27,57890.06,57028.31,57232.60,924.4487
2021-11-22T12:00:00,57232.61,59526.51,56641.56,58235.06,3132.6645
2021-11-22T16:00:00,58240.08,58282.38,55825.70,56021.68,4236.1938
2021-11-22T20:00:00,56021.68,56749.04,55641.03,56280.81,3667.7457
2021-11-23T00:00:00,56280.81,57266.47,56009.90,56959.19,1945.3391
2021-11-23T04:00:00,56959.19,57047.86,55855.21,56031.39,1624.2456
2021-11-23T08:00:00,56014.30,57825.19,55377.00,56138.99,2643.5235
2021-11-23T12:00:00,56138.98,57761.01,56108.66,56893.44,2799.8523
2021-11-23T16:00:00,56893.44,57845.59,56891.94,57793.92,2971.8144
2021-11-23T20:00:00,57791.18,57886.03,57391.96,57566.85,2035.0068
2021-11-24T00:00:00,57562.65,57607.97,56153.65,56420.00,1797.5468
2021-11-24T04:00:00,56420.00,56810.75,56242.31,56518.60,1508.1635
2021-11-24T08:00:00,56526.69,57431.82,56337.10,56633.53,1431.6157
2021-11-24T12:00:00,56640.43,57188.32,55875.01,56755.32,3152.3498
2021-11-24T16:00:00,56758.69,57140.63,56533.50,56854.86,2045.7735
2021-11-24T20:00:00,56854.85,57503.99,56751.28,57162.66,2246.2279
2021-11-25T00:00:00,57158.58,58289.75,57134.32,57772.00,2188.4615
2021-11-25T04:00:00,57772.00,57842.75,57037.04,57691.10,1554.9277
2021-11-25T08:00:00,57690.90,58500.00,57382.17,58052.86,1238.5078
2021-11-25T12:00:00,58053.30,59182.55,57950.00,59090.87,2164.0637
2021-11-25T16:00:00,59090.87,59445.99,58750.00,58904.42,2097.1159
2021-11-25T20:00:00,58904.43,59361.33,58572.34,58987.27,1425.6003
2021-11-26T00:00:00,58994.72,59194.00,57900.00,57940.81,1532.4058
2021-11-26T04:00:00,57948.42,58050.00,56656.81,56993.85,2423.2327
2021-11-26T08:00:00,56993.85,57000.00,53725.00,53751.39,6377.8003
2021-11-26T12:00:00,53748.33,54923.98,53533.00,54370.57,7233.0949
2021-11-26T16:00:00,54376.89,54695.62,53975.98,54374.59,5323.1450
2021-11-26T20:00:00,54374.60,54620.00,53556.13,53757.67,3056.6230
2021-11-27T00:00:00,53757.67,54663.10,53642.58,54392.67,1743.2407
2021-11-27T04:00:00,54390.71,54639.54,54242.40,54433.33,905.4146
2021-11-27T08:00:00,54433.34,55316.67,54323.03,54638.94,998.7297
2021-11-27T12:00:00,54638.95,55265.83,54534.01,54948.78,1310.9288
2021-11-27T16:00:00,54948.79,55256.93,54710.87,54989.79,1304.6737
2021-11-27T20:00:00,54989.39,55100.00,54041.21,54759.05,1636.3159
2021-11-28T00:00:00,54759.04,54857.82,53727.91,54175.98,1628.7151
2021-11-28T04:00:00,54175.98,54662.75,53974.72,54555.90,770.7021
2021-11-28T08:00:00,54554.07,54964.75,54175.13,54534.90,562.7161
2021-11-28T12:00:00,54534.90,54663.30,54077.58,54337.40,589.9463
2021-11-28T16:00:00,54337.41,54953.68,53327.00,54657.52,1868.1299
2021-11-28T20:00:00,54659.66,57490.00,54659.66,57317.17,2802.2154
2021-11-29T00:00:00,57318.51,58280.36,57183.06,57408.85,3056.4221
2021-11-29T04:00:00,57408.85,57739.52,57275.97,57577.92,1555.3730
2021-11-29T08:00:00,57572.62,57694.72,56730.00,56944.78,1258.3378
2021-11-29T12:00:00,56940.92,57578.26,56887.63,57177.50,2007.4861
2021-11-29T16:00:00,57176.29,58908.27,57062.96,57932.58,3362.8447
2021-11-29T20:00:00,57933.91,58466.87,57730.90,57838.06,2213.7697
2021-11-30T00:00:00,57838.06,58022.68,56835.18,57149.32,2416.3927
2021-11-30T04:00:00,57149.33,57340.56,55910.33,56563.69,2697.4242
2021-11-30T08:00:00,56563.65,57811.38,56300.00,57666.89,2171.7024
2021-11-30T12:00:00,57666.90,59249.77,57264.72,57287.73,4969.3888
2021-11-30T16:00:00,57292.03,58409.48,56535.00,57688.70,4144.1134
2021-11-30T20:00:00,57688.80,57818.05,56814.34,56987.97,1639.7661
2021-12-01T00:00:00,56998.35,57726.45,56705.06,57404.01,2753.6307
2021-12-01T04:00:00,57404.01,57460.42,56700.00,57195.50,2381.3718
2021-12-01T08:00:00,57205.58,57856.17,56756.48,57194.41,2316.8390
2021-12-01T12:00:00,57212.60,58900.00,57071.33,58664.40,2406.0308
2021-12-01T16:00:00,58664.40,59118.84,57016.26,57467.07,3422.3584
2021-12-01T20:00:00,57467.08,57494.44,56465.75,57226.50,3327.0781
2021-12-02T00:00:00,57226.51,57423.69,55845.00,56350.99,2134.2036
2021-12-02T04:00:00,56351.22,57023.59,56270.25,56863.51,2164.5013
2021-12-02T08:00:00,56861.40,57228.28,56129.77,56351.04,1690.6347
2021-12-02T12:00:00,56354.75,57414.93,56070.00,56559.49,2278.8093
2021-12-02T16:00:00,56559.49,56980.00,56055.19,56637.87,2841.2121
2021-12-02T20:00:00,56637.87,57289.00,56395.08,56521.46,1859.8585
2021-12-03T00:00:00,56521.45,56812.95,56111.00,56368.15,1341.3387
2021-12-03T04:00:00,56368.16,57073.90,56300.11,56789.00,1093.6682
2021-12-03T08:00:00,56790.59,57373.11,56454.27,57033.74,812.6000
2021-12-03T12:00:00,57033.85,57670.68,55730.93,56005.13,3310.5591
2021-12-03T16:00:00,56002.32,56002.32,53751.25,53838.70,6274.0958
2021-12-03T20:00:00,53842.35,54114.51,51640.00,53638.04,6735.3693
2021-12-04T00:00:00,53633.02,53876.09,52022.53,52038.14,3563.6736
2021-12-04T04:00:00,52037.29,52645.77,42333.00,47347.82,15263.0071
2021-12-04T08:00:00,47347.81,48000.00,46200.00,46588.66,4191.8465
2021-12-04T12:00:00,46588.66,49200.00,46573.77,48279.87,7444.6264
2021-12-04T16:00:00,48291.00,49500.47,47849.95,49371.73,5546.5986
2021-12-04T20:00:00,49371.74,49595.00,48557.00,49241.12,3013.5777
2021-12-05T00:00:00,49235.26,49782.44,48385.01,49259.39,2573.4961
2021-12-05T04:00:00,49259.38,49782.00,48925.00,49396.33,2311.9907
2021-12-05T08:00:00,49396.32,49679.45,48817.15,49370.94,2811.8315
2021-12-05T12:00:00,49372.16,49783.00,47827.00,48005.02,4860.1713
2021-12-05T16:00:00,48020.89,49425.69,47977.18,48988.73,4844.0591
2021-12-05T20:00:00,48990.66,49597.00,48595.62,49484.22,4325.5896
2021-12-06T00:00:00,49484.21,49519.33,48351.56,49118.32,3602.9371
2021-12-06T04:00:00,49115.00,49368.45,47800.00,48496.29,2840.4147
2021-12-06T08:00:00,48494.71,49488.88,47200.00,48641.73,4103.4631
2021-12-06T12:00:00,48627.56,49000.00,47846.01,48982.43,3966.6519
2021-12-06T16:00:00,48991.11,49416.55,48711.11,49155.17,4278.0520
2021-12-06T20:00:00,49160.07,51105.00,48823.63,50529.56,4290.7858
2021-12-07T00:00:00,50529.56,51500.00,50426.33,51014.13,2459.9679
2021-12-07T04:00:00,51014.14,51398.26,50883.34,50973.38,1640.9610
2021-12-07T08:00:00,50965.02,51591.76,50886.50,51525.60,1738.8585
2021-12-07T12:00:00,51525.59,51995.00,50615.69,51800.41,3144.4054
2021-12-07T16:00:00,51801.21,51929.94,50722.57,50925.30,2531.3570
2021-12-07T20:00:00,50928.55,51041.71,50067.10,50625.48,2591.7824
2021-12-08T00:00:00,50625.24,50850.80,50142.93,50149.19,1445.7632
2021-12-08T04:00:00,50149.18,50748.15,50109.38,50529.56,1113.4503
2021-12-08T08:00:00,50528.34,50669.06,48888.88,49229.55,2136.0958
2021-12-08T12:00:00,49236.00,51250.00,48650.02,50692.81,3521.6873
2021-12-08T16:00:00,50690.82,50915.00,50098.14,50473.23,2901.4778
2021-12-08T20:00:00,50473.66,50915.00,50100.00,50519.68,2020.5175
2021-12-09T00:00:00,50520.94,50844.86,49487.74,49565.25,2056.0903
2021-12-09T04:00:00,49563.30,50389.67,49230.00,50059.41,1582.8127
2021-12-09T08:00:00,50058.69,50062.62,48935.76,49195.58,1657.5689
2021-12-09T12:00:00,49193.50,49667.02,48100.00,48503.19,3207.1475
2021-12-09T16:00:00,48503.20,48868.06,47510.00,47623.88,3889.8555
2021-12-09T20:00:00,47622.47,48465.16,47323.23,47568.43,3355.9494
2021-12-10T00:00:00,47568.43,48805.21,47455.00,48393.18,2116.1028
2021-12-10T04:00:00,48393.17,48587.36,47568.06,47686.32,1503.4612
2021-12-10T08:00:00,47686.31,48748.78,47630.32,48738.34,1234.5842
2021-12-10T12:00:00,48735.69,50148.49,47757.11,47988.27,3560.5000
2021-12-10T16:00:00,47992.51,48338.54,47185.11,48121.77,3999.3966
2021-12-10T20:00:00,48123.29,48546.00,46900.00,47170.94,3275.5295
2021-12-11T00:00:00,47170.94,48700.00,46786.78,48332.05,3126.0739
2021-12-11T04:00:00,48332.19,48896.75,47809.12,48060.14,1700.1083
2021-12-11T08:00:00,48057.49,48911.92,47890.77,48262.73,1227.6054
2021-12-11T12:00:00,48269.83,48941.36,48189.16,48789.42,1079.6817
2021-12-11T16:00:00,48788.86,49306.83,48400.00,48423.63,1752.8912
2021-12-11T20:00:00,48423.63,49517.18,48404.26,49407.75,2158.8632
2021-12-12T00:00:00,49424.47,49721.59,49012.46,49335.52,1387.2660
2021-12-12T04:00:00,49330.00,49400.00,48854.80,49338.61,947.3285
2021-12-12T08:00:00,49332.62,49405.40,48665.43,49159.96,927.5770
2021-12-12T12:00:00,49163.68,49960.00,49136.66,49661.27,1577.5577
2021-12-12T16:00:00,49658.41,50828.13,49537.51,50240.20,4210.9782
2021-12-12T20:00:00,50245.59,50589.46,49902.78,50089.64,1360.3745
2021-12-13T00:00:00,50089.64,50218.42,48464.66,48909.61,2178.9989
2021-12-13T04:00:00,48909.61,49372.08,48609.37,48773.24,1221.7659
2021-12-13T08:00:00,48766.89,49204.64,48200.00,48884.30,1057.7448
2021-12-13T12:00:00,48880.38,49034.29,47013.47,47269.91,4360.2544
2021-12-13T16:00:00,47269.91,47958.52,45727.92,46777.53,7356.5837
2021-12-13T20:00:00,46777.53,47292.73,46260.00,46727.89,4621.9408
2021-12-14T00:00:00,46727.89,47243.18,46300.00,46977.81,2224.3536
2021-12-14T04:00:00,46977.80,47207.92,46344.93,47009.70,1718.0466
2021-12-14T08:00:00,47016.15,47763.55,46808.05,47628.67,1692.0788
2021-12-14T12:00:00,47629.75,47984.49,46635.56,46853.75,3401.1274
2021-12-14T16:00:00,46860.09,47150.00,46459.50,46877.70,3546.8042
2021-12-14T20:00:00,46875.95,48686.91,46856.37,48367.43,4524.6237
2021-12-15T00:00:00,48359.23,48795.00,47847.34,48287.73,1980.5238
2021-12-15T04:00:00,48286.34,48449.35,47950.00,48222.91,997.5708
2021-12-15T08:00:00,48222.91,48775.74,48113.78,48148.00,1222.8512
2021-12-15T12:00:00,48148.00,48317.97,46587.40,46641.81,3715.2578
2021-12-15T16:00:00,46637.56,49300.00,46530.00,48696.07,8547.9148
2021-12-15T20:00:00,48699.02,49500.00,48542.62,48884.78,5157.5915
2021-12-16T00:00:00,48878.83,49280.75,48723.37,48828.98,1688.4794
2021-12-16T04:00:00,48834.39,49024.02,48524.84,48731.17,1279.2717
2021-12-16T08:00:00,48730.27,49459.39,48641.00,49244.02,977.0550
2021-12-16T12:00:00,49231.85,49256.53,48262.35,48605.17,2942.8532
2021-12-16T16:00:00,48603.89,48728.95,47658.11,47871.73,3270.9183
2021-12-16T20:00:00,47871.73,48410.00,47524.66,47634.22,2572.6593
2021-12-17T00:00:00,47634.20,48000.00,47413.31,47785.26,2460.2514
2021-12-17T04:00:00,47783.26,47970.00,46734.49,47017.55,2016.4713
2021-12-17T08:00:00,47023.29,47310.66,46785.31,47124.91,1536.0553
2021-12-17T12:00:00,47124.91,47359.65,45469.32,46545.91,5012.8527
2021-12-17T16:00:00,46544.95,47461.50,46443.91,46765.25,3952.2312
2021-12-17T20:00:00,46765.25,47107.44,45574.15,46166.50,3578.2172
2021-12-18T00:00:00,46159.87,46566.60,45515.72,46317.38,2308.8717
2021-12-18T04:00:00,46317.37,46883.55,46091.11,46397.40,1139.8843
2021-12-18T08:00:00,46388.39,47368.73,46219.79,47089.65,956.6210
2021-12-18T12:00:00,47092.45,47249.90,46574.93,46880.27,1117.8582
2021-12-18T16:00:00,46883.24,47007.31,46351.98,46677.11,1383.0794
2021-12-18T20:00:00,46677.10,47129.66,46550.67,46859.46,1264.5384
2021-12-19T00:00:00,46857.49,47999.68,46440.11,47736.30,2064.5278
2021-12-19T04:00:00,47737.75,48093.46,47469.72,47542.77,1167.1456
2021-12-19T08:00:00,47542.77,47652.10,46818.23,47171.57,1053.8004
2021-12-19T12:00:00,47173.03,48351.92,46893.37,47254.00,2019.8990
2021-12-19T16:00:00,47253.99,47486.20,46584.00,46689.28,1452.9975
2021-12-19T20:00:00,46689.28,47583.25,46500.00,46687.19,1760.3369
2021-12-20T00:00:00,46687.20,47217.25,46233.26,46703.63,2293.7758
2021-12-20T04:00:00,46704.25,47056.28,46117.73,46437.93,2191.1156
2021-12-20T08:00:00,46448.07,46572.00,45780.00,46111.64,1844.4840
2021-12-20T12:00:00,46104.32,46329.83,45568.00,45979.68,2922.2495
2021-12-20T16:00:00,45979.68,46706.81,45869.53,46599.19,3322.3385
2021-12-20T20:00:00,46596.96,47548.93,46596.95,46926.07,3465.4217
2021-12-21T00:00:00,46926.07,48089.10,46645.05,47937.47,2539.9399
2021-12-21T04:00:00,47937.47,48848.88,47937.46,48600.00,2822.9587
2021-12-21T08:00:00,48600.00,49010.00,48454.69,48886.60,1333.4012
2021-12-21T12:00:00,48886.60,49339.31,48300.00,48418.15,3288.0095
2021-12-21T16:00:00,48418.15,48872.48,48350.29,48639.88,3055.3871
2021-12-21T20:00:00,48635.52,49317.84,48462.92,48914.70,2421.7142
2021-12-22T00:00:00,48914.70,49595.00,48615.49,49273.18,2028.8286
2021-12-22T04:00:00,49273.19,49354.55,48950.00,49230.36,1398.5503
2021-12-22T08:00:00,49230.36,49555.00,48852.38,49002.00,1169.4842
2021-12-22T12:00:00,49007.92,49142.58,48450.00,48913.03,1821.6009
2021-12-22T16:00:00,48913.03,49287.21,48507.16,48948.25,2606.2372
2021-12-22T20:00:00,48947.02,49164.29,48577.73,48608.62,1728.7977
2021-12-23T00:00:00,48608.61,48748.03,48032.16,48543.98,2428.3069
2021-12-23T04:00:00,48543.98,48603.69,48050.05,48147.79,983.6183
2021-12-23T08:00:00,48147.79,48567.74,48084.18,48382.45,859.7527
2021-12-23T12:00:00,48382.46,48887.84,48348.75,48836.56,1619.5592
2021-12-23T16:00:00,48838.08,51397.82,48679.15,51147.43,7850.1408
2021-12-23T20:00:00,51148.00,51207.01,50556.00,50842.20,2885.6684
2021-12-24T00:00:00,50842.06,51527.62,50661.11,51062.83,2556.0548
2021-12-24T04:00:00,51062.95,51129.81,50764.18,51025.64,1271.6466
2021-12-24T08:00:00,51027.03,51500.00,50882.24,51022.73,1243.3405
2021-12-24T12:00:00,51022.73,51275.67,50445.55,50984.18,1952.1541
2021-12-24T16:00:00,50986.71,51878.60,50770.04,51158.55,3076.0025
2021-12-24T20:00:00,51158.54,51262.88,50525.00,50851.38,1591.2556
2021-12-25T00:00:00,50852.31,51171.68,50637.69,50874.08,842.4144
2021-12-25T04:00:00,50874.08,51115.43,50691.18,50963.09,677.6580
2021-12-25T08:00:00,50963.08,51036.12,50581.37,50714.26,482.2017
2021-12-25T12:00:00,50714.25,50971.96,50672.84,50691.66,645.6103
2021-12-25T16:00:00,50692.04,51170.56,50191.84,50922.01,1493.4661
2021-12-25T20:00:00,50921.96,51121.31,50374.22,50428.31,1409.2210
2021-12-26T00:00:00,50428.31,50700.00,49650.00,49699.02,1641.5114
2021-12-26T04:00:00,49699.02,50000.00,49654.00,49958.95,842.6769
2021-12-26T08:00:00,49958.95,50187.12,49460.00,49781.99,831.8852
2021-12-26T12:00:00,49781.98,50296.66,49685.98,50087.10,798.4053
2021-12-26T16:00:00,50084.66,50479.17,50060.47,50377.29,1095.6138
2021-12-26T20:00:00,50376.47,51295.33,49955.00,50801.79,1653.3022
2021-12-27T00:00:00,50804.33,51150.00,50480.00,51032.84,1361.5161
2021-12-27T04:00:00,51032.83,51113.76,50680.32,50719.11,990.8706
2021-12-27T08:00:00,50719.11,50926.94,50526.94,50787.86,991.7552
2021-12-27T12:00:00,50792.46,51717.76,50607.00,51469.23,2136.3696
2021-12-27T16:00:00,51474.24,52100.00,51212.01,51218.06,3637.4649
2021-12-27T20:00:00,51218.05,51382.44,50645.73,50717.77,2478.9383
2021-12-28T00:00:00,50720.35,50720.35,49515.24,49843.51,5124.1561
2021-12-28T04:00:00,49839.74,49839.74,48700.00,49241.77,2891.1263
2021-12-28T08:00:00,49241.61,49467.89,48806.36,49218.13,1439.7860
2021-12-28T12:00:00,49218.13,49385.37,48345.32,48943.81,3161.1253
2021-12-28T16:00:00,48943.80,48987.17,47300.23,47691.36,6365.4715
2021-12-28T20:00:00,47690.24,48048.16,47330.79,47543.09,4135.0906
2021-12-29T00:00:00,47542.20,48149.58,47435.55,48007.24,2996.0134
2021-12-29T04:00:00,48007.23,48072.21,47535.03,47574.92,1948.9793
2021-12-29T08:00:00,47574.94,48080.69,47417.41,47736.44,1585.8831
2021-12-29T12:00:00,47736.44,48051.56,46596.52,47987.84,3759.9147
2021-12-29T16:00:00,47987.84,48066.85,47029.90,47147.39,4044.7886
2021-12-29T20:00:00,47147.40,47716.27,46094.02,46471.24,5990.7423
2021-12-30T00:00:00,46471.24,46863.66,45938.44,46511.99,6018.9513
2021-12-30T04:00:00,46511.99,47104.15,46500.00,46984.82,2553.3002
2021-12-30T08:00:00,46984.83,47575.43,46691.37,47539.59,2694.5397
2021-12-30T12:00:00,47535.89,47745.33,47116.14,47151.70,5309.4911
2021-12-30T16:00:00,47152.08,47926.15,47095.91,47567.99,5710.9391
2021-12-30T20:00:00,47567.08,47700.01,46725.00,47122.08,5126.4322
2021-12-31T00:00:00,47122.09,47400.00,46812.56,47207.63,2276.3480
2021-12-31T04:00:00,47207.63,47554.36,46816.69,47190.78,2120.6771
2021-12-31T08:00:00,47187.30,48574.70,47062.04,47976.21,2236.8130
2021-12-31T12:00:00,47981.13,48140.00,47805.30,47963.19,2483.5328
2021-12-31T16:00:00,47963.19,48109.95,45650.00,45701.89,5327.8637
2021-12-31T20:00:00,45701.89,46577.00,45650.00,46211.24,4565.0067
2022-01-01T00:00:00,46211.24,46931.00,46205.00,46804.01,2296.0085
2022-01-01T04:00:00,46804.00,47548.53,46621.59,47200.01,1817.5269
2022-01-01T08:00:00,47200.14,47347.54,46205.00,46758.11,1111.0339
2022-01-01T12:00:00,46754.97,47486.85,46754.97,47231.00,1011.8474
2022-01-01T16:00:00,47231.00,47967.12,47202.18,47347.77,1950.8734
2022-01-01T20:00:00,47347.22,47823.25,47245.84,47733.43,1276.3716
2022-01-02T00:00:00,47733.43,47770.37,47280.00,47339.42,1153.0294
2022-01-02T04:00:00,47338.81,47430.80,46767.94,47189.04,1166.1593
2022-01-02T08:00:00,47189.04,47494.84,46985.03,47245.99,565.5773
2022-01-02T12:00:00,47246.49,47453.71,47023.96,47360.35,674.2986
2022-01-02T16:00:00,47360.35,47990.00,46633.36,46920.01,2263.2279
2022-01-02T20:00:00,46920.01,47479.54,46833.24,47299.07,1011.2059
2022-01-03T00:00:00,47299.06,47300.00,46723.82,46796.57,1516.4001
2022-01-03T04:00:00,46800.61,47209.86,46752.80,47058.42,786.5068
2022-01-03T08:00:00,47058.43,47436.63,46783.87,47385.28,675.5597
2022-01-03T12:00:00,47387.05,47583.33,46600.00,46687.69,2014.4169
2022-01-03T16:00:00,46687.68,46792.06,46276.68,46372.55,2560.9276
2022-01-03T20:00:00,46372.55,46576.53,45700.00,46459.56,3287.9991
2022-01-04T00:00:00,46459.57,46534.32,45950.00,46319.84,1616.1213
2022-01-04T04:00:00,46319.99,46581.59,46022.76,46558.25,1840.8409
2022-01-04T08:00:00,46558.26,46775.01,46297.25,46735.35,1629.3836
2022-01-04T12:00:00,46732.31,47532.89,46412.88,46900.00,4347.0492
2022-01-04T16:00:00,46906.54,46971.03,45515.00,46039.93,4333.7893
2022-01-04T20:00:00,46039.93,46425.43,45705.19,45814.61,2553.1428
2022-01-05T00:00:00,45817.13,46547.91,45711.74,46427.36,2095.2384
2022-01-05T04:00:00,46427.35,46529.02,46243.32,46407.17,1016.9327
2022-01-05T08:00:00,46407.63,47076.55,46111.33,46274.88,1706.1417
2022-01-05T12:00:00,46271.61,46830.00,45900.00,46629.70,2907.7469
2022-01-05T16:00:00,46632.22,46696.53,44500.00,44665.00,6323.4681
2022-01-05T20:00:00,44665.00,44828.74,42500.00,43436.04,11018.1471
2022-01-06T00:00:00,43446.34,43794.50,42815.00,42825.20,3871.3367
2022-01-06T04:00:00,42832.08,43264.40,42584.15,43227.81,2810.3745
2022-01-06T08:00:00,43228.60,43261.56,42432.99,42860.16,2889.0915
2022-01-06T12:00:00,42858.37,43230.00,42619.20,42938.36,3870.0441
2022-01-06T16:00:00,42940.47,43516.77,42743.99,43441.82,4372.2424
2022-01-06T20:00:00,43441.82,43594.12,43000.00,43083.76,2966.9586
2022-01-07T00:00:00,43081.79,43144.72,41567.00,41797.85,4337.6356
2022-01-07T04:00:00,41798.69,41945.65,41000.00,41683.68,5916.1323
2022-01-07T08:00:00,41689.66,42815.00,41596.38,42241.74,2602.6480
2022-01-07T12:00:00,42241.74,42736.37,40571.53,41321.73,5976.2456
2022-01-07T16:00:00,41316.13,42323.17,40925.04,41771.80,4509.7294
2022-01-07T20:00:00,41771.90,42049.43,41333.00,41565.18,2779.8089
2022-01-08T00:00:00,41564.57,42237.12,41552.20,41807.56,1789.3224
2022-01-08T04:00:00,41807.55,41999.27,41737.65,41907.74,1172.7440
2022-01-08T08:00:00,41912.50,42200.00,41768.60,41947.32,1203.0232
2022-01-08T12:00:00,41947.31,42059.31,41445.44,41613.86,1711.3818
2022-01-08T16:00:00,41613.86,41740.25,40505.30,40825.96,5140.5422
2022-01-08T20:00:00,40821.62,42318.97,40707.77,41684.84,4437.0996
2022-01-09T00:00:00,41684.84,42190.15,41387.44,41846.66,2067.2258
2022-01-09T04:00:00,41846.65,42112.53,41675.39,41797.24,833.2900
2022-01-09T08:00:00,41797.24,41986.25,41407.40,41867.68,1080.4535
2022-01-09T12:00:00,41865.63,41931.64,41209.53,41622.98,1651.4923
2022-01-09T16:00:00,41622.98,42766.33,41571.28,42706.11,2919.9307
2022-01-09T20:00:00,42712.03,42831.12,41775.00,41876.52,2521.8328
2022-01-10T00:00:00,41876.52,42040.84,41600.00,41977.45,1976.4924
2022-01-10T04:00:00,41979.61,42250.00,41835.51,42053.05,1420.4100
2022-01-10T08:00:00,42056.35,42120.57,41435.77,41554.45,1747.7109
2022-01-10T12:00:00,41557.35,41608.30,39650.00,40988.00,10104.2496
2022-01-10T16:00:00,40988.00,42122.42,40559.39,41295.10,7093.5541
2022-01-10T20:00:00,41295.10,41992.58,41169.07,41824.07,2889.9404
2022-01-11T00:00:00,41824.06,42397.02,41559.18,42297.29,2550.5884
2022-01-11T04:00:00,42295.73,42377.48,41987.61,42219.43,1883.1384
2022-01-11T08:00:00,42219.41,42620.00,41591.60,41829.71,2694.8470
2022-01-11T12:00:00,41827.68,42186.00,41274.80,41743.78,3793.4972
2022-01-11T16:00:00,41743.78,43127.87,41691.30,43008.27,6384.0838
2022-01-11T20:00:00,43008.27,43130.00,42619.53,42753.44,2391.3113
2022-01-12T00:00:00,42749.84,42984.77,42459.21,42618.57,1666.3400
2022-01-12T04:00:00,42618.57,42879.34,42481.81,42577.36,1140.2238
2022-01-12T08:00:00,42573.55,43448.86,42523.48,42949.30,1615.0126
2022-01-12T12:00:00,42955.25,44147.63,42892.57,43572.42,5742.3677
2022-01-12T16:00:00,43576.64,43919.99,43350.00,43763.95,3361.2291
2022-01-12T20:00:00,43763.95,44342.83,43653.29,43920.37,2725.0416
2022-01-13T00:00:00,43921.21,44071.87,43441.01,43528.18,1671.6064
2022-01-13T04:00:00,43528.18,43817.68,43502.31,43722.05,871.0503
2022-01-13T08:00:00,43722.05,44043.69,43530.00,43618.57,1115.5657
2022-01-13T12:00:00,43621.42,44453.22,42892.00,43221.74,4056.9125
2022-01-13T16:00:00,43219.05,43512.69,42541.57,42717.02,4229.6676
2022-01-13T20:00:00,42716.88,42924.47,42325.00,42581.65,2827.2923
2022-01-14T00:00:00,42576.27,42800.00,42391.78,42658.33,2009.4095
2022-01-14T04:00:00,42658.33,42987.20,42607.91,42660.94,1610.8008
2022-01-14T08:00:00,42660.94,42716.28,41842.87,42027.95,2024.4570
2022-01-14T12:00:00,42027.95,43350.00,41752.00,43120.39,3697.8715
2022-01-14T16:00:00,43120.22,43416.37,42787.50,43109.99,2547.1893
2022-01-14T20:00:00,43107.42,43473.98,43014.22,43090.72,1656.0228
2022-01-15T00:00:00,43090.72,43198.44,42896.80,42957.02,970.2554
2022-01-15T04:00:00,42954.38,43123.41,42741.44,43100.07,754.5322
2022-01-15T08:00:00,43100.05,43300.00,42895.55,43042.80,500.7776
2022-01-15T12:00:00,43036.88,43433.37,42577.35,43426.11,1312.3187
2022-01-15T16:00:00,43425.67,43583.54,43265.02,43558.99,1264.3257
2022-01-15T20:00:00,43559.22,43819.39,43087.21,43098.20,1516.1759
2022-01-16T00:00:00,43098.20,43175.95,42862.32,43002.45,875.6975
2022-01-16T04:00:00,43008.58,43286.79,42883.00,43233.95,655.4286
2022-01-16T08:00:00,43233.45,43325.00,42802.00,43000.11,756.6035
2022-01-16T12:00:00,42999.29,43449.41,42600.00,43239.95,1690.6501
2022-01-16T16:00:00,43250.23,43497.24,42820.71,42853.76,1241.6672
2022-01-16T20:00:00,42851.78,43295.00,42775.76,43104.34,1261.6111
2022-01-17T00:00:00,43104.34,43200.00,42643.57,42660.86,1465.4858
2022-01-17T04:00:00,42660.87,42987.73,42353.00,42672.85,1843.8735
2022-01-17T08:00:00,42674.23,42929.84,42582.65,42686.80,1203.9072
2022-01-17T12:00:00,42690.10,42804.98,42396.60,42493.53,1826.9313
2022-01-17T16:00:00,42496.58,42552.13,41854.96,42266.89,2244.7556
2022-01-17T20:00:00,42266.89,42400.02,41567.64,42218.01,2378.8985
2022-01-18T00:00:00,42214.66,42456.41,41991.15,42058.00,1256.8788
2022-01-18T04:00:00,42058.47,42359.69,41917.33,42076.41,1375.2043
2022-01-18T08:00:00,42075.86,42075.86,41456.47,41875.54,1710.6896
2022-01-18T12:00:00,41872.26,41969.12,41287.79,41597.37,3390.4120
2022-01-18T16:00:00,41597.47,41797.45,41391.94,41709.69,3154.2731
2022-01-18T20:00:00,41707.76,42692.71,41510.07,42369.74,2771.0458
2022-01-19T00:00:00,42372.15,42528.76,41585.41,41714.70,2082.7668
2022-01-19T04:00:00,41713.24,41865.79,41181.12,41277.59,1668.2376
2022-01-19T08:00:00,41279.68,42175.97,41126.00,42051.00,2280.5224
2022-01-19T12:00:00,42051.01,42586.03,41837.21,41990.96,4042.3199
2022-01-19T16:00:00,41990.96,42371.30,41694.87,41882.67,3727.6620
2022-01-19T20:00:00,41882.68,42010.00,41557.57,41674.27,1840.9086
2022-01-20T00:00:00,41672.14,42091.77,41660.01,41935.77,1571.2354
2022-01-20T04:00:00,41935.78,42158.54,41784.34,42061.78,936.4306
2022-01-20T08:00:00,42061.79,42242.65,41816.48,42141.80,746.5002
2022-01-20T12:00:00,42141.80,43472.18,41931.61,43307.24,4006.2644
2022-01-20T16:00:00,43311.20,43511.99,42825.33,42919.29,2649.1956
2022-01-20T20:00:00,42919.28,42998.66,40555.00,40670.97,7951.1969
2022-01-21T00:00:00,40671.77,41127.79,38242.24,38464.82,11365.1942
2022-01-21T04:00:00,38462.48,39188.64,38435.30,39145.25,4952.6329
2022-01-21T08:00:00,39146.51,39300.00,38680.00,38902.03,2724.2978
2022-01-21T12:00:00,38905.61,39060.27,37704.42,38864.82,9512.0768
2022-01-21T16:00:00,38864.82,39061.60,37855.35,37984.92,7197.8261
2022-01-21T20:00:00,37988.04,38470.75,35422.00,36456.94,14990.8684
2022-01-22T00:00:00,36456.67,36835.93,36026.12,36354.41,4706.5189
2022-01-22T04:00:00,36354.41,36444.88,35123.45,35410.00,3935.7953
2022-01-22T08:00:00,35404.75,36170.00,34017.56,35401.82,5853.0548
2022-01-22T12:00:00,35412.53,36192.56,34808.57,34854.45,4779.1806
2022-01-22T16:00:00,34848.37,35499.23,34250.00,34538.70,6348.5030
2022-01-22T20:00:00,34538.71,35750.00,34436.20,35066.43,4421.0723
2022-01-23T00:00:00,35075.70,35547.07,34810.00,35067.81,2855.0360
2022-01-23T04:00:00,35069.29,35777.00,34959.38,35606.53,2343.0346
2022-01-23T08:00:00,35596.19,36167.68,35361.08,35704.75,2248.3270
2022-01-23T12:00:00,35704.75,36089.31,35054.49,35304.48,2996.3037
2022-01-23T16:00:00,35301.87,35461.35,34625.00,34793.94,3282.6173
2022-01-23T20:00:00,34794.89,36555.55,34724.02,36282.47,3714.9089
2022-01-24T00:00:00,36275.28,36283.10,35186.69,35365.24,2865.5118
2022-01-24T04:00:00,35359.78,35500.00,34820.99,34896.43,2190.5808
2022-01-24T08:00:00,34896.43,35579.95,33027.00,33702.98,6513.3911
2022-01-24T12:00:00,33702.97,34373.25,32933.33,34263.74,8318.5737
2022-01-24T16:00:00,34261.41,36478.60,33826.81,36097.79,12815.9168
2022-01-24T20:00:00,36087.92,37574.63,35974.74,36693.32,6072.3159
2022-01-25T00:00:00,36687.58,36714.71,35976.16,36446.12,2760.1094
2022-01-25T04:00:00,36443.39,36519.76,35716.15,36072.93,1992.2005
2022-01-25T08:00:00,36069.89,36811.00,36024.79,36437.07,2461.3378
2022-01-25T12:00:00,36441.47,37226.70,35996.56,36568.63,5125.3519
2022-01-25T16:00:00,36571.67,37579.81,36531.32,37089.19,5369.7741
2022-01-25T20:00:00,37088.42,37131.36,36430.97,36980.00,3888.7482
2022-01-26T00:00:00,36980.00,37535.61,36576.70,37422.61,2275.4136
2022-01-26T04:00:00,37425.70,38000.00,37161.73,37374.88,2430.2386
2022-01-26T08:00:00,37373.36,38266.35,37365.72,38111.88,2615.3743
2022-01-26T12:00:00,38110.57,38536.02,37627.17,38009.35,5415.8829
2022-01-26T16:00:00,38005.13,38960.00,37462.00,37598.08,8123.2840
2022-01-26T20:00:00,37606.06,37606.06,36254.97,36840.63,6543.7978
2022-01-27T00:00:00,36846.22,37107.45,35530.07,35779.41,4693.2579
2022-01-27T04:00:00,35776.84,36313.84,35722.00,36198.84,2994.4965
2022-01-27T08:00:00,36200.00,36828.49,35848.46,36705.80,1964.3151
2022-01-27T12:00:00,36706.50,37240.99,36499.96,36651.41,3175.4203
2022-01-27T16:00:00,36653.37,36795.38,35896.55,36212.19,4047.8039
2022-01-27T20:00:00,36210.87,37249.00,35526.36,37188.37,6726.1683
2022-01-28T00:00:00,37188.37,37500.00,36649.94,37372.51,4300.1479
2022-01-28T04:00:00,37372.52,37518.29,36778.13,36803.87,2979.4430
2022-01-28T08:00:00,36800.76,36890.64,36326.00,36459.68,2409.9449
2022-01-28T12:00:00,36459.68,37373.72,36162.48,37213.00,5362.1191
2022-01-28T16:00:00,37212.81,37390.99,36772.98,37242.81,4327.4607
2022-01-28T20:00:00,37242.79,38023.74,37154.04,37741.90,3337.0493
2022-01-29T00:00:00,37741.90,38011.81,37474.65,37760.75,2073.3255
2022-01-29T04:00:00,37760.75,37950.00,37625.04,37861.08,1504.2194
2022-01-29T08:00:00,37861.08,37948.54,37595.06,37766.06,1182.3912
2022-01-29T12:00:00,37766.07,38226.62,37300.00,37592.22,2521.2663
2022-01-29T16:00:00,37592.07,37983.82,37344.72,37884.26,2727.9173
2022-01-29T20:00:00,37884.25,38748.43,37863.35,38191.10,3094.0711
2022-01-30T00:00:00,38189.82,38297.26,37767.54,37945.53,1643.4905
2022-01-30T04:00:00,37943.86,38320.00,37927.52,38272.84,1458.7366
2022-01-30T08:00:00,38272.78,38384.07,37837.33,38137.48,1357.1647
2022-01-30T12:00:00,38137.48,38169.18,37744.94,37994.14,1481.1146
2022-01-30T16:00:00,37997.30,38085.44,37462.07,37527.82,1896.1497
2022-01-30T20:00:00,37527.82,38261.68,37365.31,37901.35,2795.8798
2022-01-31T00:00:00,37904.99,37960.18,36640.94,37043.52,3504.3407
2022-01-31T04:00:00,37041.66,37218.14,36825.11,37144.79,1330.5916
2022-01-31T08:00:00,37144.45,37369.08,36901.00,37285.96,1145.4385
2022-01-31T12:00:00,37285.97,37920.26,36810.01,37741.00,4650.8075
2022-01-31T16:00:00,37742.94,38785.04,37690.89,38437.65,5205.9667
2022-01-31T20:00:00,38436.77,38750.00,38251.14,38491.93,3817.8398
2022-02-01T00:00:00,38492.53,38707.73,38188.88,38630.42,2117.6407
2022-02-01T04:00:00,38630.58,38681.97,38254.33,38467.87,1327.6142
2022-02-01T08:00:00,38471.98,39104.77,38021.53,38462.12,2696.5051
2022-02-01T12:00:00,38462.12,39067.65,38188.41,38648.45,4545.6360
2022-02-01T16:00:00,38648.46,39300.00,38355.85,38397.36,3755.7385
2022-02-01T20:00:00,38397.37,38919.51,38380.23,38716.88,1936.7970
2022-02-02T00:00:00,38714.27,38888.88,38401.00,38579.30,1480.6865
2022-02-02T04:00:00,38579.23,38579.23,38212.01,38312.25,1330.6898
2022-02-02T08:00:00,38312.25,38621.60,38253.94,38517.36,684.5789
2022-02-02T12:00:00,38518.47,38788.99,37366.66,37438.11,3618.1084
2022-02-02T16:00:00,37438.11,37689.80,37077.35,37590.18,2999.7918
2022-02-02T20:00:00,37590.18,37690.53,36584.29,36923.39,3673.7318
2022-02-03T00:00:00,36923.39,37073.14,36750.00,36840.88,1934.9497
2022-02-03T04:00:00,36839.63,37118.61,36800.00,37045.41,841.3392
2022-02-03T08:00:00,37044.77,37131.19,36296.92,36799.53,1724.0695
2022-02-03T12:00:00,36800.90,37000.00,36259.01,36935.78,3481.9949
2022-02-03T16:00:00,36932.08,37133.98,36451.62,36566.69,2176.4755
2022-02-03T20:00:00,36564.63,37450.75,36264.36,37329.91,3124.4574
2022-02-04T00:00:00,37324.61,37470.00,37051.36,37335.11,1358.1402
2022-02-04T04:00:00,37335.11,38234.89,37270.00,37891.06,1790.7327
2022-02-04T08:00:00,37890.34,38261.41,37814.59,37824.53,1499.5328
2022-02-04T12:00:00,37824.54,39895.00,37318.00,39505.13,6588.6606
2022-02-04T16:00:00,39505.12,40899.99,39452.49,40751.16,7463.6462
2022-02-04T20:00:00,40751.16,41788.81,40382.91,41614.64,3836.8457
2022-02-05T00:00:00,41613.75,41970.00,41200.00,41475.70,3259.7001
2022-02-05T04:00:00,41475.70,41777.84,41396.85,41414.04,1585.6120
2022-02-05T08:00:00,41413.39,41697.20,41250.00,41467.60,1110.5887
2022-02-05T12:00:00,41467.08,41934.38,41361.59,41802.86,1695.8031
2022-02-05T16:00:00,41802.86,41893.72,40955.40,41586.17,2341.5267
2022-02-05T20:00:00,41586.17,41797.70,41364.68,41404.85,1193.9705
2022-02-06T00:00:00,41411.59,41668.78,41360.01,41472.37,713.9505
2022-02-06T04:00:00,41472.37,41749.94,41333.34,41641.83,690.7800
2022-02-06T08:00:00,41641.04,41731.34,41456.21,41538.60,406.8499
2022-02-06T12:00:00,41536.85,42208.00,41135.39,41552.39,1697.4694
2022-02-06T16:00:00,41552.40,41780.00,41421.00,41739.07,835.1837
2022-02-06T20:00:00,41739.07,42719.93,41511.10,42415.16,2103.6513
2022-02-07T00:00:00,42416.06,42992.94,41678.79,42858.27,4221.5217
2022-02-07T04:00:00,42857.32,43036.87,42587.53,42748.70,2265.6730
2022-02-07T08:00:00,42753.00,42798.09,42258.61,42750.00,1100.7236
2022-02-07T12:00:00,42750.02,43942.32,42510.00,43885.21,4142.5997
2022-02-07T16:00:00,43881.93,44533.00,43514.30,44285.63,5368.5909
2022-02-07T20:00:00,44285.63,44487.75,43750.00,43868.07,2941.3897
2022-02-08T00:00:00,43868.08,44233.97,43575.00,44225.56,2048.0015
2022-02-08T04:00:00,44225.57,45519.24,44120.02,44896.96,3377.3829
2022-02-08T08:00:00,44896.95,44971.42,43561.03,44026.04,2774.9188
2022-02-08T12:00:00,44026.03,44026.04,42901.00,43469.00,4018.5217
2022-02-08T16:00:00,43468.99,43879.98,42688.00,43028.44,4636.4206
2022-02-08T20:00:00,43028.44,44446.15,42968.84,44085.59,3532.4001
2022-02-09T00:00:00,44087.58,44371.63,43155.50,43385.40,2189.1232
2022-02-09T04:00:00,43383.00,43942.68,43159.43,43832.10,1405.2515
2022-02-09T08:00:00,43842.48,43970.99,43215.67,43754.48,1803.2342
2022-02-09T12:00:00,43750.02,44484.93,43663.29,43909.64,2869.4264
2022-02-09T16:00:00,43909.64,44750.00,43629.65,44506.11,2588.3683
2022-02-09T20:00:00,44508.85,44865.46,44211.19,44416.35,1930.4082
2022-02-10T00:00:00,44416.39,44449.98,43611.00,43821.42,1749.5852
2022-02-10T04:00:00,43821.42,44163.83,43611.00,44134.75,1060.8251
2022-02-10T08:00:00,44134.76,45200.00,44093.86,44871.79,1669.2865
2022-02-10T12:00:00,44871.79,45726.99,43210.00,44972.05,6918.2950
2022-02-10T16:00:00,44980.57,45855.00,44360.94,44401.94,5286.8510
2022-02-10T20:00:00,44399.02,44633.86,43365.64,43527.71,3339.6804
2022-02-11T00:00:00,43521.88,43783.70,42617.70,43371.34,3560.7403
2022-02-11T04:00:00,43372.59,43446.06,42820.00,43384.86,1546.0149
2022-02-11T08:00:00,43384.07,43640.32,42907.71,43385.51,1546.4295
2022-02-11T12:00:00,43385.49,43962.13,43284.95,43707.48,3659.6026
2022-02-11T16:00:00,43705.90,43810.83,42055.55,42758.73,5073.8315
2022-02-11T20:00:00,42747.60,42876.49,42000.00,42386.47,3980.7964
2022-02-12T00:00:00,42386.47,42500.00,42170.66,42316.97,1343.9789
2022-02-12T04:00:00,42316.97,42474.60,41765.00,42118.56,1285.0513
2022-02-12T08:00:00,42118.56,42468.57,41899.68,42430.19,889.0606
2022-02-12T12:00:00,42428.54,42471.05,41807.00,42136.79,1276.3135
2022-02-12T16:00:00,42133.84,43050.00,42003.41,42675.72,2202.1499
2022-02-12T20:00:00,42675.72,42773.74,41750.00,42244.97,1667.8653
2022-02-13T00:00:00,42244.91,42526.47,42072.36,42243.08,895.1757
2022-02-13T04:00:00,42243.08,42481.52,42131.92,42432.09,603.4757
2022-02-13T08:00:00,42432.09,42674.96,42270.09,42497.09,537.8904
2022-02-13T12:00:00,42497.08,42781.96,42193.02,42584.73,1101.1406
2022-02-13T16:00:00,42592.82,42608.27,41885.61,42055.77,1751.3863
2022-02-13T20:00:00,42055.77,42524.66,41950.06,42074.99,1319.8723
2022-02-14T00:00:00,42073.37,42247.70,41570.00,41931.06,2218.1187
2022-02-14T04:00:00,41930.36,42387.54,41743.87,42333.78,1262.4942
2022-02-14T08:00:00,42333.54,42438.07,41927.18,42129.03,1779.4936
2022-02-14T12:00:00,42129.04,42876.15,41971.02,42598.78,3579.7466
2022-02-14T16:00:00,42601.10,42850.00,41800.00,42137.03,3685.8545
2022-02-14T20:00:00,42137.03,42830.54,42002.72,42548.71,2280.2757
2022-02-15T00:00:00,42548.71,43718.07,42433.28,43599.52,2621.0766
2022-02-15T04:00:00,43599.52,43813.89,43410.75,43723.98,1359.8131
2022-02-15T08:00:00,43723.97,44457.63,43635.70,44257.15,2640.8476
2022-02-15T12:00:00,44257.14,44542.53,44021.30,44236.88,3077.8406
2022-02-15T16:00:00,44236.88,44289.46,43864.89,44021.07,2388.6052
2022-02-15T20:00:00,44021.06,44775.96,43956.09,44583.52,2066.5515
2022-02-16T00:00:00,44580.73,44585.69,43923.05,44012.22,1397.2198
2022-02-16T04:00:00,44012.22,44231.68,43677.79,44219.11,933.5145
2022-02-16T08:00:00,44219.12,44363.94,43897.00,44209.55,990.6827
2022-02-16T12:00:00,44202.42,44249.08,43330.59,43626.64,2459.4931
2022-02-16T16:00:00,43630.63,44394.45,43370.79,44258.61,2223.9602
2022-02-16T20:00:00,44258.61,44411.06,43865.39,43895.56,1658.5700
2022-02-17T00:00:00,43895.55,44195.62,43601.19,43604.66,1186.3882
2022-02-17T04:00:00,43604.66,43983.25,43374.94,43950.53,1353.8210
2022-02-17T08:00:00,43950.53,44056.89,42922.00,43192.01,2278.6404
2022-02-17T12:00:00,43192.02,43373.30,41725.00,41944.37,4844.2697
2022-02-17T16:00:00,41946.10,42138.00,40800.00,41224.99,5012.0017
2022-02-17T20:00:00,41219.23,41222.98,40099.99,40536.73,3954.9875
2022-02-18T00:00:00,40537.94,40972.30,40323.85,40725.17,2299.1960
2022-02-18T04:00:00,40725.16,40810.53,40505.00,40688.80,1075.7717
2022-02-18T08:00:00,40688.80,40990.90,40121.71,40204.05,1267.7879
2022-02-18T12:00:00,40204.05,40916.32,39633.75,39844.36,4947.9427
2022-02-18T16:00:00,39839.66,40446.35,39425.07,40238.15,4694.2175
2022-02-18T20:00:00,40238.16,40304.47,39750.00,39983.56,2206.0972
2022-02-19T00:00:00,39993.64,40331.63,39931.54,40166.68,965.7362
2022-02-19T04:00:00,40165.75,40469.82,40097.03,40284.16,677.1761
2022-02-19T08:00:00,40290.52,40326.84,39663.44,39857.71,1214.9330
2022-02-19T12:00:00,39858.69,40086.57,39655.00,39988.43,1119.3174
2022-02-19T16:00:00,39988.40,40374.51,39879.38,39995.12,1503.5141
2022-02-19T20:00:00,39992.01,40159.83,39811.96,40101.94,796.6252
2022-02-20T00:00:00,40101.93,40146.07,39713.02,39815.56,902.6315
2022-02-20T04:00:00,39811.74,39867.24,38597.41,38813.54,2588.3387
2022-02-20T08:00:00,38813.43,38864.07,38000.00,38365.28,2132.4764
2022-02-20T12:00:00,38367.46,38638.49,38023.47,38360.71,1655.2991
2022-02-20T16:00:00,38358.70,38534.73,38175.00,38405.03,1904.7731
2022-02-20T20:00:00,38405.03,39000.00,38052.52,38389.03,1788.8029
2022-02-21T00:00:00,38395.99,39409.14,38200.00,38937.36,3515.8374
2022-02-21T04:00:00,38937.32,39506.91,38924.56,39314.63,1307.7359
2022-02-21T08:00:00,39313.77,39383.08,37373.71,37601.60,2515.0977
2022-02-21T12:00:00,37605.83,39364.38,37215.21,38858.36,5271.6506
2022-02-21T16:00:00,38857.66,39166.66,37555.21,38159.88,4296.0825
2022-02-21T20:00:00,38159.88,38460.21,36811.00,37023.00,4064.3596
2022-02-22T00:00:00,37022.11,37483.04,36350.00,36599.30,4520.8973
2022-02-22T04:00:00,36599.35,37252.18,36513.78,36781.38,3927.0629
2022-02-22T08:00:00,36780.71,37880.11,36755.39,37539.87,2474.9866
2022-02-22T12:00:00,37539.86,38357.44,37279.48,37770.12,4575.5245
2022-02-22T16:00:00,37769.68,38190.00,37384.49,38090.16,4359.7091
2022-02-22T20:00:00,38094.80,38469.06,37772.23,38251.48,2908.9073
2022-02-23T00:00:00,38251.67,38383.49,37555.54,37773.87,2467.3075
2022-02-23T04:00:00,37773.87,38240.30,37736.83,38179.22,1496.2223
2022-02-23T08:00:00,38179.22,39139.10,38110.01,38816.35,2189.7244
2022-02-23T12:00:00,38816.36,39276.85,38449.82,38534.72,2965.7611
2022-02-23T16:00:00,38534.71,38795.76,37545.71,37633.02,3587.0017
2022-02-23T20:00:00,37636.41,37818.19,37055.00,37268.19,2804.0963
2022-02-24T00:00:00,37268.18,37438.76,34700.00,34933.95,8386.8983
2022-02-24T04:00:00,34933.93,35510.00,34322.00,35325.48,9157.3424
2022-02-24T08:00:00,35313.28,35900.24,34852.68,35460.83,4432.2325
2022-02-24T12:00:00,35452.90,36144.60,35057.18,35939.00,7025.8880
2022-02-24T16:00:00,35944.40,37390.55,35761.06,37336.85,6449.9088
2022-02-24T20:00:00,37331.73,39720.00,37320.74,38347.30,6672.2488
2022-02-25T00:00:00,38347.30,39029.04,38164.05,38943.82,3220.9242
2022-02-25T04:00:00,38943.82,38958.77,38315.00,38496.70,1831.5130
2022-02-25T08:00:00,38495.25,38886.86,38016.44,38752.94,2353.1304
2022-02-25T12:00:00,38754.58,39716.00,38723.16,39472.53,6506.5224
2022-02-25T16:00:00,39477.07,39639.37,38550.01,38699.34,4164.4326
2022-02-25T20:00:00,38698.85,39641.01,38627.08,39238.48,2685.1467
2022-02-26T00:00:00,39242.71,40300.50,39094.97,39411.51,2519.1279
2022-02-26T04:00:00,39404.72,39494.64,38975.06,39224.18,1175.3585
2022-02-26T08:00:00,39224.17,39580.64,38592.04,38956.96,1293.8295
2022-02-26T12:00:00,38956.94,39387.47,38800.00,39250.61,891.3749
2022-02-26T16:00:00,39248.47,39485.00,38855.00,39275.76,1207.6411
2022-02-26T20:00:00,39275.75,39700.00,38925.52,39137.80,1514.3392
2022-02-27T00:00:00,39146.97,39276.16,38200.00,38641.44,2167.2159
2022-02-27T04:00:00,38642.19,38900.00,38483.01,38822.66,1268.1627
2022-02-27T08:00:00,38822.35,39558.62,38653.96,39507.30,1661.7247
2022-02-27T12:00:00,39507.76,39875.71,38555.00,39380.44,2314.9196
2022-02-27T16:00:00,39378.61,39464.22,37530.00,37619.53,2433.5166
2022-02-27T20:00:00,37618.02,38305.98,37020.00,37717.08,4594.6968
2022-02-28T00:00:00,37716.57,38400.00,37455.71,37815.38,2726.7573
2022-02-28T04:00:00,37816.19,38500.01,37477.44,38362.78,2326.6882
2022-02-28T08:00:00,38362.79,38686.30,38100.47,38346.85,1322.6272
2022-02-28T12:00:00,38346.86,40971.75,37913.52,40858.12,7441.2791
2022-02-28T16:00:00,40849.79,41499.99,40710.55,41353.04,5702.6155
2022-02-28T20:00:00,41344.69,44240.77,41255.91,43192.66,6179.7170
2022-03-01T00:00:00,43189.61,43757.00,42867.07,43164.49,3476.6651
2022-03-01T04:00:00,43159.33,43570.03,43045.02,43511.28,1676.1625
2022-03-01T08:00:00,43518.86,43888.00,42850.00,43634.35,2028.8148
2022-03-01T12:00:00,43637.96,44993.12,43333.77,43676.50,7995.4429
2022-03-01T16:00:00,43675.57,44108.00,43224.12,43751.55,4382.7456
2022-03-01T20:00:00,43749.09,44549.67,43447.00,44439.95,3037.1301
2022-03-02T00:00:00,44440.00,44770.00,43821.93,44344.90,3439.3156
2022-03-02T04:00:00,44347.54,44572.83,43682.57,43996.39,1881.3118
2022-03-02T08:00:00,43999.20,44368.42,43772.31,44136.07,1570.9729
2022-03-02T12:00:00,44131.68,45426.45,43342.16,44121.99,5870.0307
2022-03-02T16:00:00,44134.90,44512.63,43423.01,43719.85,3141.3817
2022-03-02T20:00:00,43716.82,44400.00,43691.53,43912.34,1563.9732
2022-03-03T00:00:00,43916.47,44065.93,43222.00,43333.32,1967.9041
2022-03-03T04:00:00,43333.32,43695.00,42937.73,43493.28,1564.2340
2022-03-03T08:00:00,43493.28,43644.84,43073.26,43400.07,1409.3744
2022-03-03T12:00:00,43400.07,44096.45,42350.00,42552.62,4238.1407
2022-03-03T16:00:00,42552.61,42762.06,42049.38,42205.36,6468.5883
2022-03-03T20:00:00,42200.60,42719.90,41811.00,42464.41,3630.0407
2022-03-04T00:00:00,42464.41,42524.87,41000.00,41440.82,4621.0126
2022-03-04T04:00:00,41439.89,41516.75,41102.00,41440.92,2532.3153
2022-03-04T08:00:00,41443.99,41909.42,40857.59,41677.49,2142.2251
2022-03-04T12:00:00,41675.33,41843.07,40545.00,40685.31,4465.8821
2022-03-04T16:00:00,40685.04,40956.44,39657.00,39777.51,5183.1126
2022-03-04T20:00:00,39774.13,39868.79,38577.01,39166.51,5136.0582
2022-03-05T00:00:00,39166.50,39212.05,38587.27,39070.48,1881.7373
2022-03-05T04:00:00,39070.48,39159.99,38710.03,39034.53,1230.0640
2022-03-05T08:00:00,39036.78,39296.15,38811.00,39147.92,765.9232
2022-03-05T12:00:00,39146.90,39378.40,38908.51,39173.40,1028.3460
2022-03-05T16:00:00,39172.50,39600.00,39138.56,39449.95,1746.3079
2022-03-05T20:00:00,39449.66,39589.75,39278.29,39402.43,1788.1379
2022-03-06T00:00:00,39407.87,39730.50,39264.01,39295.56,1104.7725
2022-03-06T04:00:00,39295.57,39669.00,38815.65,39399.98,1453.7939
2022-03-06T08:00:00,39399.77,39400.66,38091.02,38353.27,2325.3983
2022-03-06T12:00:00,38357.66,39062.87,38292.35,38867.26,1393.3610
2022-03-06T16:00:00,38864.47,39375.00,38522.81,38681.38,1291.4147
2022-03-06T20:00:00,38678.78,39278.11,38130.65,38408.38,2531.2451
2022-03-07T00:00:00,38406.82,38549.99,37577.47,37885.39,3300.4488
2022-03-07T04:00:00,37884.18,38248.00,37768.10,37907.86,1318.6219
2022-03-07T08:00:00,37907.63,38411.65,37665.10,38349.61,1237.1726
2022-03-07T12:00:00,38347.42,39293.83,38347.42,39081.89,3512.2856
2022-03-07T16:00:00,39081.89,39556.58,37200.00,37308.22,5422.1540
2022-03-07T20:00:00,37308.23,38500.00,37161.88,37994.00,4753.6013
2022-03-08T00:00:00,37991.05,38963.51,37851.54,38700.00,3184.3255
2022-03-08T04:00:00,38700.00,38844.00,38000.00,38558.16,2054.9929
2022-03-08T08:00:00,38558.15,39192.97,38460.28,38992.06,1966.4906
2022-03-08T12:00:00,38992.02,39230.56,38297.00,38665.28,3917.3187
2022-03-08T16:00:00,38662.02,39376.65,38138.87,38767.80,5993.3401
2022-03-08T20:00:00,38755.36,38902.51,38368.01,38749.38,2016.3014
2022-03-09T00:00:00,38749.16,41467.33,38655.98,41217.70,5583.1373
2022-03-09T04:00:00,41217.73,41899.98,41217.71,41786.49,4398.0265
2022-03-09T08:00:00,41800.77,42438.00,41635.45,42160.80,2703.7877
2022-03-09T12:00:00,42156.20,42597.84,41647.68,42540.93,5037.4396
2022-03-09T16:00:00,42540.94,42582.00,41785.56,42222.37,4071.3524
2022-03-09T20:00:00,42225.41,42350.00,41568.51,41953.97,2857.9300
2022-03-10T00:00:00,41949.28,42053.84,40565.50,40789.84,3215.0699
2022-03-10T04:00:00,40790.43,40854.47,38900.00,39248.55,4816.8559
2022-03-10T08:00:00,39249.30,39343.39,38800.00,39092.58,2520.7179
2022-03-10T12:00:00,39089.82,40302.06,38560.85,39195.37,4844.4440
2022-03-10T16:00:00,39193.67,39583.19,38912.54,39455.09,3299.5584
2022-03-10T20:00:00,39455.09,39699.99,39075.00,39433.71,2117.3684
2022-03-11T00:00:00,39431.40,39456.11,38234.08,38732.58,3266.5867
2022-03-11T04:00:00,38735.25,39333.00,38351.70,39146.59,1750.5951
2022-03-11T08:00:00,39147.67,40235.06,38820.00,39919.18,1922.1660
2022-03-11T12:00:00,39906.42,40251.51,38918.11,39082.34,3298.8669
2022-03-11T16:00:00,39081.57,39108.01,38531.00,38786.63,3295.2896
2022-03-11T20:00:00,38791.03,39171.02,38305.00,38732.04,2375.0710
2022-03-12T00:00:00,38732.33,39345.24,38654.02,39103.90,1315.7393
2022-03-12T04:00:00,39103.88,39266.23,38939.52,39115.39,804.9035
2022-03-12T08:00:00,39113.40,39285.84,38967.29,39088.82,500.3790
2022-03-12T12:00:00,39088.82,39280.89,38682.66,39051.95,955.3390
2022-03-12T16:00:00,39051.13,39472.17,38930.00,39049.67,1185.1216
2022-03-12T20:00:00,39049.66,39226.56,38726.99,38813.02,882.6644
2022-03-13T00:00:00,38815.56,39240.00,38706.28,39201.83,1034.3638
2022-03-13T04:00:00,39197.34,39318.19,39069.19,39093.10,538.8767
2022-03-13T08:00:00,39093.09,39135.42,38602.31,38756.62,967.2580
2022-03-13T12:00:00,38752.01,39102.37,38388.88,38950.41,1549.6474
2022-03-13T16:00:00,38947.64,39081.08,38860.04,38878.35,845.8227
2022-03-13T20:00:00,38876.02,38877.60,37580.86,37793.01,3110.4075
2022-03-14T00:00:00,37793.40,38347.94,37560.40,38153.90,2154.3071
2022-03-14T04:00:00,38155.22,39175.00,38129.71,39080.31,2136.4889
2022-03-14T08:00:00,39080.27,39310.64,38855.00,38906.42,1588.9201
2022-03-14T12:00:00,38903.97,39175.00,38616.67,38961.73,2857.0813
2022-03-14T16:00:00,38967.49,39056.87,38413.87,38817.41,2497.9612
2022-03-14T20:00:00,38817.40,39906.39,38605.38,39674.17,2332.0524
2022-03-15T00:00:00,39678.51,39800.00,38650.00,38768.84,3284.2385
2022-03-15T04:00:00,38767.92,38986.87,38135.00,38452.30,1399.1245
2022-03-15T08:00:00,38452.87,38796.50,38271.38,38659.70,1202.8521
2022-03-15T12:00:00,38659.70,39284.80,38481.37,39021.69,3460.3874
2022-03-15T16:00:00,39020.82,39830.07,38929.73,39750.00,3364.4215
2022-03-15T20:00:00,39745.44,39900.00,39253.83,39298.10,2213.6524
2022-03-16T00:00:00,39298.11,41717.67,38850.00,39170.38,5963.6396
2022-03-16T04:00:00,39170.37,39681.15,38934.58,39595.78,1709.7600
2022-03-16T08:00:00,39597.86,40707.76,39573.88,40540.34,2627.7554
2022-03-16T12:00:00,40542.11,41222.09,40263.32,40629.79,3425.7020
2022-03-16T16:00:00,40629.98,40970.95,39332.26,40905.20,6198.1807
2022-03-16T20:00:00,40905.19,41498.99,40783.68,41127.97,2880.4449
2022-03-17T00:00:00,41127.96,41400.00,40838.81,41036.99,2350.5516
2022-03-17T04:00:00,41036.55,41486.00,40571.86,40754.42,2469.1801
2022-03-17T08:00:00,40754.31,40924.91,40521.00,40765.43,1860.8556
2022-03-17T12:00:00,40761.93,41248.01,40717.23,40821.01,3811.6440
2022-03-17T16:00:00,40824.20,40913.66,40593.99,40906.41,2976.9370
2022-03-17T20:00:00,40905.66,41089.00,40600.00,40950.33,2248.6058
2022-03-18T00:00:00,40950.23,40969.85,40261.58,40551.86,2093.6548
2022-03-18T04:00:00,40554.35,40920.00,40459.58,40587.82,1808.4894
2022-03-18T08:00:00,40590.68,40774.32,40130.00,40416.07,1285.5155
2022-03-18T12:00:00,40412.53,41097.13,40318.12,40945.86,3637.6601
2022-03-18T16:00:00,40944.97,42100.73,40923.24,42071.27,6459.7157
2022-03-18T20:00:00,42079.23,42396.04,41651.57,41774.98,1896.1168
2022-03-19T00:00:00,41781.37,42035.69,41534.89,41817.93,1346.2111
2022-03-19T04:00:00,41817.93,41971.10,41560.49,41631.68,840.7431
2022-03-19T08:00:00,41631.69,41816.98,41594.80,41753.40,514.9656
2022-03-19T12:00:00,41753.43,42109.69,41680.95,41963.24,1972.1818
2022-03-19T16:00:00,41961.11,42184.74,41816.00,42058.66,2050.1052
2022-03-19T20:00:00,42056.36,42429.00,41743.06,42232.26,1906.7661
2022-03-20T00:00:00,42232.05,42330.10,41805.79,41972.15,2088.9523
2022-03-20T04:00:00,41972.83,42037.81,41780.00,41887.57,583.7239
2022-03-20T08:00:00,41887.56,41965.13,41599.00,41608.08,677.0200
2022-03-20T12:00:00,41609.84,41721.85,41276.38,41363.98,1328.3164
2022-03-20T16:00:00,41364.01,41530.42,40918.72,41409.78,1635.1757
2022-03-20T20:00:00,41409.39,41711.07,41114.42,41287.24,1307.8421
2022-03-21T00:00:00,41287.24,41470.97,40509.00,40858.95,1905.3970
2022-03-21T04:00:00,40858.80,41174.10,40736.85,41117.68,665.2865
2022-03-21T08:00:00,41120.51,41501.12,41102.01,41270.40,834.6776
2022-03-21T12:00:00,41272.53,41578.33,40750.07,41242.21,3189.2263
2022-03-21T16:00:00,41243.46,41263.50,40761.57,41196.46,3239.2285
2022-03-21T20:00:00,41196.21,41392.46,40955.84,41017.71,1162.6606
2022-03-22T00:00:00,41017.70,42525.00,40885.19,42255.72,4680.4625
2022-03-22T04:00:00,42256.02,43389.79,42011.11,42239.44,4046.1469
2022-03-22T08:00:00,42239.43,43075.75,42107.06,43012.69,2652.2950
2022-03-22T12:00:00,43011.90,43239.61,42577.63,42598.14,4087.1988
2022-03-22T16:00:00,42594.90,42731.42,42291.43,42303.52,2304.7693
2022-03-22T20:00:00,42307.65,42907.12,42274.68,42378.26,2142.4142
2022-03-23T00:00:00,42376.03,42560.42,41918.23,42089.54,1856.4532
2022-03-23T04:00:00,42088.89,42280.18,41766.79,42128.09,1457.9637
2022-03-23T08:00:00,42127.87,42365.23,41898.76,42055.31,1426.5259
2022-03-23T12:00:00,42058.20,42767.99,41893.33,42646.28,3548.5555
2022-03-23T16:00:00,42647.02,42800.00,42060.36,42231.80,3249.2288
2022-03-23T20:00:00,42231.80,43036.95,42201.31,42899.71,2206.5484
2022-03-24T00:00:00,42899.71,43296.47,42668.00,42737.91,2949.0861
2022-03-24T04:00:00,42743.52,43500.00,42738.44,43100.00,2676.0086
2022-03-24T08:00:00,43098.18,43238.53,42864.38,42998.26,2964.4548
2022-03-24T12:00:00,42998.25,44058.03,42627.48,44016.38,6533.6743
2022-03-24T16:00:00,44016.38,44241.00,43789.93,43946.93,5090.5864
2022-03-24T20:00:00,43943.42,44142.57,43827.43,44012.29,1614.1224
2022-03-25T00:00:00,44012.36,44390.00,43873.57,43993.57,3628.9279
2022-03-25T04:00:00,43990.59,44227.53,43913.89,43933.67,2078.2476
2022-03-25T08:00:00,43933.67,44691.89,43605.80,44622.73,2557.1564
2022-03-25T12:00:00,44617.58,45130.91,44200.81,44343.85,5770.5106
2022-03-25T16:00:00,44339.26,44613.79,44030.00,44466.75,3452.4607
2022-03-25T20:00:00,44467.85,44664.19,44251.56,44331.85,1640.8342
2022-03-26T00:00:00,44336.19,44478.73,44091.09,44425.99,1405.6700
2022-03-26T04:00:00,44420.29,44577.00,44378.17,44531.40,885.2235
2022-03-26T08:00:00,44531.40,44600.00,44350.00,44363.72,767.2660
2022-03-26T12:00:00,44364.47,44429.46,44163.26,44227.93,1262.3379
2022-03-26T16:00:00,44225.98,44496.00,44156.22,44395.39,1243.3033
2022-03-26T20:00:00,44389.78,44820.58,44275.70,44539.42,1741.3777
2022-03-27T00:00:00,44538.21,44973.50,44512.08,44741.47,1359.7930
2022-03-27T04:00:00,44739.98,44798.02,44558.02,44755.23,738.4071
2022-03-27T08:00:00,44755.23,44771.09,44516.86,44587.03,684.7530
2022-03-27T12:00:00,44587.31,44960.00,44437.22,44882.31,1161.2522
2022-03-27T16:00:00,44882.17,45042.99,44754.91,44855.61,1269.3804
2022-03-27T20:00:00,44858.77,46950.00,44725.00,46850.01,5142.5175
2022-03-28T00:00:00,46850.01,47694.00,46662.28,47065.07,3017.8258
2022-03-28T04:00:00,47065.24,47430.29,46770.70,47006.35,1851.4359
2022-03-28T08:00:00,47004.06,47385.97,46858.82,47278.33,1584.8137
2022-03-28T12:00:00,47281.77,47900.00,47137.81,47446.29,4221.3693
2022-03-28T16:00:00,47443.75,48240.00,47329.31,47982.33,5138.6288
2022-03-28T20:00:00,47986.45,48136.78,46867.26,47144.92,2973.5897
2022-03-29T00:00:00,47146.92,47637.66,47048.55,47361.87,2209.2092
2022-03-29T04:00:00,47361.86,47775.59,47335.02,47376.10,1210.9086
2022-03-29T08:00:00,47376.05,47990.48,47364.23,47920.86,1605.0972
2022-03-29T12:00:00,47921.48,48124.94,47366.01,47463.64,4876.8326
2022-03-29T16:00:00,47468.72,47905.00,46589.00,47737.74,3791.0197
2022-03-29T20:00:00,47737.34,47754.50,46979.27,47454.19,2083.5839
2022-03-30T00:00:00,47448.41,47479.24,46544.89,47450.67,2224.1359
2022-03-30T04:00:00,47449.05,47608.35,47162.76,47397.61,981.0906
2022-03-30T08:00:00,47396.12,47516.89,47086.87,47338.32,1496.9185
2022-03-30T12:00:00,47338.50,47366.41,46873.02,47173.33,2439.9096
2022-03-30T16:00:00,47171.23,47717.01,46834.12,47082.24,3551.8741
2022-03-30T20:00:00,47084.14,47310.04,46860.00,47078.03,1978.5172
2022-03-31T00:00:00,47078.02,47439.33,46986.55,47110.98,1257.9334
2022-03-31T04:00:00,47110.99,47196.38,46918.00,47177.31,1118.6863
2022-03-31T08:00:00,47177.31,47398.00,47086.06,47171.98,1318.5352
2022-03-31T12:00:00,47172.02,47624.09,46228.54,46463.18,5562.6837
2022-03-31T16:00:00,46463.32,46505.62,45503.95,45595.55,5648.4137
2022-03-31T20:00:00,45602.79,45876.58,45211.00,45528.45,2548.5391
2022-04-01T00:00:00,45525.25,45655.42,44232.86,44614.99,4498.1919
2022-04-01T04:00:00,44612.73,45115.70,44554.06,45030.70,1866.9208
2022-04-01T08:00:00,45030.71,45338.35,45009.73,45082.74,1735.6909
2022-04-01T12:00:00,45081.52,46739.24,44722.00,46545.39,5000.8390
2022-04-01T16:00:00,46545.31,46607.89,45906.00,46390.69,3498.5503
2022-04-01T20:00:00,46390.41,46452.94,46096.30,46296.34,1510.9431
2022-04-02T00:00:00,46296.36,47219.46,46091.13,46616.08,1970.1947
2022-04-02T04:00:00,46616.09,46696.52,46424.12,46607.24,820.3868
2022-04-02T08:00:00,46607.23,46772.04,46505.35,46559.97,725.0978
2022-04-02T12:00:00,46558.58,46958.05,46147.23,46309.74,1853.7177
2022-04-02T16:00:00,46309.73,46500.00,45642.89,46139.73,1791.7356
2022-04-02T20:00:00,46133.55,46356.90,45780.00,45826.27,1219.0102
2022-04-03T00:00:00,45826.24,46087.87,45552.07,45965.12,1393.0997
2022-04-03T04:00:00,45965.11,46590.00,45941.20,46386.96,1007.3018
2022-04-03T08:00:00,46386.95,46466.82,46088.82,46267.38,763.8191
2022-04-03T12:00:00,46263.87,46735.04,46198.15,46423.23,1221.2170
2022-04-03T16:00:00,46423.51,46797.67,46230.36,46423.42,1653.4378
2022-04-03T20:00:00,46423.91,47469.40,46275.09,46422.16,2734.8965
2022-04-04T00:00:00,46420.08,46476.70,45760.32,46021.29,2512.3894
2022-04-04T04:00:00,46021.29,46303.01,45846.18,46193.50,966.7451
2022-04-04T08:00:00,46192.96,46306.62,45800.00,46164.61,1268.6658
2022-04-04T12:00:00,46164.56,46375.06,45559.38,45647.12,3076.8726
2022-04-04T16:00:00,45650.72,45964.96,45129.93,45950.72,3114.2774
2022-04-04T20:00:00,45950.73,46900.00,45726.47,46596.83,2863.4909
2022-04-05T00:00:00,46594.39,46784.22,46429.00,46660.33,1209.0128
2022-04-05T04:00:00,46660.31,46886.11,46555.55,46716.53,974.8393
2022-04-05T08:00:00,46716.53,46748.68,46520.34,46683.75,952.2404
2022-04-05T12:00:00,46683.74,47200.00,45700.00,45770.82,4748.5120
2022-04-05T16:00:00,45766.01,46198.17,45475.17,46031.58,3894.4782
2022-04-05T20:00:00,46029.89,46119.60,45371.16,45506.50,2611.4903
2022-04-06T00:00:00,45509.92,45523.25,44411.00,45225.35,3938.3780
2022-04-06T04:00:00,45223.77,45520.00,45125.21,45281.55,1528.9869
2022-04-06T08:00:00,45281.55,45468.81,44682.56,44833.91,2214.9818
2022-04-06T12:00:00,44828.24,45000.00,43639.42,44160.31,6374.5661
2022-04-06T16:00:00,44159.42,44286.67,43171.01,43744.29,7504.2902
2022-04-06T20:00:00,43745.34,44035.86,43115.26,43166.70,2689.1698
2022-04-07T00:00:00,43166.71,43560.64,42734.69,43286.59,3329.3729
2022-04-07T04:00:00,43290.13,43548.44,43200.50,43445.69,1553.6585
2022-04-07T08:00:00,43445.68,43847.00,43280.36,43764.68,1609.3254
2022-04-07T12:00:00,43764.55,43908.58,43026.43,43327.89,2906.0932
2022-04-07T16:00:00,43325.54,43832.61,43271.19,43397.09,2591.4608
2022-04-07T20:00:00,43399.25,43750.00,43215.00,43452.18,1255.4554
2022-04-08T00:00:00,43444.71,43706.89,43309.32,43617.65,1200.7434
2022-04-08T04:00:00,43618.92,43784.39,43420.69,43768.95,974.8811
2022-04-08T08:00:00,43771.23,44000.00,43266.63,43311.30,1225.0686
2022-04-08T12:00:00,43311.41,43976.44,42755.59,43662.71,3387.4334
2022-04-08T16:00:00,43663.78,43738.70,42424.00,42736.32,3281.1156
2022-04-08T20:00:00,42734.80,42881.78,42112.00,42262.02,1860.2792
2022-04-09T00:00:00,42261.90,42472.13,42118.96,42391.97,1210.3277
2022-04-09T04:00:00,42390.84,42644.74,42347.90,42479.39,563.0221
2022-04-09T08:00:00,42479.43,42551.14,42334.51,42455.51,418.7814
2022-04-09T12:00:00,42454.17,42530.83,42195.60,42231.78,986.1376
2022-04-09T16:00:00,42236.62,42649.47,42187.60,42528.77,821.8389
2022-04-09T20:00:00,42529.73,42816.38,42403.93,42766.93,805.6092
2022-04-10T00:00:00,42766.46,42914.73,42601.49,42793.31,654.7639
2022-04-10T04:00:00,42793.27,42814.35,42589.24,42643.75,361.0306
2022-04-10T08:00:00,42644.42,42739.97,42456.28,42701.16,467.9690
2022-04-10T12:00:00,42701.16,42866.71,42535.49,42763.63,702.7456
2022-04-10T16:00:00,42763.58,43300.00,42681.62,43261.12,1276.6541
2022-04-10T20:00:00,43262.54,43443.32,41885.86,42165.96,2307.3305
2022-04-11T00:00:00,42165.96,42424.14,41800.00,42120.99,1776.5445
2022-04-11T04:00:00,42120.99,42363.90,42090.65,42326.65,613.9897
2022-04-11T08:00:00,42319.76,42365.70,40977.54,41078.72,2360.0612
2022-04-11T12:00:00,41078.64,41255.70,40563.07,40580.32,4013.0067
2022-04-11T16:00:00,40580.31,40896.84,39761.03,39982.27,4771.9157
2022-04-11T20:00:00,39981.12,40258.39,39204.59,39535.87,3693.8552
2022-04-12T00:00:00,39535.88,39857.11,39287.48,39753.87,2013.7127
2022-04-12T04:00:00,39749.95,40200.00,39625.21,40196.64,1372.3677
2022-04-12T08:00:00,40196.64,40461.10,40042.53,40384.17,1208.0396
2022-04-12T12:00:00,40387.38,40705.68,39811.00,40193.43,4088.3376
2022-04-12T16:00:00,40193.98,40383.84,39263.13,39303.48,3354.3316
2022-04-12T20:00:00,39303.86,40294.42,39250.00,40086.23,1829.6294
2022-04-13T00:00:00,40086.70,40275.82,39550.00,40070.64,1681.0669
2022-04-13T04:00:00,40068.98,40235.13,39872.90,40139.07,918.6094
2022-04-13T08:00:00,40141.83,40211.03,39704.79,39728.59,1027.2492
2022-04-13T12:00:00,39728.58,41426.00,39636.57,41167.91,3963.0320
2022-04-13T16:00:00,41172.69,41570.88,40828.00,41075.78,2478.0790
2022-04-13T20:00:00,41075.10,41392.96,41009.58,41146.68,1389.5973
2022-04-14T00:00:00,41147.15,41512.43,41063.98,41324.35,1563.3908
2022-04-14T04:00:00,41323.97,41422.74,41167.00,41274.65,838.1768
2022-04-14T08:00:00,41274.85,41334.21,40850.00,40920.88,1232.2944
2022-04-14T12:00:00,40922.00,41310.00,39927.20,39971.31,3737.8788
2022-04-14T16:00:00,39971.32,40067.57,39573.80,39783.50,2321.7698
2022-04-14T20:00:00,39782.41,40021.70,39663.34,39954.08,1326.8615
2022-04-15T00:00:00,39953.62,40216.81,39770.22,40194.00,1067.2866
2022-04-15T04:00:00,40195.82,40451.54,39951.65,40244.04,933.1503
2022-04-15T08:00:00,40245.52,40398.17,40036.21,40225.26,836.0172
2022-04-15T12:00:00,40225.26,40850.00,39950.00,40420.18,1420.4309
2022-04-15T16:00:00,40420.21,40658.02,40232.90,40322.88,1377.7264
2022-04-15T20:00:00,40322.88,40608.92,40277.70,40554.58,813.3998
2022-04-16T00:00:00,40554.60,40699.99,40395.99,40446.62,762.0403
2022-04-16T04:00:00,40446.61,40575.00,40374.53,40406.14,471.2316
2022-04-16T08:00:00,40407.18,40504.18,40288.88,40428.85,482.6383
2022-04-16T12:00:00,40428.61,40587.73,40005.00,40074.78,923.5968
2022-04-16T16:00:00,40071.15,40266.55,40013.20,40227.60,698.5413
2022-04-16T20:00:00,40228.47,40699.99,40193.20,40387.60,746.1173
2022-04-17T00:00:00,40387.60,40441.72,40129.51,40236.80,557.3927
2022-04-17T04:00:00,40235.06,40435.67,40231.91,40297.06,290.1808
2022-04-17T08:00:00,40296.81,40539.90,40286.04,40474.23,363.6800
2022-04-17T12:00:00,40474.23,40605.46,40206.06,40461.93,738.7686
2022-04-17T16:00:00,40461.92,40492.92,39860.00,40381.53,1179.9192
2022-04-17T20:00:00,40382.25,40463.54,39553.07,39683.54,1703.3736
2022-04-18T00:00:00,39681.11,39900.00,39584.85,39824.41,1054.8918
2022-04-18T04:00:00,39822.82,39860.78,38550.00,38938.06,2523.2221
2022-04-18T08:00:00,38937.98,39131.60,38808.58,39014.29,1036.0562
2022-04-18T12:00:00,39014.28,39613.85,39014.28,39263.97,2487.4450
2022-04-18T16:00:00,39265.83,41099.07,39046.45,40683.33,4164.8079
2022-04-18T20:00:00,40683.32,41100.00,40643.27,40803.58,1824.3713
2022-04-19T00:00:00,40810.87,41268.44,40600.54,40701.58,1428.0871
2022-04-19T04:00:00,40701.58,40889.85,40571.99,40693.78,688.0852
2022-04-19T08:00:00,40693.78,41030.21,40585.81,40692.72,959.8608
2022-04-19T12:00:00,40690.77,41772.94,40665.31,41458.50,3883.5985
2022-04-19T16:00:00,41462.59,41559.38,41170.73,41435.01,1802.9486
2022-04-19T20:00:00,41433.07,41549.37,41189.88,41503.85,1455.5334
2022-04-20T00:00:00,41501.56,41561.86,41233.68,41407.08,1213.7532
2022-04-20T04:00:00,41407.08,41644.88,41282.00,41363.26,1774.4383
2022-04-20T08:00:00,41363.25,42209.58,41321.34,42111.71,2753.3291
2022-04-20T12:00:00,42111.69,42197.10,41055.84,41275.95,3774.8574
2022-04-20T16:00:00,41275.86,41466.35,40900.00,41207.40,3044.1536
2022-04-20T20:00:00,41205.43,41684.08,41152.93,41377.61,2048.7523
2022-04-21T00:00:00,41371.88,41792.54,41330.73,41706.15,1573.9701
2022-04-21T04:00:00,41708.59,41946.38,41433.88,41868.10,945.1972
2022-04-21T08:00:00,41868.43,42693.01,41760.00,42449.33,2442.6556
2022-04-21T12:00:00,42452.43,43109.47,42129.62,42150.74,3537.4910
2022-04-21T16:00:00,42155.41,42187.06,41210.12,41210.12,4563.2329
2022-04-21T20:00:00,41214.86,41308.87,39744.75,40480.81,4141.8064
2022-04-22T00:00:00,40483.38,40659.78,40224.17,40508.03,1743.4016
2022-04-22T04:00:00,40506.99,40802.65,40293.19,40710.03,1690.7104
2022-04-22T08:00:00,40709.74,40790.43,40145.00,40596.41,1462.7050
2022-04-22T12:00:00,40592.86,40638.38,39319.00,39427.36,5913.6540
2022-04-22T16:00:00,39427.29,39794.88,39174.80,39495.26,4452.3090
2022-04-22T20:00:00,39495.25,39827.10,39410.00,39712.25,1608.5410
2022-04-23T00:00:00,39712.20,39878.33,39416.52,39467.36,1172.5768
2022-04-23T04:00:00,39466.24,39683.22,39296.19,39611.36,735.9850
2022-04-23T08:00:00,39610.55,39703.91,39512.36,39623.74,891.4290
2022-04-23T12:00:00,39623.75,39870.40,39549.79,39815.09,1449.3981
2022-04-23T16:00:00,39814.12,39993.82,39666.05,39771.32,1257.1734
2022-04-23T20:00:00,39770.13,39975.77,39350.00,39465.87,1450.6047
2022-04-24T00:00:00,39459.63,39846.23,39428.09,39788.85,1318.1563
2022-04-24T04:00:00,39788.85,39830.64,39643.26,39772.68,834.2876
2022-04-24T08:00:00,39771.61,39821.41,39557.47,39618.70,622.0304
2022-04-24T12:00:00,39618.70,39945.74,39360.94,39662.55,1110.4765
2022-04-24T16:00:00,39663.65,39812.53,39000.00,39720.40,1621.9174
2022-04-24T20:00:00,39720.10,39788.47,39436.40,39464.56,929.5884
2022-04-25T00:00:00,39463.75,39521.70,38685.00,39262.80,2925.7355
2022-04-25T04:00:00,39263.31,39271.61,38211.00,38465.65,2669.2090
2022-04-25T08:00:00,38465.67,38949.18,38210.24,38841.22,2594.3871
2022-04-25T12:00:00,38841.17,39418.15,38626.00,38980.51,5306.5445
2022-04-25T16:00:00,38978.65,40376.51,38909.39,40227.41,4782.0778
2022-04-25T20:00:00,40224.37,40605.30,40059.27,40439.22,2237.9215
2022-04-26T00:00:00,40440.90,40782.87,40397.12,40549.87,1624.0384
2022-04-26T04:00:00,40549.99,40700.00,40372.74,40591.85,1361.6782
2022-04-26T08:00:00,40591.75,40817.16,40240.93,40470.39,1412.9371
2022-04-26T12:00:00,40474.35,40626.72,38533.94,38564.12,5961.0487
2022-04-26T16:00:00,38562.24,38880.00,37850.00,38270.01,7493.6656
2022-04-26T20:00:00,38269.92,38458.60,37700.00,38113.82,3794.7462
2022-04-27T00:00:00,38118.43,38484.82,37882.83,38350.08,2186.3155
2022-04-27T04:00:00,38350.07,39095.36,38312.22,39094.86,2245.4920
2022-04-27T08:00:00,39094.86,39236.16,38641.18,39024.53,2850.3403
2022-04-27T12:00:00,39023.47,39470.00,38440.46,39007.68,6514.1967
2022-04-27T16:00:00,39007.68,39300.00,38663.05,38859.81,4825.7109
2022-04-27T20:00:00,38862.41,39400.00,38836.15,39251.11,2210.1412
2022-04-28T00:00:00,39251.02,39695.30,39163.73,39354.09,2296.4612
2022-04-28T04:00:00,39356.18,39665.79,39228.10,39393.32,1152.0598
2022-04-28T08:00:00,39389.80,39898.18,39370.19,39696.78,1815.4832
2022-04-28T12:00:00,39696.78,40308.78,38883.83,39450.54,5046.3443
2022-04-28T16:00:00,39450.54,40400.00,39315.37,39988.83,4141.9890
2022-04-28T20:00:00,39988.97,40230.75,39603.29,39743.22,2266.4931
2022-04-29T00:00:00,39741.21,39926.80,39278.05,39526.11,1411.0276
2022-04-29T04:00:00,39524.71,39631.64,39354.64,39603.00,1417.3635
2022-04-29T08:00:00,39603.44,39638.59,38613.76,38753.33,2256.1852
2022-04-29T12:00:00,38750.79,39395.47,38627.70,39001.78,4034.3848
2022-04-29T16:00:00,39001.94,39074.44,38161.85,38324.66,3821.9734
2022-04-29T20:00:00,38323.41,38665.13,38296.14,38593.10,1341.3254
2022-04-30T00:00:00,38592.27,38795.00,38547.06,38660.69,1015.6605
2022-04-30T04:00:00,38662.04,38779.57,38496.84,38665.36,576.2896
2022-04-30T08:00:00,38665.58,38742.53,38539.50,38576.80,685.0775
2022-04-30T12:00:00,38576.80,38643.51,38153.43,38478.11,1496.5077
2022-04-30T16:00:00,38477.40,38619.36,38205.01,38473.51,1234.9492
2022-04-30T20:00:00,38473.51,38473.51,37590.00,37644.10,1922.5875
2022-05-01T00:00:00,37640.35,38086.33,37401.00,38052.44,1945.2279
2022-05-01T04:00:00,38057.16,38177.49,37895.02,37978.71,631.5215
2022-05-01T08:00:00,37976.75,38101.41,37870.00,37952.20,459.2695
2022-05-01T12:00:00,37952.69,38639.31,37848.47,38495.05,999.2695
2022-05-01T16:00:00,38495.05,38675.37,37732.61,37800.90,2354.1532
2022-05-01T20:00:00,37799.83,38637.00,37676.78,38473.05,1591.4581
2022-05-02T00:00:00,38469.49,38823.07,38365.70,38676.80,1517.5698
2022-05-02T04:00:00,38677.09,39181.27,38601.02,38890.14,2492.6557
2022-05-02T08:00:00,38886.00,39080.83,38473.37,38522.40,1728.1029
2022-05-02T12:00:00,38522.40,39156.01,38239.79,38688.46,4619.5006
2022-05-02T16:00:00,38690.81,38853.00,38041.00,38542.10,4808.5872
2022-05-02T20:00:00,38550.43,38900.00,38268.23,38510.89,2780.5672
2022-05-03T00:00:00,38510.88,38610.00,38294.83,38502.37,2351.4871
2022-05-03T04:00:00,38502.37,38562.48,38372.90,38545.35,1649.2160
2022-05-03T08:00:00,38544.05,38643.48,38261.92,38559.15,2021.7648
2022-05-03T12:00:00,38561.83,38600.00,38147.55,38321.00,4113.2446
2022-05-03T16:00:00,38320.48,38388.14,37505.01,37705.00,5339.7966
2022-05-03T20:00:00,37701.91,38027.25,37510.98,37719.59,2471.4853
2022-05-04T00:00:00,37719.58,38088.23,37651.38,38000.25,1645.6867
2022-05-04T04:00:00,38000.24,38738.39,37928.89,38683.14,1942.0958
2022-05-04T08:00:00,38685.81,39075.05,38654.31,38992.57,2582.2775
2022-05-04T12:00:00,38992.58,39159.46,38644.41,38960.22,3909.8535
2022-05-04T16:00:00,38960.10,40038.27,38574.00,39848.76,7916.2834
2022-05-04T20:00:00,39846.82,39916.37,39589.20,39669.56,3517.7574
2022-05-05T00:00:00,39669.56,39864.55,39532.61,39727.53,1958.6816
2022-05-05T04:00:00,39727.53,39834.88,39496.60,39577.10,1778.2461
2022-05-05T08:00:00,39576.70,39620.95,39388.88,39486.21,1461.0209
2022-05-05T12:00:00,39486.20,39541.90,36509.00,36903.34,9390.0626
2022-05-05T16:00:00,36903.31,37322.85,35568.00,36308.47,9917.5894
2022-05-05T20:00:00,36300.01,36596.34,36116.74,36537.22,4327.3973
2022-05-06T00:00:00,36537.22,36664.40,36129.00,36443.78,3496.0012
2022-05-06T04:00:00,36443.49,36534.12,35817.50,36358.63,3759.2812
2022-05-06T08:00:00,36356.01,36504.40,35569.00,35775.51,5906.9779
2022-05-06T12:00:00,35774.33,36422.94,35255.40,35981.57,9261.0899
2022-05-06T16:00:00,35981.21,36234.52,35818.86,35996.13,4632.6140
2022-05-06T20:00:00,35995.97,36112.89,35855.76,35999.10,1570.6847
2022-05-07T00:00:00,35999.10,36055.43,35739.14,35798.48,1407.6242
2022-05-07T04:00:00,35799.64,35940.41,35703.24,35898.57,1271.9865
2022-05-07T08:00:00,35899.42,36125.00,35856.14,36045.58,1310.1700
2022-05-07T12:00:00,36045.57,36069.30,35850.66,35954.26,1392.7771
2022-05-07T16:00:00,35954.57,35990.24,35836.74,35858.40,1383.9765
2022-05-07T20:00:00,35856.51,35857.75,34785.00,35458.00,4605.9188
2022-05-08T00:00:00,35458.00,35499.93,34201.00,34462.32,6746.9407
2022-05-08T04:00:00,34461.90,34938.41,34307.90,34594.93,3411.4639
2022-05-08T08:00:00,34593.49,34864.01,34482.75,34781.72,1512.4193
2022-05-08T12:00:00,34779.70,34838.44,34278.29,34347.44,2802.9301
2022-05-08T16:00:00,34350.69,34730.40,33701.00,34578.23,4934.4507
2022-05-08T20:00:00,34575.03,34632.33,33914.35,34027.91,2949.3068
2022-05-09T00:00:00,34033.49,34231.54,33256.00,33556.09,5340.4074
2022-05-09T04:00:00,33556.09,33830.94,33328.00,33510.23,2520.7154
2022-05-09T08:00:00,33510.11,33761.82,32635.00,33111.52,5772.5995
2022-05-09T12:00:00,33109.28,33412.62,32054.90,32338.27,9844.4885
2022-05-09T16:00:00,32341.84,32587.03,30311.99,30931.63,19679.2523
2022-05-09T20:00:00,30931.63,31923.20,30010.00,30078.27,11978.9902
2022-05-10T00:00:00,30078.27,31450.11,29735.05,30638.85,13703.7217
2022-05-10T04:00:00,30638.98,32645.49,30594.49,31596.32,8360.5772
2022-05-10T08:00:00,31599.62,32010.38,31234.18,31617.74,6903.4385
2022-05-10T12:00:00,31619.69,32375.53,30842.79,31320.26,10700.5217
2022-05-10T16:00:00,31320.22,31800.00,30953.96,31317.24,8974.2305
2022-05-10T20:00:00,31315.99,31346.62,30152.94,31002.39,7175.5294
2022-05-11T00:00:00,31002.39,31684.97,30609.99,31197.39,4890.3197
2022-05-11T04:00:00,31196.00,31895.94,30200.00,30602.84,4842.5736
2022-05-11T08:00:00,30604.70,32185.90,30368.03,31517.46,5821.1026
2022-05-11T12:00:00,31519.98,31980.66,29026.26,30947.85,14160.3332
2022-05-11T16:00:00,30948.53,31080.06,29122.00,29309.59,16441.5982
2022-05-11T20:00:00,29303.91,29584.80,27682.38,28972.34,14972.3257
2022-05-12T00:00:00,28977.75,30091.20,28199.10,28243.80,8523.8875
2022-05-12T04:00:00,28240.59,28317.04,25338.53,27710.00,20836.1981
2022-05-12T08:00:00,27723.60,28924.60,27050.81,28228.12,10794.6442
2022-05-12T12:00:00,28220.13,29741.54,27700.34,28892.05,15410.0902
2022-05-12T16:00:00,28892.43,29849.07,28083.14,28559.25,9297.4413
2022-05-12T20:00:00,28557.00,29215.70,27932.80,28941.95,5840.3480
2022-05-13T00:00:00,28941.95,30693.97,28662.70,30495.22,7400.1407
2022-05-13T04:00:00,30499.80,30989.90,30069.30,30093.50,5779.9025
2022-05-13T08:00:00,30093.49,30732.35,30091.95,30625.67,4686.3758
2022-05-13T12:00:00,30625.67,30990.00,30187.04,30302.72,6684.1239
2022-05-13T16:00:00,30308.80,30478.44,29339.33,30032.78,6049.9636
2022-05-13T20:00:00,30033.24,30093.86,29142.03,29232.18,4042.5447
2022-05-14T00:00:00,29234.73,29750.00,29155.38,29512.43,2447.2378
2022-05-14T04:00:00,29513.47,29544.00,29154.09,29370.92,1365.6532
2022-05-14T08:00:00,29373.53,29530.23,28752.10,29015.30,1918.6535
2022-05-14T12:00:00,29011.17,29190.75,28605.28,28763.86,2875.9959
2022-05-14T16:00:00,28760.79,29880.35,28564.38,29302.63,2950.6968
2022-05-14T20:00:00,29302.76,30287.58,29259.24,30041.88,3687.2310
2022-05-15T00:00:00,30041.90,30218.57,29507.73,29685.11,2506.1692
2022-05-15T04:00:00,29685.11,30000.00,29436.06,29782.50,1918.5822
2022-05-15T08:00:00,29782.39,30266.67,29510.01,30201.14,2095.0127
2022-05-15T12:00:00,30201.13,30514.32,29741.35,29978.91,2700.3058
2022-05-15T16:00:00,29978.20,30460.35,29902.81,30418.54,3003.8450
2022-05-15T20:00:00,30417.21,31418.35,30317.68,31290.05,4216.9781
2022-05-16T00:00:00,31290.02,31293.31,30166.21,30281.08,3982.7394
2022-05-16T04:00:00,30286.51,30440.66,29277.77,29563.78,3084.8686
2022-05-16T08:00:00,29563.75,30170.14,29404.61,29915.04,2817.8544
2022-05-16T12:00:00,29915.19,30227.60,29286.86,29631.65,5347.6097
2022-05-16T16:00:00,29629.34,29949.66,29055.00,29537.63,4293.4137
2022-05-16T20:00:00,29537.62,30220.65,29500.00,29839.89,3119.6991
2022-05-17T00:00:00,29839.89,30470.18,29742.85,30321.82,2562.4547
2022-05-17T04:00:00,30320.09,30538.01,30197.59,30366.82,2263.8639
2022-05-17T08:00:00,30366.81,30750.00,30236.76,30285.47,2422.3619
2022-05-17T12:00:00,30284.55,30719.52,29896.90,30116.20,4407.5509
2022-05-17T16:00:00,30113.56,30280.74,29415.01,30068.00,4814.4880
2022-05-17T20:00:00,30058.48,30634.00,30011.53,30412.12,3362.5874
2022-05-18T00:00:00,30412.10,30675.92,29700.56,29796.18,3934.8737
2022-05-18T04:00:00,29795.99,30051.82,29645.44,29877.09,2710.0197
2022-05-18T08:00:00,29877.09,30009.99,29702.37,29797.70,2385.8025
2022-05-18T12:00:00,29797.63,29872.65,28827.00,28941.48,7908.8403
2022-05-18T16:00:00,28941.47,29492.86,28699.57,29226.58,7189.1700
2022-05-18T20:00:00,29227.48,29373.12,28605.00,28672.94,4219.7202
2022-05-19T00:00:00,28671.50,29290.56,28645.20,29162.29,3516.7080
2022-05-19T04:00:00,29162.31,29393.58,28994.03,29162.59,2942.8250
2022-05-19T08:00:00,29161.55,29501.81,28813.30,29467.26,3303.4070
2022-05-19T12:00:00,29467.23,30500.00,29309.58,30353.24,7498.7970
2022-05-19T16:00:00,30353.30,30420.90,29886.24,29927.15,6932.7747
2022-05-19T20:00:00,29924.58,30445.38,29898.42,30274.59,4815.4594
2022-05-20T00:00:00,30274.59,30729.83,30085.14,30135.35,5157.7732
2022-05-20T04:00:00,30135.34,30331.94,29809.27,30229.33,4337.2053
2022-05-20T08:00:00,30225.84,30512.98,30071.26,30388.51,4566.2498
2022-05-20T12:00:00,30387.59,30418.94,29038.41,29109.12,8663.5740
2022-05-20T16:00:00,29108.90,29319.45,28690.92,29259.00,8750.5846
2022-05-20T20:00:00,29257.15,29359.95,29081.46,29155.75,2852.8010
2022-05-21T00:00:00,29155.74,29319.67,28913.26,29220.75,2170.7352
2022-05-21T04:00:00,29222.24,29525.00,29159.82,29379.61,1823.7888
2022-05-21T08:00:00,29379.61,29444.30,29108.99,29248.58,1656.9597
2022-05-21T12:00:00,29248.58,29600.00,29134.03,29510.11,1920.4040
2022-05-21T16:00:00,29510.10,29613.34,29350.00,29419.27,1394.9762
2022-05-21T20:00:00,29416.92,29493.20,29264.59,29408.26,1031.6197
2022-05-22T00:00:00,29407.40,29512.00,29293.46,29326.50,1050.9170
2022-05-22T04:00:00,29326.50,29418.85,29211.00,29398.34,914.8519
2022-05-22T08:00:00,29403.07,30276.90,29382.41,29854.86,2719.2320
2022-05-22T12:00:00,29855.05,30190.77,29634.67,29808.86,2101.0758
2022-05-22T16:00:00,29808.87,30150.00,29697.07,29897.50,2217.6700
2022-05-22T20:00:00,29897.48,30457.90,29869.00,30260.87,2770.3900
2022-05-23T00:00:00,30258.04,30424.75,30008.42,30134.08,3035.5093
2022-05-23T04:00:00,30134.07,30635.39,30070.36,30426.07,2700.6527
2022-05-23T08:00:00,30426.07,30591.89,30252.63,30366.32,2718.5510
2022-05-23T12:00:00,30366.32,30600.00,29908.32,30336.89,6335.1301
2022-05-23T16:00:00,30336.74,30499.00,29046.58,29061.14,6558.2180
2022-05-23T20:00:00,29060.22,29468.08,28847.72,29082.52,4065.0215
2022-05-24T00:00:00,29079.31,29306.83,29022.66,29275.11,1711.8334
2022-05-24T04:00:00,29275.11,29408.21,29213.80,29372.23,1461.2164
2022-05-24T08:00:00,29369.23,29400.00,29080.77,29260.49,2030.0413
2022-05-24T12:00:00,29260.49,29613.87,28611.00,29347.40,6224.4017
2022-05-24T16:00:00,29347.27,29573.66,29068.50,29363.44,3672.4387
2022-05-24T20:00:00,29364.31,29802.00,29195.50,29626.44,1977.1072
2022-05-25T00:00:00,29627.61,30182.00,29517.23,30175.03,2835.0456
2022-05-25T04:00:00,30174.02,30192.08,29633.62,29669.63,2137.0463
2022-05-25T08:00:00,29673.25,29907.23,29313.00,29371.44,1915.2422
2022-05-25T12:00:00,29372.00,29884.47,29296.12,29596.93,3809.5091
2022-05-25T16:00:00,29594.35,30019.70,29386.01,29573.36,4245.6388
2022-05-25T20:00:00,29575.49,29853.16,29500.00,29503.49,2238.0840
2022-05-26T00:00:00,29503.48,29850.00,29461.74,29799.07,3106.7611
2022-05-26T04:00:00,29799.06,29843.26,29461.00,29694.74,2235.8016
2022-05-26T08:00:00,29694.74,29707.00,28843.94,28968.01,4829.2727
2022-05-26T12:00:00,28967.86,29489.20,28000.00,29363.28,9916.7317
2022-05-26T16:00:00,29362.45,29761.26,29343.63,29356.10,3991.6216
2022-05-26T20:00:00,29353.61,29657.10,29131.38,29166.06,2518.3973
2022-05-27T00:00:00,29166.06,29355.40,28805.23,28981.99,3369.0236
2022-05-27T04:00:00,28981.98,29188.00,28564.23,28958.24,2866.8018
2022-05-27T08:00:00,28954.39,29110.09,28731.43,28874.47,2302.3434
2022-05-27T12:00:00,28874.48,29351.89,28608.79,28820.67,5167.1975
2022-05-27T16:00:00,28820.69,29012.31,28220.00,28850.00,5001.0779
2022-05-27T20:00:00,28847.62,28986.45,28491.60,28598.31,2329.0932
2022-05-28T00:00:00,28598.31,28811.00,28500.00,28788.47,1928.5676
2022-05-28T04:00:00,28788.46,28921.66,28725.00,28853.04,915.4583
2022-05-28T08:00:00,28853.68,28899.44,28735.98,28800.59,960.0998
2022-05-28T12:00:00,28799.02,29239.52,28760.73,28971.01,1734.6733
2022-05-28T16:00:00,28971.01,29046.48,28756.00,28994.79,1087.6014
2022-05-28T20:00:00,28994.84,29125.99,28931.85,29008.99,1090.9431
2022-05-29T00:00:00,29008.99,29021.84,28809.84,28956.69,1010.1597
2022-05-29T04:00:00,28956.69,29045.56,28890.27,28990.60,493.7436
2022-05-29T08:00:00,28988.52,29226.69,28923.37,29194.80,915.0005
2022-05-29T12:00:00,29196.69,29462.05,29129.18,29190.90,1445.8493
2022-05-29T16:00:00,29189.75,29336.51,29048.81,29099.89,1074.2356
2022-05-29T20:00:00,29099.88,29550.00,29063.81,29447.07,1788.9392
2022-05-30T00:00:00,29447.08,30388.00,29273.65,30332.16,4107.2317
2022-05-30T04:00:00,30332.57,30890.51,30203.80,30626.71,4875.4462
2022-05-30T08:00:00,30626.01,30757.77,30544.31,30652.25,3376.5857
2022-05-30T12:00:00,30651.59,30904.33,30235.90,30619.39,4171.5639
2022-05-30T16:00:00,30619.94,30846.63,30546.32,30622.77,2262.6218
2022-05-30T20:00:00,30622.77,32232.16,30500.00,31711.42,6121.9235
2022-05-31T00:00:00,31716.67,31842.00,31425.07,31753.73,3492.7792
2022-05-31T04:00:00,31751.03,31790.46,31413.63,31557.99,2685.6131
2022-05-31T08:00:00,31557.99,31825.30,31474.10,31755.31,2331.0825
2022-05-31T12:00:00,31755.30,32164.50,31195.90,32044.03,6011.8047
2022-05-31T16:00:00,32044.05,32383.96,31554.58,31597.41,4745.6035
2022-05-31T20:00:00,31598.65,31915.00,31568.46,31784.05,1920.8938
2022-06-01T00:00:00,31784.18,31964.56,31583.91,31598.97,2289.7544
2022-06-01T04:00:00,31598.97,31650.10,31315.23,31463.03,2314.0364
2022-06-01T08:00:00,31462.67,31689.74,31425.00,31589.01,1664.5422
2022-06-01T12:00:00,31589.01,31888.00,30695.00,30715.32,5863.5409
2022-06-01T16:00:00,30715.33,30718.94,29852.50,30091.42,10285.6300
2022-06-01T20:00:00,30092.32,30131.90,29308.01,29788.79,4439.9588
2022-06-02T00:00:00,29789.19,29884.30,29558.61,29707.62,3489.7426
2022-06-02T04:00:00,29707.73,30096.09,29622.00,29946.92,2102.6628
2022-06-02T08:00:00,29946.91,30191.00,29840.20,30153.84,1953.3878
2022-06-02T12:00:00,30154.11,30364.22,29577.00,30189.65,5933.4466
2022-06-02T16:00:00,30189.69,30383.10,29955.00,30277.98,2894.5617
2022-06-02T20:00:00,30275.53,30655.00,30202.40,30433.75,2145.3246
2022-06-03T00:00:00,30429.12,30674.95,30326.44,30504.09,1897.0090
2022-06-03T04:00:00,30504.07,30543.90,30256.73,30426.59,1181.7371
2022-06-03T08:00:00,30426.08,30509.93,29651.00,29737.13,2708.0877
2022-06-03T12:00:00,29734.00,29857.61,29213.47,29468.10,5299.3735
2022-06-03T16:00:00,29469.09,29655.00,29359.18,29537.41,2510.2902
2022-06-03T20:00:00,29538.70,29868.00,29523.04,29670.85,1420.2845
2022-06-04T00:00:00,29672.77,29741.88,29456.88,29528.87,966.1393
2022-06-04T04:00:00,29528.87,29710.40,29506.90,29673.86,990.2151
2022-06-04T08:00:00,29673.71,29772.28,29569.81,29648.95,494.2272
2022-06-04T12:00:00,29649.47,29952.00,29454.14,29845.08,1207.9410
2022-06-04T16:00:00,29842.86,29846.37,29591.79,29637.80,893.6400
2022-06-04T20:00:00,29635.47,29942.33,29609.76,29843.18,1838.5969
2022-06-05T00:00:00,29837.56,29878.88,29654.86,29747.20,596.6559
2022-06-05T04:00:00,29747.19,29803.43,29620.76,29623.77,350.3002
2022-06-05T08:00:00,29623.27,29717.96,29505.65,29697.73,495.3832
2022-06-05T12:00:00,29696.01,29948.00,29601.98,29940.56,1076.9351
2022-06-05T16:00:00,29940.70,30158.44,29731.46,30031.82,1578.8124
2022-06-05T20:00:00,30030.00,30104.97,29797.25,29901.54,1384.4095
2022-06-06T00:00:00,29899.62,31250.00,29866.44,31222.50,4906.8495
2022-06-06T04:00:00,31222.49,31409.28,31118.88,31279.30,2217.2303
2022-06-06T08:00:00,31279.30,31572.33,30984.03,31377.50,2808.0821
2022-06-06T12:00:00,31377.96,31745.00,31128.74,31518.71,5054.1956
2022-06-06T16:00:00,31518.70,31542.51,31030.00,31447.90,3688.8962
2022-06-06T20:00:00,31451.46,31579.25,31251.71,31343.61,1709.6585
2022-06-07T00:00:00,31349.59,31362.76,29200.00,29553.19,6514.5860
2022-06-07T04:00:00,29552.78,29622.00,29400.00,29566.55,2065.5843
2022-06-07T08:00:00,29569.09,29733.07,29325.81,29504.01,1451.2952
2022-06-07T12:00:00,29503.98,30030.47,29379.42,29877.06,4000.4516
2022-06-07T16:00:00,29880.06,31391.43,29731.80,31036.72,3909.3052
2022-06-07T20:00:00,31032.88,31549.21,30274.99,31106.90,5292.8589
2022-06-08T00:00:00,31111.00,31306.32,29829.98,29996.87,4744.2526
2022-06-08T04:00:00,29998.18,30662.25,29860.47,30538.79,2168.0863
2022-06-08T08:00:00,30539.63,30597.78,30311.58,30388.65,1501.1640
2022-06-08T12:00:00,30386.96,30872.75,30025.55,30455.16,3713.1438
2022-06-08T16:00:00,30449.76,30531.07,29888.91,30112.94,3182.6114
2022-06-08T20:00:00,30110.10,30476.50,30073.30,30177.00,1466.2750
2022-06-09T00:00:00,30182.92,30302.80,30050.00,30272.65,1303.9636
2022-06-09T04:00:00,30272.64,30469.30,30211.51,30468.08,707.2469
2022-06-09T08:00:00,30468.25,30679.72,30243.52,30278.99,1362.3513
2022-06-09T12:00:00,30277.28,30370.93,29904.00,30276.38,3945.1470
2022-06-09T16:00:00,30280.13,30437.51,29950.00,29989.49,3351.4363
2022-06-09T20:00:00,29989.54,30232.92,29922.22,30079.62,2664.0898
2022-06-10T00:00:00,30079.59,30337.83,29554.00,30091.13,2591.8951
2022-06-10T04:00:00,30090.84,30213.71,30020.40,30023.27,1396.7639
2022-06-10T08:00:00,30024.13,30094.32,29836.58,29992.32,1418.5966
2022-06-10T12:00:00,29994.27,30164.75,29200.00,29414.73,7542.0797
2022-06-10T16:00:00,29414.81,29450.00,28821.15,28950.68,8322.0954
2022-06-10T20:00:00,28950.67,29382.54,28929.41,29063.11,1937.3399
2022-06-11T00:00:00,29058.79,29289.99,29008.91,29251.58,909.0706
2022-06-11T04:00:00,29251.58,29411.11,29221.96,29300.05,673.1408
2022-06-11T08:00:00,29299.25,29320.09,28550.00,28687.54,3377.6777
2022-06-11T12:00:00,28687.48,28822.56,28210.98,28366.71,3952.9362
2022-06-11T16:00:00,28366.71,28765.82,28080.01,28559.16,2606.8492
2022-06-11T20:00:00,28559.69,28648.62,28204.23,28388.63,1757.0874
2022-06-12T00:00:00,28395.03,28516.33,27242.77,27515.33,4918.4331
2022-06-12T04:00:00,27517.76,27639.06,27148.46,27605.15,2869.3387
2022-06-12T08:00:00,27605.15,27679.05,27306.93,27413.75,1926.6145
2022-06-12T12:00:00,27413.75,28314.52,26865.03,28051.57,3390.2618
2022-06-12T16:00:00,28052.11,28199.87,27328.91,27387.37,2203.9685
2022-06-12T20:00:00,27387.41,27512.05,26532.95,26555.20,3353.3253
2022-06-13T00:00:00,26555.17,26869.35,24888.88,25490.51,13297.8485
2022-06-13T04:00:00,25485.88,26229.91,24550.00,24773.72,7153.7274
2022-06-13T08:00:00,24767.18,24909.30,23406.48,23677.00,20212.9038
2022-06-13T12:00:00,23674.89,24319.62,22600.00,23260.01,19306.6134
2022-06-13T16:00:00,23262.91,24202.42,23061.01,23144.28,11693.2058
2022-06-13T20:00:00,23147.75,23743.23,21920.00,22460.97,10060.5457
2022-06-14T00:00:00,22460.97,22771.11,20816.40,22089.86,15569.3675
2022-06-14T04:00:00,22096.67,23299.22,21735.51,22854.22,6900.3055
2022-06-14T08:00:00,22853.62,22956.76,21696.00,21969.49,4632.5100
2022-06-14T12:00:00,21974.33,22779.33,21781.10,22656.91,7383.4507
2022-06-14T16:00:00,22655.46,22749.82,22090.20,22161.84,5958.2306
2022-06-14T20:00:00,22164.83,22304.71,21329.46,22120.25,6938.9372
2022-06-15T00:00:00,22120.23,22281.02,21372.76,21419.18,5455.8154
2022-06-15T04:00:00,21419.18,21448.98,20612.43,20693.82,9458.0202
2022-06-15T08:00:00,20694.10,21259.04,20071.00,21143.66,10959.1523
2022-06-15T12:00:00,21145.26,21755.13,21012.17,21388.45,8586.0997
2022-06-15T16:00:00,21388.80,22400.00,20222.00,21591.21,19570.6405
2022-06-15T20:00:00,21595.04,22769.12,21400.00,22562.33,8010.7254
2022-06-16T00:00:00,22562.33,22974.10,22137.76,22187.15,4243.0441
2022-06-16T04:00:00,22183.92,22341.10,21611.08,21758.45,4038.1855
2022-06-16T08:00:00,21752.76,21874.64,20838.75,21015.55,5738.0775
2022-06-16T12:00:00,21015.54,21480.55,20727.67,21042.18,7911.9340
2022-06-16T16:00:00,21038.15,21427.74,20767.39,20837.63,8277.4067
2022-06-16T20:00:00,20837.33,21012.23,20200.00,20372.00,7378.5694
2022-06-17T00:00:00,20371.96,21023.98,20209.73,20352.40,5767.5778
2022-06-17T04:00:00,20352.35,21249.00,20299.00,21067.64,2968.2110
2022-06-17T08:00:00,21072.03,21338.70,20817.52,20951.63,2292.1189
2022-06-17T12:00:00,20951.14,21026.07,20363.29,20639.67,5991.3656
2022-06-17T16:00:00,20638.82,20784.57,20413.40,20494.16,5169.6001
2022-06-17T20:00:00,20492.55,20713.46,20345.00,20447.86,3371.1758
2022-06-18T00:00:00,20447.86,20750.00,20292.00,20426.83,3048.4025
2022-06-18T04:00:00,20426.83,20503.59,19052.00,19230.27,7321.4305
2022-06-18T08:00:00,19230.08,19511.08,18718.00,19220.36,6648.7733
2022-06-18T12:00:00,19219.93,19259.63,18902.50,18915.56,7360.7001
2022-06-18T16:00:00,18915.56,19067.34,18000.00,18026.58,11152.5034
2022-06-18T20:00:00,18027.64,19500.00,17567.45,18948.89,17363.1660
2022-06-19T00:00:00,18944.66,19179.09,18200.00,18283.64,5604.9667
2022-06-19T04:00:00,18284.12,18587.12,17934.26,18277.75,3739.7785
2022-06-19T08:00:00,18278.62,20000.00,18242.02,19665.84,4853.0150
2022-06-19T12:00:00,19665.84,19900.00,19109.52,19796.17,3855.5408
2022-06-19T16:00:00,19793.63,20304.17,19350.00,20103.41,5338.7591
2022-06-19T20:00:00,20104.57,20795.11,20031.99,20552.44,5991.2836
2022-06-20T00:00:00,20552.39,20631.29,19603.80,19954.25,5381.5372
2022-06-20T04:00:00,19953.89,20237.89,19749.09,20057.89,2246.5579
2022-06-20T08:00:00,20062.56,20989.50,20000.00,20780.11,4072.0861
2022-06-20T12:00:00,20781.08,21041.62,20340.00,20812.18,4138.0159
2022-06-20T16:00:00,20810.95,20817.43,19805.09,20043.99,6014.9394
2022-06-20T20:00:00,20044.27,20760.00,19974.01,20549.75,3050.9800
2022-06-21T00:00:00,20547.68,20752.26,20328.03,20591.87,2911.5171
2022-06-21T04:00:00,20590.24,21216.40,20400.00,21100.92,2937.3661
2022-06-21T08:00:00,21102.14,21450.00,20894.44,20937.89,3497.8447
2022-06-21T12:00:00,20937.89,21711.00,20833.36,21378.29,6504.3846
2022-06-21T16:00:00,21378.30,21538.52,20855.00,20866.36,4087.9358
2022-06-21T20:00:00,20867.25,21030.73,20532.56,20696.96,3831.7031
2022-06-22T00:00:00,20699.63,20712.68,20231.62,20289.94,3682.1554
2022-06-22T04:00:00,20290.41,20571.29,19935.52,20079.41,3369.8879
2022-06-22T08:00:00,20079.42,20645.16,20022.25,20485.16,2489.7801
2022-06-22T12:00:00,20485.02,20873.52,20001.17,20055.78,7472.7219
2022-06-22T16:00:00,20048.51,20356.57,19820.00,20099.50,5485.9683
2022-06-22T20:00:00,20102.34,20222.15,19751.51,19968.46,4069.1185
2022-06-23T00:00:00,19970.07,20585.80,19869.41,20194.96,3391.4999
2022-06-23T04:00:00,20195.78,20641.20,20136.52,20443.31,2256.1233
2022-06-23T08:00:00,20442.81,20794.42,20434.17,20629.31,2258.9072
2022-06-23T12:00:00,20629.30,20809.66,20272.54,20334.07,4950.6165
2022-06-23T16:00:00,20334.07,20929.00,20155.00,20892.04,4004.7931
2022-06-23T20:00:00,20892.05,21211.97,20653.29,21104.45,4598.8288
2022-06-24T00:00:00,21104.45,21349.44,20957.56,21055.05,3447.9404
2022-06-24T04:00:00,21056.11,21157.13,20712.54,20898.16,2310.3416
2022-06-24T08:00:00,20898.08,21311.50,20728.43,21155.38,3032.0370
2022-06-24T12:00:00,21155.29,21450.00,20800.00,20858.89,5168.0775
2022-06-24T16:00:00,20858.01,21255.07,20775.78,21249.21,4071.6573
2022-06-24T20:00:00,21247.63,21537.46,21129.20,21223.72,3331.7114
2022-06-25T00:00:00,21221.13,21363.42,21112.57,21286.91,2892.9594
2022-06-25T04:00:00,21286.88,21594.50,21163.68,21491.64,1925.9426
2022-06-25T08:00:00,21491.64,21543.28,21301.39,21323.11,1469.1493
2022-06-25T12:00:00,21323.09,21360.40,20900.00,20943.52,2492.1903
2022-06-25T16:00:00,20943.33,21244.50,20901.90,21198.14,1606.1145
2022-06-25T20:00:00,21196.78,21576.79,21134.07,21478.04,2491.6174
2022-06-26T00:00:00,21474.14,21535.39,21276.07,21412.64,1441.2140
2022-06-26T04:00:00,21412.65,21515.09,21324.72,21383.44,1010.5110
2022-06-26T08:00:00,21383.28,21765.32,21350.00,21697.12,1177.4537
2022-06-26T12:00:00,21696.83,21866.00,21181.00,21314.21,3279.6682
2022-06-26T16:00:00,21312.88,21428.76,21117.97,21272.52,1532.5220
2022-06-26T20:00:00,21272.53,21414.57,20944.68,21027.92,2704.5196
2022-06-27T00:00:00,21024.85,21181.81,20912.07,21163.86,2558.2377
2022-06-27T04:00:00,21164.46,21389.92,21126.50,21351.97,1577.4198
2022-06-27T08:00:00,21351.91,21520.00,21255.53,21288.81,2225.7104
2022-06-27T12:00:00,21289.22,21330.00,20562.81,20729.23,5658.9434
2022-06-27T16:00:00,20729.25,20918.80,20500.00,20836.20,3028.7408
2022-06-27T20:00:00,20836.20,20948.11,20663.93,20725.17,2391.8906
2022-06-28T00:00:00,20722.95,20856.79,20461.91,20716.02,2785.5112
2022-06-28T04:00:00,20717.35,20915.85,20683.67,20862.85,1706.7857
2022-06-28T08:00:00,20862.99,21189.99,20850.76,20979.62,2051.9936
2022-06-28T12:00:00,20977.63,21110.99,20559.54,20578.42,3897.4108
2022-06-28T16:00:00,20578.41,20748.66,20185.08,20226.48,4496.7365
2022-06-28T20:00:00,20226.48,20430.01,20164.70,20252.89,2720.2226
2022-06-29T00:00:00,20253.50,20375.87,20122.83,20256.23,2384.3868
2022-06-29T04:00:00,20256.25,20343.02,19875.00,20065.70,2837.8315
2022-06-29T08:00:00,20064.93,20202.66,19823.43,20081.06,2820.9561
2022-06-29T12:00:00,20078.81,20170.00,19863.90,20057.84,4686.9396
2022-06-29T16:00:00,20057.87,20233.00,19902.00,20202.65,2892.0569
2022-06-29T20:00:00,20202.64,20410.91,20026.00,20094.79,2656.2809
2022-06-30T00:00:00,20098.00,20143.53,19925.00,20050.71,2128.4068
2022-06-30T04:00:00,20050.20,20065.82,19293.94,19409.46,3086.5440
2022-06-30T08:00:00,19408.99,19417.25,18910.00,19076.60,4662.6100
2022-06-30T12:00:00,19071.76,19310.97,18750.00,19121.85,5789.0617
2022-06-30T16:00:00,19119.08,19261.23,18828.98,18895.01,4532.8985
2022-06-30T20:00:00,18895.02,20024.75,18603.00,19985.62,8162.7975
2022-07-01T00:00:00,19985.62,20879.99,19634.77,19689.76,7893.8501
2022-07-01T04:00:00,19693.67,19716.97,19280.00,19547.48,5294.3557
2022-07-01T08:00:00,19547.72,19763.12,18938.33,19168.67,3756.9507
2022-07-01T12:00:00,19170.02,19648.13,19105.49,19265.97,6065.0583
2022-07-01T16:00:00,19265.98,19516.74,19230.01,19364.62,5532.1833
2022-07-01T20:00:00,19364.32,19665.23,19182.41,19252.76,4434.6024
2022-07-02T00:00:00,19252.76,19358.32,19040.68,19104.41,2798.8469
2022-07-02T04:00:00,19104.38,19270.00,19083.11,19101.32,1479.6095
2022-07-02T08:00:00,19101.16,19258.04,18955.02,19169.33,1441.1468
2022-07-02T12:00:00,19169.63,19422.02,19124.88,19205.68,2252.9896
2022-07-02T16:00:00,19205.68,19381.29,19164.39,19247.20,1551.7525
2022-07-02T20:00:00,19248.27,19353.60,19171.48,19224.03,1183.3964
2022-07-03T00:00:00,19225.54,19282.59,19145.01,19240.64,1164.2669
2022-07-03T04:00:00,19240.67,19363.41,18755.75,19109.76,2479.6830
2022-07-03T08:00:00,19107.05,19128.15,18915.08,19059.35,1689.3811
2022-07-03T12:00:00,19059.34,19095.49,18940.00,19016.38,1472.7849
2022-07-03T16:00:00,19016.41,19523.72,18987.12,19475.69,2279.0921
2022-07-03T20:00:00,19475.70,19622.33,19185.01,19291.33,2741.1574
2022-07-04T00:00:00,19291.35,19325.83,19029.33,19081.10,1410.0658
2022-07-04T04:00:00,19081.10,19167.23,19056.07,19099.43,720.9687
2022-07-04T08:00:00,19099.43,19817.28,19087.40,19785.18,2559.0717
2022-07-04T12:00:00,19784.71,20095.19,19478.94,19780.23,3302.1562
2022-07-04T16:00:00,19779.85,20015.39,19648.34,19804.15,3046.7734
2022-07-04T20:00:00,19804.18,20331.76,19696.34,20211.35,3423.5365
2022-07-05T00:00:00,20212.42,20451.64,20131.66,20288.74,2867.8843
2022-07-05T04:00:00,20288.73,20432.75,20152.61,20190.07,1773.3128
2022-07-05T08:00:00,20189.08,20193.38,19440.31,19490.87,2874.1697
2022-07-05T12:00:00,19491.90,19574.59,19274.95,19503.81,4639.3225
2022-07-05T16:00:00,19503.82,20483.57,19467.75,20382.73,5316.6305
2022-07-05T20:00:00,20384.99,20734.89,20087.01,20153.51,4467.0819
2022-07-06T00:00:00,20153.74,20361.75,19743.00,19932.31,3117.5404
2022-07-06T04:00:00,19930.52,20300.26,19846.11,20138.82,2462.9898
2022-07-06T08:00:00,20135.44,20275.00,20020.49,20083.13,2127.5814
2022-07-06T12:00:00,20083.13,20336.85,19932.07,20127.10,3912.3132
2022-07-06T16:00:00,20127.10,20469.98,20109.49,20311.52,4033.2340
2022-07-06T20:00:00,20312.14,20650.00,20255.34,20542.67,2835.4702
2022-07-07T00:00:00,20542.66,20575.00,20362.65,20466.45,2072.3773
2022-07-07T04:00:00,20466.46,20479.08,20224.80,20423.59,1210.6079
2022-07-07T08:00:00,20422.78,20600.00,20379.97,20494.06,1737.3201
2022-07-07T12:00:00,20494.07,21010.00,20355.85,20871.73,4947.1074
2022-07-07T16:00:00,20871.74,21854.25,20773.49,21830.61,11784.8902
2022-07-07T20:00:00,21830.63,21855.72,21512.81,21614.60,3459.0299
2022-07-08T00:00:00,21618.04,22490.54,21569.36,22123.76,4722.0998
2022-07-08T04:00:00,22125.99,22235.11,21709.80,21787.95,2469.5162
2022-07-08T08:00:00,21786.73,21810.77,21306.11,21574.07,2466.1383
2022-07-08T12:00:00,21573.72,22134.72,21172.00,21952.73,8665.6041
2022-07-08T16:00:00,21952.73,21967.42,21542.78,21802.03,4315.1670
2022-07-08T20:00:00,21796.94,22012.49,21570.00,21582.20,2672.4784
2022-07-09T00:00:00,21582.28,21681.60,21400.00,21602.60,1892.5905
2022-07-09T04:00:00,21599.96,21714.65,21478.26,21641.90,1390.6300
2022-07-09T08:00:00,21641.90,21760.08,21311.04,21434.70,1361.0511
2022-07-09T12:00:00,21436.01,21704.95,21373.87,21540.07,1577.7064
2022-07-09T16:00:00,21538.39,21959.30,21511.00,21613.93,1979.5463
2022-07-09T20:00:00,21611.15,21745.16,21535.22,21583.99,1222.7899
2022-07-10T00:00:00,21582.23,21595.75,21100.00,21287.07,2224.6103
2022-07-10T04:00:00,21286.06,21360.35,21153.93,21327.37,1121.7954
2022-07-10T08:00:00,21327.37,21411.97,21161.86,21286.79,863.8542
2022-07-10T12:00:00,21286.49,21330.82,20820.50,20885.15,1832.9325
2022-07-10T16:00:00,20885.15,21024.35,20636.53,20909.75,1687.7427
2022-07-10T20:00:00,20909.75,21167.89,20680.01,20850.65,1879.9689
2022-07-11T00:00:00,20850.65,20854.32,20442.92,20526.09,2348.5623
2022-07-11T04:00:00,20524.65,20593.90,20345.88,20423.73,1517.7613
2022-07-11T08:00:00,20422.86,20614.64,20393.72,20459.82,1348.2394
2022-07-11T12:00:00,20457.91,20738.35,20251.00,20419.79,3232.0714
2022-07-11T16:00:00,20420.02,20688.72,20384.79,20485.09,3336.1168
2022-07-11T20:00:00,20483.77,20539.84,19860.12,19942.43,4278.7023
2022-07-12T00:00:00,19942.44,19986.50,19772.87,19923.56,2745.9873
2022-07-12T04:00:00,19920.40,20037.46,19594.67,19706.15,2362.9377
2022-07-12T08:00:00,19705.61,19815.97,19537.40,19757.54,2423.8130
2022-07-12T12:00:00,19756.18,19990.00,19656.13,19862.75,4141.3452
2022-07-12T16:00:00,19865.26,20029.87,19258.50,19375.47,6406.2602
2022-07-12T20:00:00,19375.33,19531.01,19226.47,19303.65,3551.1789
2022-07-13T00:00:00,19304.71,19559.26,19240.51,19452.51,2984.8419
2022-07-13T04:00:00,19451.85,19848.24,19401.00,19687.20,2211.9125
2022-07-13T08:00:00,19685.10,19901.60,19650.87,19831.14,2211.5384
2022-07-13T12:00:00,19830.87,20094.69,18892.00,19436.31,11467.9503
2022-07-13T16:00:00,19438.45,20025.63,19210.00,19634.21,5546.9082
2022-07-13T20:00:00,19634.20,20330.71,19567.31,20220.23,3788.7645
2022-07-14T00:00:00,20219.69,20406.14,20147.91,20205.35,3711.3264
2022-07-14T04:00:00,20206.48,20260.09,19879.44,19975.59,2430.8838
2022-07-14T08:00:00,19977.26,20038.32,19629.22,19722.39,2287.4064
2022-07-14T12:00:00,19720.03,20452.54,19607.14,20376.66,5962.3810
2022-07-14T16:00:00,20380.49,20893.73,20140.50,20590.08,7773.4647
2022-07-14T20:00:00,20589.29,20708.47,20386.75,20577.02,2206.0468
2022-07-15T00:00:00,20574.96,20812.00,20368.67,20601.92,2750.6732
2022-07-15T04:00:00,20599.22,20914.35,20480.27,20821.26,2101.5411
2022-07-15T08:00:00,20820.56,21035.42,20712.64,20761.96,2434.9267
2022-07-15T12:00:00,20762.54,21078.88,20751.04,20787.99,4439.6556
2022-07-15T16:00:00,20786.70,21180.00,20631.34,21159.67,3617.2116
2022-07-15T20:00:00,21166.01,21196.37,20755.60,20827.55,2387.3335
2022-07-16T00:00:00,20823.06,20859.15,20600.58,20733.55,1390.3709
2022-07-16T04:00:00,20733.55,20752.73,20475.94,20542.01,1343.7280
2022-07-16T08:00:00,20541.28,20677.65,20535.55,20611.42,828.6203
2022-07-16T12:00:00,20611.42,20960.10,20586.47,20943.65,1883.3816
2022-07-16T16:00:00,20943.13,21582.71,20924.70,21186.34,5046.4823
2022-07-16T20:00:00,21185.87,21334.14,20911.02,21189.68,1987.0203
2022-07-17T00:00:00,21189.23,21453.10,21080.82,21318.14,1650.1721
2022-07-17T04:00:00,21318.13,21667.10,21229.40,21462.02,1699.2596
2022-07-17T08:00:00,21459.15,21543.68,21210.58,21449.98,1715.8621
2022-07-17T12:00:00,21448.99,21490.11,21080.56,21167.41,1838.5049
2022-07-17T16:00:00,21167.40,21344.22,20819.00,21025.29,2496.2980
2022-07-17T20:00:00,21023.76,21073.41,20750.10,20791.74,2050.5773
2022-07-18T00:00:00,20791.74,21371.30,20755.95,21278.51,2797.7561
2022-07-18T04:00:00,21275.35,22397.00,21165.82,22245.50,4992.6254
2022-07-18T08:00:00,22245.50,22508.00,21968.89,22132.40,4614.9875
2022-07-18T12:00:00,22128.33,22777.00,21894.04,22673.99,5989.6601
2022-07-18T16:00:00,22675.58,22714.46,21392.46,21617.46,7688.8821
2022-07-18T20:00:00,21611.44,22637.56,21437.00,22427.56,5361.6021
2022-07-19T00:00:00,22434.97,22961.04,21801.66,21897.18,7176.5934
2022-07-19T04:00:00,21899.45,22129.17,21578.57,21765.58,2876.0521
2022-07-19T08:00:00,21767.39,22232.52,21695.74,21973.79,2719.4703
2022-07-19T12:00:00,21974.64,23201.00,21973.26,23139.21,8249.3157
2022-07-19T16:00:00,23132.90,23700.26,22956.80,23411.36,9373.7283
2022-07-19T20:00:00,23402.82,23800.00,23160.00,23395.06,4413.7414
2022-07-20T00:00:00,23398.46,23525.19,22899.00,23441.26,4312.2719
2022-07-20T04:00:00,23441.25,23861.48,23304.38,23384.24,3530.9930
2022-07-20T08:00:00,23384.23,23887.39,23312.43,23732.18,3565.7089
2022-07-20T12:00:00,23732.18,24287.13,23572.71,24177.17,8364.3685
2022-07-20T16:00:00,24179.39,24210.00,23412.68,23661.58,7574.1908
2022-07-20T20:00:00,23665.46,23796.20,22912.00,23226.99,6747.2784
2022-07-21T00:00:00,23225.24,23434.65,22666.67,22776.08,4660.2346
2022-07-21T04:00:00,22776.92,23090.82,22640.00,22928.98,3449.1515
2022-07-21T08:00:00,22930.93,23068.73,22461.39,22604.45,3025.1257
2022-07-21T12:00:00,22604.46,22851.85,22340.07,22645.00,5699.6251
2022-07-21T16:00:00,22645.01,23210.08,22634.25,23204.00,4816.0864
2022-07-21T20:00:00,23203.13,23312.60,22941.05,23153.96,2463.2075
2022-07-22T00:00:00,23152.76,23355.27,22862.70,22910.82,2475.7052
2022-07-22T04:00:00,22908.62,23321.99,22806.86,23123.53,1938.9035
2022-07-22T08:00:00,23123.46,23637.30,23074.60,23613.51,3097.8092
2022-07-22T12:00:00,23616.56,23763.55,23231.86,23296.52,6461.6929
2022-07-22T16:00:00,23296.52,23346.62,22550.35,22590.41,4931.1607
2022-07-22T20:00:00,22593.40,22788.95,22505.56,22687.68,1978.9873
2022-07-23T00:00:00,22688.85,22908.65,22556.41,22810.48,1382.7127
2022-07-23T04:00:00,22815.36,23006.16,22675.00,22773.89,1200.1013
2022-07-23T08:00:00,22773.69,22874.02,22212.22,22232.72,2138.5155
2022-07-23T12:00:00,22234.04,22384.75,22060.95,22218.26,2943.1113
2022-07-23T16:00:00,22219.23,22333.84,21941.01,22277.85,3049.5995
2022-07-23T20:00:00,22277.41,22560.06,22230.08,22450.69,1878.2603
2022-07-24T00:00:00,22451.36,22673.98,22294.17,22335.92,1092.4984
2022-07-24T04:00:00,22335.93,22835.06,22263.85,22700.40,1255.2029
2022-07-24T08:00:00,22701.99,22820.00,22483.25,22662.83,1175.4343
2022-07-24T12:00:00,22661.53,22914.57,22443.12,22851.63,1848.5994
2022-07-24T16:00:00,22851.68,22883.42,22635.58,22706.23,1388.8209
2022-07-24T20:00:00,22706.23,23036.46,22522.62,22583.43,2372.4056
2022-07-25T00:00:00,22583.37,22665.74,21776.02,21868.74,3484.2455
2022-07-25T04:00:00,21868.42,22004.38,21745.56,21969.83,1868.0224
2022-07-25T08:00:00,21967.28,22108.76,21871.35,21942.45,1977.3064
2022-07-25T12:00:00,21946.86,21999.97,21702.00,21900.80,4824.6143
2022-07-25T16:00:00,21900.49,22018.94,21555.00,21901.53,4822.4530
2022-07-25T20:00:00,21900.03,22271.00,21254.97,21313.41,5300.6723
2022-07-26T00:00:00,21312.06,21344.43,20861.00,21142.25,3935.1526
2022-07-26T04:00:00,21143.25,21258.76,21023.32,21065.02,1857.0570
2022-07-26T08:00:00,21065.19,21163.31,20937.86,21091.93,1634.5411
2022-07-26T12:00:00,21093.58,21196.00,20715.00,20743.69,4509.2888
2022-07-26T16:00:00,20742.45,21077.87,20733.63,20915.90,4097.2976
2022-07-26T20:00:00,20913.97,21300.00,20810.01,21261.57,3300.0198
2022-07-27T00:00:00,21260.22,21285.99,21045.73,21075.32,2202.3661
2022-07-27T04:00:00,21076.42,21450.00,21059.89,21348.15,1891.9679
2022-07-27T08:00:00,21347.19,21435.81,21136.74,21205.13,1968.8247
2022-07-27T12:00:00,21203.97,21563.01,21162.25,21542.03,4089.6671
2022-07-27T16:00:00,21542.11,23110.73,21464.75,22773.22,10667.6120
2022-07-27T20:00:00,22777.92,22999.00,22580.25,22962.59,3386.2924
2022-07-28T00:00:00,22960.74,23455.65,22712.34,23137.12,3893.6382
2022-07-28T04:00:00,23137.13,23274.82,22890.02,22931.08,2051.1094
2022-07-28T08:00:00,22927.05,23139.00,22822.23,23123.30,2170.7682
2022-07-28T12:00:00,23120.32,24000.00,22580.86,23750.14,7460.8229
2022-07-28T16:00:00,23753.64,24103.11,23669.00,23798.13,6559.9654
2022-07-28T20:00:00,23799.27,24206.11,23747.60,23851.70,3544.9495
2022-07-29T00:00:00,23851.66,23953.45,23713.25,23918.40,2202.6979
2022-07-29T04:00:00,23917.22,24450.00,23827.47,23952.39,2314.9288
2022-07-29T08:00:00,23951.16,24137.00,23554.48,23728.64,2467.4265
2022-07-29T12:00:00,23728.63,24241.80,23429.71,24021.33,5009.1839
2022-07-29T16:00:00,24023.70,24048.32,23613.67,23907.48,3988.8104
2022-07-29T20:00:00,23907.24,24148.00,23713.41,23784.50,2447.9547
2022-07-30T00:00:00,23787.84,23979.00,23688.33,23817.48,1621.3881
2022-07-30T04:00:00,23814.76,23924.59,23651.00,23894.78,910.0726
2022-07-30T08:00:00,23895.19,24066.05,23746.91,23963.85,1068.4514
2022-07-30T12:00:00,23965.20,24666.00,23927.42,24537.95,4794.3883
2022-07-30T16:00:00,24538.39,24600.00,23876.90,23932.53,2172.9659
2022-07-30T20:00:00,23932.30,24087.37,23516.11,23650.13,2698.2118
2022-07-31T00:00:00,23648.15,23900.00,23530.31,23750.53,1440.0420
2022-07-31T04:00:00,23750.53,23851.85,23675.47,23720.85,726.7969
2022-07-31T08:00:00,23720.85,23865.49,23569.70,23809.93,646.7314
2022-07-31T12:00:00,23810.38,23872.56,23601.34,23784.22,820.0480
2022-07-31T16:00:00,23782.41,24192.18,23354.83,23852.08,2312.9855
2022-07-31T20:00:00,23850.44,23900.00,23240.01,23307.44,2023.0435
2022-08-01T00:00:00,23307.44,23478.20,23268.01,23385.26,1193.4447
2022-08-01T04:00:00,23385.25,23430.10,23123.26,23332.60,1244.7317
2022-08-01T08:00:00,23330.81,23391.60,22952.88,23237.31,1734.8886
2022-08-01T12:00:00,23235.19,23518.89,22969.80,23340.38,3098.4268
2022-08-01T16:00:00,23336.91,23363.11,22850.00,22966.37,3061.0202
2022-08-01T20:00:00,22965.82,23424.71,22918.87,23273.86,2210.9735
2022-08-02T00:00:00,23273.85,23464.97,22788.00,22862.11,2472.6381
2022-08-02T04:00:00,22861.18,22940.88,22724.48,22896.59,1280.7377
2022-08-02T08:00:00,22893.26,22977.53,22659.06,22889.39,1656.3090
2022-08-02T12:00:00,22889.39,23200.59,22670.54,22981.82,3566.0553
2022-08-02T16:00:00,22984.26,23464.78,22877.30,22949.66,4072.6862
2022-08-02T20:00:00,22953.35,23156.25,22913.98,22989.40,1965.3521
2022-08-03T00:00:00,22994.78,23076.16,22694.56,22869.79,2419.9300
2022-08-03T04:00:00,22870.42,23081.48,22806.95,22996.04,1298.8382
2022-08-03T08:00:00,22993.30,23479.68,22993.25,23408.85,5514.8986
2022-08-03T12:00:00,23411.20,23650.96,23210.46,23360.94,7051.8424
2022-08-03T16:00:00,23360.62,23577.00,23261.06,23468.86,3113.9573
2022-08-03T20:00:00,23470.03,23494.00,22727.00,22825.00,4567.3144
2022-08-04T00:00:00,22824.88,23234.29,22796.39,23101.83,4186.6054
2022-08-04T04:00:00,23100.67,23189.32,22822.55,22955.89,2477.1462
2022-08-04T08:00:00,22953.46,22963.25,22770.78,22885.74,2448.6347
2022-08-04T12:00:00,22884.08,23153.88,22743.64,22933.92,5692.2590
2022-08-04T16:00:00,22933.32,22982.60,22392.88,22449.68,4257.2449
2022-08-04T20:00:00,22453.50,22673.64,22450.03,22623.94,2694.0735
2022-08-05T00:00:00,22624.44,23200.00,22589.83,23173.74,2866.8483
2022-08-05T04:00:00,23175.34,23432.54,23069.66,23188.48,3386.2564
2022-08-05T08:00:00,23187.83,23448.00,23099.71,23411.58,3474.6133
2022-08-05T12:00:00,23411.32,23478.58,22873.98,22986.62,8821.4007
2022-08-05T16:00:00,22986.62,23106.35,22755.80,22937.04,4682.4230
2022-08-05T20:00:00,22936.96,23329.50,22844.68,23320.81,3514.3713
2022-08-06T00:00:00,23320.71,23357.19,23158.90,23176.47,2277.3962
2022-08-06T04:00:00,23174.65,23240.87,23144.51,23209.19,1174.4274
2022-08-06T08:00:00,23209.97,23259.84,23104.87,23164.81,1171.5494
2022-08-06T12:00:00,23163.39,23242.01,23159.71,23207.07,1016.1896
2022-08-06T16:00:00,23207.06,23264.69,22989.22,23190.70,1863.6818
2022-08-06T20:00:00,23191.66,23225.26,22917.49,22960.93,1781.9480
2022-08-07T00:00:00,22960.86,23060.19,22852.13,22997.61,1707.3573
2022-08-07T04:00:00,22997.61,23034.38,22941.93,23018.79,857.9199
2022-08-07T08:00:00,23021.25,23057.57,22893.46,23045.05,818.5689
2022-08-07T12:00:00,23042.72,23188.32,23015.07,23023.06,1291.0305
2022-08-07T16:00:00,23024.35,23300.00,22998.25,23167.25,1496.9884
2022-08-07T20:00:00,23166.98,23405.02,23063.52,23177.39,2125.3273
2022-08-08T00:00:00,23180.26,23352.98,23158.32,23308.72,1762.1560
2022-08-08T04:00:00,23309.72,23859.08,23282.20,23816.74,3861.6583
2022-08-08T08:00:00,23816.57,24197.70,23776.44,24170.63,4459.9806
2022-08-08T12:00:00,24171.37,24251.08,23893.52,23996.85,6813.6278
2022-08-08T16:00:00,23994.63,24012.22,23795.35,23932.62,4395.6092
2022-08-08T20:00:00,23932.42,24110.27,23678.50,23815.65,2800.3003
2022-08-09T00:00:00,23815.68,23875.00,23631.07,23836.57,2043.2909
2022-08-09T04:00:00,23836.19,23929.35,23760.97,23883.26,2122.1817
2022-08-09T08:00:00,23883.02,23897.03,23190.23,23269.97,5459.6126
2022-08-09T12:00:00,23269.74,23326.42,22871.66,23085.91,7255.0355
2022-08-09T16:00:00,23083.20,23138.73,22976.27,23061.18,3238.7468
2022-08-09T20:00:00,23059.82,23270.00,23057.03,23158.27,2230.2108
2022-08-10T00:00:00,23158.32,23158.32,22666.23,22869.20,3857.6745
2022-08-10T04:00:00,22869.19,23016.64,22839.00,22972.29,1599.8363
2022-08-10T08:00:00,22969.07,23208.60,22969.07,23133.17,2245.6885
2022-08-10T12:00:00,23133.28,24191.81,23018.07,24000.08,9989.5625
2022-08-10T16:00:00,24002.68,24094.13,23484.32,23643.78,4591.5918
2022-08-10T20:00:00,23643.76,24224.67,23627.99,23962.18,3690.1442
2022-08-11T00:00:00,23959.30,24499.30,23919.65,24334.68,4908.8862
2022-08-11T04:00:00,24334.52,24751.52,24295.00,24445.00,4366.9048
2022-08-11T08:00:00,24443.98,24689.99,24358.47,24570.40,3164.3509
2022-08-11T12:00:00,24569.77,24929.99,24290.50,24354.52,8957.9406
2022-08-11T16:00:00,24353.04,24429.46,24091.28,24233.32,4794.9213
2022-08-11T20:00:00,24236.73,24343.85,23862.66,23944.86,3488.3554
2022-08-12T00:00:00,23944.85,24110.46,23771.54,24025.75,3059.4177
2022-08-12T04:00:00,24026.28,24064.68,23890.98,23971.32,1950.2439
2022-08-12T08:00:00,23972.81,24166.95,23600.01,23686.66,2536.6351
2022-08-12T12:00:00,23686.85,24020.87,23669.94,23995.77,2874.0144
2022-08-12T16:00:00,23995.18,24275.00,23962.93,24188.29,3435.0459
2022-08-12T20:00:00,24188.50,24463.01,24057.82,24415.18,3388.7940
2022-08-13T00:00:00,24415.08,24822.51,24345.16,24811.87,3428.3875
2022-08-13T04:00:00,24811.21,24898.91,24563.51,24586.52,2517.8187
2022-08-13T08:00:00,24584.42,24667.85,24302.36,24447.98,2284.5543
2022-08-13T12:00:00,24447.58,24615.23,24313.01,24524.70,1980.5434
2022-08-13T16:00:00,24523.41,24606.49,24346.95,24406.46,1925.1235
2022-08-13T20:00:00,24406.02,24558.90,24324.21,24456.49,1541.8770
2022-08-14T00:00:00,24456.17,24650.03,24352.13,24581.44,3330.8202
2022-08-14T04:00:00,24580.39,25054.10,24507.61,24887.02,8582.9297
2022-08-14T08:00:00,24885.11,24895.01,24530.81,24574.18,4087.2932
2022-08-14T12:00:00,24571.87,24602.36,24405.00,24534.47,2067.3397
2022-08-14T16:00:00,24531.75,24571.29,24151.63,24292.90,3401.1306
2022-08-14T20:00:00,24293.01,24443.14,24182.98,24316.71,1836.6577
2022-08-15T00:00:00,24316.58,25214.57,24169.91,24872.44,5185.9384
2022-08-15T04:00:00,24872.44,24986.91,23950.18,24030.51,5398.5833
2022-08-15T08:00:00,24027.55,24319.94,23881.68,24056.41,4151.3527
2022-08-15T12:00:00,24058.48,24272.16,23907.05,24235.77,5837.6321
2022-08-15T16:00:00,24234.94,24287.14,23971.72,23983.41,3777.1594
2022-08-15T20:00:00,23984.28,24195.13,23777.00,24097.82,3470.5901
2022-08-16T00:00:00,24099.70,24253.98,23858.47,24086.54,3315.6318
2022-08-16T04:00:00,24089.89,24148.12,23805.00,24074.87,2235.2017
2022-08-16T08:00:00,24071.51,24153.58,23975.62,24041.72,1991.5302
2022-08-16T12:00:00,24041.70,24097.86,23668.00,23902.78,5753.8754
2022-08-16T16:00:00,23901.79,24060.83,23687.11,23937.02,4111.5279
2022-08-16T20:00:00,23935.77,23997.22,23810.76,23857.93,2194.1388
2022-08-17T00:00:00,23857.89,24088.26,23826.93,24012.02,2907.3805
2022-08-17T04:00:00,24009.65,24448.49,23764.45,23786.79,3680.9734
2022-08-17T08:00:00,23787.51,23923.23,23692.45,23748.63,2878.3111
2022-08-17T12:00:00,23750.03,23760.88,23317.62,23388.59,6434.1551
2022-08-17T16:00:00,23388.59,23637.31,23231.71,23274.27,4835.0172
2022-08-17T20:00:00,23276.20,23413.68,23180.14,23341.17,2011.6017
2022-08-18T00:00:00,23344.42,23519.42,23284.91,23436.76,1778.3553
2022-08-18T04:00:00,23438.26,23468.95,23324.09,23413.39,1298.0478
2022-08-18T08:00:00,23414.34,23585.21,23344.97,23535.76,1418.5466
2022-08-18T12:00:00,23533.23,23600.00,23318.10,23451.84,2982.0845
2022-08-18T16:00:00,23452.80,23468.84,23216.60,23347.08,3604.1887
2022-08-18T20:00:00,23347.07,23449.00,23107.27,23189.46,2744.4080
2022-08-19T00:00:00,23188.94,23206.76,22712.22,22764.90,4555.6161
2022-08-19T04:00:00,22764.69,22838.14,21449.00,21908.48,7485.6127
2022-08-19T08:00:00,21906.94,21919.39,21271.06,21466.14,9032.8714
2022-08-19T12:00:00,21468.40,21599.59,21264.06,21438.49,8734.1235
2022-08-19T16:00:00,21438.49,21658.69,21141.98,21325.31,6486.3202
2022-08-19T20:00:00,21325.30,21382.20,20782.39,20834.94,9668.1819
2022-08-20T00:00:00,20834.94,21191.00,20793.74,21140.65,4657.4073
2022-08-20T04:00:00,21143.28,21372.93,21082.23,21310.98,3574.6033
2022-08-20T08:00:00,21310.27,21319.17,21117.04,21238.37,2260.4042
2022-08-20T12:00:00,21238.37,21349.31,21200.00,21300.91,3004.5524
2022-08-20T16:00:00,21303.27,21363.11,20938.94,20986.94,4022.6484
2022-08-20T20:00:00,20987.10,21250.72,20760.93,21139.23,4289.7893
2022-08-21T00:00:00,21139.22,21328.40,21120.34,21207.53,2383.0848
2022-08-21T04:00:00,21208.38,21286.15,21067.33,21249.97,1922.0602
2022-08-21T08:00:00,21249.95,21563.70,21221.94,21528.39,3297.1129
2022-08-21T12:00:00,21525.30,21587.88,21315.78,21419.19,2209.4828
2022-08-21T16:00:00,21419.21,21558.53,21329.62,21514.45,2073.8094
2022-08-21T20:00:00,21513.38,21795.08,21275.88,21518.62,4139.2712
2022-08-22T00:00:00,21514.45,21527.33,21363.50,21412.94,2873.8653
2022-08-22T04:00:00,21412.93,21493.91,21055.13,21100.61,3479.4405
2022-08-22T08:00:00,21099.55,21336.49,20889.69,21245.89,4663.8517
2022-08-22T12:00:00,21248.14,21438.46,21081.71,21399.69,7237.7030
2022-08-22T16:00:00,21400.04,21540.00,20959.27,21054.00,4588.2907
2022-08-22T20:00:00,21054.96,21422.16,21044.65,21398.25,3372.7856
2022-08-23T00:00:00,21396.37,21463.31,21221.00,21235.28,2482.8775
2022-08-23T04:00:00,21237.15,21318.20,20889.69,21304.33,3561.4787
2022-08-23T08:00:00,21305.83,21550.00,21287.02,21454.36,3902.8444
2022-08-23T12:00:00,21456.59,21679.52,21326.83,21467.58,6477.4912
2022-08-23T16:00:00,21468.95,21600.00,21356.60,21520.83,3695.6676
2022-08-23T20:00:00,21523.46,21650.00,21428.00,21528.34,2623.6916
2022-08-24T00:00:00,21526.74,21556.71,21147.41,21263.10,3846.7344
2022-08-24T04:00:00,21263.11,21504.43,21235.70,21319.34,2967.2581
2022-08-24T08:00:00,21319.34,21476.95,21262.91,21440.01,2831.3644
2022-08-24T12:00:00,21440.61,21648.72,21368.94,21623.30,4369.7957
2022-08-24T16:00:00,21623.26,21925.00,21604.63,21711.17,5094.1318
2022-08-24T20:00:00,21710.33,21765.11,21358.14,21367.12,3429.6295
2022-08-25T00:00:00,21367.12,21638.25,21307.32,21466.92,3237.8935
2022-08-25T04:00:00,21466.80,21762.00,21459.41,21742.88,2454.9557
2022-08-25T08:00:00,21741.33,21818.32,21610.00,21720.19,2518.4664
2022-08-25T12:00:00,21721.67,21778.57,21483.19,21565.29,4382.9439
2022-08-25T16:00:00,21566.65,21647.42,21421.12,21603.31,2294.0781
2022-08-25T20:00:00,21603.90,21684.47,21515.38,21561.86,2176.9459
2022-08-26T00:00:00,21561.49,21614.37,21431.24,21551.47,2381.7985
2022-08-26T04:00:00,21551.44,21567.55,21325.01,21455.22,2703.1337
2022-08-26T08:00:00,21455.18,21469.88,21109.01,21193.45,2989.4671
2022-08-26T12:00:00,21191.89,21878.05,20623.00,20777.99,15832.5462
2022-08-26T16:00:00,20779.65,20833.10,20524.31,20642.42,6803.3118
2022-08-26T20:00:00,20639.37,20857.82,20112.78,20240.72,6458.7691
2022-08-27T00:00:00,20240.63,20389.14,20135.00,20204.65,3847.6271
2022-08-27T04:00:00,20204.43,20283.29,19932.42,20273.38,4107.4212
2022-08-27T08:00:00,20271.70,20281.11,20138.90,20215.80,2313.4608
2022-08-27T12:00:00,20214.26,20249.08,19800.00,19981.15,4161.0343
2022-08-27T16:00:00,19982.20,20102.77,19840.64,20020.19,4165.4527
2022-08-27T20:00:00,20022.11,20100.00,19862.00,20036.69,3565.9832
2022-08-28T00:00:00,20035.30,20164.26,19925.00,19993.61,2785.0005
2022-08-28T04:00:00,19993.08,20084.56,19936.76,20053.62,1347.7162
2022-08-28T08:00:00,20054.40,20109.34,19940.52,20034.22,1292.5571
2022-08-28T12:00:00,20034.12,20057.09,19810.55,20029.25,2900.9130
2022-08-28T16:00:00,20027.22,20158.67,19954.39,19971.32,1968.4149
2022-08-28T20:00:00,19973.74,20050.60,19513.74,19554.03,6822.7174
2022-08-29T00:00:00,19552.31,19962.68,19545.57,19865.04,6801.9775
2022-08-29T04:00:00,19866.21,19941.42,19737.72,19896.71,3927.4896
2022-08-29T08:00:00,19896.72,19922.69,19762.27,19824.97,3736.1329
2022-08-29T12:00:00,19822.95,20390.54,19804.65,20263.46,9017.2859
2022-08-29T16:00:00,20262.26,20427.19,20078.24,20098.13,5398.2788
2022-08-29T20:00:00,20096.93,20349.46,20075.68,20286.97,4555.1918
2022-08-30T00:00:00,20286.95,20299.02,20113.49,20273.04,5206.2463
2022-08-30T04:00:00,20272.99,20582.64,20256.54,20435.48,6808.3230
2022-08-30T08:00:00,20435.48,20512.49,20333.39,20406.28,3733.8817
2022-08-30T12:00:00,20406.58,20450.00,19648.81,19753.88,13762.3951
2022-08-30T16:00:00,19753.89,20098.21,19540.14,19950.02,10227.7758
2022-08-30T20:00:00,19949.24,20059.73,19751.00,19813.17,6723.6574
2022-08-31T00:00:00,19813.97,20460.09,19799.97,20400.28,6041.3437
2022-08-31T04:00:00,20401.93,20489.00,20185.55,20255.33,4885.9256
2022-08-31T08:00:00,20255.42,20410.99,20118.61,20316.43,5021.3632
2022-08-31T12:00:00,20314.56,20426.48,19870.08,20140.75,9105.4752
2022-08-31T16:00:00,20140.75,20326.18,19878.17,20229.51,7202.4813
2022-08-31T20:00:00,20226.79,20293.90,19964.62,20048.26,4331.0143
2022-09-01T00:00:00,20048.27,20205.53,19914.87,20023.54,4150.0481
2022-09-01T04:00:00,20021.37,20137.81,19800.00,19891.46,2723.0949
2022-09-01T08:00:00,19892.64,20125.26,19821.27,20073.61,2946.8989
2022-09-01T12:00:00,20073.61,20096.64,19651.54,19784.29,5137.9194
2022-09-01T16:00:00,19782.47,19961.59,19561.01,19872.00,5381.8896
2022-09-01T20:00:00,19872.20,20178.50,19844.00,20133.65,3518.7978
2022-09-02T00:00:00,20132.67,20241.00,19954.41,20155.61,2994.0077
2022-09-02T04:00:00,20155.38,20294.46,20038.17,20112.34,1576.9444
2022-09-02T08:00:00,20109.04,20173.76,19987.90,20090.90,1444.9977
2022-09-02T12:00:00,20090.27,20444.00,20023.05,20363.34,5735.0473
2022-09-02T16:00:00,20363.72,20385.66,19755.00,19909.35,5881.2215
2022-09-02T20:00:00,19912.80,20020.00,19860.92,19953.74,2297.3273
2022-09-03T00:00:00,19953.40,20053.90,19868.81,19899.84,2029.8097
2022-09-03T04:00:00,19899.98,19968.90,19757.37,19818.80,1369.8986
2022-09-03T08:00:00,19817.22,19868.62,19727.91,19799.15,1662.5943
2022-09-03T12:00:00,19799.14,19907.18,19750.00,19773.60,1507.3877
2022-09-03T16:00:00,19773.41,19836.14,19655.00,19712.05,1705.4415
2022-09-03T20:00:00,19712.67,19850.45,19679.81,19835.47,1263.3664
2022-09-04T00:00:00,19833.59,19864.26,19744.28,19775.11,863.6820
2022-09-04T04:00:00,19775.60,19814.90,19618.00,19625.05,1037.2707
2022-09-04T08:00:00,19633.58,19850.00,19588.27,19845.62,1425.8266
2022-09-04T12:00:00,19845.62,19933.95,19650.99,19794.16,2431.3862
2022-09-04T16:00:00,19792.02,19953.28,19722.12,19884.22,2432.3079
2022-09-04T20:00:00,19884.22,20026.20,19816.02,20004.73,2480.1342
2022-09-05T00:00:00,20003.85,20060.00,19809.41,19885.68,2688.5225
2022-09-05T04:00:00,19885.56,19914.21,19681.29,19750.25,2070.8015
2022-09-05T08:00:00,19750.27,19805.70,19633.11,19700.99,1892.7558
2022-09-05T12:00:00,19701.77,19949.89,19664.29,19855.63,2792.9806
2022-09-05T16:00:00,19855.65,19910.04,19670.62,19706.60,2217.7034
2022-09-05T20:00:00,19708.09,19870.68,19695.73,19794.58,2272.3500
2022-09-06T00:00:00,19794.59,20179.86,19673.10,19785.94,5731.9282
2022-09-06T04:00:00,19787.42,19948.77,19731.83,19905.74,3339.5740
2022-09-06T08:00:00,19905.73,20028.21,19862.05,19917.96,3021.4209
2022-09-06T12:00:00,19917.45,20007.08,19659.62,19818.56,6051.1268
2022-09-06T16:00:00,19817.39,19854.23,18780.00,18822.78,10682.6509
2022-09-06T20:00:00,18821.96,19082.37,18663.25,18790.91,5202.4104
2022-09-07T00:00:00,18790.77,18888.00,18527.00,18747.17,4444.2048
2022-09-07T04:00:00,18747.08,18844.28,18673.40,18802.97,2909.7181
2022-09-07T08:00:00,18802.64,18860.30,18692.19,18741.08,2740.2804
2022-09-07T12:00:00,18739.82,18968.39,18675.00,18873.75,6664.9818
2022-09-07T16:00:00,18873.73,19202.65,18855.00,18993.59,5143.1121
2022-09-07T20:00:00,18993.66,19466.09,18988.50,19293.52,3681.1019
2022-09-08T00:00:00,19293.03,19379.99,19155.75,19216.59,2307.9368
2022-09-08T04:00:00,19216.32,19383.17,19055.45,19171.68,2424.6486
2022-09-08T08:00:00,19171.65,19389.91,19143.64,19312.50,2079.3219
2022-09-08T12:00:00,19312.10,19379.99,19014.43,19250.86,6508.4416
2022-09-08T16:00:00,19251.64,19353.59,19089.02,19350.30,4659.3544
2022-09-08T20:00:00,19350.81,19460.70,19254.76,19321.87,2347.9130
2022-09-09T00:00:00,19322.56,19955.33,19294.49,19951.24,3220.4371
2022-09-09T04:00:00,19951.24,20826.37,19932.89,20637.40,9125.6112
2022-09-09T08:00:00,20636.72,21192.09,20630.00,20940.52,6047.9620
2022-09-09T12:00:00,20940.15,21346.61,20918.92,21274.30,9286.6240
2022-09-09T16:00:00,21274.30,21443.63,21137.26,21300.53,7809.8070
2022-09-09T20:00:00,21298.46,21616.21,21196.36,21364.50,4089.3707
2022-09-10T00:00:00,21366.61,21400.41,21168.71,21308.78,2563.2287
2022-09-10T04:00:00,21308.82,21677.79,21256.44,21291.28,4014.1362
2022-09-10T08:00:00,21291.99,21401.08,21259.54,21292.16,1517.6726
2022-09-10T12:00:00,21292.09,21371.51,21127.10,21227.62,2098.1774
2022-09-10T16:00:00,21226.25,21651.94,21177.88,21590.02,3606.7459
2022-09-10T20:00:00,21591.93,21815.15,21372.72,21651.52,3950.7992
2022-09-11T00:00:00,21656.03,21688.41,21454.27,21550.42,2209.2413
2022-09-11T04:00:00,21550.45,21647.64,21356.37,21619.73,1939.8090
2022-09-11T08:00:00,21619.69,21728.25,21563.90,21617.35,1660.4312
2022-09-11T12:00:00,21617.35,21756.60,21463.37,21648.53,2028.7004
2022-09-11T16:00:00,21647.37,21865.66,21534.63,21625.25,2470.3452
2022-09-11T20:00:00,21624.03,21857.12,21461.25,21831.72,4078.1063
2022-09-12T00:00:00,21830.16,22358.28,21555.00,21664.44,7516.8289
2022-09-12T04:00:00,21663.69,22235.51,21634.07,22199.40,2907.5611
2022-09-12T08:00:00,22200.00,22469.69,21975.16,22316.68,4263.5645
2022-09-12T12:00:00,22316.71,22490.05,22012.00,22115.01,5710.5814
2022-09-12T16:00:00,22117.20,22460.69,22014.53,22432.91,4713.5238
2022-09-12T20:00:00,22432.92,22484.91,22258.24,22402.71,3292.4350
2022-09-13T00:00:00,22402.58,22455.15,22070.59,22236.82,3838.9965
2022-09-13T04:00:00,22236.80,22636.36,22180.52,22280.41,3808.0740
2022-09-13T08:00:00,22278.85,22721.11,22188.85,22530.81,3444.6564
2022-09-13T12:00:00,22528.95,22800.00,20764.13,20832.34,13512.4480
2022-09-13T16:00:00,20831.12,20923.43,20050.00,20284.99,7999.9869
2022-09-13T20:00:00,20284.74,20411.68,19855.00,20174.78,4747.3983
2022-09-14T00:00:00,20174.78,20545.00,20045.01,20325.16,3621.2394
2022-09-14T04:00:00,20324.84,20407.28,20133.87,20246.01,2182.9713
2022-09-14T08:00:00,20243.61,20420.64,20083.15,20226.32,2695.3414
2022-09-14T12:00:00,20226.17,20393.37,20070.64,20177.53,6594.3816
2022-09-14T16:00:00,20178.30,20241.73,19625.00,19952.61,6520.8884
2022-09-14T20:00:00,19952.44,20396.58,19857.11,20227.77,3524.7052
2022-09-15T00:00:00,20227.70,20274.32,19927.08,20027.85,3142.4842
2022-09-15T04:00:00,20029.57,20336.42,19961.58,20210.33,3660.8027
2022-09-15T08:00:00,20210.01,20230.11,20029.09,20149.09,2456.0722
2022-09-15T12:00:00,20148.30,20191.62,19500.00,19733.37,6113.3462
2022-09-15T16:00:00,19734.00,19947.16,19646.15,19780.92,3367.6715
2022-09-15T20:00:00,19780.56,19894.98,19575.97,19703.67,2383.9271
2022-09-16T00:00:00,19703.65,19812.75,19580.36,19744.94,2237.5704
2022-09-16T04:00:00,19745.46,19857.03,19722.05,19736.58,1913.9728
2022-09-16T08:00:00,19736.71,19890.95,19607.34,19867.72,2571.9910
2022-09-16T12:00:00,19868.65,19875.52,19446.62,19662.43,8272.1115
2022-09-16T16:00:00,19658.51,19660.92,19305.00,19616.43,6280.1877
2022-09-16T20:00:00,19615.16,19814.85,19609.13,19801.04,3587.9815
2022-09-17T00:00:00,19800.26,20075.70,19768.68,19886.26,2829.1727
2022-09-17T04:00:00,19886.25,19984.76,19784.33,19842.51,1514.7099
2022-09-17T08:00:00,19842.35,19915.40,19806.20,19810.59,859.3425
2022-09-17T12:00:00,19808.99,20022.97,19748.89,19965.00,1625.2851
2022-09-17T16:00:00,19963.99,20183.14,19937.24,20011.15,3060.4915
2022-09-17T20:00:00,20011.15,20146.20,19943.00,20113.37,1668.1456
2022-09-18T00:00:00,20113.37,20119.08,19951.34,20001.74,1431.0846
2022-09-18T04:00:00,20001.74,20097.80,19953.62,20052.29,813.0445
2022-09-18T08:00:00,20053.35,20102.91,19767.99,19923.02,1848.0174
2022-09-18T12:00:00,19921.93,20029.82,19727.12,19811.86,2473.6015
2022-09-18T16:00:00,19811.84,19875.83,19560.02,19727.48,4795.9697
2022-09-18T20:00:00,19727.26,19777.24,19335.57,19417.64,5076.1889
2022-09-19T00:00:00,19417.56,19516.46,18669.00,18775.10,7245.5339
2022-09-19T04:00:00,18775.09,18876.80,18255.00,18471.05,5565.2808
2022-09-19T08:00:00,18471.05,18800.12,18373.25,18685.70,3141.2871
2022-09-19T12:00:00,18685.85,19434.58,18677.10,19082.99,6963.2696
2022-09-19T16:00:00,19080.51,19552.61,18860.41,19514.61,5125.5149
2022-09-19T20:00:00,19517.48,19689.62,19419.54,19540.38,2920.5600
2022-09-20T00:00:00,19538.31,19638.46,19171.46,19366.89,3672.5517
2022-09-20T04:00:00,19365.14,19588.20,19236.21,19361.90,2845.1933
2022-09-20T08:00:00,19360.83,19425.06,19159.60,19216.33,3420.4136
2022-09-20T12:00:00,19216.49,19266.75,18774.23,19236.71,7545.2589
2022-09-20T16:00:00,19235.96,19319.10,18722.00,18992.54,5707.9109
2022-09-20T20:00:00,18994.19,19095.29,18787.89,18876.91,4245.9052
2022-09-21T00:00:00,18876.14,19061.79,18828.14,19022.74,2964.5587
2022-09-21T04:00:00,19022.75,19128.11,18793.00,18948.06,3603.7492
2022-09-21T08:00:00,18947.19,19204.83,18825.52,19166.64,3235.9921
2022-09-21T12:00:00,19165.22,19483.89,19091.80,19193.14,6468.6402
2022-09-21T16:00:00,19191.35,19949.97,18666.66,19001.52,18887.6911
2022-09-21T20:00:00,19001.95,19073.79,18153.13,18462.64,9183.8315
2022-09-22T00:00:00,18462.66,18787.03,18358.63,18692.10,5817.5861
2022-09-22T04:00:00,18692.09,18968.85,18616.48,18935.74,5686.6440
2022-09-22T08:00:00,18935.86,19283.47,18907.88,19229.13,6841.7399
2022-09-22T12:00:00,19230.04,19313.19,18795.44,18987.26,9758.4559
2022-09-22T16:00:00,18986.42,19495.00,18782.17,19309.64,8810.0696
2022-09-22T20:00:00,19309.47,19521.80,19155.74,19401.25,4092.4565
2022-09-23T00:00:00,19399.93,19466.89,19222.99,19393.51,3011.4598
2022-09-23T04:00:00,19393.51,19500.00,19201.59,19221.98,3656.1918
2022-09-23T08:00:00,19224.04,19272.29,18833.13,18860.58,4136.4826
2022-09-23T12:00:00,18860.12,19077.09,18529.00,18711.25,7519.9225
2022-09-23T16:00:00,18711.26,18852.27,18571.19,18808.23,7612.2068
2022-09-23T20:00:00,18807.51,19400.00,18803.57,19286.01,4845.1191
2022-09-24T00:00:00,19286.03,19311.40,19030.60,19122.41,3738.0804
2022-09-24T04:00:00,19122.82,19186.21,18904.90,18996.42,3198.9865
2022-09-24T08:00:00,18996.41,19115.94,18939.10,19052.22,2446.5157
2022-09-24T12:00:00,19052.55,19226.40,19012.39,19124.03,3029.9291
2022-09-24T16:00:00,19124.02,19195.70,19050.89,19106.27,2075.5780
2022-09-24T20:00:00,19105.69,19157.44,18808.13,18923.20,3155.6720
2022-09-25T00:00:00,18920.93,19060.53,18915.19,19053.71,2342.1519
2022-09-25T04:00:00,19053.69,19132.52,18939.28,19099.92,1572.5971
2022-09-25T08:00:00,19099.90,19184.30,18985.11,19116.43,1252.1601
2022-09-25T12:00:00,19118.17,19145.19,18844.44,18989.07,1904.0575
2022-09-25T16:00:00,18989.07,19128.09,18868.52,18918.79,2680.1515
2022-09-25T20:00:00,18917.92,18957.36,18619.88,18808.61,4748.0451
2022-09-26T00:00:00,18806.30,18949.61,18717.57,18869.27,6584.3340
2022-09-26T04:00:00,18867.44,18936.19,18681.02,18910.82,4439.1353
2022-09-26T08:00:00,18912.55,19320.86,18804.00,18875.42,5610.4848
2022-09-26T12:00:00,18879.17,19281.93,18819.66,19111.84,6885.8856
2022-09-26T16:00:00,19109.28,19272.74,18966.81,19204.74,6268.3655
2022-09-26T20:00:00,19203.17,19248.33,19071.71,19228.00,3319.8493
2022-09-27T00:00:00,19226.94,20296.16,19188.09,20097.04,11353.8851
2022-09-27T04:00:00,20096.76,20350.24,19960.12,20186.71,6891.3175
2022-09-27T08:00:00,20183.30,20335.10,20090.52,20228.25,5744.2208
2022-09-27T12:00:00,20227.48,20383.15,19860.54,19884.26,11956.2209
2022-09-27T16:00:00,19885.76,19945.01,18821.55,19078.42,11157.6147
2022-09-27T20:00:00,19077.68,19164.47,18923.95,19077.57,4756.7711
2022-09-28T00:00:00,19077.56,19234.35,18487.00,18744.25,8776.7626
2022-09-28T04:00:00,18744.26,18882.02,18618.97,18780.57,5295.7571
2022-09-28T08:00:00,18781.54,19154.38,18566.46,18951.96,7885.1405
2022-09-28T12:00:00,18952.95,19500.00,18940.01,19488.51,11029.1537
2022-09-28T16:00:00,19488.99,19662.58,19254.34,19546.28,6773.8060
2022-09-28T20:00:00,19546.20,19773.67,19384.18,19412.07,3949.6848
2022-09-29T00:00:00,19412.37,19599.51,19278.94,19506.05,3973.4253
2022-09-29T04:00:00,19507.39,19633.30,19270.63,19362.11,4599.2853
2022-09-29T08:00:00,19362.11,19548.13,19300.96,19464.74,3685.1163
2022-09-29T12:00:00,19466.14,19478.91,18845.30,19286.60,10470.8004
2022-09-29T16:00:00,19287.48,19646.66,19085.50,19402.53,8968.0377
2022-09-29T20:00:00,19401.77,19618.81,19378.80,19595.57,3086.8725
2022-09-30T00:00:00,19595.59,19699.72,19312.27,19400.91,4084.1396
2022-09-30T04:00:00,19400.91,19644.79,19388.13,19579.18,3440.8883
2022-09-30T08:00:00,19579.17,19635.78,19400.01,19437.26,3206.6953
2022-09-30T12:00:00,19437.27,20182.72,19154.38,19754.00,11916.9961
2022-09-30T16:00:00,19753.89,19872.70,19475.10,19480.51,7661.8200
2022-09-30T20:00:00,19480.51,19543.61,19241.51,19426.11,3933.1247
2022-10-01T00:00:00,19423.57,19486.43,19351.00,19418.07,1178.5225
2022-10-01T04:00:00,19417.54,19425.64,19259.01,19311.03,1157.4429
2022-10-01T08:00:00,19310.16,19367.50,19160.00,19315.12,1149.6017
2022-10-01T12:00:00,19315.06,19401.71,19243.29,19334.27,1313.5079
2022-10-01T16:00:00,19334.28,19353.51,19210.00,19270.87,1411.3974
2022-10-01T20:00:00,19270.39,19350.17,19200.00,19315.27,1126.9836
2022-10-02T00:00:00,19315.26,19351.11,19235.89,19313.00,902.6438
2022-10-02T04:00:00,19313.00,19398.94,19232.00,19288.04,901.4314
2022-10-02T08:00:00,19285.44,19301.71,19038.87,19190.61,1844.0069
2022-10-02T12:00:00,19191.56,19246.80,19072.09,19146.06,2126.1835
2022-10-02T16:00:00,19144.91,19341.92,19132.71,19264.56,1870.6626
2022-10-02T20:00:00,19263.31,19303.55,18923.81,19059.17,5306.4959
2022-10-03T00:00:00,19059.10,19259.10,18958.29,19170.06,4657.6157
2022-10-03T04:00:00,19170.04,19319.34,19060.01,19198.46,4388.3092
2022-10-03T08:00:00,19198.10,19256.10,19122.02,19247.56,3361.8671
2022-10-03T12:00:00,19247.56,19496.40,19132.20,19337.83,6586.3180
2022-10-03T16:00:00,19338.32,19652.07,19312.61,19544.46,6129.2111
2022-10-03T20:00:00,19545.82,19717.67,19509.69,19633.46,3448.3191
2022-10-04T00:00:00,19632.43,19726.45,19495.32,19604.39,3278.8210
2022-10-04T04:00:00,19604.39,19977.00,19557.78,19972.83,4221.5506
2022-10-04T08:00:00,19972.47,20160.39,19813.32,19946.57,5161.6027
2022-10-04T12:00:00,19946.93,20262.90,19912.10,20106.10,7612.5236
2022-10-04T16:00:00,20106.64,20279.78,19873.05,20230.47,6896.7595
2022-10-04T20:00:00,20229.20,20479.43,20156.93,20345.19,5514.1590
2022-10-05T00:00:00,20345.27,20371.15,20151.93,20196.46,5086.7304
2022-10-05T04:00:00,20196.26,20305.59,20080.00,20232.85,3304.7800
2022-10-05T08:00:00,20233.00,20251.49,19959.84,20031.44,4486.1165
2022-10-05T12:00:00,20031.59,20075.68,19750.00,20005.44,8956.4511
2022-10-05T16:00:00,20004.91,20350.00,19955.00,20121.69,8038.1931
2022-10-05T20:00:00,20121.71,20218.00,19980.22,20161.62,3669.9361
2022-10-06T00:00:00,20162.15,20444.00,20144.42,20359.15,6089.9594
2022-10-06T04:00:00,20359.53,20455.79,20157.84,20220.84,5341.1822
2022-10-06T08:00:00,20220.19,20261.04,20085.54,20247.74,3809.2393
2022-10-06T12:00:00,20247.52,20329.49,19877.75,20014.03,14175.1111
2022-10-06T16:00:00,20011.77,20265.38,19950.57,20015.89,9454.3349
2022-10-06T20:00:00,20014.05,20075.28,19855.19,19965.64,5174.6092
2022-10-07T00:00:00,19963.75,20060.81,19944.94,19985.68,3598.0489
2022-10-07T04:00:00,19985.93,20015.75,19801.56,19930.96,4322.6790
2022-10-07T08:00:00,19930.44,20025.50,19917.54,20001.55,4821.1579
2022-10-07T12:00:00,20002.48,20065.26,19478.23,19579.10,12819.2045
2022-10-07T16:00:00,19578.40,19608.57,19325.00,19463.01,6788.1518
2022-10-07T20:00:00,19463.10,19648.35,19443.89,19533.05,2589.7306
2022-10-08T00:00:00,19531.68,19628.78,19493.52,19505.38,1949.2845
2022-10-08T04:00:00,19505.17,19545.28,19421.84,19501.77,1414.0205
2022-10-08T08:00:00,19501.68,19549.57,19452.21,19538.10,1110.5454
2022-10-08T12:00:00,19537.90,19548.75,19419.58,19490.11,1434.1007
2022-10-08T16:00:00,19490.27,19538.65,19441.20,19472.16,1205.5352
2022-10-08T20:00:00,19470.69,19482.65,19250.00,19419.39,2631.7682
2022-10-09T00:00:00,19421.49,19456.20,19329.11,19367.71,1402.6416
2022-10-09T04:00:00,19367.58,19441.60,19321.00,19411.74,1183.9601
2022-10-09T08:00:00,19411.75,19552.45,19373.98,19474.28,1123.9687
2022-10-09T12:00:00,19474.27,19563.28,19463.51,19543.13,2946.6093
2022-10-09T16:00:00,19542.48,19562.45,19354.01,19473.50,2288.5512
2022-10-09T20:00:00,19473.49,19503.39,19370.15,19443.47,3591.9068
2022-10-10T00:00:00,19442.70,19528.04,19402.42,19453.68,2480.0588
2022-10-10T04:00:00,19453.19,19478.26,19370.69,19414.29,2143.3071
2022-10-10T08:00:00,19412.13,19421.33,19128.22,19333.26,4758.5905
2022-10-10T12:00:00,19333.27,19443.09,19217.98,19269.04,6873.1132
2022-10-10T16:00:00,19266.95,19358.07,19100.00,19210.86,7120.2303
2022-10-10T20:00:00,19208.61,19281.67,19028.08,19132.83,3221.2685
2022-10-11T00:00:00,19130.80,19133.01,18950.01,19041.12,7456.4542
2022-10-11T04:00:00,19040.75,19113.58,19005.92,19080.50,4992.0827
2022-10-11T08:00:00,19078.57,19152.91,19028.58,19149.11,4035.3787
2022-10-11T12:00:00,19149.12,19265.69,18855.19,19146.91,9760.4232
2022-10-11T16:00:00,19147.76,19184.65,18915.89,18995.14,7505.2317
2022-10-11T20:00:00,18993.55,19062.27,18984.02,19058.11,2498.4485
2022-10-12T00:00:00,19058.42,19131.74,19021.50,19046.89,3844.5429
2022-10-12T04:00:00,19047.98,19200.00,19039.75,19108.89,3583.6166
2022-10-12T08:00:00,19109.18,19199.06,19089.35,19114.21,2439.4518
2022-10-12T12:00:00,19114.07,19179.40,18971.51,19138.70,8295.8150
2022-10-12T16:00:00,19138.84,19178.03,19045.42,19137.70,4295.7092
2022-10-12T20:00:00,19135.59,19235.26,19121.89,19155.92,2403.5180
2022-10-13T00:00:00,19153.97,19174.82,19014.60,19087.16,2908.8998
2022-10-13T04:00:00,19087.14,19111.67,18950.29,19003.32,2668.3298
2022-10-13T08:00:00,19004.65,19037.25,18575.22,18753.89,7014.6248
2022-10-13T12:00:00,18753.88,19051.48,18131.00,18959.20,22108.4763
2022-10-13T16:00:00,18960.45,19509.23,18901.53,19374.91,10960.7931
2022-10-13T20:00:00,19373.14,19497.17,19333.86,19378.65,3499.3727
2022-10-14T00:00:00,19375.55,19954.14,19341.61,19817.93,7388.8067
2022-10-14T04:00:00,19816.46,19850.00,19571.51,19644.62,5267.6761
2022-10-14T08:00:00,19643.27,19748.32,19533.36,19596.52,5490.3513
2022-10-14T12:00:00,19596.00,19856.57,19306.82,19357.03,16805.7034
2022-10-14T16:00:00,19357.66,19403.91,19108.28,19168.86,8909.4485
2022-10-14T20:00:00,19171.57,19219.12,19076.83,19178.00,2346.3467
2022-10-15T00:00:00,19179.15,19229.12,19136.03,19205.22,1558.4687
2022-10-15T04:00:00,19205.19,19216.56,19135.98,19174.94,863.0922
2022-10-15T08:00:00,19174.67,19185.25,19041.11,19170.07,1309.5714
2022-10-15T12:00:00,19170.06,19201.38,19096.77,19128.60,1715.6694
2022-10-15T16:00:00,19128.85,19164.25,19063.09,19104.46,1157.2545
2022-10-15T20:00:00,19104.45,19131.55,18983.00,19070.24,2458.7722
2022-10-16T00:00:00,19070.62,19170.63,19065.23,19124.06,1151.0004
2022-10-16T04:00:00,19122.70,19164.00,19110.30,19139.06,816.1321
2022-10-16T08:00:00,19139.00,19196.55,19089.22,19145.89,662.4265
2022-10-16T12:00:00,19147.24,19175.16,19106.66,19158.38,961.6805
2022-10-16T16:00:00,19159.73,19383.18,19119.21,19379.60,1512.3385
2022-10-16T20:00:00,19378.55,19425.49,19104.20,19264.44,3207.3504
2022-10-17T00:00:00,19261.62,19310.30,19154.72,19188.00,2179.1833
2022-10-17T04:00:00,19187.72,19318.61,19160.92,19297.33,2404.7713
2022-10-17T08:00:00,19296.46,19545.10,19243.18,19458.88,3481.6737
2022-10-17T12:00:00,19458.50,19679.46,19419.33,19536.73,7624.3533
2022-10-17T16:00:00,19536.69,19595.21,19442.82,19527.09,5237.7420
2022-10-17T20:00:00,19525.26,19627.96,19472.65,19550.40,3209.4013
2022-10-18T00:00:00,19550.39,19627.94,19481.87,19549.96,3815.9606
2022-10-18T04:00:00,19549.92,19702.73,19535.80,19671.55,3348.7091
2022-10-18T08:00:00,19671.44,19676.89,19474.49,19563.77,3365.3456
2022-10-18T12:00:00,19564.47,19682.87,19279.93,19375.05,7833.6303
2022-10-18T16:00:00,19373.89,19444.69,19091.77,19220.31,6355.7507
2022-10-18T20:00:00,19218.65,19433.76,19195.37,19328.76,2926.2010
2022-10-19T00:00:00,19328.75,19361.00,19216.77,19284.21,2336.8776
2022-10-19T04:00:00,19283.75,19307.41,19145.82,19218.92,2724.0020
2022-10-19T08:00:00,19219.51,19287.79,19145.79,19200.09,3328.9674
2022-10-19T12:00:00,19201.02,19303.05,19062.10,19268.82,6932.0118
2022-10-19T16:00:00,19267.50,19279.23,19093.72,19233.75,4052.1341
2022-10-19T20:00:00,19231.91,19249.50,19083.95,19124.18,2910.1400
2022-10-20T00:00:00,19123.77,19166.15,18905.00,19041.17,4685.7891
2022-10-20T04:00:00,19041.08,19198.00,19036.97,19143.54,4509.0039
2022-10-20T08:00:00,19143.54,19253.35,19104.75,19210.36,2761.0571
2022-10-20T12:00:00,19209.91,19349.04,19126.45,19254.61,6414.8926
2022-10-20T16:00:00,19252.78,19255.81,18961.37,19063.32,6859.3557
2022-10-20T20:00:00,19062.83,19098.64,18931.87,19042.48,3175.6576
2022-10-21T00:00:00,19043.66,19132.89,18999.24,19051.92,2188.8077
2022-10-21T04:00:00,19051.90,19082.16,18990.07,19027.04,1794.0554
2022-10-21T08:00:00,19027.03,19042.17,18900.00,18945.09,2987.7327
2022-10-21T12:00:00,18945.74,19174.52,18659.00,19168.34,10179.8614
2022-10-21T16:00:00,19171.50,19254.52,19090.16,19194.16,5485.6770
2022-10-21T20:00:00,19192.67,19252.31,19139.78,19166.45,1570.2267
2022-10-22T00:00:00,19164.92,19184.87,19110.46,19151.13,1150.2793
2022-10-22T04:00:00,19151.24,19176.51,19133.32,19163.58,718.8618
2022-10-22T08:00:00,19163.99,19188.11,19139.43,19178.93,971.1333
2022-10-22T12:00:00,19179.49,19257.66,19154.55,19234.49,1806.4533
2022-10-22T16:00:00,19234.59,19250.40,19135.24,19188.23,1518.2043
2022-10-22T20:00:00,19187.86,19228.10,19176.13,19209.10,880.0583
2022-10-23T00:00:00,19209.09,19223.64,19165.13,19200.76,759.9928
2022-10-23T04:00:00,19200.76,19224.22,19149.11,19164.34,708.3805
2022-10-23T08:00:00,19164.36,19188.70,19129.45,19152.82,689.4469
2022-10-23T12:00:00,19153.63,19215.12,19070.92,19193.49,1146.5168
2022-10-23T16:00:00,19193.55,19524.92,19171.14,19502.16,3554.6009
2022-10-23T20:00:00,19501.74,19698.10,19445.30,19572.44,5227.3738
2022-10-24T00:00:00,19572.20,19603.57,19345.00,19394.12,5191.2298
2022-10-24T04:00:00,19392.59,19392.59,19256.01,19324.65,4571.6099
2022-10-24T08:00:00,19324.63,19452.49,19294.32,19428.07,4179.3457
2022-10-24T12:00:00,19427.37,19453.35,19159.35,19304.75,9172.4588
2022-10-24T16:00:00,19303.33,19427.30,19221.42,19345.78,3054.3601
2022-10-24T20:00:00,19344.82,19437.14,19304.29,19330.41,3263.5793
2022-10-25T00:00:00,19332.11,19364.42,19250.46,19343.95,2703.0299
2022-10-25T04:00:00,19343.70,19378.45,19273.45,19306.62,1722.2721
2022-10-25T08:00:00,19306.71,19329.07,19240.76,19303.65,2025.5870
2022-10-25T12:00:00,19303.17,19818.02,19262.08,19756.05,8727.6998
2022-10-25T16:00:00,19756.02,20420.88,19724.12,20281.65,18143.3988
2022-10-25T20:00:00,20279.12,20304.42,19979.99,20086.28,9130.3495
2022-10-26T00:00:00,20086.27,20313.33,20055.85,20257.49,5282.4316
2022-10-26T04:00:00,20257.39,20390.24,20136.82,20354.75,4523.7280
2022-10-26T08:00:00,20353.96,20790.00,20291.17,20611.37,7643.5454
2022-10-26T12:00:00,20611.46,21022.81,20342.86,20850.44,14064.2779
2022-10-26T16:00:00,20849.49,20999.00,20644.31,20772.16,7303.3560
2022-10-26T20:00:00,20773.29,20913.65,20701.42,20775.40,4801.6530
2022-10-27T00:00:00,20773.59,20855.87,20605.58,20760.41,3535.3053
2022-10-27T04:00:00,20760.41,20878.17,20686.02,20715.33,2979.7598
2022-10-27T08:00:00,20715.44,20758.02,20456.25,20625.09,4661.1294
2022-10-27T12:00:00,20624.99,20781.64,20434.46,20566.50,10398.6434
2022-10-27T16:00:00,20564.76,20687.28,20498.17,20632.56,5470.7425
2022-10-27T20:00:00,20632.55,20644.30,20196.01,20296.97,7078.0022
2022-10-28T00:00:00,20295.77,20339.99,20160.72,20295.15,4069.2604
2022-10-28T04:00:00,20295.16,20312.97,20064.43,20082.30,2925.6800
2022-10-28T08:00:00,20084.59,20250.64,20034.94,20177.35,4573.0730
2022-10-28T12:00:00,20177.36,20591.15,20000.00,20489.82,10585.5870
2022-10-28T16:00:00,20488.50,20755.09,20451.02,20611.15,5047.1636
2022-10-28T20:00:00,20611.31,20742.31,20571.48,20597.91,2380.9875
2022-10-29T00:00:00,20597.34,20832.13,20561.20,20761.38,2305.8508
2022-10-29T04:00:00,20761.77,20783.66,20627.70,20781.95,1563.8122
2022-10-29T08:00:00,20779.39,21080.00,20659.09,20706.40,4322.4754
2022-10-29T12:00:00,20706.09,20953.00,20686.22,20932.47,3880.2619
2022-10-29T16:00:00,20931.86,20996.49,20768.12,20844.06,4456.1174
2022-10-29T20:00:00,20844.37,20906.35,20709.24,20823.53,3294.2336
2022-10-30T00:00:00,20822.38,20851.99,20707.84,20782.59,1745.6834
2022-10-30T04:00:00,20782.54,20939.35,20749.66,20855.77,2627.5404
2022-10-30T08:00:00,20854.12,20890.29,20636.58,20776.20,2587.7294
2022-10-30T12:00:00,20776.20,20787.02,20626.49,20680.18,2399.2623
2022-10-30T16:00:00,20680.19,20705.30,20551.02,20654.95,2166.5105
2022-10-30T20:00:00,20654.95,20746.79,20523.92,20630.68,2210.6624
2022-10-31T00:00:00,20629.21,20680.81,20430.80,20523.42,3166.0648
2022-10-31T04:00:00,20521.06,20597.89,20460.13,20552.06,1420.1666
2022-10-31T08:00:00,20552.17,20837.68,20455.74,20729.73,2722.2174
2022-10-31T12:00:00,20731.92,20757.14,20237.00,20403.09,7746.2498
2022-10-31T16:00:00,20402.93,20530.06,20323.93,20367.62,4416.8250
2022-10-31T20:00:00,20369.41,20519.65,20353.26,20489.94,2751.2125
2022-11-01T00:00:00,20489.55,20586.13,20439.05,20479.01,2660.9996
2022-11-01T04:00:00,20478.98,20655.17,20461.78,20594.42,2398.8558
2022-11-01T08:00:00,20593.82,20691.00,20485.72,20519.02,2554.1506
2022-11-01T12:00:00,20519.10,20568.74,20326.55,20441.74,6946.8094
2022-11-01T16:00:00,20440.78,20513.97,20372.06,20445.33,4243.0082
2022-11-01T20:00:00,20445.34,20502.90,20425.80,20479.63,2343.1850
2022-11-02T00:00:00,20480.34,20554.15,20404.94,20517.70,2656.3854
2022-11-02T04:00:00,20517.67,20559.00,20353.29,20420.43,2594.9336
2022-11-02T08:00:00,20419.53,20535.77,20338.05,20430.13,4210.9477
2022-11-02T12:00:00,20430.12,20459.68,20356.15,20408.96,6555.4645
2022-11-02T16:00:00,20408.96,20805.00,20080.05,20248.24,21227.9428
2022-11-02T20:00:00,20247.16,20280.76,20059.53,20151.40,6667.5451
2022-11-03T00:00:00,20151.29,20339.24,20120.22,20307.08,4537.9452
2022-11-03T04:00:00,20307.37,20390.82,20278.03,20302.65,3119.5635
2022-11-03T08:00:00,20301.51,20336.84,20049.99,20126.28,4267.2323
2022-11-03T12:00:00,20126.10,20338.33,20032.02,20247.16,7951.1765
2022-11-03T16:00:00,20247.17,20313.87,20174.79,20264.22,4311.0763
2022-11-03T20:00:00,20264.21,20270.90,20157.14,20206.88,2650.3783
2022-11-04T00:00:00,20208.02,20329.26,20181.61,20319.28,2827.0138
2022-11-04T04:00:00,20320.76,20685.41,20305.00,20611.66,4189.9898
2022-11-04T08:00:00,20609.57,20666.64,20544.86,20556.81,3237.8571
2022-11-04T12:00:00,20557.67,21298.76,20325.74,20838.81,16549.7659
2022-11-04T16:00:00,20842.36,21114.41,20669.75,21109.58,11112.9394
2022-11-04T20:00:00,21109.58,21209.99,21053.38,21144.20,4109.5968
2022-11-05T00:00:00,21149.03,21478.80,21082.54,21449.97,3822.6915
2022-11-05T04:00:00,21449.28,21470.58,21365.41,21387.62,1886.5007
2022-11-05T08:00:00,21388.80,21429.11,21234.62,21405.97,2194.4910
2022-11-05T12:00:00,21406.01,21424.18,21215.00,21298.41,2782.4630
2022-11-05T16:00:00,21300.59,21373.59,21221.00,21331.96,1934.6976
2022-11-05T20:00:00,21333.05,21383.35,21238.12,21300.45,1455.8611
2022-11-06T00:00:00,21300.45,21365.89,21190.00,21235.92,1885.1917
2022-11-06T04:00:00,21235.25,21254.49,21143.72,21196.44,930.6935
2022-11-06T08:00:00,21196.28,21311.96,21175.65,21254.38,1232.9014
2022-11-06T12:00:00,21254.55,21287.74,21189.43,21242.15,1363.4535
2022-11-06T16:00:00,21241.71,21280.00,21154.35,21194.80,2222.0850
2022-11-06T20:00:00,21195.55,21212.82,20886.26,20909.17,3324.1682
2022-11-07T00:00:00,20908.15,21069.46,20817.53,20912.58,4221.6500
2022-11-07T04:00:00,20913.51,20920.50,20615.52,20635.07,3196.4598
2022-11-07T08:00:00,20635.05,20813.20,20575.02,20734.81,3115.3872
2022-11-07T12:00:00,20733.65,20801.64,20629.99,20770.27,5894.5527
2022-11-07T16:00:00,20770.26,20891.37,20655.55,20846.47,3501.6886
2022-11-07T20:00:00,20846.47,20894.96,20394.34,20593.49,5350.0909
2022-11-08T00:00:00,20593.34,20675.00,20112.28,20143.06,7514.1969
2022-11-08T04:00:00,20143.04,20241.82,19344.75,19801.90,11840.1004
2022-11-08T08:00:00,19801.92,19807.52,19588.00,19704.02,5443.8246
2022-11-08T12:00:00,19704.02,19752.99,19235.00,19519.25,11466.6315
2022-11-08T16:00:00,19519.06,20672.44,17500.00,18282.79,34222.1593
2022-11-08T20:00:00,18288.29,18725.00,17878.20,18550.25,13569.7181
2022-11-09T00:00:00,18546.07,18590.34,17986.77,18303.80,11876.4617
2022-11-09T04:00:00,18303.78,18495.50,18160.07,18227.79,7747.5488
2022-11-09T08:00:00,18229.05,18243.92,17250.00,17789.50,18071.4163
2022-11-09T12:00:00,17789.52,17989.07,16913.00,17097.65,22874.8979
2022-11-09T16:00:00,17092.95,17310.06,16424.00,16767.53,26898.6083
2022-11-09T20:00:00,16767.53,16883.19,15512.00,15891.96,32165.0290
2022-11-10T00:00:00,15894.77,16542.28,15720.00,16331.55,16749.7358
2022-11-10T04:00:00,16328.56,16850.00,16155.96,16704.90,14384.1876
2022-11-10T08:00:00,16704.90,16890.00,16129.89,16217.71,12547.4988
2022-11-10T12:00:00,16218.35,17914.60,16185.52,17521.41,25767.3938
2022-11-10T16:00:00,17524.62,17970.04,17104.72,17427.79,10497.1735
2022-11-10T20:00:00,17431.44,18140.62,17339.61,17553.89,11550.9959
2022-11-11T00:00:00,17555.44,17641.32,16820.62,16987.46,10359.9150
2022-11-11T04:00:00,16988.60,17440.50,16930.76,17359.54,8272.9026
2022-11-11T08:00:00,17355.76,17478.46,17182.05,17315.67,6364.4954
2022-11-11T12:00:00,17316.21,17509.47,16336.05,16837.50,14069.2759
2022-11-11T16:00:00,16836.15,17000.00,16500.00,16796.79,13336.2804
2022-11-11T20:00:00,16793.06,17092.22,16520.00,17013.62,12373.7856
2022-11-12T00:00:00,17014.78,17067.70,16738.40,16872.76,5508.7767
2022-11-12T04:00:00,16872.56,16901.56,16595.25,16777.60,4682.6166
2022-11-12T08:00:00,16778.76,16925.14,16681.71,16831.53,3553.6018
2022-11-12T12:00:00,16834.50,16967.00,16721.55,16904.44,4413.1018
2022-11-12T16:00:00,16904.43,16934.30,16798.06,16866.98,2913.5279
2022-11-12T20:00:00,16866.98,16880.30,16732.42,16783.33,2758.4331
2022-11-13T00:00:00,16783.32,16926.57,16745.88,16889.36,2494.1414
2022-11-13T04:00:00,16886.61,16898.66,16534.08,16745.76,2994.5713
2022-11-13T08:00:00,16744.83,16767.03,16408.29,16628.66,3757.6648
2022-11-13T12:00:00,16629.82,16690.61,16494.48,16553.48,3354.9365
2022-11-13T16:00:00,16553.58,16595.83,16440.25,16527.09,4458.8337
2022-11-13T20:00:00,16524.62,16555.93,16214.95,16301.39,6206.5497
2022-11-14T00:00:00,16298.75,16380.00,15893.21,16108.48,8204.4634
2022-11-14T04:00:00,16108.41,16865.93,15790.25,16807.85,11187.1581
2022-11-14T08:00:00,16805.44,16947.67,16625.44,16730.27,4979.2129
2022-11-14T12:00:00,16729.44,17169.68,16403.33,16566.39,11882.2563
2022-11-14T16:00:00,16566.36,16650.00,16154.04,16229.19,10322.2564
2022-11-14T20:00:00,16226.89,16737.07,16169.88,16590.73,9026.5876
2022-11-15T00:00:00,16588.41,16871.64,16502.85,16798.70,7294.4734
2022-11-15T04:00:00,16801.49,16915.60,16617.00,16822.75,4979.0279
2022-11-15T08:00:00,16825.00,16967.93,16689.44,16761.51,6107.0767
2022-11-15T12:00:00,16762.66,17107.88,16707.64,16966.46,11376.0107
2022-11-15T16:00:00,16966.47,17055.88,16597.69,16836.13,12099.3761
2022-11-15T20:00:00,16837.89,16923.41,16723.00,16877.93,6299.3558
2022-11-16T00:00:00,16879.37,16994.31,16739.76,16954.53,6409.9249
2022-11-16T04:00:00,16954.47,16960.96,16782.94,16811.52,3391.0705
2022-11-16T08:00:00,16811.51,16835.65,16635.24,16694.33,3866.5348
2022-11-16T12:00:00,16692.87,16705.44,16358.66,16410.69,11287.1735
2022-11-16T16:00:00,16411.24,16625.96,16379.69,16537.67,6866.8292
2022-11-16T20:00:00,16536.25,16755.43,16481.74,16645.24,5428.1712
2022-11-17T00:00:00,16646.58,16734.08,16488.10,16511.08,4000.4214
2022-11-17T04:00:00,16511.08,16606.25,16396.00,16599.38,3046.7014
2022-11-17T08:00:00,16599.43,16623.34,16460.00,16583.28,1948.7107
2022-11-17T12:00:00,16583.28,16699.00,16416.85,16525.91,3801.0780
2022-11-17T16:00:00,16524.42,16732.67,16500.09,16606.84,5567.6628
2022-11-17T20:00:00,16606.85,16736.70,16595.29,16680.47,4120.2008
2022-11-18T00:00:00,16680.47,16984.08,16669.31,16839.23,5923.2524
2022-11-18T04:00:00,16839.65,16849.99,16708.80,16728.08,3122.2495
2022-11-18T08:00:00,16728.08,16838.35,16655.67,16732.59,2531.3132
2022-11-18T12:00:00,16735.08,16803.71,16592.86,16678.78,5237.2623
2022-11-18T16:00:00,16680.09,16716.88,16526.28,16636.20,6145.1964
2022-11-18T20:00:00,16636.22,16706.54,16586.86,16680.59,4011.0703
2022-11-19T00:00:00,16678.85,16689.57,16553.36,16609.16,1911.1533
2022-11-19T04:00:00,16607.61,16630.05,16534.83,16577.16,1391.5912
2022-11-19T08:00:00,16577.16,16658.39,16557.42,16656.49,1173.7072
2022-11-19T12:00:00,16654.14,16665.05,16612.56,16641.62,1198.2352
2022-11-19T16:00:00,16640.61,16647.75,16588.36,16610.44,1240.6920
2022-11-19T20:00:00,16609.82,16802.00,16608.06,16683.02,2480.6688
2022-11-20T00:00:00,16680.70,16733.19,16648.23,16659.41,1382.7392
2022-11-20T04:00:00,16658.71,16717.86,16648.56,16700.96,959.9019
2022-11-20T08:00:00,16700.96,16714.42,16442.86,16503.00,2609.1666
2022-11-20T12:00:00,16501.70,16602.96,16436.54,16561.24,2559.4810
2022-11-20T16:00:00,16559.73,16586.26,16511.57,16565.31,1727.3470
2022-11-20T20:00:00,16565.31,16572.68,16154.65,16252.53,7446.5552
2022-11-21T00:00:00,16252.43,16265.41,15868.17,16042.16,9321.3602
2022-11-21T04:00:00,16041.20,16279.99,15930.69,16009.72,4834.7561
2022-11-21T08:00:00,16009.32,16146.40,15944.25,16057.98,3124.8884
2022-11-21T12:00:00,16059.55,16257.00,15996.28,16107.35,4732.3909
2022-11-21T16:00:00,16108.55,16116.98,15580.00,15708.36,9944.7534
2022-11-21T20:00:00,15708.10,15872.43,15460.00,15760.14,11841.7691
2022-11-22T00:00:00,15758.96,15947.92,15726.60,15825.47,6315.7033
2022-11-22T04:00:00,15825.46,15859.53,15596.22,15742.36,5295.2847
2022-11-22T08:00:00,15740.88,15802.31,15639.61,15729.24,4627.7218
2022-11-22T12:00:00,15728.73,16294.50,15664.89,16224.03,13275.7560
2022-11-22T16:00:00,16226.40,16272.00,16031.58,16149.30,7828.2536
2022-11-22T20:00:00,16149.81,16220.51,16063.19,16199.71,7213.1876
2022-11-23T00:00:00,16201.15,16569.41,16142.99,16563.97,7271.1129
2022-11-23T04:00:00,16563.22,16624.91,16426.18,16564.58,4574.2629
2022-11-23T08:00:00,16564.53,16650.00,16481.43,16568.68,3766.1160
2022-11-23T12:00:00,16568.67,16584.35,16324.89,16408.34,6903.9726
2022-11-23T16:00:00,16408.35,16700.00,16301.50,16456.07,8762.5153
2022-11-23T20:00:00,16456.07,16657.74,16408.98,16587.00,5865.0865
2022-11-24T00:00:00,16585.83,16797.28,16518.53,16700.28,4532.8634
2022-11-24T04:00:00,16700.55,16726.38,16600.06,16608.06,3924.8211
2022-11-24T08:00:00,16609.94,16627.14,16480.97,16559.78,3284.3996
2022-11-24T12:00:00,16559.17,16593.19,16450.62,16546.89,3390.1488
2022-11-24T16:00:00,16548.41,16666.87,16505.53,16564.77,3880.2030
2022-11-24T20:00:00,16564.77,16624.39,16521.32,16587.61,2807.0690
2022-11-25T00:00:00,16587.60,16610.08,16458.54,16474.07,3112.9055
2022-11-25T04:00:00,16474.04,16489.36,16333.00,16452.08,4253.8359
2022-11-25T08:00:00,16452.05,16581.08,16398.73,16518.62,3239.5792
2022-11-25T12:00:00,16518.62,16571.26,16427.42,16502.16,4209.5145
2022-11-25T16:00:00,16500.94,16536.64,16446.36,16511.38,3083.1417
2022-11-25T20:00:00,16512.65,16608.29,16472.01,16510.90,2901.9348
2022-11-26T00:00:00,16510.90,16693.18,16499.84,16616.60,3051.4002
2022-11-26T04:00:00,16615.12,16643.61,16521.00,16573.62,1829.7520
2022-11-26T08:00:00,16574.46,16626.55,16548.12,16572.14,1527.5591
2022-11-26T12:00:00,16572.10,16673.51,16472.85,16504.20,2570.8105
2022-11-26T16:00:00,16504.18,16523.25,16411.36,16482.11,1515.6950
2022-11-26T20:00:00,16482.10,16537.16,16376.10,16450.93,1813.3540
2022-11-27T00:00:00,16450.32,16559.98,16439.70,16517.35,1510.4908
2022-11-27T04:00:00,16517.45,16589.43,16515.19,16554.25,1601.1354
2022-11-27T08:00:00,16553.12,16583.86,16502.10,16541.20,1168.5239
2022-11-27T12:00:00,16540.17,16576.90,16509.72,16564.49,1434.7454
2022-11-27T16:00:00,16564.49,16571.57,16511.20,16548.01,1263.0446
2022-11-27T20:00:00,16546.35,16588.46,16395.00,16419.88,3847.7552
2022-11-28T00:00:00,16421.63,16478.32,16044.99,16169.51,7403.3122
2022-11-28T04:00:00,16170.30,16240.07,16132.02,16217.80,2941.0339
2022-11-28T08:00:00,16216.73,16263.16,16171.94,16205.81,2994.0764
2022-11-28T12:00:00,16205.81,16299.23,16113.97,16138.27,5445.8629
2022-11-28T16:00:00,16138.27,16386.01,15992.64,16217.01,8140.1901
2022-11-28T20:00:00,16218.01,16264.12,16180.80,16206.30,3411.7721
2022-11-29T00:00:00,16206.23,16300.00,16092.53,16278.23,4050.1269
2022-11-29T04:00:00,16278.05,16527.00,16270.51,16457.93,4345.5839
2022-11-29T08:00:00,16456.06,16541.72,16421.62,16490.65,2501.9196
2022-11-29T12:00:00,16490.33,16502.30,16320.02,16387.42,3702.6741
2022-11-29T16:00:00,16387.90,16473.82,16335.44,16419.98,3679.2876
2022-11-29T20:00:00,16419.99,16520.00,16407.01,16438.00,3622.3928
2022-11-30T00:00:00,16437.94,17077.00,16423.37,16837.98,11271.6479
2022-11-30T04:00:00,16837.70,16918.24,16814.31,16881.48,3991.6174
2022-11-30T08:00:00,16882.05,16929.46,16834.19,16881.34,2582.1424
2022-11-30T12:00:00,16881.30,16896.30,16764.26,16875.63,6838.3110
2022-11-30T16:00:00,16877.35,17148.31,16705.09,17062.49,11388.9521
2022-11-30T20:00:00,17062.56,17259.37,17027.75,17167.33,6444.9409
2022-12-01T00:00:00,17165.44,17236.91,17086.18,17152.07,6116.8396
2022-12-01T04:00:00,17152.07,17168.35,17059.87,17068.06,3018.4445
2022-12-01T08:00:00,17068.07,17133.86,17041.92,17103.80,2529.2617
2022-12-01T12:00:00,17102.82,17317.80,16895.00,16973.70,9744.7854
2022-12-01T16:00:00,16973.85,16997.37,16855.00,16953.18,6379.8022
2022-12-01T20:00:00,16952.74,16990.00,16863.75,16980.08,4009.8581
2022-12-02T00:00:00,16980.07,17049.99,16861.78,16903.92,3406.7651
2022-12-02T04:00:00,16903.50,16975.00,16881.60,16957.53,1685.3302
2022-12-02T08:00:00,16957.52,17050.00,16938.42,16998.85,2203.2580
2022-12-02T12:00:00,16998.86,17108.25,16791.02,16940.90,8045.7550
2022-12-02T16:00:00,16939.31,16997.37,16902.13,16988.16,3944.5128
2022-12-02T20:00:00,16989.30,17098.11,16980.69,17094.71,3810.8157
2022-12-03T00:00:00,17094.25,17158.42,17012.59,17023.17,2626.7178
2022-12-03T04:00:00,17023.16,17037.68,16927.19,16967.21,2319.3491
2022-12-03T08:00:00,16967.21,16991.14,16890.11,16947.29,2434.4600
2022-12-03T12:00:00,16947.29,16982.16,16923.00,16963.07,1734.9048
2022-12-03T16:00:00,16963.52,16985.33,16938.34,16954.39,1748.4232
2022-12-03T20:00:00,16953.79,16960.62,16863.58,16888.53,3217.5958
2022-12-04T00:00:00,16889.17,17049.00,16882.86,16962.71,2385.1962
2022-12-04T04:00:00,16962.71,17076.16,16960.04,16998.62,1959.2808
2022-12-04T08:00:00,16998.60,17050.00,16907.92,16950.27,1925.0137
2022-12-04T12:00:00,16950.90,17068.04,16918.98,17030.52,2416.9758
2022-12-04T16:00:00,17030.51,17158.90,16975.86,17089.25,4966.2130
2022-12-04T20:00:00,17089.25,17199.99,17072.16,17108.90,3308.4289
2022-12-05T00:00:00,17108.90,17341.35,17080.41,17201.66,5685.5314
2022-12-05T04:00:00,17201.35,17424.59,17196.09,17316.43,5375.8196
2022-12-05T08:00:00,17316.64,17390.89,17285.62,17312.32,3891.1755
2022-12-05T12:00:00,17312.33,17313.60,17018.05,17086.57,6456.7621
2022-12-05T16:00:00,17086.59,17130.37,16865.22,16928.50,8692.4803
2022-12-05T20:00:00,16928.59,16988.00,16900.61,16966.05,3516.6823
2022-12-06T00:00:00,16966.05,17102.77,16964.50,17003.13,3759.6118
2022-12-06T04:00:00,17003.13,17023.60,16955.95,17004.08,2682.8020
2022-12-06T08:00:00,17003.98,17044.68,16904.04,16986.17,4447.2791
2022-12-06T12:00:00,16986.05,17032.54,16930.84,16984.59,5771.9640
2022-12-06T16:00:00,16984.59,17020.69,16912.14,16969.85,5248.5327
2022-12-06T20:00:00,16970.25,17111.35,16951.04,17089.05,4783.4205
2022-12-07T00:00:00,17089.18,17140.22,17020.44,17025.61,2686.8115
2022-12-07T04:00:00,17025.47,17046.47,16728.82,16763.05,4363.9256
2022-12-07T08:00:00,16762.96,16837.68,16679.52,16795.23,3939.5000
2022-12-07T12:00:00,16794.62,16897.13,16767.69,16838.66,5148.8086
2022-12-07T16:00:00,16838.66,16850.85,16778.15,16814.50,3397.8558
2022-12-07T20:00:00,16814.26,16891.43,16795.51,16840.00,3098.5669
2022-12-08T00:00:00,16839.76,16890.00,16782.24,16833.00,2988.2801
2022-12-08T04:00:00,16831.45,16847.19,16785.66,16825.89,1684.2408
2022-12-08T08:00:00,16825.88,16866.94,16738.00,16850.33,2415.5035
2022-12-08T12:00:00,16850.89,16959.63,16803.29,16918.81,4936.0644
2022-12-08T16:00:00,16919.13,17300.59,16910.73,17255.38,6895.9795
2022-12-08T20:00:00,17255.37,17298.01,17157.10,17226.01,4613.1662
2022-12-09T00:00:00,17226.03,17295.24,17187.37,17203.06,3675.9060
2022-12-09T04:00:00,17202.85,17236.79,17189.72,17213.03,1671.7340
2022-12-09T08:00:00,17212.72,17268.86,17200.00,17241.27,2013.1921
2022-12-09T12:00:00,17242.27,17352.62,17066.90,17182.00,7328.4445
2022-12-09T16:00:00,17181.86,17188.66,17119.78,17143.61,3256.8090
2022-12-09T20:00:00,17142.00,17158.37,17060.69,17130.59,3030.5514
2022-12-10T00:00:00,17130.49,17168.70,17116.60,17146.85,1276.4924
2022-12-10T04:00:00,17146.04,17177.00,17130.52,17154.21,944.8174
2022-12-10T08:00:00,17155.05,17174.05,17114.00,17168.12,1010.8349
2022-12-10T12:00:00,17168.06,17227.15,17141.55,17209.22,1466.0122
2022-12-10T16:00:00,17208.94,17227.64,17160.07,17176.75,1406.7699
2022-12-10T20:00:00,17177.42,17184.66,17093.42,17128.10,1755.6600
2022-12-11T00:00:00,17128.10,17174.51,17121.76,17155.07,1172.5044
2022-12-11T04:00:00,17155.10,17199.98,17151.64,17181.51,1179.7153
2022-12-11T08:00:00,17181.50,17185.80,17141.75,17167.84,870.7038
2022-12-11T12:00:00,17167.40,17171.12,17130.07,17153.89,1089.8588
2022-12-11T16:00:00,17154.61,17271.92,17137.35,17178.03,2465.7099
2022-12-11T20:00:00,17176.94,17178.93,17073.19,17085.21,3170.3605
2022-12-12T00:00:00,17085.62,17088.90,16875.83,16918.99,6511.9074
2022-12-12T04:00:00,16918.99,16950.00,16903.74,16925.35,1578.0448
2022-12-12T08:00:00,16925.35,17007.19,16903.72,16989.51,1622.1767
2022-12-12T12:00:00,16989.50,17053.89,16922.42,17011.79,3831.0324
2022-12-12T16:00:00,17011.79,17048.14,16984.27,17045.31,2308.4127
2022-12-12T20:00:00,17046.05,17244.63,17045.33,17211.66,4808.0832
2022-12-13T00:00:00,17212.90,17241.44,17120.00,17154.42,3006.9957
2022-12-13T04:00:00,17154.16,17220.03,17089.17,17172.10,2837.3886
2022-12-13T08:00:00,17172.09,17500.00,17161.05,17446.35,6303.8143
2022-12-13T12:00:00,17446.37,17999.99,17401.06,17751.41,13159.7847
2022-12-13T16:00:00,17751.46,17834.84,17611.25,17739.36,7926.9508
2022-12-13T20:00:00,17739.37,17814.73,17700.95,17773.18,5081.0977
2022-12-14T00:00:00,17772.98,17840.94,17745.73,17776.98,3624.0264
2022-12-14T04:00:00,17777.43,17814.22,17731.58,17803.29,2080.3107
2022-12-14T08:00:00,17803.27,17866.13,17783.08,17822.59,3210.8480
2022-12-14T12:00:00,17823.51,18112.10,17813.39,18067.13,9667.5761
2022-12-14T16:00:00,18068.05,18385.36,17700.04,17792.66,21603.8359
2022-12-14T20:00:00,17793.01,17951.77,17660.93,17804.97,9108.8237
2022-12-15T00:00:00,17805.36,17856.26,17565.69,17729.52,6119.4817
2022-12-15T04:00:00,17729.75,17749.55,17683.41,17694.74,2566.8435
2022-12-15T08:00:00,17694.75,17732.10,17614.82,17727.05,4134.9959
2022-12-15T12:00:00,17728.89,17733.50,17376.67,17425.78,11287.8876
2022-12-15T16:00:00,17425.62,17473.37,17318.85,17444.71,7851.6220
2022-12-15T20:00:00,17444.71,17459.50,17275.02,17357.96,5873.9074
2022-12-16T00:00:00,17359.10,17429.17,17347.80,17427.59,2836.6695
2022-12-16T04:00:00,17427.60,17525.00,17376.35,17502.42,2578.5358
2022-12-16T08:00:00,17503.33,17520.11,16924.99,17028.47,11047.7451
2022-12-16T12:00:00,17028.17,17085.53,16895.69,16972.18,9590.9292
2022-12-16T16:00:00,16973.44,16979.29,16735.18,16868.39,10311.5032
2022-12-16T20:00:00,16866.99,16957.11,16529.53,16632.64,10794.4802
2022-12-17T00:00:00,16634.29,16733.76,16585.64,16680.53,5619.4814
2022-12-17T04:00:00,16680.64,16775.52,16659.41,16750.57,3032.0439
2022-12-17T08:00:00,16749.93,16761.48,16666.75,16709.86,2481.3379
2022-12-17T12:00:00,16709.94,16729.74,16650.14,16706.92,2756.8063
2022-12-17T16:00:00,16706.10,16734.21,16655.57,16699.77,2181.8785
2022-12-17T20:00:00,16698.73,16799.99,16691.55,16782.25,2375.1354
2022-12-18T00:00:00,16782.23,16788.24,16703.77,16743.50,1568.4410
2022-12-18T04:00:00,16743.13,16800.00,16721.11,16752.17,1694.7833
2022-12-18T08:00:00,16751.99,16767.31,16663.76,16713.64,1475.4979
2022-12-18T12:00:00,16713.24,16736.31,16677.45,16684.62,1565.9551
2022-12-18T16:00:00,16684.62,16794.85,16680.00,16755.01,2227.1379
2022-12-18T20:00:00,16754.95,16875.00,16726.35,16741.16,2541.6237
2022-12-19T00:00:00,16742.33,16822.84,16637.94,16689.18,3304.2383
2022-12-19T04:00:00,16689.15,16755.94,16678.96,16726.55,1984.4018
2022-12-19T08:00:00,16724.97,16786.99,16713.88,16736.90,1622.8265
2022-12-19T12:00:00,16738.07,16765.23,16664.32,16666.54,4739.2647
2022-12-19T16:00:00,16667.56,16700.33,16518.00,16553.16,8004.0349
2022-12-19T20:00:00,16552.93,16643.01,16273.40,16439.74,7201.3199
2022-12-20T00:00:00,16439.98,16848.05,16398.22,16731.73,7541.2225
2022-12-20T04:00:00,16731.73,16878.08,16690.47,16804.60,5072.4967
2022-12-20T08:00:00,16804.89,16858.16,16766.68,16813.67,3295.4738
2022-12-20T12:00:00,16813.83,17060.86,16714.41,16919.12,9327.7585
2022-12-20T16:00:00,16919.11,16936.66,16768.83,16898.63,5765.9119
2022-12-20T20:00:00,16898.58,16927.48,16836.00,16897.65,3327.4190
2022-12-21T00:00:00,16896.17,16926.05,16795.36,16838.93,2785.9197
2022-12-21T04:00:00,16838.92,16857.46,16768.61,16816.28,1807.3923
2022-12-21T08:00:00,16816.28,16895.11,16798.70,16878.21,1803.7950
2022-12-21T12:00:00,16878.35,16915.69,16725.78,16859.90,3910.9739
2022-12-21T16:00:00,16861.51,16866.94,16730.84,16757.12,3331.3195
2022-12-21T20:00:00,16756.13,16833.91,16732.66,16826.56,3104.2215
2022-12-22T00:00:00,16825.18,16858.98,16808.30,16854.61,1984.3362
2022-12-22T04:00:00,16853.92,16860.00,16783.39,16826.80,1357.7026
2022-12-22T08:00:00,16827.55,16868.82,16801.77,16833.78,1826.3548
2022-12-22T12:00:00,16833.78,16846.94,16608.26,16632.04,6316.0464
2022-12-22T16:00:00,16632.04,16668.85,16560.84,16658.98,4176.2501
2022-12-22T20:00:00,16658.94,16853.20,16643.45,16815.51,5609.0774
2022-12-23T00:00:00,16815.28,16888.00,16719.57,16828.06,3808.7399
2022-12-23T04:00:00,16827.81,16854.83,16805.53,16847.40,1449.6119
2022-12-23T08:00:00,16847.17,16889.96,16810.96,16842.64,1736.8933
2022-12-23T12:00:00,16842.64,16943.29,16745.05,16831.09,7262.7732
2022-12-23T16:00:00,16831.09,16861.38,16815.12,16843.20,2807.7193
2022-12-23T20:00:00,16842.32,16848.75,16750.00,16777.21,4893.1493
2022-12-24T00:00:00,16777.88,16855.00,16775.88,16844.93,3460.0641
2022-12-24T04:00:00,16844.92,16856.09,16803.90,16847.78,1137.2115
2022-12-24T08:00:00,16847.81,16853.65,16819.52,16824.45,1275.6607
2022-12-24T12:00:00,16824.36,16840.40,16813.37,16837.04,1139.8369
2022-12-24T16:00:00,16836.92,16863.62,16820.99,16843.88,1218.3108
2022-12-24T20:00:00,16843.89,16857.47,16811.04,16837.12,1271.7192
2022-12-25T00:00:00,16837.24,16851.54,16823.63,16831.22,830.6399
2022-12-25T04:00:00,16831.21,16836.87,16803.00,16824.34,1054.7425
2022-12-25T08:00:00,16824.00,16836.67,16815.21,16820.98,605.4229
2022-12-25T12:00:00,16820.65,16853.88,16720.89,16793.08,1745.3512
2022-12-25T16:00:00,16792.49,16819.15,16727.72,16792.09,1426.9984
2022-12-25T20:00:00,16792.09,16842.66,16752.82,16829.02,1402.0617
2022-12-26T00:00:00,16829.19,16896.94,16818.79,16893.82,1423.0886
2022-12-26T04:00:00,16894.03,16920.10,16835.24,16842.47,1219.8438
2022-12-26T08:00:00,16843.17,16869.84,16818.91,16860.27,993.1002
2022-12-26T12:00:00,16860.04,16864.57,16787.97,16805.40,1558.6770
2022-12-26T16:00:00,16805.46,16860.43,16795.41,16839.24,1355.7039
2022-12-26T20:00:00,16838.26,16939.81,16815.32,16917.96,1942.8632
2022-12-27T00:00:00,16916.66,16967.00,16836.64,16872.22,2523.0207
2022-12-27T04:00:00,16872.19,16892.39,16849.26,16867.79,1329.6617
2022-12-27T08:00:00,16867.13,16879.92,16803.23,16830.26,2091.7405
2022-12-27T12:00:00,16830.47,16834.54,16728.30,16792.88,3725.9292
2022-12-27T16:00:00,16792.88,16797.03,16585.97,16682.39,4981.9341
2022-12-27T20:00:00,16682.58,16715.35,16641.26,16698.73,2829.8070
2022-12-28T00:00:00,16698.31,16750.00,16554.77,16646.21,3240.1682
2022-12-28T04:00:00,16646.04,16672.99,16575.40,16639.54,2486.0435
2022-12-28T08:00:00,16639.54,16683.74,16623.41,16674.04,2060.0034
2022-12-28T12:00:00,16674.00,16777.35,16556.41,16565.87,4708.7872
2022-12-28T16:00:00,16564.97,16657.32,16553.93,16587.73,5141.3081
2022-12-28T20:00:00,16587.71,16607.00,16460.00,16539.66,5709.2408
2022-12-29T00:00:00,16539.66,16583.39,16479.50,16548.60,3679.0802
2022-12-29T04:00:00,16548.60,16575.59,16526.57,16548.23,2756.3585
2022-12-29T08:00:00,16548.23,16620.66,16511.30,16595.32,2197.0431
2022-12-29T12:00:00,16595.32,16654.81,16585.67,16609.52,3733.8048
2022-12-29T16:00:00,16609.52,16646.03,16583.98,16603.25,4251.7789
2022-12-29T20:00:00,16603.24,16645.67,16549.14,16627.54,3470.3994
2022-12-30T00:00:00,16627.36,16638.76,16573.72,16591.71,2333.9258
2022-12-30T04:00:00,16591.74,16606.35,16422.74,16467.25,3697.6481
2022-12-30T08:00:00,16466.74,16522.95,16449.04,16488.30,3017.2666
2022-12-30T12:00:00,16488.11,16569.94,16326.16,16551.04,7592.5004
2022-12-30T16:00:00,16549.49,16569.64,16507.26,16517.56,4801.2573
2022-12-30T20:00:00,16517.54,16649.99,16516.77,16600.10,5089.6818
2022-12-31T00:00:00,16599.98,16607.96,16541.30,16543.06,1774.7560
2022-12-31T04:00:00,16542.86,16559.73,16517.00,16555.45,1972.8419
2022-12-31T08:00:00,16555.45,16572.43,16531.39,16559.99,2029.8914
2022-12-31T12:00:00,16559.19,16634.42,16540.00,16579.57,2773.6710
2022-12-31T16:00:00,16580.03,16603.52,16554.95,16559.68,2844.4380
2022-12-31T20:00:00,16559.68,16563.16,16462.49,16530.35,4018.9311
2023-01-01T00:00:00,16531.83,16550.00,16498.05,16523.30,2947.8049
2023-01-01T04:00:00,16523.91,16540.57,16490.00,16516.36,1936.4468
2023-01-01T08:00:00,16516.36,16548.12,16496.99,16547.29,714.4341
2023-01-01T12:00:00,16547.61,16563.97,16524.77,16551.21,991.5824
2023-01-01T16:00:00,16551.21,16615.89,16550.15,16596.48,1681.3572
2023-01-01T20:00:00,16596.46,16621.00,16583.41,16611.58,2397.1114
2023-01-02T00:00:00,16611.90,16698.54,16542.52,16656.66,1782.6161
2023-01-02T04:00:00,16656.66,16758.00,16612.03,16714.44,3017.4886
2023-01-02T08:00:00,16714.45,16761.92,16697.96,16727.98,2327.9185
2023-01-02T12:00:00,16728.06,16744.42,16664.37,16728.59,2172.4226
2023-01-02T16:00:00,16729.32,16733.13,16700.01,16730.11,1622.5278
2023-01-02T20:00:00,16730.70,16789.99,16655.50,16666.95,2637.4866
2023-01-03T00:00:00,16666.86,16700.00,16639.62,16684.24,2369.8866
2023-01-03T04:00:00,16684.13,16772.30,16676.37,16725.15,1771.7621
2023-01-03T08:00:00,16724.20,16753.00,16693.87,16715.34,1580.8520
2023-01-03T12:00:00,16714.53,16768.02,16612.32,16671.83,5539.9643
2023-01-03T16:00:00,16671.87,16684.14,16600.00,16637.38,4079.6331
2023-01-03T20:00:00,16637.30,16688.28,16634.94,16669.47,2270.2572
2023-01-04T00:00:00,16668.95,16869.40,16645.87,16856.84,4267.3158
2023-01-04T04:00:00,16855.37,16911.43,16834.92,16864.83,2515.0717
2023-01-04T08:00:00,16863.96,16916.87,16826.88,16829.32,2383.7111
2023-01-04T12:00:00,16828.53,16856.20,16757.80,16847.96,4801.3888
2023-01-04T16:00:00,16848.13,16988.00,16781.31,16836.58,8607.7053
2023-01-04T20:00:00,16837.27,16864.83,16773.93,16844.42,3347.5140
2023-01-05T00:00:00,16844.40,16871.92,16804.22,16824.36,1785.9513
2023-01-05T04:00:00,16824.37,16846.25,16788.00,16821.10,1104.3294
2023-01-05T08:00:00,16821.27,16834.32,16778.67,16828.44,1500.7745
2023-01-05T12:00:00,16828.43,16872.13,16750.07,16837.73,4617.3003
2023-01-05T16:00:00,16836.52,16869.57,16796.16,16858.03,3547.9713
2023-01-05T20:00:00,16858.44,16865.91,16813.59,16825.69,2361.9024
2023-01-06T00:00:00,16825.53,16865.19,16796.32,16828.27,1781.5346
2023-01-06T04:00:00,16828.25,16832.85,16773.48,16785.93,1957.8897
2023-01-06T08:00:00,16785.76,16805.91,16703.84,16731.04,2370.4813
2023-01-06T12:00:00,16730.92,16839.70,16670.82,16832.91,7513.3516
2023-01-06T16:00:00,16832.67,16958.04,16798.36,16934.47,4602.4623
2023-01-06T20:00:00,16934.45,17027.11,16884.22,16948.06,6009.6674
2023-01-07T00:00:00,16948.00,16977.76,16930.00,16948.57,1287.9773
2023-01-07T04:00:00,16948.51,16949.82,16919.13,16943.40,645.1688
2023-01-07T08:00:00,16943.67,16951.01,16904.62,16913.00,713.3726
2023-01-07T12:00:00,16913.01,16943.37,16903.58,16936.81,1073.1867
2023-01-07T16:00:00,16936.74,16942.98,16912.08,16940.86,903.9559
2023-01-07T20:00:00,16940.79,16950.09,16926.44,16942.37,1056.4567
2023-01-08T00:00:00,16942.37,16953.26,16910.41,16941.82,1039.6305
2023-01-08T04:00:00,16941.82,16953.60,16932.45,16952.05,709.2118
2023-01-08T08:00:00,16952.03,16962.85,16923.03,16926.79,970.6378
2023-01-08T12:00:00,16927.01,17014.12,16919.82,16997.26,1293.7964
2023-01-08T16:00:00,16997.91,17020.21,16914.60,16925.13,1851.7114
2023-01-08T20:00:00,16924.65,17167.52,16921.87,17125.18,3330.4718
2023-01-09T00:00:00,17125.17,17252.48,17102.97,17196.86,6702.2905
2023-01-09T04:00:00,17197.79,17255.00,17180.27,17195.85,3350.4079
2023-01-09T08:00:00,17196.42,17283.40,17184.94,17238.52,3731.0230
2023-01-09T12:00:00,17238.87,17332.10,17189.11,17267.73,5706.5969
2023-01-09T16:00:00,17267.90,17396.25,17267.17,17294.46,7554.9679
2023-01-09T20:00:00,17293.50,17310.99,17128.67,17177.98,6206.8682
2023-01-10T00:00:00,17177.94,17233.33,17145.10,17204.23,3725.1076
2023-01-10T04:00:00,17204.29,17231.73,17187.11,17200.92,1733.3881
2023-01-10T08:00:00,17200.92,17284.50,17186.61,17253.26,2458.1827
2023-01-10T12:00:00,17253.26,17377.52,17209.57,17331.80,7031.0137
2023-01-10T16:00:00,17332.11,17456.48,17283.98,17431.92,5808.7532
2023-01-10T20:00:00,17432.81,17494.37,17404.28,17443.50,4145.1295
2023-01-11T00:00:00,17443.50,17510.29,17366.58,17416.33,2956.4092
2023-01-11T04:00:00,17416.92,17464.81,17389.59,17447.35,2625.9639
2023-01-11T08:00:00,17447.54,17472.59,17411.59,17436.80,1635.8360
2023-01-11T12:00:00,17436.91,17437.79,17315.08,17330.21,4652.2014
2023-01-11T16:00:00,17330.21,17554.76,17323.77,17551.23,6522.8320
2023-01-11T20:00:00,17551.44,17998.00,17509.23,17944.27,8857.7734
2023-01-12T00:00:00,17944.15,18375.68,17904.83,18222.68,10435.9879
2023-01-12T04:00:00,18222.68,18239.69,18071.38,18133.82,4503.8404
2023-01-12T08:00:00,18135.09,18221.40,18063.92,18200.86,5232.6723
2023-01-12T12:00:00,18200.86,18379.97,17927.36,18087.51,16564.8890
2023-01-12T16:00:00,18086.83,19089.60,18055.25,18888.99,16541.8393
2023-01-12T20:00:00,18888.99,19115.85,18763.63,18847.75,8659.2138
2023-01-13T00:00:00,18847.77,18888.92,18714.80,18876.10,5630.9294
2023-01-13T04:00:00,18876.12,18882.99,18782.14,18824.98,3006.8260
2023-01-13T08:00:00,18825.95,19053.67,18810.48,18921.05,6799.1455
2023-01-13T12:00:00,18922.53,19313.78,18809.25,19264.12,12904.6562
2023-01-13T16:00:00,19265.72,19404.73,19065.15,19366.89,11509.3964
2023-01-13T20:00:00,19367.17,20000.00,19319.93,19934.88,15198.6689
2023-01-14T00:00:00,19934.07,21321.98,19893.25,20971.44,17729.4416
2023-01-14T04:00:00,20969.12,21033.15,20781.65,20904.73,6005.5399
2023-01-14T08:00:00,20902.37,21027.17,20233.33,20726.87,10435.0066
2023-01-14T12:00:00,20726.22,21200.00,20548.22,20788.67,10983.6600
2023-01-14T16:00:00,20788.66,20912.03,20661.62,20786.61,7428.7080
2023-01-14T20:00:00,20786.59,21077.76,20760.33,20957.02,5657.5173
2023-01-15T00:00:00,20956.20,21005.99,20560.16,20721.62,6717.3667
2023-01-15T04:00:00,20723.06,20793.04,20668.73,20737.91,2865.9011
2023-01-15T08:00:00,20738.27,20763.53,20578.20,20725.67,3509.4819
2023-01-15T12:00:00,20727.45,20999.98,20657.00,20915.64,4041.9159
2023-01-15T16:00:00,20915.87,21057.30,20671.91,20875.12,5596.0112
2023-01-15T20:00:00,20875.12,20962.82,20749.01,20879.70,2978.6256
2023-01-16T00:00:00,20879.67,21437.02,20776.90,21084.71,9671.5044
2023-01-16T04:00:00,21084.52,21262.69,21044.60,21120.29,4895.4055
2023-01-16T08:00:00,21118.53,21121.22,20670.55,20826.52,6229.7205
2023-01-16T12:00:00,20824.95,21061.62,20611.45,20996.28,6473.9247
2023-01-16T16:00:00,20993.46,21409.58,20919.17,21309.46,8694.6336
2023-01-16T20:00:00,21307.70,21465.62,21057.82,21187.50,5186.1656
2023-01-17T00:00:00,21191.46,21300.00,20844.73,21126.17,4923.5428
2023-01-17T04:00:00,21124.82,21237.84,21061.83,21137.38,2795.1075
2023-01-17T08:00:00,21135.75,21250.85,21083.96,21220.53,3119.6647
2023-01-17T12:00:00,21220.52,21595.00,21033.36,21181.36,9636.0784
2023-01-17T16:00:00,21176.18,21430.59,21080.53,21341.41,6622.8590
2023-01-17T20:00:00,21341.41,21411.44,21127.03,21136.33,5559.2273
2023-01-18T00:00:00,21135.01,21378.64,21108.24,21260.68,4215.3472
2023-01-18T04:00:00,21260.68,21321.30,21231.16,21310.27,1851.0008
2023-01-18T08:00:00,21310.90,21319.96,21165.42,21203.42,2327.4118
2023-01-18T12:00:00,21203.50,21650.21,20777.00,21029.84,9697.1180
2023-01-18T16:00:00,21027.32,21148.73,20370.01,20900.47,10774.5718
2023-01-18T20:00:00,20900.46,20937.96,20625.27,20674.29,5734.8068
2023-01-19T00:00:00,20674.03,20817.07,20656.52,20745.98,3674.1299
2023-01-19T04:00:00,20745.29,20868.95,20741.06,20815.07,1713.8720
2023-01-19T08:00:00,20816.78,20845.83,20708.35,20742.80,1590.6980
2023-01-19T12:00:00,20742.79,20960.00,20660.09,20873.58,5594.6350
2023-01-19T16:00:00,20874.02,21137.18,20794.86,21091.36,4908.0853
2023-01-19T20:00:00,21091.04,21197.00,20923.09,21084.22,5955.3338
2023-01-20T00:00:00,21084.05,21222.00,21012.45,21092.31,4306.2024
2023-01-20T04:00:00,21092.31,21131.66,20865.64,20966.99,3423.7419
2023-01-20T08:00:00,20966.93,20997.20,20903.30,20964.03,1737.7232
2023-01-20T12:00:00,20964.02,21249.41,20957.73,21145.90,4301.8345
2023-01-20T16:00:00,21145.90,21532.14,21141.97,21500.98,7752.6583
2023-01-20T20:00:00,21500.92,22754.73,21500.92,22669.81,11288.4355
2023-01-21T00:00:00,22671.09,22801.00,22432.45,22551.79,5350.5834
2023-01-21T04:00:00,22550.55,22677.30,22519.80,22646.67,2577.2522
2023-01-21T08:00:00,22646.67,23375.60,22606.42,22913.47,8303.2684
2023-01-21T12:00:00,22913.47,23288.07,22861.37,23003.17,5146.4671
2023-01-21T16:00:00,23006.92,23363.59,22992.33,23281.49,5406.5299
2023-01-21T20:00:00,23278.81,23311.15,22687.31,22789.37,5873.5040
2023-01-22T00:00:00,22789.34,22981.73,22604.20,22762.56,6809.0851
2023-01-22T04:00:00,22761.69,22969.68,22720.01,22898.98,3317.5506
2023-01-22T08:00:00,22898.91,22941.38,22731.41,22789.01,2417.4554
2023-01-22T12:00:00,22789.25,23082.82,22646.42,22798.28,5028.4734
2023-01-22T16:00:00,22798.28,22963.81,22687.88,22723.61,3648.1808
2023-01-22T20:00:00,22725.41,22782.16,22298.15,22714.87,4327.5438
2023-01-23T00:00:00,22714.81,22824.83,22656.21,22667.31,3964.6527
2023-01-23T04:00:00,22667.14,22797.00,22611.59,22701.31,2832.5571
2023-01-23T08:00:00,22701.31,22960.39,22667.10,22908.32,3502.3537
2023-01-23T12:00:00,22908.32,23127.90,22500.01,22859.13,8651.9786
2023-01-23T16:00:00,22856.63,23180.55,22651.27,22795.00,8754.9291
2023-01-23T20:00:00,22791.83,23049.29,22759.30,22920.29,4674.3034
2023-01-24T00:00:00,22920.67,23149.01,22866.38,23088.81,4174.0909
2023-01-24T04:00:00,23087.13,23165.56,23024.58,23057.74,4431.0668
2023-01-24T08:00:00,23058.78,23094.29,22778.17,22924.15,4889.3839
2023-01-24T12:00:00,22924.16,23040.99,22713.60,22934.06,9648.3089
2023-01-24T16:00:00,22934.03,23073.85,22783.27,23022.81,6451.3744
2023-01-24T20:00:00,23023.33,23086.06,22460.17,22636.17,9585.8808
2023-01-25T00:00:00,22636.19,22713.55,22326.24,22648.75,5856.2398
2023-01-25T04:00:00,22648.11,22774.51,22611.34,22718.03,3244.9463
2023-01-25T08:00:00,22718.03,22744.71,22480.39,22602.61,3787.7235
2023-01-25T12:00:00,22602.27,22750.00,22338.62,22582.04,7140.2892
2023-01-25T16:00:00,22580.87,22770.09,22515.89,22757.59,6268.0724
2023-01-25T20:00:00,22757.57,23824.66,22757.56,23062.36,12199.6450
2023-01-26T00:00:00,23062.36,23287.38,23047.77,23140.35,5050.5160
2023-01-26T04:00:00,23138.08,23199.97,22896.56,22969.73,3973.6071
2023-01-26T08:00:00,22970.24,23051.69,22859.25,22997.79,3600.9282
2023-01-26T12:00:00,22996.85,23258.54,22880.00,22955.54,8334.9073
2023-01-26T16:00:00,22954.53,23109.73,22853.61,23071.92,5121.9961
2023-01-26T20:00:00,23071.29,23167.97,22964.32,23010.47,4105.0623
2023-01-27T00:00:00,23011.37,23080.22,22540.76,22775.79,5019.4616
2023-01-27T04:00:00,22777.92,23105.23,22765.40,23084.36,3817.5517
2023-01-27T08:00:00,23084.43,23097.80,22910.73,22978.02,2416.3250
2023-01-27T12:00:00,22973.71,23153.26,22845.73,22934.76,6437.7035
2023-01-27T16:00:00,22935.52,23291.07,22926.10,23261.00,5349.2003
2023-01-27T20:00:00,23261.00,23511.90,22959.66,23084.40,4144.8928
2023-01-28T00:00:00,23084.38,23196.99,23050.88,23124.91,1224.1214
2023-01-28T04:00:00,23122.25,23138.72,22957.90,22997.77,1103.1251
2023-01-28T08:00:00,22997.72,23022.82,22914.95,22986.08,1238.3640
2023-01-28T12:00:00,22987.59,23048.83,22884.00,23017.05,1606.7567
2023-01-28T16:00:00,23018.43,23056.76,22982.40,23044.97,1107.1233
2023-01-28T20:00:00,23045.79,23049.03,22948.05,23028.95,1186.8489
2023-01-29T00:00:00,23029.56,23500.00,22974.75,23201.98,3936.0406
2023-01-29T04:00:00,23200.49,23273.46,23153.51,23208.13,1308.2257
2023-01-29T08:00:00,23210.11,23607.21,23161.56,23436.62,3100.7754
2023-01-29T12:00:00,23436.59,23667.41,23356.06,23529.44,3707.2942
2023-01-29T16:00:00,23529.26,23966.00,23478.09,23898.97,4991.0806
2023-01-29T20:00:00,23899.33,23913.91,23610.85,23745.80,3909.3470
2023-01-30T00:00:00,23744.34,23802.99,23571.73,23704.40,3705.1840
2023-01-30T04:00:00,23704.43,23768.69,23601.00,23645.73,1985.7112
2023-01-30T08:00:00,23644.52,23675.86,23020.53,23075.32,8136.7443
2023-01-30T12:00:00,23078.26,23304.29,22966.00,23177.51,8551.0576
2023-01-30T16:00:00,23177.51,23248.09,22625.28,22785.82,5689.1445
2023-01-30T20:00:00,22786.11,22845.00,22500.00,22836.03,6244.4448
2023-01-31T00:00:00,22836.03,22917.15,22719.68,22832.82,3201.0854
2023-01-31T04:00:00,22832.39,22988.28,22742.91,22978.09,2156.6412
2023-01-31T08:00:00,22977.90,22997.40,22811.33,22864.02,2464.7560
2023-01-31T12:00:00,22865.25,23206.00,22850.25,23121.54,6004.5886
2023-01-31T16:00:00,23122.63,23229.00,23084.02,23165.50,4087.9775
2023-01-31T20:00:00,23165.48,23313.23,22812.93,23128.86,4806.7259
2023-02-01T00:00:00,23127.15,23181.43,23000.00,23131.59,3167.9471
2023-02-01T04:00:00,23131.59,23167.30,23017.15,23076.74,1534.8073
2023-02-01T08:00:00,23077.67,23098.92,22923.43,23076.72,1892.6124
2023-02-01T12:00:00,23076.81,23143.79,22942.38,22981.41,3341.4926
2023-02-01T16:00:00,22979.89,23500.00,22760.00,23386.44,6164.2392
2023-02-01T20:00:00,23386.44,23813.57,23323.68,23735.97,4191.1256
2023-02-02T00:00:00,23735.97,24262.18,23696.53,23855.49,4009.9045
2023-02-02T04:00:00,23855.48,23926.75,23666.07,23787.47,1509.9276
2023-02-02T08:00:00,23787.70,23860.97,23757.69,23828.28,955.4333
2023-02-02T12:00:00,23828.07,23947.37,23531.44,23845.19,3482.2850
2023-02-02T16:00:00,23845.18,24148.37,23730.96,23804.58,3635.3914
2023-02-02T20:00:00,23805.30,23926.03,23367.87,23493.84,2775.9796
2023-02-03T00:00:00,23497.29,23595.35,23415.13,23538.24,1305.7156
2023-02-03T04:00:00,23537.76,23569.66,23447.42,23456.85,701.0644
2023-02-03T08:00:00,23456.85,23542.52,23318.62,23536.43,2714.4336
2023-02-03T12:00:00,23537.12,23711.38,23229.55,23608.59,4901.1640
2023-02-03T16:00:00,23610.35,23720.00,23301.36,23309.96,2537.7919
2023-02-03T20:00:00,23309.63,23474.52,23208.01,23433.54,2055.4990
2023-02-04T00:00:00,23433.47,23464.54,23335.99,23343.70,607.8906
2023-02-04T04:00:00,23344.74,23361.64,23257.71,23328.39,375.7524
2023-02-04T08:00:00,23330.35,23379.21,23294.86,23365.59,299.0537
2023-02-04T12:00:00,23365.68,23589.67,23343.23,23424.81,794.0810
2023-02-04T16:00:00,23424.62,23474.49,23365.00,23428.59,744.9359
2023-02-04T20:00:00,23429.07,23451.70,23266.01,23328.87,745.4164
2023-02-05T00:00:00,23329.47,23373.33,23233.20,23349.31,1079.7650
2023-02-05T04:00:00,23349.31,23433.20,23333.53,23383.59,342.3683
2023-02-05T08:00:00,23383.58,23423.45,23351.69,23362.97,242.7280
2023-02-05T12:00:00,23362.91,23379.65,23012.78,23103.56,1217.4845
2023-02-05T16:00:00,23103.31,23166.54,22758.01,22898.04,2226.0724
2023-02-05T20:00:00,22897.22,23037.17,22804.08,22936.34,1465.9272
2023-02-06T00:00:00,22936.34,23095.69,22836.30,22900.78,1418.1703
2023-02-06T04:00:00,22902.06,22931.13,22637.51,22885.58,2544.1925
2023-02-06T08:00:00,22885.50,22939.50,22739.99,22882.02,888.0589
2023-02-06T12:00:00,22881.18,23050.27,22745.93,23042.89,1884.0200
2023-02-06T16:00:00,23041.99,23163.05,22926.26,23033.20,3391.3544
2023-02-06T20:00:00,23032.04,23033.51,22639.39,22764.07,2024.1487
2023-02-07T00:00:00,22763.42,22898.26,22748.11,22879.21,1004.3669
2023-02-07T04:00:00,22879.21,22983.74,22863.51,22911.71,573.4064
2023-02-07T08:00:00,22911.71,23062.24,22864.11,22977.68,749.3872
2023-02-07T12:00:00,22977.67,23038.45,22877.05,22905.75,1331.1432
2023-02-07T16:00:00,22905.83,23348.73,22770.58,23093.31,4313.0923
2023-02-07T20:00:00,23093.12,23307.00,23030.94,23244.67,1831.9516
2023-02-08T00:00:00,23244.64,23451.01,23229.39,23258.60,1145.6345
2023-02-08T04:00:00,23258.32,23289.78,23183.81,23235.32,502.6428
2023-02-08T08:00:00,23235.07,23239.79,23134.62,23158.98,620.3055
2023-02-08T12:00:00,23159.38,23197.30,22858.11,22869.90,1831.4700
2023-02-08T16:00:00,22869.89,23040.61,22669.09,22873.92,2477.3032
2023-02-08T20:00:00,22872.31,22981.44,22783.62,22964.38,1116.2358
2023-02-09T00:00:00,22963.91,23011.18,22399.90,22516.01,3046.3226
2023-02-09T04:00:00,22516.00,22739.08,22360.16,22676.70,2824.8068
2023-02-09T08:00:00,22676.69,22769.21,22663.87,22687.15,1182.4617
2023-02-09T12:00:00,22686.68,22832.44,22556.00,22613.34,2279.1658
2023-02-09T16:00:00,22611.83,22622.41,21871.55,22031.18,5014.8539
2023-02-09T20:00:00,22029.14,22227.29,21700.00,21800.63,4929.6288
2023-02-10T00:00:00,21800.62,21942.41,21757.57,21831.06,1728.9584
2023-02-10T04:00:00,21831.05,21931.87,21636.10,21919.87,2216.0363
2023-02-10T08:00:00,21919.76,21934.31,21721.06,21738.71,1094.7558
2023-02-10T12:00:00,21739.27,21905.00,21531.56,21659.98,2672.3858
2023-02-10T16:00:00,21658.21,21795.07,21559.99,21773.67,2589.4685
2023-02-10T20:00:00,21773.66,21792.44,21467.43,21628.97,2339.9904
2023-02-11T00:00:00,21628.97,21727.27,21605.35,21680.90,834.2649
2023-02-11T04:00:00,21680.23,21716.10,21647.11,21694.87,341.0001
2023-02-11T08:00:00,21694.55,21706.81,21660.72,21699.87,346.1262
2023-02-11T12:00:00,21700.00,21777.74,21665.91,21741.04,542.5352
2023-02-11T16:00:00,21741.02,21795.04,21620.91,21661.92,1748.2993
2023-02-11T20:00:00,21661.56,21904.00,21647.27,21863.73,883.6857
2023-02-12T00:00:00,21863.73,21885.38,21770.50,21784.55,646.5830
2023-02-12T04:00:00,21784.52,21818.01,21765.68,21801.61,304.2141
2023-02-12T08:00:00,21801.60,21950.00,21801.54,21888.63,485.9711
2023-02-12T12:00:00,21888.62,21995.00,21766.09,21945.21,1151.3588
2023-02-12T16:00:00,21945.89,22091.88,21918.72,21999.20,1512.1048
2023-02-12T20:00:00,21999.20,22036.49,21631.00,21789.80,1890.4547
2023-02-13T00:00:00,21789.79,21879.67,21634.12,21813.05,1056.7261
2023-02-13T04:00:00,21813.05,21903.03,21798.97,21889.10,799.8799
2023-02-13T08:00:00,21889.11,21892.54,21454.67,21627.91,3507.9336
2023-02-13T12:00:00,21627.90,21722.10,21564.78,21574.33,2500.1657
2023-02-13T16:00:00,21577.09,21693.67,21366.45,21624.76,3584.3845
2023-02-13T20:00:00,21624.83,21861.05,21576.60,21789.14,1797.2152
2023-02-14T00:00:00,21789.00,21829.87,21692.57,21714.64,807.6749
2023-02-14T04:00:00,21714.64,21804.17,21702.15,21784.36,762.4956
2023-02-14T08:00:00,21785.27,21890.92,21689.35,21820.17,1243.1598
2023-02-14T12:00:00,21821.43,22331.76,21545.67,22051.40,6053.4918
2023-02-14T16:00:00,22051.30,22255.36,21931.38,22218.06,4130.2715
2023-02-14T20:00:00,22218.03,22289.34,22131.88,22206.27,1882.6343
2023-02-15T00:00:00,22206.26,22209.22,22054.17,22107.34,1067.3305
2023-02-15T04:00:00,22106.87,22183.16,22082.74,22116.39,676.2633
2023-02-15T08:00:00,22116.39,22500.00,22096.98,22449.71,1291.3406
2023-02-15T12:00:00,22451.53,22911.52,22451.53,22812.23,5929.7642
2023-02-15T16:00:00,22812.25,23359.39,22750.19,23325.91,4764.0006
2023-02-15T20:00:00,23325.91,24386.50,23300.01,24329.04,9698.6515
2023-02-16T00:00:00,24326.95,24903.00,24282.72,24739.07,5811.1327
2023-02-16T04:00:00,24739.07,24765.28,24453.62,24619.96,2855.8233
2023-02-16T08:00:00,24618.73,24664.71,24514.83,24571.17,1368.7676
2023-02-16T12:00:00,24571.16,25090.77,24295.39,25076.56,6049.4650
2023-02-16T16:00:00,25075.92,25256.83,24620.72,24877.38,6367.0933
2023-02-16T20:00:00,24877.37,24883.79,23510.73,23516.15,7582.6530
2023-02-17T00:00:00,23516.95,23917.00,23344.12,23838.93,4764.8266
2023-02-17T04:00:00,23838.84,23884.18,23618.19,23638.31,1854.6616
2023-02-17T08:00:00,23638.31,23866.36,23537.20,23792.41,1522.7256
2023-02-17T12:00:00,23792.40,24286.32,23711.34,24131.35,4239.8209
2023-02-17T16:00:00,24129.93,24561.66,23920.06,24527.93,4134.6889
2023-02-17T20:00:00,24527.29,25025.00,24056.69,24577.60,6278.6287
2023-02-18T00:00:00,24577.60,24790.00,24513.35,24615.20,1540.1911
2023-02-18T04:00:00,24615.00,24681.59,24407.67,24524.60,943.5155
2023-02-18T08:00:00,24524.51,24608.62,24442.91,24526.72,598.0268
2023-02-18T12:00:00,24526.06,24739.02,24496.10,24674.93,1011.7010
2023-02-18T16:00:00,24674.14,24879.33,24575.83,24615.97,1375.6968
2023-02-18T20:00:00,24615.97,24668.55,24519.35,24636.23,722.0426
2023-02-19T00:00:00,24635.85,24776.18,24623.63,24685.91,647.4942
2023-02-19T04:00:00,24685.88,24848.88,24567.54,24584.20,806.2473
2023-02-19T08:00:00,24585.55,24712.19,24563.14,24677.21,575.6442
2023-02-19T12:00:00,24675.91,25048.88,24665.97,24925.74,2058.8287
2023-02-19T16:00:00,24924.78,25200.00,24285.02,24525.94,3538.0055
2023-02-19T20:00:00,24527.44,24585.18,24192.70,24281.31,2106.9904
2023-02-20T00:00:00,24278.81,24475.94,23841.08,24424.39,3524.3485
2023-02-20T04:00:00,24423.17,24559.51,24406.59,24505.06,918.0834
2023-02-20T08:00:00,24504.75,24983.79,24341.75,24892.62,2992.3613
2023-02-20T12:00:00,24893.97,25128.11,24722.72,24943.20,2972.1411
2023-02-20T16:00:00,24943.21,24960.32,24630.66,24874.22,2095.8527
2023-02-20T20:00:00,24876.56,24888.77,24656.62,24844.97,1474.3925
2023-02-21T00:00:00,24844.21,25100.00,24784.50,24928.33,1998.4849
2023-02-21T04:00:00,24928.06,25050.88,24855.96,24999.89,1029.6501
2023-02-21T08:00:00,24999.89,25288.88,24526.00,24574.15,4137.2023
2023-02-21T12:00:00,24574.25,24786.92,24400.00,24562.10,3191.4162
2023-02-21T16:00:00,24562.10,24749.96,24278.49,24602.07,3367.2351
2023-02-21T20:00:00,24606.20,24642.88,24153.96,24454.43,2771.2671
2023-02-22T00:00:00,24454.08,24480.00,23863.42,24205.72,3314.5490
2023-02-22T04:00:00,24205.87,24223.81,23905.93,24060.55,2444.3537
2023-02-22T08:00:00,24062.53,24216.75,23863.14,24161.59,1902.0653
2023-02-22T12:00:00,24162.37,24235.65,23628.60,23716.28,3118.0465
2023-02-22T16:00:00,23716.07,23976.55,23581.64,23796.28,3791.9283
2023-02-22T20:00:00,23794.58,24218.33,23735.82,24184.44,2819.3680
2023-02-23T00:00:00,24184.90,24600.95,24127.02,24455.61,2517.6551
2023-02-23T04:00:00,24455.19,24527.88,24316.95,24379.15,1125.7290
2023-02-23T08:00:00,24380.07,24494.24,23658.46,23785.17,3030.5613
2023-02-23T12:00:00,23786.67,24226.49,23612.59,23957.41,4790.9851
2023-02-23T16:00:00,23955.68,24061.07,23728.17,23974.48,3474.0652
2023-02-23T20:00:00,23974.99,24071.68,23762.40,23943.32,1908.7087
2023-02-24T00:00:00,23943.32,24132.67,23895.65,23958.23,1261.2733
2023-02-24T04:00:00,23959.17,23990.67,23775.20,23833.60,1304.4908
2023-02-24T08:00:00,23833.60,23973.44,23766.73,23889.37,1456.3015
2023-02-24T12:00:00,23891.13,24027.97,23327.75,23347.11,5496.4636
2023-02-24T16:00:00,23343.76,23347.36,22520.00,23191.22,7236.1631
2023-02-24T20:00:00,23191.45,23333.91,22973.66,23186.88,4179.2827
2023-02-25T00:00:00,23186.88,23220.56,23046.57,23080.06,1351.1821
2023-02-25T04:00:00,23078.12,23128.94,23023.92,23119.46,493.9073
2023-02-25T08:00:00,23119.47,23158.73,22911.87,22986.01,824.7000
2023-02-25T12:00:00,22983.84,23084.55,22859.84,23005.27,835.3223
2023-02-25T16:00:00,23003.60,23087.36,22916.85,22987.41,966.1023
2023-02-25T20:00:00,22987.40,23190.20,22716.47,23159.71,1466.2245
2023-02-26T00:00:00,23159.71,23254.80,23052.78,23216.19,863.5399
2023-02-26T04:00:00,23217.34,23230.27,23095.79,23157.57,454.9595
2023-02-26T08:00:00,23154.96,23293.91,23116.85,23256.36,470.5799
2023-02-26T12:00:00,23255.78,23327.19,23131.55,23248.95,703.9732
2023-02-26T16:00:00,23250.20,23546.68,23139.98,23504.83,1674.0744
2023-02-26T20:00:00,23505.57,23689.77,23326.90,23556.83,1896.3322
2023-02-27T00:00:00,23556.83,23647.85,23434.94,23554.08,1153.8204
2023-02-27T04:00:00,23554.09,23559.21,23350.00,23423.69,935.6521
2023-02-27T08:00:00,23424.06,23455.91,23336.97,23430.45,612.0112
2023-02-27T12:00:00,23431.00,23895.51,23380.89,23560.20,3677.7684
2023-02-27T16:00:00,23559.37,23616.47,23159.06,23277.17,3419.0273
2023-02-27T20:00:00,23277.13,23579.93,23109.06,23489.52,2300.3931
2023-02-28T00:00:00,23490.01,23549.75,23347.29,23464.93,1099.4459
2023-02-28T04:00:00,23465.51,23468.01,23219.20,23235.91,969.7885
2023-02-28T08:00:00,23234.91,23422.43,23204.16,23395.59,792.4618
2023-02-28T12:00:00,23395.05,23576.81,23322.29,23521.03,2528.8335
2023-02-28T16:00:00,23521.04,23597.98,23213.75,23266.97,1972.6057
2023-02-28T20:00:00,23266.97,23346.44,23027.24,23145.32,2152.8923
2023-03-01T00:00:00,23144.37,23496.14,23025.17,23443.06,1539.8837
2023-03-01T04:00:00,23443.07,23850.00,23433.95,23718.30,1742.1011
2023-03-01T08:00:00,23718.29,23999.99,23677.48,23739.60,1456.3267
2023-03-01T12:00:00,23739.60,23886.33,23571.95,23712.38,3361.2337
2023-03-01T16:00:00,23711.92,23748.39,23329.51,23358.73,2223.8926
2023-03-01T20:00:00,23358.67,23677.60,23305.30,23631.52,1828.4075
2023-03-02T00:00:00,23632.12,23798.62,23430.00,23498.34,1322.3765
2023-03-02T04:00:00,23498.15,23547.64,23339.46,23394.08,848.9940
2023-03-02T08:00:00,23393.14,23471.76,23341.06,23414.20,836.5179
2023-03-02T12:00:00,23414.21,23433.35,23196.09,23362.07,2402.5646
2023-03-02T16:00:00,23362.05,23500.00,23231.77,23465.23,2119.9329
2023-03-02T20:00:00,23465.23,23564.47,23388.13,23468.24,1709.5505
2023-03-03T00:00:00,23468.79,23477.28,21988.02,22326.21,9096.5321
2023-03-03T04:00:00,22325.91,22422.84,22259.05,22366.65,2721.3934
2023-03-03T08:00:00,22365.56,22482.93,22312.62,22345.01,1223.3485
2023-03-03T12:00:00,22345.01,22496.95,22169.55,22339.29,4710.3604
2023-03-03T16:00:00,22339.29,22448.52,22231.82,22358.91,2177.7410
2023-03-03T20:00:00,22358.92,22379.58,22141.57,22358.18,1785.7182
2023-03-04T00:00:00,22358.18,22395.51,22326.91,22350.25,696.6313
2023-03-04T04:00:00,22349.98,22409.82,22273.20,22360.99,579.6617
2023-03-04T08:00:00,22360.99,22377.50,22326.67,22352.53,289.3325
2023-03-04T12:00:00,22351.49,22399.98,22300.80,22316.86,482.1810
2023-03-04T16:00:00,22316.86,22345.17,22293.16,22330.27,31.4132
2023-03-04T20:00:00,22290.00,22356.28,22150.71,22350.95,186.9953
2023-03-05T00:00:00,22349.74,22654.64,22195.13,22389.75,1422.7178
2023-03-05T04:00:00,22389.75,22471.05,22370.06,22379.99,567.8780
2023-03-05T08:00:00,22380.19,22449.22,22318.55,22391.61,546.9535
2023-03-05T12:00:00,22393.20,22496.15,22391.81,22437.68,754.9491
2023-03-05T16:00:00,22437.95,22462.45,22377.47,22405.26,629.1214
2023-03-05T20:00:00,22405.26,22554.82,22330.00,22432.69,1370.3449
2023-03-06T00:00:00,22431.99,22511.85,22264.73,22389.50,1838.9993
2023-03-06T04:00:00,22388.95,22434.88,22315.11,22392.21,573.2696
2023-03-06T08:00:00,22392.21,22450.00,22357.48,22380.73,1212.7455
2023-03-06T12:00:00,22381.25,22599.99,22356.50,22553.40,1915.9385
2023-03-06T16:00:00,22552.64,22586.61,22360.00,22395.80,1906.1422
2023-03-06T20:00:00,22393.96,22450.23,22318.74,22410.31,3212.9536
2023-03-07T00:00:00,22410.13,22557.03,22375.00,22459.43,1044.9954
2023-03-07T04:00:00,22460.65,22478.56,22412.31,22420.69,369.6681
2023-03-07T08:00:00,22421.12,22428.91,22325.00,22346.16,588.6707
2023-03-07T12:00:00,22347.94,22481.74,21932.74,22315.50,3657.2901
2023-03-07T16:00:00,22318.53,22392.22,22061.69,22126.49,2285.3560
2023-03-07T20:00:00,22126.45,22231.45,21944.42,22198.48,2435.2638
2023-03-08T00:00:00,22198.09,22281.55,22082.35,22148.20,1117.0119
2023-03-08T04:00:00,22149.31,22165.33,21851.77,21970.55,2379.0376
2023-03-08T08:00:00,21970.54,22139.07,21943.49,22068.88,1171.8858
2023-03-08T12:00:00,22068.88,22222.22,21872.85,22136.99,3150.7510
2023-03-08T16:00:00,22136.99,22212.79,21940.78,21995.53,2295.9779
2023-03-08T20:00:00,21995.01,22128.00,21580.84,21698.37,3229.0615
2023-03-09T00:00:00,21699.41,21803.99,21625.78,21767.88,1690.4979
2023-03-09T04:00:00,21767.88,21771.97,21662.68,21682.17,799.2194
2023-03-09T08:00:00,21682.16,21696.04,21530.00,21662.99,1937.7820
2023-03-09T12:00:00,21663.98,21825.53,21550.01,21638.76,3431.3948
2023-03-09T16:00:00,21636.47,21668.50,20772.41,20852.38,6502.7063
2023-03-09T20:00:00,20852.38,20864.41,20050.00,20367.01,6964.4806
2023-03-10T00:00:00,20366.97,20369.78,19780.71,20052.75,4723.7540
2023-03-10T04:00:00,20052.54,20063.66,19785.00,19951.74,4511.9286
2023-03-10T08:00:00,19951.74,19972.26,19568.52,19759.33,4558.9293
2023-03-10T12:00:00,19759.90,20305.41,19663.49,20008.89,8574.1201
2023-03-10T16:00:00,20008.89,20310.83,19822.00,20027.43,6099.7422
2023-03-10T20:00:00,20025.55,20317.24,19859.45,20230.08,3658.1180
2023-03-11T00:00:00,20230.07,20964.50,20213.88,20587.89,6565.2483
2023-03-11T04:00:00,20587.88,20609.94,19950.00,19976.22,2838.5903
2023-03-11T08:00:00,19975.67,20337.09,19900.50,20199.72,1546.6273
2023-03-11T12:00:00,20198.91,20324.81,20135.00,20245.54,1778.6231
2023-03-11T16:00:00,20243.66,20575.39,20183.35,20460.52,3609.7401
2023-03-11T20:00:00,20460.52,20685.00,20435.87,20620.54,2582.0219
2023-03-12T00:00:00,20619.34,20663.42,20480.05,20578.20,1661.2231
2023-03-12T04:00:00,20578.20,20699.97,20446.24,20528.99,1297.9829
2023-03-12T08:00:00,20526.74,20642.23,20514.71,20595.07,885.9216
2023-03-12T12:00:00,20595.07,20666.77,20466.68,20600.49,1968.4954
2023-03-12T16:00:00,20600.50,21599.99,20572.54,21088.08,4829.6289
2023-03-12T20:00:00,21088.90,22276.69,21051.40,22219.08,8522.2813
2023-03-13T00:00:00,22216.02,22820.50,22058.48,22324.83,4469.7339
2023-03-13T04:00:00,22324.83,22608.02,22314.53,22551.56,2240.6262
2023-03-13T08:00:00,22550.93,22633.22,21882.63,22162.06,4084.5528
2023-03-13T12:00:00,22159.83,24710.00,21994.55,24097.52,13383.5388
2023-03-13T16:00:00,24096.34,24487.12,23845.58,24370.08,8417.3553
2023-03-13T20:00:00,24374.73,24413.92,24028.76,24220.00,6059.0170
2023-03-14T00:00:00,24220.00,24597.00,24083.57,24518.10,4075.1230
2023-03-14T04:00:00,24518.10,24922.01,24286.98,24391.23,4864.2099
2023-03-14T08:00:00,24391.23,24910.00,24260.43,24867.93,4523.3630
2023-03-14T12:00:00,24867.93,26553.90,24628.14,25997.51,15947.4349
2023-03-14T16:00:00,25997.51,26102.62,24271.42,25129.19,8995.7324
2023-03-14T20:00:00,25131.28,25244.73,24052.00,24762.65,5694.5013
2023-03-15T00:00:00,24761.61,25167.48,24391.96,24833.27,3306.7754
2023-03-15T04:00:00,24831.97,25032.67,24725.47,24992.10,1788.5204
2023-03-15T08:00:00,24991.45,25048.01,24376.56,24868.54,3741.8693
2023-03-15T12:00:00,24869.50,25300.00,24443.34,24532.89,9174.8097
2023-03-15T16:00:00,24532.89,24584.00,23931.01,24440.41,8886.1864
2023-03-15T20:00:00,24441.02,24784.26,24304.46,24377.16,3230.2665
2023-03-16T00:00:00,24377.16,24523.71,24207.54,24349.01,2563.9281
2023-03-16T04:00:00,24349.84,24758.00,24270.43,24695.57,1824.6309
2023-03-16T08:00:00,24693.88,25142.14,24451.71,24907.89,3034.9682
2023-03-16T12:00:00,24907.89,25101.35,24593.14,24940.81,4720.7972
2023-03-16T16:00:00,24946.58,25235.28,24657.89,25026.80,5725.9168
2023-03-16T20:00:00,25027.33,25146.18,24684.07,25051.85,2884.1845
2023-03-17T00:00:00,25052.11,25967.56,24946.86,25849.57,6716.2204
2023-03-17T04:00:00,25849.55,26268.21,25724.61,26172.83,6066.4744
2023-03-17T08:00:00,26173.94,27033.04,26002.40,26988.38,5159.2550
2023-03-17T12:00:00,26991.09,27008.11,26169.69,26457.74,6787.8156
2023-03-17T16:00:00,26456.25,26925.64,26307.45,26900.69,7278.4610
2023-03-17T20:00:00,26904.12,27834.54,26640.00,27453.62,8743.9674
2023-03-18T00:00:00,27453.75,27780.00,27123.00,27375.10,5074.2618
2023-03-18T04:00:00,27376.20,27680.66,27274.07,27434.40,2023.0434
2023-03-18T08:00:00,27433.37,27583.36,27133.19,27515.56,1728.7530
2023-03-18T12:00:00,27516.88,27715.91,27141.68,27305.08,2934.3645
2023-03-18T16:00:00,27304.53,27562.20,26652.45,27424.70,3669.8465
2023-03-18T20:00:00,27424.70,27547.56,26886.33,26980.35,2665.9745
2023-03-19T00:00:00,26980.35,27340.79,26977.59,27281.84,1485.4816
2023-03-19T04:00:00,27281.77,27363.70,26904.00,27052.60,1118.1833
2023-03-19T08:00:00,27051.33,27279.54,26949.80,27245.92,889.9310
2023-03-19T12:00:00,27242.15,27828.18,27190.09,27630.07,2721.3886
2023-03-19T16:00:00,27623.87,28462.19,27554.84,28346.87,6192.9601
2023-03-19T20:00:00,28346.69,28478.00,27823.67,28054.46,4489.4729
2023-03-20T00:00:00,28058.15,28137.10,27218.36,27359.05,4304.2260
2023-03-20T04:00:00,27359.05,28351.51,27237.33,28267.80,3323.1268
2023-03-20T08:00:00,28271.36,28578.63,28016.13,28290.61,3486.2622
2023-03-20T12:00:00,28290.00,28358.87,27681.28,27777.55,6781.3803
2023-03-20T16:00:00,27776.96,28136.96,27540.64,27879.23,3693.0450
2023-03-20T20:00:00,27883.14,28287.99,27685.01,27823.32,2194.6165
2023-03-21T00:00:00,27822.85,28059.40,27764.30,27885.52,1517.1858
2023-03-21T04:00:00,27885.18,28067.22,27414.77,27621.35,1704.4675
2023-03-21T08:00:00,27620.82,28277.19,27504.33,28134.57,2195.2621
2023-03-21T12:00:00,28134.67,28333.00,27800.01,28125.25,3718.4864
2023-03-21T16:00:00,28125.23,28605.32,28050.02,28231.64,5030.0973
2023-03-21T20:00:00,28233.51,28312.30,28014.63,28207.33,2027.6901
2023-03-22T00:00:00,28201.22,28381.97,28040.86,28249.98,2241.5234
2023-03-22T04:00:00,28249.98,28389.39,28108.99,28179.90,1830.2015
2023-03-22T08:00:00,28179.94,28292.07,28075.00,28199.71,1957.0550
2023-03-22T12:00:00,28199.71,28815.13,28180.01,28652.52,6874.8064
2023-03-22T16:00:00,28653.89,28937.73,26718.36,26741.52,15158.1719
2023-03-22T20:00:00,26746.10,27508.25,26678.16,27325.15,5912.6788
2023-03-23T00:00:00,27324.05,27508.66,27189.19,27435.08,2488.6724
2023-03-23T04:00:00,27433.54,27790.00,27332.04,27717.38,1899.6622
2023-03-23T08:00:00,27714.95,27823.15,27532.84,27675.82,1713.9879
2023-03-23T12:00:00,27675.96,28839.68,27354.96,28655.86,9440.9857
2023-03-23T16:00:00,28655.82,28723.28,27823.33,28427.72,7650.8763
2023-03-23T20:00:00,28435.73,28500.00,28029.84,28352.94,3504.1123
2023-03-24T00:00:00,28352.95,28433.34,28181.32,28265.96,2124.6382
2023-03-24T04:00:00,28269.26,28380.98,28139.99,28320.91,1702.0917
2023-03-24T08:00:00,28316.84,28339.50,27442.42,27637.40,2811.0882
2023-03-24T12:00:00,27634.29,28299.99,27592.19,28051.55,5334.7332
2023-03-24T16:00:00,28051.29,28099.88,27544.08,27853.77,5535.6999
2023-03-24T20:00:00,27850.57,27898.94,27027.88,27489.24,4682.6616
2023-03-25T00:00:00,27489.24,27692.44,27451.16,27624.80,1578.2053
2023-03-25T04:00:00,27625.76,27650.90,27401.92,27520.72,1192.0793
2023-03-25T08:00:00,27521.32,27567.11,27345.65,27491.41,883.8109
2023-03-25T12:00:00,27491.41,27818.67,27383.64,27677.01,1740.8081
2023-03-25T16:00:00,27676.17,27762.98,27186.78,27215.84,2424.6628
2023-03-25T20:00:00,27215.84,27557.32,27184.78,27488.18,1836.3830
2023-03-26T00:00:00,27489.56,27681.00,27445.04,27562.23,1087.4440
2023-03-26T04:00:00,27562.23,27602.72,27486.01,27537.06,620.7678
2023-03-26T08:00:00,27537.04,27950.25,27511.44,27890.32,1175.8144
2023-03-26T12:00:00,27892.60,28230.32,27724.40,27832.01,2961.2165
2023-03-26T16:00:00,27830.44,27955.93,27664.14,27855.20,1497.2407
2023-03-26T20:00:00,27855.20,28167.34,27709.52,27992.90,2458.1596
2023-03-27T00:00:00,27995.27,28053.26,27805.81,27912.83,1632.4833
2023-03-27T04:00:00,27915.11,27965.69,27690.70,27836.08,1723.0462
2023-03-27T08:00:00,27835.69,28013.95,27796.75,27910.95,1175.7434
2023-03-27T12:00:00,27913.96,27947.88,26525.00,26919.32,6798.8796
2023-03-27T16:00:00,26923.24,27333.08,26873.96,26978.41,3921.5672
2023-03-27T20:00:00,26979.36,27262.08,26891.22,27142.87,2016.4437
2023-03-28T00:00:00,27142.85,27191.12,26820.00,26986.81,2089.4400
2023-03-28T04:00:00,26986.81,27154.00,26890.02,26970.47,1392.8543
2023-03-28T08:00:00,26971.36,27164.97,26640.00,27063.95,2005.8788
2023-03-28T12:00:00,27065.33,27216.26,26833.95,27007.73,3006.9280
2023-03-28T16:00:00,27007.74,27519.99,26750.00,27431.65,3737.6409
2023-03-28T20:00:00,27432.20,27499.28,27104.10,27274.15,1871.1872
2023-03-29T00:00:00,27274.18,27489.99,27255.42,27379.63,1548.4705
2023-03-29T04:00:00,27379.64,28171.47,27354.55,28095.96,3311.2565
2023-03-29T08:00:00,28095.46,28654.06,28044.03,28355.28,3576.5503
2023-03-29T12:00:00,28357.94,28598.99,28240.82,28451.56,3631.8812
2023-03-29T16:00:00,28451.56,28462.55,28138.20,28428.43,3226.2910
2023-03-29T20:00:00,28429.12,28509.32,28214.95,28359.54,2416.4101
2023-03-30T00:00:00,28359.54,29190.04,28102.84,28499.95,5964.0265
2023-03-30T04:00:00,28496.53,28784.15,28455.37,28728.22,1734.7985
2023-03-30T08:00:00,28727.32,28758.68,28505.18,28654.74,1359.2353
2023-03-30T12:00:00,28652.89,28705.28,28177.85,28307.14,4191.0804
2023-03-30T16:00:00,28307.20,28314.38,27693.70,27990.95,4880.6972
2023-03-30T20:00:00,27991.90,28200.00,27807.26,28035.48,2842.6013
2023-03-31T00:00:00,28034.88,28387.38,27921.36,28170.76,2886.6846
2023-03-31T04:00:00,28170.68,28228.38,27512.97,27754.03,2766.7100
2023-03-31T08:00:00,27754.03,28015.83,27695.03,27945.00,1849.3796
2023-03-31T12:00:00,27944.99,28650.00,27871.08,28502.41,5809.0440
2023-03-31T16:00:00,28501.94,28549.39,28263.97,28467.79,3384.1240
2023-03-31T20:00:00,28468.44,28650.20,28341.47,28474.40,2221.4201
2023-04-01T00:00:00,28475.41,28826.45,28419.07,28552.72,2063.3585
2023-04-01T04:00:00,28550.64,28636.48,28363.79,28441.06,925.9291
2023-04-01T08:00:00,28441.05,28502.97,28374.12,28388.80,834.9684
2023-04-01T12:00:00,28388.80,28467.90,28223.76,28413.56,1072.3644
2023-04-01T16:00:00,28412.11,28453.03,28290.00,28397.64,866.6731
2023-04-01T20:00:00,28395.05,28592.50,28349.06,28471.46,1224.7488
2023-04-02T00:00:00,28471.03,28544.21,28369.01,28491.70,656.0210
2023-04-02T04:00:00,28490.79,28508.84,28393.31,28432.59,430.8464
2023-04-02T08:00:00,28431.62,28462.12,28315.67,28370.20,591.9131
2023-04-02T12:00:00,28369.66,28374.13,28056.81,28143.65,1563.2683
2023-04-02T16:00:00,28143.65,28247.00,27874.18,27966.63,1657.5514
2023-04-02T20:00:00,27966.63,28221.13,27862.69,28188.34,1808.3768
2023-04-03T00:00:00,28188.34,28198.16,27570.00,27768.83,1691.4782
2023-04-03T04:00:00,27768.82,27975.94,27601.00,27974.27,1095.3448
2023-04-03T08:00:00,27971.63,28525.00,27971.63,28263.39,3206.6979
2023-04-03T12:00:00,28260.38,28392.60,27951.92,28061.18,2833.3516
2023-04-03T16:00:00,28065.26,28259.15,27893.93,28089.75,3163.8040
2023-04-03T20:00:00,28087.38,28102.37,27227.61,27811.77,4201.3606
2023-04-04T00:00:00,27809.55,27972.80,27670.24,27866.57,1816.6731
2023-04-04T04:00:00,27866.57,28172.61,27782.34,28040.20,1403.9022
2023-04-04T08:00:00,28037.62,28450.00,27944.07,28305.51,2225.6854
2023-04-04T12:00:00,28305.40,28409.91,27956.42,28038.01,3109.2968
2023-04-04T16:00:00,28038.01,28278.40,27973.64,28198.96,3062.8059
2023-04-04T20:00:00,28198.93,28323.49,28086.76,28179.64,1643.5868
2023-04-05T00:00:00,28178.66,28799.99,28103.74,28553.91,3827.2173
2023-04-05T04:00:00,28552.29,28636.32,28466.16,28539.73,1068.3847
2023-04-05T08:00:00,28539.77,28615.23,28455.45,28567.08,1172.8604
2023-04-05T12:00:00,28567.08,28770.47,27868.42,28041.01,4998.9327
2023-04-05T16:00:00,28038.11,28323.86,27817.32,28251.14,2920.6662
2023-04-05T20:00:00,28245.04,28313.48,28133.27,28175.37,1078.6633
2023-04-06T00:00:00,28175.27,28189.10,27879.22,28140.99,1680.3743
2023-04-06T04:00:00,28140.89,28143.60,27921.65,27927.36,1171.2981
2023-04-06T08:00:00,27925.61,28041.25,27716.77,27962.09,1811.9103
2023-04-06T12:00:00,27960.84,28199.11,27752.12,28111.31,2954.8635
2023-04-06T16:00:00,28112.19,28182.45,27965.70,28029.39,1735.8305
2023-04-06T20:00:00,28027.93,28143.14,27911.05,28053.46,937.5297
2023-04-07T00:00:00,28052.74,28120.71,27945.38,28052.55,724.9660
2023-04-07T04:00:00,28052.55,28085.48,27790.21,27857.92,1319.3062
2023-04-07T08:00:00,27857.91,27982.06,27800.38,27860.81,762.9881
2023-04-07T12:00:00,27859.88,28006.36,27813.25,27962.89,1259.1073
2023-04-07T16:00:00,27962.88,27973.00,27875.00,27921.43,912.3940
2023-04-07T20:00:00,27921.43,28007.28,27864.54,27931.94,869.0105
2023-04-08T00:00:00,27930.12,28084.60,27881.68,28043.56,678.0015
2023-04-08T04:00:00,28043.65,28175.89,27993.07,28101.36,822.7399
2023-04-08T08:00:00,28101.37,28142.01,28007.90,28034.71,440.6578
2023-04-08T12:00:00,28033.84,28076.61,27965.99,28037.70,556.2520
2023-04-08T16:00:00,28037.69,28050.00,27881.01,27941.45,726.5832
2023-04-08T20:00:00,27941.32,28005.95,27900.83,27958.81,630.1005
2023-04-09T00:00:00,27958.19,28111.00,27940.01,28047.62,916.8024
2023-04-09T04:00:00,28047.61,28091.95,27860.94,27927.18,914.5742
2023-04-09T08:00:00,27927.17,27954.97,27814.00,27951.94,605.2700
2023-04-09T12:00:00,27951.83,27999.00,27819.01,27909.74,657.3956
2023-04-09T16:00:00,27908.37,28277.00,27892.76,28164.52,1180.0576
2023-04-09T20:00:00,28164.53,28547.67,28107.67,28340.99,1862.3288
2023-04-10T00:00:00,28342.28,28452.54,28258.88,28293.94,813.5051
2023-04-10T04:00:00,28293.94,28334.70,28213.07,28307.58,623.5674
2023-04-10T08:00:00,28307.55,28400.97,28291.91,28323.41,839.6614
2023-04-10T12:00:00,28323.41,28595.33,28162.49,28459.05,2864.4367
2023-04-10T16:00:00,28459.05,29318.24,28399.43,29197.10,6484.8626
2023-04-10T20:00:00,29194.03,29794.47,29092.00,29660.41,4126.2710
2023-04-11T00:00:00,29657.70,30457.40,29612.30,30143.15,5757.5812
2023-04-11T04:00:00,30140.84,30200.00,29817.51,30129.75,1498.7976
2023-04-11T08:00:00,30132.23,30176.31,30002.41,30079.15,1588.1595
2023-04-11T12:00:00,30077.93,30308.01,29995.99,30226.82,2948.8215
2023-04-11T16:00:00,30223.65,30584.58,30061.00,30162.41,4003.6723
2023-04-11T20:00:00,30162.40,30306.41,29957.76,30227.19,2840.1894
2023-04-12T00:00:00,30227.18,30387.17,29859.94,29956.17,2725.6304
2023-04-12T04:00:00,29956.16,30098.21,29879.50,30011.97,1070.8972
2023-04-12T08:00:00,30012.24,30079.92,29909.14,30043.23,996.6632
2023-04-12T12:00:00,30042.68,30517.00,29675.00,29991.85,5657.5435
2023-04-12T16:00:00,29991.85,30119.99,29776.89,29815.16,3051.7852
2023-04-12T20:00:00,29818.33,30007.54,29785.42,29912.20,1458.5645
2023-04-13T00:00:00,29912.20,30249.00,29878.08,30104.01,1356.8044
2023-04-13T04:00:00,30103.26,30161.77,30020.01,30097.58,795.2120
2023-04-13T08:00:00,30096.08,30400.00,30068.41,30191.79,2085.7121
2023-04-13T12:00:00,30192.75,30627.05,30167.13,30474.57,4003.1946
2023-04-13T16:00:00,30474.56,30579.50,30297.31,30372.96,2395.8577
2023-04-13T20:00:00,30371.35,30430.97,30226.74,30406.78,1868.4920
2023-04-14T00:00:00,30410.03,30941.21,30337.18,30728.10,3489.2193
2023-04-14T04:00:00,30728.10,31050.00,30703.06,30766.57,2765.6908
2023-04-14T08:00:00,30766.26,30861.51,30684.45,30833.24,1634.2817
2023-04-14T12:00:00,30833.24,30885.77,30114.99,30260.76,6180.2869
2023-04-14T16:00:00,30260.53,30382.71,30000.00,30344.97,3553.3468
2023-04-14T20:00:00,30344.96,30558.27,30297.71,30492.92,2170.7324
2023-04-15T00:00:00,30492.91,30622.38,30301.62,30408.50,1076.2936
2023-04-15T04:00:00,30408.49,30493.54,30366.61,30453.18,557.7062
2023-04-15T08:00:00,30453.17,30500.00,30385.84,30418.09,612.4158
2023-04-15T12:00:00,30418.08,30480.81,30313.73,30358.33,1367.3679
2023-04-15T16:00:00,30357.89,30375.39,30231.76,30362.60,946.4488
2023-04-15T20:00:00,30362.60,30395.19,30266.01,30324.11,926.4899
2023-04-16T00:00:00,30325.07,30349.91,30148.28,30278.50,800.9757
2023-04-16T04:00:00,30278.50,30425.25,30273.48,30371.27,448.6354
2023-04-16T08:00:00,30371.26,30383.06,30237.17,30252.91,446.6664
2023-04-16T12:00:00,30251.24,30390.71,30183.95,30357.31,1019.6315
2023-04-16T16:00:00,30356.98,30572.10,30259.14,30336.85,1665.1425
2023-04-16T20:00:00,30333.89,30433.06,30209.89,30326.09,1849.1976
2023-04-17T00:00:00,30321.41,30340.21,29767.86,30003.78,3864.5567
2023-04-17T04:00:00,30002.98,30034.69,29851.00,29864.74,821.5637
2023-04-17T08:00:00,29864.54,29944.14,29405.36,29589.47,1856.8252
2023-04-17T12:00:00,29586.84,29617.33,29251.71,29373.16,3268.5129
2023-04-17T16:00:00,29372.19,29601.55,29338.84,29483.15,2216.4924
2023-04-17T20:00:00,29483.18,29556.08,29403.62,29449.91,1390.0872
2023-04-18T00:00:00,29449.91,29525.83,29103.89,29465.06,1559.0020
2023-04-18T04:00:00,29465.16,29817.64,29455.00,29787.02,1125.7028
2023-04-18T08:00:00,29785.30,30396.10,29706.53,30394.07,2082.1221
2023-04-18T12:00:00,30391.73,30500.00,30108.76,30194.55,3545.8868
2023-04-18T16:00:00,30198.75,30282.39,29967.61,30224.17,2589.5829
2023-04-18T20:00:00,30223.35,30463.84,30156.22,30393.40,1747.2256
2023-04-19T00:00:00,30394.50,30430.72,30133.44,30224.38,1466.6506
2023-04-19T04:00:00,30226.07,30340.19,29993.00,30088.99,1223.5176
2023-04-19T08:00:00,30088.98,30090.00,29010.00,29325.63,6427.2407
2023-04-19T12:00:00,29323.78,29526.98,29121.91,29289.02,4071.7043
2023-04-19T16:00:00,29289.36,29397.15,29109.15,29237.74,2893.5203
2023-04-19T20:00:00,29235.44,29329.88,28595.28,28809.72,4869.2450
2023-04-20T00:00:00,28809.71,29009.33,28556.87,28878.61,2360.4042
2023-04-20T04:00:00,28882.42,29102.69,28830.97,28880.36,1353.1574
2023-04-20T08:00:00,28878.62,28965.92,28600.00,28621.44,1823.4105
2023-04-20T12:00:00,28622.09,28956.83,28353.10,28505.76,4101.9936
2023-04-20T16:00:00,28505.82,28660.65,27991.32,28099.28,4848.4389
2023-04-20T20:00:00,28096.49,28366.69,28015.11,28248.18,2519.9076
2023-04-21T00:00:00,28248.18,28371.88,28071.08,28321.31,2405.7289
2023-04-21T04:00:00,28323.92,28348.83,27815.00,28156.53,2390.1429
2023-04-21T08:00:00,28156.53,28238.87,27910.76,28062.10,1578.7536
2023-04-21T12:00:00,28061.90,28305.34,27963.09,28031.26,4200.3355
2023-04-21T16:00:00,28031.23,28081.91,27173.36,27264.40,6134.7891
2023-04-21T20:00:00,27264.85,27409.72,27133.00,27253.85,2956.2411
2023-04-22T00:00:00,27252.96,27366.98,27133.00,27320.07,1145.2518
2023-04-22T04:00:00,27320.07,27400.99,27223.68,27278.93,691.0290
2023-04-22T08:00:00,27277.67,27323.08,27180.99,27286.49,914.2227
2023-04-22T12:00:00,27286.00,27565.51,27234.60,27493.99,1256.4081
2023-04-22T16:00:00,27495.67,27789.21,27486.44,27623.84,1719.6292
2023-04-22T20:00:00,27623.84,27887.78,27569.67,27821.41,1830.3169
2023-04-23T00:00:00,27820.99,27820.99,27435.00,27566.94,1324.2616
2023-04-23T04:00:00,27566.49,27759.81,27542.73,27726.63,800.4920
2023-04-23T08:00:00,27726.63,27776.67,27493.01,27655.61,599.2555
2023-04-23T12:00:00,27655.60,27743.17,27333.20,27484.35,1167.0571
2023-04-23T16:00:00,27484.37,27690.68,27345.44,27474.37,1369.3594
2023-04-23T20:00:00,27474.02,27650.00,27407.24,27592.98,995.3422
2023-04-24T00:00:00,27592.70,28000.00,27428.92,27791.17,1730.1907
2023-04-24T04:00:00,27791.17,27796.11,27346.27,27452.08,1886.8525
2023-04-24T08:00:00,27450.70,27555.20,27158.67,27553.52,2014.7654
2023-04-24T12:00:00,27553.49,27715.91,27217.73,27267.74,2398.8302
2023-04-24T16:00:00,27268.36,27581.83,26965.14,27383.51,2730.5907
2023-04-24T20:00:00,27382.83,27563.32,27320.00,27515.05,1497.3614
2023-04-25T00:00:00,27513.85,27595.69,27320.18,27347.68,837.2590
2023-04-25T04:00:00,27347.69,27462.99,27243.72,27269.66,682.7530
2023-04-25T08:00:00,27270.26,27443.87,27194.51,27390.04,1126.6945
2023-04-25T12:00:00,27390.04,27474.35,27209.58,27342.20,2379.2129
2023-04-25T16:00:00,27340.61,27789.94,27310.47,27612.29,3188.8474
2023-04-25T20:00:00,27614.00,28400.00,27614.00,28304.42,3798.8131
2023-04-26T00:00:00,28304.42,28490.20,28255.58,28318.19,2519.5979
2023-04-26T04:00:00,28317.97,28582.18,28301.58,28379.32,1255.4274
2023-04-26T08:00:00,28380.23,29146.12,28373.26,28960.91,4423.0507
2023-04-26T12:00:00,28963.66,30050.66,28962.07,29817.68,7481.4820
2023-04-26T16:00:00,29817.20,29903.39,27700.83,27894.99,7552.7103
2023-04-26T20:00:00,27894.82,28750.00,27230.77,28426.08,8404.1233
2023-04-27T00:00:00,28428.86,29483.37,28387.07,28897.48,5748.3383
2023-04-27T04:00:00,28897.49,29285.57,28643.36,28901.46,2587.5615
2023-04-27T08:00:00,28900.78,29154.86,28785.00,28947.82,1805.5873
2023-04-27T12:00:00,28943.26,29573.35,28670.00,29156.38,4919.0184
2023-04-27T16:00:00,29158.79,29900.00,29018.85,29694.17,5959.7140
2023-04-27T20:00:00,29693.71,29794.64,29271.35,29483.72,3290.1440
2023-04-28T00:00:00,29486.97,29606.45,29337.92,29433.73,1795.8503
2023-04-28T04:00:00,29433.72,29580.95,29406.02,29505.58,1151.1490
2023-04-28T08:00:00,29505.37,29511.12,29147.00,29247.77,1607.8448
2023-04-28T12:00:00,29251.49,29481.83,28900.00,29158.78,4801.1031
2023-04-28T16:00:00,29158.79,29458.63,29114.86,29338.34,2931.6167
2023-04-28T20:00:00,29338.38,29457.89,29293.16,29338.63,1896.4755
2023-04-29T00:00:00,29339.47,29425.18,29217.65,29369.27,1014.7193
2023-04-29T04:00:00,29369.65,29470.00,29301.07,29365.46,650.7517
2023-04-29T08:00:00,29368.81,29385.36,29257.43,29352.39,596.1439
2023-04-29T12:00:00,29352.38,29418.02,29240.45,29289.69,752.3902
2023-04-29T16:00:00,29288.90,29333.51,29057.30,29259.04,1043.5705
2023-04-29T20:00:00,29259.04,29292.94,29156.01,29249.35,852.1515
2023-04-30T00:00:00,29249.24,29250.99,29095.92,29197.94,623.8246
2023-04-30T04:00:00,29197.94,29314.46,29185.17,29283.13,358.9709
2023-04-30T08:00:00,29283.13,29365.13,29178.69,29216.74,379.4921
2023-04-30T12:00:00,29215.91,29969.99,29200.95,29670.67,2006.0445
2023-04-30T16:00:00,29673.46,29882.23,29238.70,29383.67,1852.1757
2023-04-30T20:00:00,29383.65,29506.94,29171.10,29247.14,1616.5606
2023-05-01T00:00:00,29240.49,29348.60,28379.01,28573.97,3857.5578
2023-05-01T04:00:00,28573.56,28725.08,28271.44,28640.55,2228.4987
2023-05-01T08:00:00,28640.56,28688.82,28491.28,28531.25,1055.5751
2023-05-01T12:00:00,28531.15,28640.65,28073.76,28179.14,3845.1075
2023-05-01T16:00:00,28179.20,28415.85,27800.00,27833.06,4426.6559
2023-05-01T20:00:00,27831.53,28162.68,27664.31,28077.27,2539.7217
2023-05-02T00:00:00,28077.44,28153.11,27919.30,28045.50,1767.8620
2023-05-02T04:00:00,28043.64,28172.61,27871.44,28060.70,941.6657
2023-05-02T08:00:00,28060.70,28137.83,27940.99,28087.14,986.4247
2023-05-02T12:00:00,28086.52,28778.56,27910.00,28546.14,5188.9979
2023-05-02T16:00:00,28544.44,28899.99,28439.30,28708.60,2935.9211
2023-05-02T20:00:00,28708.58,28839.32,28632.15,28684.40,1437.7337
2023-05-03T00:00:00,28683.41,28707.12,28348.74,28532.91,1256.3290
2023-05-03T04:00:00,28532.82,28691.37,28444.26,28668.53,955.9987
2023-05-03T08:00:00,28666.51,28782.02,28532.64,28551.59,979.3275
2023-05-03T12:00:00,28552.22,28585.79,28122.00,28317.74,2878.8058
2023-05-03T16:00:00,28317.27,28817.03,28214.77,28330.69,5707.2784
2023-05-03T20:00:00,28327.38,29276.12,28284.64,29038.75,3827.5482
2023-05-04T00:00:00,29039.36,29203.76,28961.40,29111.73,1358.7428
2023-05-04T04:00:00,29109.53,29249.53,29047.15,29074.34,1155.8485
2023-05-04T08:00:00,29075.28,29383.50,28987.62,29169.78,978.5190
2023-05-04T12:00:00,29169.01,29254.75,28674.58,28878.78,3627.2673
2023-05-04T16:00:00,28877.46,28986.36,28684.43,28908.98,2047.5268
2023-05-04T20:00:00,28910.81,28939.42,28759.60,28857.23,1239.2563
2023-05-05T00:00:00,28857.88,29555.00,28836.48,29212.76,2450.3038
2023-05-05T04:00:00,29210.50,29298.02,29053.45,29087.65,1392.2031
2023-05-05T08:00:00,29083.90,29208.38,29038.83,29163.63,707.3613
2023-05-05T12:00:00,29164.52,29460.34,28810.00,29384.14,4316.9476
2023-05-05T16:00:00,29383.93,29706.57,29340.71,29589.48,4546.7527
2023-05-05T20:00:00,29584.70,29680.50,29476.54,29536.76,1277.5576
2023-05-06T00:00:00,29538.87,29850.00,29363.65,29389.35,1850.3879
2023-05-06T04:00:00,29389.21,29466.76,29293.34,29397.38,568.6389
2023-05-06T08:00:00,29394.21,29405.92,29166.26,29302.78,832.9042
2023-05-06T12:00:00,29300.36,29306.19,28394.00,28627.75,2664.0704
2023-05-06T16:00:00,28625.31,29022.44,28586.61,28897.58,1338.8219
2023-05-06T20:00:00,28893.63,28940.80,28700.00,28902.66,1291.9755
2023-05-07T00:00:00,28901.30,29189.71,28795.42,28852.99,1219.9711
2023-05-07T04:00:00,28856.06,28999.35,28835.29,28946.85,437.9787
2023-05-07T08:00:00,28949.02,29002.78,28742.27,28882.35,596.3676
2023-05-07T12:00:00,28882.29,29139.22,28878.86,28981.97,773.6706
2023-05-07T16:00:00,28981.59,29069.73,28811.16,28947.11,984.1775
2023-05-07T20:00:00,28945.63,28998.19,28429.12,28474.53,1872.5046
2023-05-08T00:00:00,28472.68,28676.38,28059.00,28235.05,3467.7518
2023-05-08T04:00:00,28230.48,28301.63,27861.17,28011.84,1405.0298
2023-05-08T08:00:00,28011.08,28030.69,27605.23,27965.23,1893.8699
2023-05-08T12:00:00,27965.23,28107.42,27700.00,27909.65,3129.8015
2023-05-08T16:00:00,27909.37,27956.38,27298.22,27355.03,4368.2582
2023-05-08T20:00:00,27360.36,27733.91,27279.66,27695.06,1594.7072
2023-05-09T00:00:00,27693.24,27768.37,27562.87,27647.34,1116.9173
2023-05-09T04:00:00,27647.08,27686.67,27455.01,27680.61,1130.1856
2023-05-09T08:00:00,27683.42,27741.73,27531.56,27691.84,873.4922
2023-05-09T12:00:00,27691.88,27833.64,27388.35,27409.33,2573.2709
2023-05-09T16:00:00,27416.45,27758.66,27367.01,27722.34,2159.2736
2023-05-09T20:00:00,27727.30,27784.95,27532.77,27647.29,1035.2872
2023-05-10T00:00:00,27647.29,27870.83,27637.63,27698.03,1045.3933
2023-05-10T04:00:00,27698.02,27733.94,27538.72,27555.48,594.3005
2023-05-10T08:00:00,27555.48,27695.05,27500.00,27686.65,682.7536
2023-05-10T12:00:00,27688.47,28334.75,27647.23,28170.37,4974.5124
2023-05-10T16:00:00,28170.18,28322.10,26800.00,27714.71,8551.5105
2023-05-10T20:00:00,27715.61,27999.66,27293.68,27624.01,2742.4996
2023-05-11T00:00:00,27621.50,27649.85,27385.86,27467.04,1356.2841
2023-05-11T04:00:00,27463.77,27571.34,27417.53,27466.66,741.6386
2023-05-11T08:00:00,27465.52,27507.56,27287.28,27427.87,1273.1845
2023-05-11T12:00:00,27427.35,27647.82,26959.90,27188.50,3775.9627
2023-05-11T16:00:00,27192.78,27229.90,26702.00,26852.39,4398.5641
2023-05-11T20:00:00,26854.35,27073.10,26811.93,26986.56,1893.1124
2023-05-12T00:00:00,26986.79,27099.21,26540.91,26598.55,1922.5333
2023-05-12T04:00:00,26598.52,26719.36,26133.00,26319.13,3180.1149
2023-05-12T08:00:00,26319.97,26449.36,26242.01,26358.97,1364.2799
2023-05-12T12:00:00,26358.32,26628.99,26273.39,26325.69,3896.9206
2023-05-12T16:00:00,26326.30,26492.80,25810.00,26472.68,5083.8516
2023-05-12T20:00:00,26463.85,26909.38,26363.56,26808.84,3010.7952
2023-05-13T00:00:00,26808.80,26997.65,26700.00,26821.56,1133.2338
2023-05-13T04:00:00,26821.56,26883.62,26707.71,26787.71,548.7230
2023-05-13T08:00:00,26787.71,26893.21,26754.57,26839.32,413.3127
2023-05-13T12:00:00,26839.27,26916.00,26746.69,26826.95,774.6041
2023-05-13T16:00:00,26826.56,27060.24,26780.00,26850.78,1054.5111
2023-05-13T20:00:00,26852.02,26955.81,26760.03,26789.48,858.2597
2023-05-14T00:00:00,26786.99,26890.46,26581.52,26877.40,918.0511
2023-05-14T04:00:00,26879.33,26913.12,26804.05,26872.07,402.3777
2023-05-14T08:00:00,26872.48,26900.37,26804.08,26822.56,241.4594
2023-05-14T12:00:00,26822.60,27221.51,26755.82,27098.08,968.6500
2023-05-14T16:00:00,27098.08,27147.69,26839.64,26887.34,1155.9730
2023-05-14T20:00:00,26885.42,26974.08,26853.44,26929.98,706.6941
2023-05-15T00:00:00,26929.98,27308.99,26740.95,27241.45,2185.2871
2023-05-15T04:00:00,27244.85,27556.40,27186.53,27422.61,1713.0625
2023-05-15T08:00:00,27422.62,27497.02,27324.00,27344.59,772.8399
2023-05-15T12:00:00,27344.81,27549.66,27231.85,27412.30,1866.2876
2023-05-15T16:00:00,27412.30,27678.73,27321.01,27432.09,2902.7153
2023-05-15T20:00:00,27429.73,27431.04,27134.48,27171.13,2449.7561
2023-05-16T00:00:00,27165.26,27302.99,26860.12,27140.60,2096.6918
2023-05-16T04:00:00,27142.12,27267.00,27001.69,27263.64,718.3826
2023-05-16T08:00:00,27263.64,27295.00,27002.34,27071.63,1579.9411
2023-05-16T12:00:00,27071.53,27140.85,26900.00,27042.43,3217.7350
2023-05-16T16:00:00,27042.21,27156.62,26878.89,26933.63,2301.4031
2023-05-16T20:00:00,26932.22,27055.08,26892.99,27037.68,1295.7541
2023-05-17T00:00:00,27037.72,27234.83,26981.10,27060.77,2231.8702
2023-05-17T04:00:00,27060.72,27105.62,26766.54,26848.68,1044.3156
2023-05-17T08:00:00,26849.64,26915.20,26572.79,26636.89,1789.3441
2023-05-17T12:00:00,26635.48,26840.93,26543.87,26798.12,2515.8290
2023-05-17T16:00:00,26797.98,27446.04,26735.27,27387.45,4060.7907
2023-05-17T20:00:00,27381.19,27516.58,27269.31,27407.77,1666.4822
2023-05-18T00:00:00,27407.76,27487.71,27289.08,27365.85,980.5093
2023-05-18T04:00:00,27366.09,27453.74,27152.05,27392.37,1208.4854
2023-05-18T08:00:00,27391.55,27442.74,27335.62,27400.98,957.4744
2023-05-18T12:00:00,27400.98,27473.71,27026.32,27086.89,2940.5941
2023-05-18T16:00:00,27083.01,27113.44,26361.52,26733.62,5020.4500
2023-05-18T20:00:00,26732.26,27063.74,26693.43,26820.49,1497.4354
2023-05-19T00:00:00,26819.64,26934.14,26750.39,26838.67,945.5140
2023-05-19T04:00:00,26835.47,26966.90,26811.47,26863.85,537.7238
2023-05-19T08:00:00,26925.00,26937.03,26795.00,26859.67,643.4139
2023-05-19T12:00:00,26860.08,27190.35,26632.73,26889.26,2925.0641
2023-05-19T16:00:00,26887.33,26977.74,26781.86,26842.13,1629.7375
2023-05-19T20:00:00,26842.39,26929.66,26812.14,26890.27,906.0730
2023-05-20T00:00:00,26890.27,26920.48,26836.21,26873.29,402.1822
2023-05-20T04:00:00,26873.78,26887.77,26845.71,26861.72,183.4130
2023-05-20T08:00:00,26861.74,26928.17,26860.71,26887.34,295.4143
2023-05-20T12:00:00,26887.33,26984.68,26880.36,26958.17,411.0941
2023-05-20T16:00:00,26958.17,27178.99,26923.76,27075.35,1018.3880
2023-05-20T20:00:00,27075.38,27143.82,26975.38,27113.61,816.9360
2023-05-21T00:00:00,27113.97,27288.02,27072.29,27189.15,950.3375
2023-05-21T04:00:00,27187.85,27190.01,27050.00,27067.54,612.1409
2023-05-21T08:00:00,27067.41,27095.63,26792.54,26841.22,870.8990
2023-05-21T12:00:00,26838.26,26992.16,26817.00,26914.75,704.9419
2023-05-21T16:00:00,26913.51,26945.74,26842.85,26909.63,713.0252
2023-05-21T20:00:00,26909.64,26933.65,26667.63,26752.65,1683.1802
2023-05-22T00:00:00,26751.00,26786.98,26536.99,26651.04,1689.5813
2023-05-22T04:00:00,26650.34,26916.55,26645.85,26848.36,1152.8752
2023-05-22T08:00:00,26848.54,26904.24,26770.28,26830.74,590.0066
2023-05-22T12:00:00,26831.38,27105.63,26704.69,26878.25,2411.8932
2023-05-22T16:00:00,26880.38,26934.72,26784.81,26867.84,1673.5774
2023-05-22T20:00:00,26869.65,26957.99,26824.00,26854.73,1036.4886
2023-05-23T00:00:00,26854.09,27435.92,26803.46,27373.14,2811.1223
2023-05-23T04:00:00,27373.15,27500.00,27206.57,27308.36,2747.9720
2023-05-23T08:00:00,27308.99,27353.72,27256.11,27336.53,693.0332
2023-05-23T12:00:00,27336.65,27391.15,27179.92,27329.16,1901.9249
2023-05-23T16:00:00,27329.16,27334.90,27103.48,27185.49,2400.1594
2023-05-23T20:00:00,27185.82,27257.84,27152.95,27223.22,1040.3253
2023-05-24T00:00:00,27222.86,27225.00,26672.15,26789.17,1948.7731
2023-05-24T04:00:00,26789.21,26832.38,26611.43,26680.01,1657.1877
2023-05-24T08:00:00,26678.55,26838.11,26670.04,26740.00,1351.4178
2023-05-24T12:00:00,26740.00,26740.00,26070.04,26313.34,5992.3754
2023-05-24T16:00:00,26311.34,26389.28,26154.00,26246.08,4102.0909
2023-05-24T20:00:00,26248.03,26489.89,26228.48,26321.40,2288.7724
2023-05-25T00:00:00,26321.42,26388.18,25864.35,26176.83,2354.6004
2023-05-25T04:00:00,26174.89,26292.02,26107.76,26120.56,802.0088
2023-05-25T08:00:00,26123.81,26334.23,26114.45,26291.76,1321.2837
2023-05-25T12:00:00,26291.76,26485.66,26164.87,26222.47,3266.7243
2023-05-25T16:00:00,26221.98,26625.93,26200.75,26468.18,3160.6751
2023-05-25T20:00:00,26468.38,26555.55,26434.35,26479.06,1189.1649
2023-05-26T00:00:00,26479.15,26540.73,26351.94,26438.92,969.9984
2023-05-26T04:00:00,26438.89,26540.50,26334.33,26507.36,921.0067
2023-05-26T08:00:00,26507.36,26551.89,26423.85,26464.87,713.0817
2023-05-26T12:00:00,26464.87,26950.00,26357.44,26759.61,4637.8928
2023-05-26T16:00:00,26760.84,26850.00,26619.28,26776.93,1754.0793
2023-05-26T20:00:00,26778.27,26821.59,26692.63,26714.86,862.5415
2023-05-27T00:00:00,26711.56,26788.80,26637.77,26761.51,508.5759
2023-05-27T04:00:00,26761.57,26799.75,26701.86,26735.13,364.7986
2023-05-27T08:00:00,26734.19,26743.81,26671.88,26702.56,284.9751
2023-05-27T12:00:00,26702.17,26787.32,26559.96,26699.36,676.1271
2023-05-27T16:00:00,26699.80,26850.00,26626.74,26743.32,767.4410
2023-05-27T20:00:00,26741.64,26943.60,26735.06,26867.99,746.4613
2023-05-28T00:00:00,26870.13,27253.63,26780.11,27194.60,2356.3557
2023-05-28T04:00:00,27194.60,27299.03,27133.12,27234.03,720.7186
2023-05-28T08:00:00,27232.79,27350.00,27125.00,27163.94,747.7669
2023-05-28T12:00:00,27163.59,27290.52,27105.81,27283.25,680.6958
2023-05-28T16:00:00,27283.25,27765.29,27219.42,27535.92,2339.6363
2023-05-28T20:00:00,27535.89,28277.56,27535.88,28070.04,2880.4686
2023-05-29T00:00:00,28070.04,28473.93,27920.84,27964.68,4613.8017
2023-05-29T04:00:00,27964.69,28060.70,27848.11,27911.44,1384.0786
2023-05-29T08:00:00,27911.93,27978.99,27756.64,27923.39,783.5722
2023-05-29T12:00:00,27922.93,27958.29,27597.16,27638.92,1658.0579
2023-05-29T16:00:00,27638.35,27751.38,27534.81,27648.50,1476.6097
2023-05-29T20:00:00,27649.00,27833.70,27560.43,27744.82,1439.1210
2023-05-30T00:00:00,27744.81,27953.65,27595.30,27833.78,1170.3755
2023-05-30T04:00:00,27833.78,27864.00,27681.99,27739.71,830.7590
2023-05-30T08:00:00,27739.72,28057.23,27721.77,28040.21,1597.1906
2023-05-30T12:00:00,28037.76,28046.09,27618.68,27683.22,4063.3281
2023-05-30T16:00:00,27683.21,27874.99,27555.00,27865.26,3043.7047
2023-05-30T20:00:00,27866.55,27875.00,27661.21,27700.15,1319.1004
2023-05-31T00:00:00,27700.68,27844.89,27580.72,27661.33,1360.2471
2023-05-31T04:00:00,27661.33,27692.25,26978.45,27173.99,4377.1190
2023-05-31T08:00:00,27173.99,27214.55,27002.63,27106.91,1227.9522
2023-05-31T12:00:00,27106.90,27236.80,26842.94,26915.00,4008.6863
2023-05-31T16:00:00,26915.00,27128.45,26848.29,27015.35,2552.7721
2023-05-31T20:00:00,27017.72,27309.26,27005.28,27223.08,1636.2858
2023-06-01T00:00:00,27221.54,27360.31,26615.00,26782.18,3166.0421
2023-06-01T04:00:00,26783.47,26886.69,26756.21,26804.88,722.4856
2023-06-01T08:00:00,26803.70,26958.88,26790.94,26892.56,918.8365
2023-06-01T12:00:00,26892.34,26984.24,26795.37,26900.14,2057.6794
2023-06-01T16:00:00,26899.83,27178.05,26656.78,26870.32,3602.3977
2023-06-01T20:00:00,26869.34,26955.90,26722.67,26828.42,1460.1530
2023-06-02T00:00:00,26827.73,27023.95,26508.00,27002.75,2514.8737
2023-06-02T04:00:00,27001.01,27275.20,26954.57,27055.00,1830.8419
2023-06-02T08:00:00,27055.99,27194.93,27054.80,27135.44,937.6934
2023-06-02T12:00:00,27135.46,27251.19,26868.76,27099.21,3317.3345
2023-06-02T16:00:00,27099.61,27296.68,27010.94,27249.99,2456.4246
2023-06-02T20:00:00,27247.49,27307.44,27147.74,27250.69,1149.0006
2023-06-03T00:00:00,27252.67,27255.60,27100.00,27148.65,493.9783
2023-06-03T04:00:00,27150.04,27222.14,27114.80,27178.98,228.6709
2023-06-03T08:00:00,27179.73,27191.12,27120.76,27143.98,337.2297
2023-06-03T12:00:00,27143.98,27341.13,27136.13,27311.45,711.1879
2023-06-03T16:00:00,27310.52,27333.00,27037.00,27107.52,1105.0215
2023-06-03T20:00:00,27109.09,27137.26,26923.35,27077.60,713.2351
2023-06-04T00:00:00,27078.27,27110.86,26958.98,27068.91,485.3987
2023-06-04T04:00:00,27067.32,27175.08,26999.25,27152.47,673.3185
2023-06-04T08:00:00,27154.96,27258.28,27128.36,27205.81,347.9785
2023-06-04T12:00:00,27205.79,27307.87,27168.19,27188.92,417.2359
2023-06-04T16:00:00,27187.61,27233.27,27165.77,27222.61,477.4747
2023-06-04T20:00:00,27222.60,27466.83,27051.79,27122.04,1713.6925
2023-06-05T00:00:00,27122.03,27137.75,26804.26,26852.67,1521.0390
2023-06-05T04:00:00,26852.67,26883.80,26749.11,26845.46,838.2926
2023-06-05T08:00:00,26845.45,26856.26,26674.83,26777.23,908.3538
2023-06-05T12:00:00,26776.08,26824.17,25993.21,26011.01,3953.1828
2023-06-05T16:00:00,25998.49,26083.78,25391.43,25634.18,7490.7989
2023-06-05T20:00:00,25634.90,25874.57,25517.39,25741.50,1929.8021
2023-06-06T00:00:00,25741.50,25800.00,25607.85,25741.38,1223.3580
2023-06-06T04:00:00,25739.96,25827.07,25717.42,25736.96,648.3252
2023-06-06T08:00:00,25737.00,25805.61,25646.59,25691.90,702.5465
2023-06-06T12:00:00,25691.90,26144.00,25351.92,26070.65,6024.4324
2023-06-06T16:00:00,26072.55,27219.76,26064.97,27086.81,6474.6691
2023-06-06T20:00:00,27084.47,27368.67,26889.13,27243.63,3457.7280
2023-06-07T00:00:00,27243.45,27402.79,26729.82,26913.66,3038.9822
2023-06-07T04:00:00,26910.06,26987.88,26766.63,26804.58,1525.8868
2023-06-07T08:00:00,26804.58,26981.69,26362.37,26903.87,2593.2635
2023-06-07T12:00:00,26903.42,26920.39,26255.93,26355.40,4222.5338
2023-06-07T16:00:00,26356.51,26561.04,26250.00,26480.88,2778.0303
2023-06-07T20:00:00,26485.54,26496.51,26121.06,26346.41,1935.6791
2023-06-08T00:00:00,26347.09,26475.32,26212.63,26348.10,1410.8109
2023-06-08T04:00:00,26348.06,26521.97,26289.97,26443.88,723.6394
2023-06-08T08:00:00,26444.63,26507.46,26368.31,26437.03,687.6105
2023-06-08T12:00:00,26437.11,26820.30,26300.00,26726.96,2348.9790
2023-06-08T16:00:00,26725.04,26741.86,26427.31,26539.67,1781.7110
2023-06-08T20:00:00,26540.18,26659.15,26494.52,26508.32,1208.0976
2023-06-09T00:00:00,26505.71,26604.09,26283.50,26486.61,1613.2562
2023-06-09T04:00:00,26488.80,26577.79,26421.59,26501.23,1057.8566
2023-06-09T08:00:00,26501.22,26690.99,26494.12,26614.33,1426.6725
2023-06-09T12:00:00,26613.20,26780.40,26446.34,26468.39,2752.9324
2023-06-09T16:00:00,26467.68,26527.87,26372.42,26404.52,2554.5815
2023-06-09T20:00:00,26404.17,26500.00,26385.74,26482.81,1131.5333
2023-06-10T00:00:00,26482.80,26534.95,26265.19,26319.87,1515.4319
2023-06-10T04:00:00,26322.22,26352.92,25474.89,25663.29,5924.7491
2023-06-10T08:00:00,25664.92,25766.27,25577.10,25743.66,1492.9543
2023-06-10T12:00:00,25744.32,25750.03,25584.16,25645.14,2092.5461
2023-06-10T16:00:00,25645.14,26167.71,25385.52,25762.35,4067.1217
2023-06-10T20:00:00,25763.99,25946.74,25691.50,25856.10,1874.9289
2023-06-11T00:00:00,25856.10,25885.23,25710.31,25742.79,1326.7046
2023-06-11T04:00:00,25742.79,25850.00,25648.00,25753.79,1025.5209
2023-06-11T08:00:00,25752.22,25857.81,25705.13,25809.90,711.5000
2023-06-11T12:00:00,25811.56,25837.63,25690.00,25766.56,915.5378
2023-06-11T16:00:00,25766.83,26120.00,25745.00,26042.67,2305.3037
2023-06-11T20:00:00,26043.99,26219.10,25756.00,25937.02,2369.2711
2023-06-12T00:00:00,25936.98,26038.00,25616.98,25798.87,1813.7399
2023-06-12T04:00:00,25797.82,25915.24,25754.85,25814.90,883.0497
2023-06-12T08:00:00,25814.89,26108.64,25789.83,25994.74,1484.2751
2023-06-12T12:00:00,25994.73,25999.65,25733.55,25827.46,2425.3580
2023-06-12T16:00:00,25827.10,25962.16,25650.00,25822.60,2659.1376
2023-06-12T20:00:00,25821.56,25972.01,25799.12,25905.82,1225.5074
2023-06-13T00:00:00,25905.99,26152.16,25815.72,26060.09,2762.9779
2023-06-13T04:00:00,26058.70,26132.44,25972.50,26072.07,1154.7875
2023-06-13T08:00:00,26070.98,26271.05,26056.63,26187.80,2305.4408
2023-06-13T12:00:00,26188.70,26435.81,25710.78,25751.40,4593.5591
2023-06-13T16:00:00,25751.40,25972.71,25726.33,25898.94,1974.9231
2023-06-13T20:00:00,25897.50,25959.49,25802.43,25930.23,1605.0584
2023-06-14T00:00:00,25929.35,26050.85,25907.12,25977.32,1058.5387
2023-06-14T04:00:00,25977.31,26005.88,25833.93,25898.50,645.7765
2023-06-14T08:00:00,25898.50,26027.60,25882.09,25975.06,714.9625
2023-06-14T12:00:00,25975.05,26079.85,25923.08,25975.95,1719.7555
2023-06-14T16:00:00,25978.26,26090.00,25751.00,25865.78,2970.8900
2023-06-14T20:00:00,25865.64,25876.58,24821.00,25123.34,7370.5942
2023-06-15T00:00:00,25123.41,25204.61,25021.95,25050.07,2150.8413
2023-06-15T04:00:00,25050.13,25052.87,24808.97,24915.12,2783.9226
2023-06-15T08:00:00,24915.12,25002.88,24750.00,24969.79,2127.8020
2023-06-15T12:00:00,24972.25,25049.99,24865.19,24931.43,4149.9419
2023-06-15T16:00:00,24931.42,25493.24,24894.24,25433.90,3594.5796
2023-06-15T20:00:00,25432.23,25749.99,25194.76,25569.99,3794.1015
2023-06-16T00:00:00,25569.99,25581.15,25414.71,25532.28,1363.8761
2023-06-16T04:00:00,25532.29,25604.52,25447.03,25511.13,1091.3898
2023-06-16T08:00:00,25510.93,25601.75,25436.37,25445.72,1402.2843
2023-06-16T12:00:00,25445.71,25851.35,25143.24,25797.68,3395.6786
2023-06-16T16:00:00,25795.75,26486.56,25740.92,26371.39,7214.5400
2023-06-16T20:00:00,26372.50,26441.41,26267.84,26329.60,2164.9736
2023-06-17T00:00:00,26329.60,26360.62,26165.98,26247.38,1131.4841
2023-06-17T04:00:00,26247.38,26783.20,26226.47,26574.76,1772.7878
2023-06-17T08:00:00,26574.76,26638.76,26458.81,26487.06,848.3221
2023-06-17T12:00:00,26487.07,26573.40,26294.34,26399.88,1497.8308
2023-06-17T16:00:00,26399.86,26528.74,26370.67,26466.69,1181.6528
2023-06-17T20:00:00,26466.66,26580.35,26451.10,26506.56,777.3474
2023-06-18T00:00:00,26507.97,26537.87,26367.90,26532.28,624.7657
2023-06-18T04:00:00,26532.92,26665.14,26463.18,26573.09,718.4360
2023-06-18T08:00:00,26573.35,26590.39,26442.99,26493.62,466.5674
2023-06-18T12:00:00,26493.61,26566.54,26434.06,26550.65,591.7316
2023-06-18T16:00:00,26550.65,26654.97,26515.24,26645.81,1093.5660
2023-06-18T20:00:00,26645.14,26693.11,26245.27,26336.46,1738.6170
2023-06-19T00:00:00,26336.46,26466.52,26250.00,26393.86,859.6659
2023-06-19T04:00:00,26393.69,26473.14,26358.05,26416.88,625.3074
2023-06-19T08:00:00,26416.89,26453.91,26356.01,26438.94,741.8389
2023-06-19T12:00:00,26439.62,26571.10,26333.95,26433.98,1641.2003
2023-06-19T16:00:00,26434.07,27040.64,26291.87,26674.88,4090.5017
2023-06-19T20:00:00,26674.88,26852.00,26642.93,26837.78,1684.5533
2023-06-20T00:00:00,26839.04,27173.33,26789.29,26889.72,2491.8631
2023-06-20T04:00:00,26889.08,27028.24,26744.91,26829.93,1313.1612
2023-06-20T08:00:00,26830.00,26899.20,26685.28,26895.14,1004.5166
2023-06-20T12:00:00,26892.75,27150.90,26637.41,27085.51,4174.6284
2023-06-20T16:00:00,27082.23,28172.66,27008.29,28011.10,14261.1480
2023-06-20T20:00:00,28009.24,28417.11,27880.00,28320.43,5459.2357
2023-06-21T00:00:00,28320.41,29050.00,28271.67,28703.26,5509.9048
2023-06-21T04:00:00,28706.44,28998.99,28676.06,28868.66,1967.7839
2023-06-21T08:00:00,28868.66,29226.26,28792.22,28930.58,3303.3915
2023-06-21T12:00:00,28927.76,30013.51,28883.04,29852.45,8060.7953
2023-06-21T16:00:00,29854.04,30800.00,29768.99,30125.49,9164.1774
2023-06-21T20:00:00,30125.49,30200.00,29800.07,29995.08,3439.7286
2023-06-22T00:00:00,29999.85,30513.25,29892.44,30297.00,2349.1114
2023-06-22T04:00:00,30297.00,30354.32,30011.50,30099.33,1323.4620
2023-06-22T08:00:00,30101.72,30250.23,29835.49,29928.31,2509.7027
2023-06-22T12:00:00,29929.05,30359.70,29539.57,29866.82,5684.1352
2023-06-22T16:00:00,29866.82,30265.30,29839.16,30224.16,4083.5486
2023-06-22T20:00:00,30221.43,30275.42,29882.87,29886.31,2507.7080
2023-06-23T00:00:00,29886.25,30064.50,29802.65,30016.01,1775.6693
2023-06-23T04:00:00,30016.01,30091.10,29935.16,29951.99,1307.8047
2023-06-23T08:00:00,29951.99,30200.00,29915.12,30152.05,1854.5075
2023-06-23T12:00:00,30152.01,31443.67,29932.19,31248.74,7175.1029
2023-06-23T16:00:00,31240.93,31436.86,30636.86,30906.40,7332.6635
2023-06-23T20:00:00,30905.36,30977.68,30472.84,30707.61,3213.7927
2023-06-24T00:00:00,30709.59,30812.04,30426.07,30742.64,1691.5780
2023-06-24T04:00:00,30742.64,30772.64,30569.08,30582.42,688.5735
2023-06-24T08:00:00,30580.78,30763.13,30564.66,30694.13,643.9195
2023-06-24T12:00:00,30696.02,30815.92,30330.61,30417.76,1597.5899
2023-06-24T16:00:00,30418.44,30717.99,30265.88,30640.95,1282.9401
2023-06-24T20:00:00,30640.94,30640.94,30423.73,30547.18,978.6821
2023-06-25T00:00:00,30547.30,30794.48,30479.66,30760.82,890.6757
2023-06-25T04:00:00,30763.09,31057.86,30683.71,30739.12,1440.6903
2023-06-25T08:00:00,30740.16,30777.01,30593.62,30726.04,656.3610
2023-06-25T12:00:00,30724.10,30749.00,30472.83,30594.75,1094.2476
2023-06-25T16:00:00,30594.74,30668.14,30339.05,30438.64,951.1401
2023-06-25T20:00:00,30439.07,30593.98,30288.33,30480.24,1232.3597
2023-06-26T00:00:00,30480.24,30568.29,29975.80,30302.40,2210.8810
2023-06-26T04:00:00,30302.40,30579.91,30170.91,30408.93,1604.1159
2023-06-26T08:00:00,30409.90,30432.99,30133.50,30326.83,1470.8108
2023-06-26T12:00:00,30326.14,30662.66,30259.76,30422.08,2647.9050
2023-06-26T16:00:00,30421.94,30434.52,29900.00,30260.33,3514.1092
2023-06-26T20:00:00,30260.58,30303.33,30107.95,30272.18,1044.0089
2023-06-27T00:00:00,30272.24,30506.72,30228.44,30373.85,1115.4184
2023-06-27T04:00:00,30375.82,30475.17,30237.37,30412.43,1003.2782
2023-06-27T08:00:00,30411.12,30782.06,30333.85,30731.34,1429.3654
2023-06-27T12:00:00,30731.13,31020.54,30380.92,30506.06,3791.6780
2023-06-27T16:00:00,30506.70,30775.87,30464.56,30684.91,2923.2525
2023-06-27T20:00:00,30676.05,30742.59,30560.39,30697.38,1732.5344
2023-06-28T00:00:00,30696.06,30716.93,30338.95,30455.92,870.6514
2023-06-28T04:00:00,30455.92,30490.00,30157.71,30190.39,882.5332
2023-06-28T08:00:00,30188.17,30390.89,30144.88,30309.48,1118.3124
2023-06-28T12:00:00,30309.48,30498.00,30003.30,30416.94,2775.8877
2023-06-28T16:00:00,30417.43,30480.00,29840.00,30102.77,2553.2296
2023-06-28T20:00:00,30101.97,30208.78,29950.00,30074.94,1191.0511
2023-06-29T00:00:00,30074.93,30250.00,30036.18,30163.92,1066.5507
2023-06-29T04:00:00,30163.93,30420.21,30133.39,30337.12,635.7400
2023-06-29T08:00:00,30338.02,30753.74,30330.99,30673.66,1717.4784
2023-06-29T12:00:00,30669.09,30838.00,30400.00,30471.62,3487.0448
2023-06-29T16:00:00,30472.01,30663.30,30410.00,30587.21,3582.4326
2023-06-29T20:00:00,30587.22,30641.97,30240.32,30446.47,1772.0939
2023-06-30T00:00:00,30445.67,30867.62,30347.08,30734.18,1893.6433
2023-06-30T04:00:00,30738.65,31277.00,30609.19,30761.31,3423.3642
2023-06-30T08:00:00,30761.27,30937.93,30715.76,30901.47,1889.5277
2023-06-30T12:00:00,30903.07,31121.41,29417.14,30065.75,12331.0175
2023-06-30T16:00:00,30065.78,30715.88,29919.26,30361.94,4681.3978
2023-06-30T20:00:00,30361.51,30537.57,30329.64,30466.72,1794.2768
2023-07-01T00:00:00,30466.73,30538.78,30364.22,30393.50,919.7476
2023-07-01T04:00:00,30393.51,30462.75,30312.80,30456.00,549.6725
2023-07-01T08:00:00,30455.99,30596.94,30415.04,30522.67,518.0574
2023-07-01T12:00:00,30523.73,30659.33,30502.49,30568.12,820.6927
2023-07-01T16:00:00,30569.32,30635.18,30538.94,30613.78,697.3620
2023-07-01T20:00:00,30611.37,30620.73,30551.63,30587.21,507.2330
2023-07-02T00:00:00,30587.22,30650.00,30460.42,30509.26,573.7777
2023-07-02T04:00:00,30509.65,30554.21,30468.24,30506.39,380.1082
2023-07-02T08:00:00,30506.48,30551.04,30480.92,30543.88,264.5840
2023-07-02T12:00:00,30543.87,30628.83,30165.39,30497.65,1162.9214
2023-07-02T16:00:00,30497.18,30691.93,30365.85,30559.08,950.1861
2023-07-02T20:00:00,30557.51,30791.75,30419.00,30613.51,1498.2614
2023-07-03T00:00:00,30613.57,30799.00,30590.82,30758.40,878.5461
2023-07-03T04:00:00,30757.00,30796.85,30604.93,30669.10,791.8402
2023-07-03T08:00:00,30669.09,30705.61,30579.90,30621.13,752.4067
2023-07-03T12:00:00,30621.12,31186.32,30569.00,31069.26,3397.8740
2023-07-03T16:00:00,31073.46,31399.08,30827.54,31267.07,3786.8049
2023-07-03T20:00:00,31266.50,31307.00,30903.08,31161.80,1784.5106
2023-07-04T00:00:00,31162.71,31333.00,31105.00,31201.69,1484.2489
2023-07-04T04:00:00,31201.68,31223.40,30889.95,30911.80,1079.2315
2023-07-04T08:00:00,30910.76,31089.96,30870.63,31072.30,838.9879
2023-07-04T12:00:00,31072.31,31089.99,30889.95,30968.41,1153.5295
2023-07-04T16:00:00,30968.01,31142.38,30628.30,30706.55,2010.6295
2023-07-04T20:00:00,30706.37,30852.20,30676.00,30771.25,667.3245
2023-07-05T00:00:00,30772.93,30882.95,30755.56,30872.11,463.6649
2023-07-05T04:00:00,30872.11,30880.49,30759.61,30773.87,388.4132
2023-07-05T08:00:00,30772.87,30804.07,30350.01,30407.36,1937.4534
2023-07-05T12:00:00,30405.05,30444.50,30189.56,30355.27,2723.9600
2023-07-05T16:00:00,30352.37,30596.22,30329.21,30441.03,2000.9461
2023-07-05T20:00:00,30442.24,30544.92,30386.44,30499.27,1268.1817
2023-07-06T00:00:00,30499.27,30569.03,30328.79,30494.54,937.1581
2023-07-06T04:00:00,30494.54,30863.02,30439.66,30803.77,1597.8056
2023-07-06T08:00:00,30803.84,31525.10,30715.00,30857.69,4422.6122
2023-07-06T12:00:00,30853.05,30893.80,29881.18,30402.68,5269.5455
2023-07-06T16:00:00,30406.52,30473.95,30164.99,30312.03,2615.8213
2023-07-06T20:00:00,30312.12,30346.53,29850.00,29899.38,2386.9796
2023-07-07T00:00:00,29895.60,30174.85,29715.87,30140.76,1796.5488
2023-07-07T04:00:00,30141.51,30307.93,29927.49,30005.60,1260.0426
2023-07-07T08:00:00,30005.60,30205.89,29967.99,30124.95,979.5358
2023-07-07T12:00:00,30124.94,30449.19,30042.76,30396.90,3834.3334
2023-07-07T16:00:00,30395.67,30456.00,30114.09,30251.69,2048.0952
2023-07-07T20:00:00,30251.92,30353.92,30216.91,30352.08,1218.5864
2023-07-08T00:00:00,30350.35,30388.91,30260.00,30277.93,562.2036
2023-07-08T04:00:00,30278.79,30286.97,30148.60,30198.75,486.5750
2023-07-08T08:00:00,30198.76,30315.00,30156.04,30204.33,482.7933
2023-07-08T12:00:00,30203.85,30246.40,30153.97,30211.64,457.1647
2023-07-08T16:00:00,30211.24,30322.54,30047.78,30113.99,945.7026
2023-07-08T20:00:00,30113.98,30300.00,30057.81,30291.69,921.6716
2023-07-09T00:00:00,30291.69,30409.71,30253.30,30293.40,968.6089
2023-07-09T04:00:00,30293.40,30308.66,30237.41,30271.22,466.5786
2023-07-09T08:00:00,30271.21,30316.19,30245.34,30275.34,308.7854
2023-07-09T12:00:00,30275.33,30451.78,30187.30,30356.15,745.9811
2023-07-09T16:00:00,30354.52,30357.65,30209.50,30249.78,596.9331
2023-07-09T20:00:00,30249.78,30259.75,30066.95,30168.38,797.1597
2023-07-10T00:00:00,30168.26,30249.99,29955.00,30162.40,1554.2297
2023-07-10T04:00:00,30162.39,30166.68,30054.26,30117.83,761.9506
2023-07-10T08:00:00,30118.53,30250.00,29996.74,30238.03,894.6691
2023-07-10T12:00:00,30238.52,30363.03,30144.54,30319.77,2202.4090
2023-07-10T16:00:00,30319.64,30849.99,30239.72,30843.87,3101.1040
2023-07-10T20:00:00,30847.42,31055.75,30200.00,30419.89,4189.4192
2023-07-11T00:00:00,30419.89,30604.51,30369.21,30479.33,1702.4062
2023-07-11T04:00:00,30479.34,30663.91,30435.28,30539.83,1054.7596
2023-07-11T08:00:00,30541.79,30574.60,30345.81,30409.26,1085.6326
2023-07-11T12:00:00,30409.26,30811.65,30304.45,30599.45,2848.9849
2023-07-11T16:00:00,30599.45,30700.00,30409.05,30587.47,2540.9188
2023-07-11T20:00:00,30587.47,30651.79,30505.68,30626.55,1420.8740
2023-07-12T00:00:00,30624.65,30669.81,30501.42,30593.75,1156.4022
2023-07-12T04:00:00,30593.76,30850.00,30568.40,30744.98,1434.5591
2023-07-12T08:00:00,30745.73,30810.05,30656.50,30778.12,987.6079
2023-07-12T12:00:00,30778.12,31000.00,30463.84,30516.52,6226.0608
2023-07-12T16:00:00,30516.52,30548.60,30200.00,30282.35,3865.8157
2023-07-12T20:00:00,30281.31,30420.05,30236.00,30381.81,1211.2595
2023-07-13T00:00:00,30383.26,30437.47,30271.52,30297.09,1252.3635
2023-07-13T04:00:00,30297.08,30423.61,30250.73,30360.41,1046.6246
2023-07-13T08:00:00,30360.42,30637.55,30340.76,30545.90,1870.2839
2023-07-13T12:00:00,30545.91,31205.45,30462.20,30922.18,6010.0399
2023-07-13T16:00:00,30924.81,31862.21,30732.57,31674.08,11485.8487
2023-07-13T20:00:00,31670.72,31755.47,31040.00,31471.83,4470.4586
2023-07-14T00:00:00,31471.83,31645.66,31337.39,31470.20,2228.1934
2023-07-14T04:00:00,31469.11,31483.64,31083.40,31106.16,1288.9353
2023-07-14T08:00:00,31106.17,31297.81,31088.09,31220.25,1553.1160
2023-07-14T12:00:00,31221.04,31376.52,31055.59,31250.40,3616.2578
2023-07-14T16:00:00,31250.40,31288.97,29920.31,30130.68,8612.0491
2023-07-14T20:00:00,30130.53,30344.08,29994.31,30330.52,1973.6518
2023-07-15T00:00:00,30330.93,30406.27,30254.67,30303.64,576.6932
2023-07-15T04:00:00,30303.79,30374.33,30269.12,30345.61,326.0302
2023-07-15T08:00:00,30345.06,30382.48,30292.01,30323.49,286.6117
2023-07-15T12:00:00,30322.32,30374.60,30259.95,30313.24,437.8737
2023-07-15T16:00:00,30312.59,30372.68,30268.54,30338.07,464.4052
2023-07-15T20:00:00,30338.07,30338.07,30277.25,30301.65,467.4584
2023-07-16T00:00:00,30302.01,30349.04,30075.93,30200.83,867.6861
2023-07-16T04:00:00,30200.82,30323.25,30145.47,30276.81,405.3354
2023-07-16T08:00:00,30276.81,30361.90,30271.39,30319.78,367.5101
2023-07-16T12:00:00,30319.77,30457.03,30284.87,30391.35,821.8392
2023-07-16T16:00:00,30391.34,30420.46,30216.46,30269.26,698.1186
2023-07-16T20:00:00,30265.09,30379.05,30147.92,30247.64,860.9207
2023-07-17T00:00:00,30247.56,30345.45,30190.68,30317.94,875.2637
2023-07-17T04:00:00,30317.93,30335.17,30245.01,30299.01,626.7681
2023-07-17T08:00:00,30298.99,30337.96,29988.22,30166.99,1353.1893
2023-07-17T12:00:00,30166.17,30311.69,30035.78,30182.15,2111.6501
2023-07-17T16:00:00,30182.15,30247.13,29668.58,29888.90,3922.2342
2023-07-17T20:00:00,29888.60,30297.51,29884.47,30143.08,1743.7013
2023-07-18T00:00:00,30143.08,30249.30,30077.88,30079.00,911.0915
2023-07-18T04:00:00,30078.90,30125.83,29925.00,29970.66,1047.6040
2023-07-18T08:00:00,29970.67,30112.73,29811.00,29885.01,1927.6809
2023-07-18T12:00:00,29885.00,30027.35,29683.94,29909.35,3094.8879
2023-07-18T16:00:00,29908.21,29967.70,29525.00,29722.14,2928.3006
2023-07-18T20:00:00,29720.64,29872.83,29690.39,29861.93,1215.2745
2023-07-19T00:00:00,29861.92,30084.50,29840.42,30068.83,1481.2649
2023-07-19T04:00:00,30069.23,30196.24,29972.57,30001.53,817.9179
2023-07-19T08:00:00,30001.53,30049.89,29871.75,30016.86,817.2428
2023-07-19T12:00:00,30016.89,30129.66,29757.44,29954.02,2584.6229
2023-07-19T16:00:00,29954.01,30103.47,29865.97,30047.78,1962.4373
2023-07-19T20:00:00,30045.78,30059.78,29833.33,29916.72,1141.0610
2023-07-20T00:00:00,29916.69,30054.43,29882.06,29954.71,657.7234
2023-07-20T04:00:00,29954.72,30238.53,29929.06,30207.29,1155.7283
2023-07-20T08:00:00,30207.29,30421.29,30170.16,30286.52,1733.2163
2023-07-20T12:00:00,30286.62,30323.43,29620.00,29803.82,4069.0751
2023-07-20T16:00:00,29803.82,29874.57,29564.19,29749.66,2964.2816
2023-07-20T20:00:00,29749.67,29893.87,29667.80,29809.13,914.9288
2023-07-21T00:00:00,29809.13,29954.55,29729.48,29899.88,1059.5405
2023-07-21T04:00:00,29899.88,29908.99,29748.52,29772.03,545.9868
2023-07-21T08:00:00,29772.01,29852.81,29730.00,29777.16,764.9155
2023-07-21T12:00:00,29777.16,29918.46,29775.62,29862.33,1731.9669
2023-07-21T16:00:00,29862.28,30060.28,29768.19,29879.21,2053.5585
2023-07-21T20:00:00,29878.65,29966.05,29831.94,29907.98,1442.6424
2023-07-22T00:00:00,29907.15,30002.38,29895.00,29905.24,663.5470
2023-07-22T04:00:00,29905.11,29991.30,29847.11,29944.39,525.3442
2023-07-22T08:00:00,29943.98,29983.03,29870.85,29893.92,413.1790
2023-07-22T12:00:00,29892.19,29915.59,29832.34,29909.11,595.9408
2023-07-22T16:00:00,29909.11,29918.62,29804.90,29838.75,441.5710
2023-07-22T20:00:00,29838.72,29846.22,29626.86,29795.03,989.9006
2023-07-23T00:00:00,29793.62,29899.82,29733.55,29849.85,611.5945
2023-07-23T04:00:00,29849.85,29985.05,29844.59,29916.45,583.6909
2023-07-23T08:00:00,29919.51,29967.89,29885.81,29892.85,285.2252
2023-07-23T12:00:00,29893.21,29931.91,29852.54,29899.91,406.7781
2023-07-23T16:00:00,29899.91,30350.70,29898.58,30088.52,1725.6380
2023-07-23T20:00:00,30090.22,30147.07,29921.60,30081.61,900.9053
2023-07-24T00:00:00,30081.61,30099.99,29670.87,29717.98,1330.1498
2023-07-24T04:00:00,29714.42,29870.78,29658.93,29830.21,1068.3005
2023-07-24T08:00:00,29829.71,29837.34,28973.24,29265.01,3367.6307
2023-07-24T12:00:00,29265.07,29266.60,28850.00,29074.19,5553.2460
2023-07-24T16:00:00,29073.73,29154.26,28981.16,29108.14,2188.2642
2023-07-24T20:00:00,29105.09,29206.97,29083.92,29176.98,976.6845
2023-07-25T00:00:00,29176.98,29184.59,29046.00,29112.11,1075.5382
2023-07-25T04:00:00,29112.10,29165.29,29069.42,29140.60,440.3044
2023-07-25T08:00:00,29140.60,29278.23,29111.57,29124.94,930.6675
2023-07-25T12:00:00,29123.69,29337.65,29074.17,29182.73,2123.5241
2023-07-25T16:00:00,29183.67,29376.51,29179.43,29197.79,1482.5006
2023-07-25T20:00:00,29198.63,29257.96,29178.70,29225.14,1088.3189
2023-07-26T00:00:00,29225.11,29402.80,29089.54,29237.77,1156.0892
2023-07-26T04:00:00,29238.66,29314.53,29183.63,29214.37,630.2183
2023-07-26T08:00:00,29214.28,29237.46,29155.00,29172.62,513.7428
2023-07-26T12:00:00,29172.61,29354.93,29160.27,29319.44,1763.1080
2023-07-26T16:00:00,29319.44,29500.16,29190.55,29405.80,3095.8935
2023-07-26T20:00:00,29405.80,29686.41,29284.78,29353.23,2476.0402
2023-07-27T00:00:00,29350.88,29450.90,29298.53,29403.57,751.8692
2023-07-27T04:00:00,29403.57,29498.50,29375.72,29411.95,739.2889
2023-07-27T08:00:00,29410.90,29571.42,29394.00,29509.28,898.4927
2023-07-27T12:00:00,29509.27,29509.28,29230.91,29284.71,1696.5430
2023-07-27T16:00:00,29284.71,29328.89,29075.00,29155.98,2263.0284
2023-07-27T20:00:00,29157.16,29235.38,29121.18,29214.92,978.2284
2023-07-28T00:00:00,29214.93,29300.00,29181.22,29245.00,775.7210
2023-07-28T04:00:00,29245.00,29260.97,29116.26,29126.94,844.9303
2023-07-28T08:00:00,29126.95,29235.99,29115.32,29197.62,899.1757
2023-07-28T12:00:00,29197.28,29532.45,29193.19,29385.77,2052.5635
2023-07-28T16:00:00,29385.77,29405.72,29190.14,29312.31,1794.7161
2023-07-28T20:00:00,29312.23,29366.99,29278.61,29316.15,738.3878
2023-07-29T00:00:00,29316.05,29393.64,29295.54,29372.67,619.1918
2023-07-29T04:00:00,29372.67,29411.09,29281.79,29298.13,354.9671
2023-07-29T08:00:00,29298.12,29334.73,29253.44,29266.03,437.0735
2023-07-29T12:00:00,29265.35,29339.30,29256.84,29298.22,591.6159
2023-07-29T16:00:00,29298.21,29348.90,29286.14,29342.07,452.2504
2023-07-29T20:00:00,29342.07,29383.15,29342.07,29355.71,437.9543
2023-07-30T00:00:00,29356.65,29359.96,29304.90,29315.44,300.5868
2023-07-30T04:00:00,29315.53,29334.82,29267.85,29292.20,216.4827
2023-07-30T08:00:00,29292.01,29322.64,29230.00,29311.61,276.0939
2023-07-30T12:00:00,29313.91,29450.00,29273.11,29346.64,882.6944
2023-07-30T16:00:00,29346.63,29405.20,29118.12,29198.44,1100.6768
2023-07-30T20:00:00,29198.12,29287.78,29033.00,29281.39,1611.0380
2023-07-31T00:00:00,29280.41,29526.99,29258.41,29423.95,1356.6004
2023-07-31T04:00:00,29423.95,29444.81,29360.39,29374.02,664.5679
2023-07-31T08:00:00,29374.01,29417.47,29325.67,29400.27,648.7936
2023-07-31T12:00:00,29400.27,29469.84,29218.44,29238.19,2241.4900
2023-07-31T16:00:00,29239.13,29267.54,29102.65,29151.73,2061.0142
2023-07-31T20:00:00,29154.26,29294.58,29111.83,29230.67,1821.3728
2023-08-01T00:00:00,29230.61,29344.20,28738.31,28826.98,3129.6233
2023-08-01T04:00:00,28826.54,28965.56,28477.00,28925.19,1812.4701
2023-08-01T08:00:00,28925.76,28986.63,28842.81,28844.17,1233.1861
2023-08-01T12:00:00,28845.92,28958.43,28552.42,28935.01,3645.2482
2023-08-01T16:00:00,28932.67,29314.46,28843.74,29264.00,4123.2417
2023-08-01T20:00:00,29261.83,29726.73,29161.58,29697.27,3807.5417
2023-08-02T00:00:00,29699.25,30033.00,29605.00,29615.48,4372.5367
2023-08-02T04:00:00,29616.86,29702.37,29542.83,29553.36,1123.5533
2023-08-02T08:00:00,29553.35,29557.87,29361.45,29552.73,1733.0117
2023-08-02T12:00:00,29551.89,29593.63,29154.96,29302.36,3026.6433
2023-08-02T16:00:00,29302.35,29344.66,28903.79,29126.43,6261.8898
2023-08-02T20:00:00,29126.41,29215.38,29045.97,29164.22,1449.7132
2023-08-03T00:00:00,29163.87,29253.85,29111.97,29162.42,1128.8035
2023-08-03T04:00:00,29162.41,29171.51,28988.89,29013.21,1066.3421
2023-08-03T08:00:00,29013.21,29170.77,28938.93,29112.34,851.4910
2023-08-03T12:00:00,29112.34,29399.97,29046.80,29228.11,2741.7323
2023-08-03T16:00:00,29228.10,29346.82,29120.18,29257.42,1899.5854
2023-08-03T20:00:00,29255.65,29338.98,29140.01,29174.18,1232.0606
2023-08-04T00:00:00,29174.84,29232.50,29083.19,29142.36,783.4828
2023-08-04T04:00:00,29142.35,29226.02,29108.66,29185.13,441.2658
2023-08-04T08:00:00,29185.13,29231.73,29105.91,29136.67,950.5108
2023-08-04T12:00:00,29136.67,29312.28,29097.61,29255.46,2014.7968
2023-08-04T16:00:00,29255.45,29268.34,28915.04,28998.79,1953.4502
2023-08-04T20:00:00,28998.80,29088.00,28747.10,29076.48,1147.6406
2023-08-05T00:00:00,29077.04,29111.87,29020.29,29052.52,686.9769
2023-08-05T04:00:00,29052.62,29054.71,28991.95,29008.38,208.3292
2023-08-05T08:00:00,29008.38,29054.02,29000.52,29014.93,195.2080
2023-08-05T12:00:00,29014.93,29055.61,28946.17,29008.70,635.0418
2023-08-05T16:00:00,29009.22,29071.33,28974.13,29036.65,420.5504
2023-08-05T20:00:00,29036.63,29068.84,29024.02,29047.12,344.7408
2023-08-06T00:00:00,29047.33,29052.26,29010.02,29029.77,247.1520
2023-08-06T04:00:00,29029.77,29077.82,29011.31,29061.40,254.4523
2023-08-06T08:00:00,29061.41,29108.47,29007.65,29038.85,275.0350
2023-08-06T12:00:00,29038.85,29044.32,28955.00,28973.93,360.2193
2023-08-06T16:00:00,28973.92,29068.65,28961.61,29048.65,440.4853
2023-08-06T20:00:00,29049.11,29163.24,28995.98,29040.01,884.2963
2023-08-07T00:00:00,29040.01,29183.13,28972.36,29107.96,804.9892
2023-08-07T04:00:00,29107.97,29149.13,28997.06,29041.91,498.9543
2023-08-07T08:00:00,29041.90,29098.77,28989.00,29037.20,573.6734
2023-08-07T12:00:00,29037.20,29086.52,28750.36,28818.49,2629.8378
2023-08-07T16:00:00,28817.88,29156.35,28660.53,29125.72,3305.8337
2023-08-07T20:00:00,29125.71,29246.00,29082.63,29179.21,1386.7968
2023-08-08T00:00:00,29179.28,29229.97,29104.65,29166.19,738.4306
2023-08-08T04:00:00,29166.93,29290.00,29146.76,29150.00,907.7214
2023-08-08T08:00:00,29150.00,29411.06,29132.86,29408.83,1281.3130
2023-08-08T12:00:00,29408.83,29659.62,29324.24,29512.06,4748.8502
2023-08-08T16:00:00,29512.02,29968.00,29510.01,29889.88,4955.2699
2023-08-08T20:00:00,29890.54,30222.00,29680.66,29770.01,2978.6698
2023-08-09T00:00:00,29770.01,29882.81,29643.00,29707.02,1205.4805
2023-08-09T04:00:00,29707.02,29815.25,29658.17,29813.05,805.1879
2023-08-09T08:00:00,29813.05,29896.99,29727.72,29878.95,921.1401
2023-08-09T12:00:00,29878.95,30128.88,29657.62,29742.88,3432.9435
2023-08-09T16:00:00,29742.88,29759.32,29368.52,29388.28,2726.7758
2023-08-09T20:00:00,29388.28,29606.60,29344.16,29562.76,1359.9239
2023-08-10T00:00:00,29562.76,29643.40,29542.31,29558.89,1044.1563
2023-08-10T04:00:00,29558.90,29589.01,29461.31,29482.35,613.7100
2023-08-10T08:00:00,29482.35,29531.28,29441.01,29474.01,548.4199
2023-08-10T12:00:00,29474.01,29709.38,29365.60,29439.78,1991.0435
2023-08-10T16:00:00,29438.50,29446.27,29306.00,29385.34,1928.6345
2023-08-10T20:00:00,29386.06,29452.75,29380.60,29424.03,978.5921
2023-08-11T00:00:00,29424.04,29469.84,29319.40,29372.31,643.7679
2023-08-11T04:00:00,29372.00,29444.46,29340.00,29370.11,468.2650
2023-08-11T08:00:00,29370.11,29414.69,29309.11,29409.75,987.3569
2023-08-11T12:00:00,29409.74,29534.14,29315.00,29357.83,1985.2973
2023-08-11T16:00:00,29359.53,29396.02,29213.59,29362.97,1316.6446
2023-08-11T20:00:00,29363.51,29415.84,29356.27,29400.45,559.8858
2023-08-12T00:00:00,29400.45,29438.04,29349.98,29374.53,326.6825
2023-08-12T04:00:00,29375.04,29399.99,29356.43,29390.73,199.6179
2023-08-12T08:00:00,29390.72,29422.68,29365.53,29406.90,144.8909
2023-08-12T12:00:00,29406.95,29441.37,29387.97,29423.99,398.5871
2023-08-12T16:00:00,29423.99,29477.31,29389.06,29401.44,605.5753
2023-08-12T20:00:00,29401.45,29421.06,29382.80,29416.96,230.8171
2023-08-13T00:00:00,29417.19,29439.76,29381.00,29397.62,221.5818
2023-08-13T04:00:00,29397.62,29397.62,29350.00,29385.01,256.2265
2023-08-13T08:00:00,29385.00,29393.88,29356.76,29366.88,163.1519
2023-08-13T12:00:00,29366.87,29377.44,29340.14,29350.43,271.6311
2023-08-13T16:00:00,29350.42,29447.60,29308.13,29419.17,665.8041
2023-08-13T20:00:00,29419.17,29425.43,29247.15,29275.94,549.9789
2023-08-14T00:00:00,29275.78,29393.99,29072.96,29363.26,1424.3592
2023-08-14T04:00:00,29363.26,29435.27,29354.13,29385.71,387.4095
2023-08-14T08:00:00,29386.29,29456.07,29344.03,29372.73,516.1775
2023-08-14T12:00:00,29372.72,29631.87,29288.63,29566.13,1980.5975
2023-08-14T16:00:00,29566.49,29665.27,29227.79,29326.63,1906.2484
2023-08-14T20:00:00,29326.62,29453.90,29296.63,29405.49,848.6760
2023-08-15T00:00:00,29405.49,29428.95,29332.21,29362.24,416.9592
2023-08-15T04:00:00,29362.24,29392.17,29308.10,29365.49,348.7005
2023-08-15T08:00:00,29365.49,29413.61,29310.73,29322.70,518.0912
2023-08-15T12:00:00,29322.71,29464.62,29269.28,29288.74,1454.7785
2023-08-15T16:00:00,29288.73,29331.08,29046.58,29145.88,2000.4337
2023-08-15T20:00:00,29145.87,29214.93,29101.71,29170.14,1076.3591
2023-08-16T00:00:00,29170.13,29231.92,29151.25,29188.24,715.8401
2023-08-16T04:00:00,29188.24,29196.60,29073.54,29158.13,643.5251
2023-08-16T08:00:00,29157.96,29183.10,29062.00,29126.44,769.7262
2023-08-16T12:00:00,29126.43,29178.50,29012.02,29068.40,1567.2515
2023-08-16T16:00:00,29067.94,29206.69,28917.69,29079.63,2600.7814
2023-08-16T20:00:00,29080.70,29109.03,28690.37,28700.51,3372.3010
2023-08-17T00:00:00,28700.51,28751.84,28316.37,28624.47,3086.5666
2023-08-17T04:00:00,28624.47,28677.17,28559.93,28581.81,1093.7093
2023-08-17T08:00:00,28581.81,28599.90,28445.95,28505.67,1136.4171
2023-08-17T12:00:00,28505.68,28537.38,27841.17,27903.01,6663.5287
2023-08-17T16:00:00,27905.32,28052.63,27671.36,27850.87,5896.5033
2023-08-17T20:00:00,27850.87,27883.28,25234.76,26627.57,9846.4860
2023-08-18T00:00:00,26627.21,26834.37,26314.03,26397.83,3044.0256
2023-08-18T04:00:00,26397.82,26608.53,26156.94,26418.73,3055.3510
2023-08-18T08:00:00,26415.85,26599.00,26369.29,26479.15,1901.1264
2023-08-18T12:00:00,26479.15,26490.24,25915.00,25982.10,4588.8018
2023-08-18T16:00:00,25983.58,26298.08,25610.00,26041.87,6537.5888
2023-08-18T20:00:00,26043.55,26230.17,26000.00,26048.89,2063.2368
2023-08-19T00:00:00,26048.90,26146.30,25912.55,25959.13,1309.3931
2023-08-19T04:00:00,25959.13,26003.80,25793.11,25908.44,1101.1878
2023-08-19T08:00:00,25909.45,25991.83,25875.96,25895.66,597.7377
2023-08-19T12:00:00,25895.81,26221.65,25866.01,26209.49,1362.6927
2023-08-19T16:00:00,26209.48,26269.11,26024.43,26125.01,1410.9918
2023-08-19T20:00:00,26125.00,26155.98,26029.78,26096.42,772.0503
2023-08-20T00:00:00,26096.40,26203.79,26041.25,26101.74,647.9878
2023-08-20T04:00:00,26101.73,26160.22,26043.01,26089.14,443.5814
2023-08-20T08:00:00,26089.13,26198.54,26055.27,26175.49,510.3537
2023-08-20T12:00:00,26174.94,26217.96,25975.01,26107.08,902.0851
2023-08-20T16:00:00,26107.86,26162.52,26003.32,26138.01,729.4746
2023-08-20T20:00:00,26138.35,26296.78,26136.88,26189.14,1111.5897
2023-08-21T00:00:00,26189.36,26198.69,26064.53,26086.74,687.9465
2023-08-21T04:00:00,26086.75,26183.07,25990.01,26013.03,868.9521
2023-08-21T08:00:00,26013.03,26078.90,25874.60,26023.27,1289.9611
2023-08-21T12:00:00,26023.27,26196.67,25814.00,25937.98,3520.8479
2023-08-21T16:00:00,25937.98,26163.25,25932.93,26094.11,2194.6977
2023-08-21T20:00:00,26094.11,26260.25,26079.61,26125.18,1374.5758
2023-08-22T00:00:00,26125.16,26137.99,26017.01,26048.14,744.3300
2023-08-22T04:00:00,26048.15,26110.70,25992.01,26095.18,688.7315
2023-08-22T08:00:00,26096.05,26103.59,26019.29,26044.76,540.8419
2023-08-22T12:00:00,26043.45,26092.16,25900.01,25919.60,2502.2391
2023-08-22T16:00:00,25917.90,26049.20,25718.77,25765.00,4132.0757
2023-08-22T20:00:00,25766.06,26055.69,25350.00,26042.11,3810.6547
2023-08-23T00:00:00,26041.94,26180.54,25978.11,25993.58,1344.9032
2023-08-23T04:00:00,25993.59,26178.62,25965.71,26049.16,1123.5657
2023-08-23T08:00:00,26049.14,26087.83,25893.01,25927.17,1234.0648
2023-08-23T12:00:00,25923.39,26174.45,25796.47,26136.25,3031.7514
2023-08-23T16:00:00,26136.25,26818.28,26114.51,26621.13,5659.8766
2023-08-23T20:00:00,26619.29,26723.77,26209.26,26427.54,3349.7026
2023-08-24T00:00:00,26427.73,26537.49,26342.26,26435.45,791.9929
2023-08-24T04:00:00,26435.44,26508.55,26381.52,26472.62,672.6379
2023-08-24T08:00:00,26473.25,26567.38,26403.47,26434.05,1219.3022
2023-08-24T12:00:00,26433.28,26433.76,25961.78,25978.86,3301.9184
2023-08-24T16:00:00,25980.75,26154.98,25850.00,26016.90,2766.9965
2023-08-24T20:00:00,26016.90,26195.54,25922.22,26163.49,1249.4920
2023-08-25T00:00:00,26163.49,26178.45,26001.35,26102.80,754.4425
2023-08-25T04:00:00,26102.80,26109.53,25952.77,25964.81,862.6713
2023-08-25T08:00:00,25964.80,26118.53,25960.36,26087.62,600.2189
2023-08-25T12:00:00,26087.61,26294.53,25750.00,25917.88,6669.4800
2023-08-25T16:00:00,25915.76,26046.10,25811.17,25956.44,1353.5035
2023-08-25T20:00:00,25956.44,26080.01,25941.63,26049.39,686.0216
2023-08-26T00:00:00,26049.40,26115.44,26021.47,26074.28,384.7859
2023-08-26T04:00:00,26074.28,26074.28,26033.39,26037.65,173.9741
2023-08-26T08:00:00,26037.65,26050.36,25989.51,26033.45,259.2382
2023-08-26T12:00:00,26033.44,26066.13,25971.44,26046.41,304.4206
2023-08-26T16:00:00,26046.40,26052.21,25996.10,26029.91,442.3184
2023-08-26T20:00:00,26029.90,26039.96,25983.07,26009.61,297.4131
2023-08-27T00:00:00,26009.62,26023.35,25961.81,26010.43,244.1704
2023-08-27T04:00:00,26010.43,26042.68,26008.34,26031.55,252.4536
2023-08-27T08:00:00,26032.11,26084.87,26018.79,26051.15,203.2726
2023-08-27T12:00:00,26051.15,26170.55,26043.21,26113.82,338.8520
2023-08-27T16:00:00,26113.56,26171.87,26028.98,26111.82,570.7142
2023-08-27T20:00:00,26111.81,26125.87,26030.78,26091.16,460.3854
2023-08-28T00:00:00,26091.16,26095.93,25979.24,25998.47,675.6870
2023-08-28T04:00:00,25998.47,26023.87,25862.38,25920.94,675.6697
2023-08-28T08:00:00,25920.93,25988.37,25850.00,25985.92,735.7478
2023-08-28T12:00:00,25985.92,26232.88,25975.03,26089.71,1366.5139
2023-08-28T16:00:00,26089.71,26182.09,25906.17,25977.18,1227.1635
2023-08-28T20:00:00,25975.77,26160.10,25934.91,26101.04,779.6385
2023-08-29T00:00:00,26101.03,26187.70,26047.44,26064.98,719.5089
2023-08-29T04:00:00,26064.98,26079.01,25975.00,25987.41,439.0642
2023-08-29T08:00:00,25987.41,26028.51,25903.18,25960.57,608.9115
2023-08-29T12:00:00,25960.56,27761.78,25946.67,27424.69,9518.6573
2023-08-29T16:00:00,27424.67,28184.89,27355.01,27839.05,7810.1275
2023-08-29T20:00:00,27839.04,27941.10,27535.78,27717.98,2305.8316
2023-08-30T00:00:00,27717.15,27775.00,27289.92,27389.27,2183.0121
2023-08-30T04:00:00,27390.33,27474.04,27369.80,27436.27,613.8087
2023-08-30T08:00:00,27436.27,27496.99,27305.05,27340.29,946.5281
2023-08-30T12:00:00,27340.28,27465.37,27015.75,27204.09,3163.0266
2023-08-30T16:00:00,27204.37,27284.06,27070.52,27174.56,1768.1727
2023-08-30T20:00:00,27175.99,27337.02,27174.78,27306.06,1119.4086
2023-08-31T00:00:00,27306.06,27308.95,27176.10,27210.01,621.5732
2023-08-31T04:00:00,27210.02,27290.81,27204.77,27255.76,384.0990
2023-08-31T08:00:00,27255.75,27576.99,27186.37,27305.93,1193.2325
2023-08-31T12:00:00,27304.34,27318.79,26787.53,26918.12,3398.7246
2023-08-31T16:00:00,26917.63,26920.00,25922.00,26150.85,5681.8143
2023-08-31T20:00:00,26150.01,26188.38,25660.61,25932.45,3182.5838
2023-09-01T00:00:00,25931.51,26088.77,25918.12,26070.59,1085.1350
2023-09-01T04:00:00,26070.59,26084.12,25968.51,25977.36,548.4329
2023-09-01T08:00:00,25977.35,26060.81,25947.79,26035.00,726.2695
2023-09-01T12:00:00,26035.01,26142.28,25548.18,25795.09,3843.9000
2023-09-01T16:00:00,25793.22,25938.40,25307.37,25628.58,6863.6110
2023-09-01T20:00:00,25632.62,25911.76,25546.70,25794.88,1928.3777
2023-09-02T00:00:00,25795.61,25832.51,25707.30,25784.80,728.7889
2023-09-02T04:00:00,25784.79,25838.39,25714.14,25787.27,619.6875
2023-09-02T08:00:00,25787.27,25858.38,25767.84,25806.96,592.0184
2023-09-02T12:00:00,25808.03,25982.48,25785.23,25891.67,960.1989
2023-09-02T16:00:00,25891.65,25937.14,25761.38,25831.04,558.6228
2023-09-02T20:00:00,25831.03,25904.24,25815.92,25867.83,351.4577
2023-09-03T00:00:00,25867.82,25904.02,25823.66,25863.16,358.4245
2023-09-03T04:00:00,25863.15,25950.00,25860.98,25949.96,307.3292
2023-09-03T08:00:00,25949.92,25951.97,25873.06,25939.78,254.6093
2023-09-03T12:00:00,25939.78,26088.88,25812.34,25866.60,956.0520
2023-09-03T16:00:00,25866.60,26032.80,25792.29,26004.31,829.8543
2023-09-03T20:00:00,26004.31,26123.00,25925.10,25969.83,728.2503
2023-09-04T00:00:00,25969.83,26093.07,25872.01,25979.88,595.5591
2023-09-04T04:00:00,25980.86,26014.86,25908.90,25955.79,503.6376
2023-09-04T08:00:00,25955.80,26002.39,25860.01,25880.04,624.9350
2023-09-04T12:00:00,25880.03,25956.54,25714.95,25808.70,1117.7094
2023-09-04T16:00:00,25808.57,25939.75,25801.04,25884.89,651.7761
2023-09-04T20:00:00,25884.88,25913.01,25627.00,25816.13,1142.1982
2023-09-05T00:00:00,25816.14,25833.83,25551.36,25679.48,850.4774
2023-09-05T04:00:00,25679.49,25743.91,25659.16,25718.81,526.1037
2023-09-05T08:00:00,25718.49,25795.01,25637.04,25765.30,682.7557
2023-09-05T12:00:00,25765.30,25884.04,25605.00,25741.03,1630.6986
2023-09-05T16:00:00,25741.02,25828.51,25668.43,25670.26,1503.3835
2023-09-05T20:00:00,25670.63,25795.04,25663.01,25783.91,857.7293
2023-09-06T00:00:00,25782.49,25856.43,25760.00,25768.00,686.0341
2023-09-06T04:00:00,25767.99,25779.72,25710.71,25711.39,390.6059
2023-09-06T08:00:00,25711.38,25765.78,25701.01,25722.26,472.8724
2023-09-06T12:00:00,25722.25,25765.22,25522.88,25576.95,2229.7708
2023-09-06T16:00:00,25576.13,26025.78,25358.00,25673.32,4393.2862
2023-09-06T20:00:00,25673.32,25776.45,25635.34,25747.63,1201.7686
2023-09-07T00:00:00,25747.63,25828.25,25708.06,25823.43,579.7967
2023-09-07T04:00:00,25823.43,25838.34,25733.84,25750.38,476.4253
2023-09-07T08:00:00,25750.39,25750.39,25674.91,25691.78,720.5969
2023-09-07T12:00:00,25691.77,25821.49,25595.80,25758.24,2551.9292
2023-09-07T16:00:00,25758.24,25966.33,25752.16,25863.31,2303.4491
2023-09-07T20:00:00,25862.67,26440.55,25843.53,26276.30,4252.9418
2023-09-08T00:00:00,26276.38,26460.41,26194.22,26246.28,2360.7823
2023-09-08T04:00:00,26246.28,26380.28,26181.78,26247.54,1311.0330
2023-09-08T08:00:00,26247.54,26262.23,25640.10,25827.74,2146.0042
2023-09-08T12:00:00,25827.74,25947.04,25784.81,25832.60,1921.2303
2023-09-08T16:00:00,25832.60,25886.02,25711.87,25885.01,2294.4018
2023-09-08T20:00:00,25885.00,25932.93,25843.34,25906.34,1116.5069
2023-09-09T00:00:00,25906.33,25906.36,25844.46,25872.37,429.4000
2023-09-09T04:00:00,25872.37,25887.86,25827.42,25873.37,216.1844
2023-09-09T08:00:00,25873.37,25898.16,25840.22,25856.07,258.3710
2023-09-09T12:00:00,25856.79,25925.82,25791.45,25889.63,583.1486
2023-09-09T16:00:00,25888.19,25942.69,25841.43,25865.71,387.8058
2023-09-09T20:00:00,25865.71,25916.45,25852.40,25897.82,350.9123
2023-09-10T00:00:00,25897.82,25901.80,25825.26,25853.34,336.2472
2023-09-10T04:00:00,25853.34,25869.91,25747.01,25850.00,426.3714
2023-09-10T08:00:00,25850.00,25865.28,25790.00,25790.01,271.8535
2023-09-10T12:00:00,25790.01,25826.32,25710.05,25766.69,733.1185
2023-09-10T16:00:00,25766.20,25849.99,25578.01,25792.48,1256.2205
2023-09-10T20:00:00,25792.49,26023.89,25763.07,25831.76,1337.7918
2023-09-11T00:00:00,25831.77,25869.26,25645.25,25729.31,839.0958
2023-09-11T04:00:00,25729.31,25891.60,25712.56,25807.49,541.1591
2023-09-11T08:00:00,25807.48,25824.79,25555.76,25591.31,1281.2298
2023-09-11T12:00:00,25591.30,25742.76,24947.00,25102.58,5808.3516
2023-09-11T16:00:00,25102.57,25233.74,24983.50,25013.25,2769.7253
2023-09-11T20:00:00,25011.98,25208.62,24900.00,25152.14,2164.5536
2023-09-12T00:00:00,25152.13,25946.69,25120.76,25790.13,3059.5294
2023-09-12T04:00:00,25788.77,25978.30,25607.60,25819.40,3721.7232
2023-09-12T08:00:00,25819.40,26321.09,25731.64,26093.49,3398.5262
2023-09-12T12:00:00,26095.00,26395.14,26029.53,26211.97,4548.5758
2023-09-12T16:00:00,26211.97,26556.91,25878.34,26064.66,3541.4248
2023-09-12T20:00:00,26064.96,26154.98,25800.00,25840.61,1519.7013
2023-09-13T00:00:00,25839.95,25992.18,25763.43,25873.80,1347.4617
2023-09-13T04:00:00,25873.80,26104.00,25838.70,25874.67,1125.8164
2023-09-13T08:00:00,25874.69,26243.80,25860.04,26194.35,1300.4290
2023-09-13T12:00:00,26195.04,26393.90,26023.86,26244.92,2961.9454
2023-09-13T16:00:00,26246.78,26413.59,26057.02,26145.43,2338.2154
2023-09-13T20:00:00,26143.38,26318.92,26143.30,26226.65,1025.8704
2023-09-14T00:00:00,26227.16,26546.37,26128.25,26270.86,2387.7292
2023-09-14T04:00:00,26270.86,26391.19,26164.45,26344.62,844.2127
2023-09-14T08:00:00,26343.04,26493.24,26270.00,26447.32,900.1422
2023-09-14T12:00:00,26448.77,26811.00,26344.76,26706.66,5100.1771
2023-09-14T16:00:00,26706.65,26869.06,26556.25,26687.12,2506.8730
2023-09-14T20:00:00,26687.69,26730.16,26481.59,26532.76,1189.9482
2023-09-15T00:00:00,26532.50,26630.00,26455.02,26621.86,1087.2679
2023-09-15T04:00:00,26620.32,26664.48,26555.11,26569.21,558.3277
2023-09-15T08:00:00,26569.21,26696.18,26385.28,26431.68,931.3362
2023-09-15T12:00:00,26429.31,26527.54,26213.96,26320.43,2594.8149
2023-09-15T16:00:00,26320.43,26451.95,26310.49,26405.22,1813.6501
2023-09-15T20:00:00,26403.94,26892.65,26372.49,26602.42,2360.5423
2023-09-16T00:00:00,26601.71,26777.00,26568.98,26622.23,968.6255
2023-09-16T04:00:00,26622.24,26627.96,26470.93,26498.67,711.7221
2023-09-16T08:00:00,26499.40,26587.29,26453.32,26529.13,616.3434
2023-09-16T12:00:00,26529.12,26582.83,26489.47,26513.92,600.6445
2023-09-16T16:00:00,26513.91,26622.46,26506.01,26542.32,774.8768
2023-09-16T20:00:00,26542.03,26590.00,26515.43,26569.69,459.8359
2023-09-17T00:00:00,26569.69,26571.03,26426.92,26534.71,675.9451
2023-09-17T04:00:00,26534.71,26572.06,26503.20,26503.23,336.8693
2023-09-17T08:00:00,26503.21,26626.49,26500.01,26575.23,392.0249
2023-09-17T12:00:00,26575.23,26610.69,26530.52,26557.56,531.2224
2023-09-17T16:00:00,26557.56,26559.01,26471.05,26513.06,553.2898
2023-09-17T20:00:00,26513.05,26540.34,26405.04,26530.95,762.9183
2023-09-18T00:00:00,26530.96,26752.67,26382.13,26665.41,1675.0612
2023-09-18T04:00:00,26665.41,26799.78,26572.20,26718.89,1001.5561
2023-09-18T08:00:00,26718.89,27247.94,26685.76,27209.61,3889.1184
2023-09-18T12:00:00,27209.61,27427.34,27145.64,27287.17,5325.8793
2023-09-18T16:00:00,27286.31,27329.49,26635.88,26822.99,4493.4407
2023-09-18T20:00:00,26823.07,26887.39,26735.48,26764.49,1108.6525
2023-09-19T00:00:00,26764.03,26846.29,26666.93,26827.55,1091.7137
2023-09-19T04:00:00,26827.54,26888.79,26766.26,26854.96,797.5715
2023-09-19T08:00:00,26854.96,27460.95,26854.95,27244.41,2983.9067
2023-09-19T12:00:00,27245.04,27499.15,26892.36,27441.33,4949.7589
2023-09-19T16:00:00,27439.84,27500.00,27077.06,27198.76,2899.6362
2023-09-19T20:00:00,27199.13,27233.54,26995.00,27216.13,1663.4918
2023-09-20T00:00:00,27216.52,27393.78,27089.36,27122.51,1764.1575
2023-09-20T04:00:00,27122.51,27165.07,26940.66,27108.95,1438.5373
2023-09-20T08:00:00,27108.94,27194.17,26948.88,27103.66,1356.3278
2023-09-20T12:00:00,27103.87,27241.89,26995.17,27186.70,1779.9900
2023-09-20T16:00:00,27186.69,27304.43,26798.98,26933.69,3656.5425
2023-09-20T20:00:00,26934.61,27240.41,26922.72,27123.94,1594.6852
2023-09-21T00:00:00,27122.65,27163.48,26937.12,27037.48,960.9884
2023-09-21T04:00:00,27037.47,27108.14,26980.01,26988.79,624.4026
2023-09-21T08:00:00,26988.79,27018.60,26616.22,26728.46,3024.7600
2023-09-21T12:00:00,26728.45,26771.76,26359.70,26579.44,4596.8046
2023-09-21T16:00:00,26579.44,26694.35,26541.39,26605.46,1701.3662
2023-09-21T20:00:00,26605.88,26634.99,26501.00,26564.54,893.6676
2023-09-22T00:00:00,26564.54,26669.00,26467.94,26625.18,1301.1285
2023-09-22T04:00:00,26627.26,26704.35,26568.58,26672.34,852.3704
2023-09-22T08:00:00,26672.33,26742.86,26584.12,26640.00,1164.6347
2023-09-22T12:00:00,26639.99,26698.57,26550.00,26631.91,1883.6112
2023-09-22T16:00:00,26631.92,26647.05,26525.15,26534.51,2114.6577
2023-09-22T20:00:00,26534.51,26597.50,26486.58,26578.40,1246.6498
2023-09-23T00:00:00,26578.40,26617.20,26521.47,26532.29,452.2551
2023-09-23T04:00:00,26532.29,26587.22,26513.00,26584.99,330.9753
2023-09-23T08:00:00,26585.00,26595.22,26555.56,26579.06,436.5258
2023-09-23T12:00:00,26579.05,26597.59,26548.84,26578.28,514.7225
2023-09-23T16:00:00,26578.27,26638.58,26556.65,26611.92,496.1232
2023-09-23T20:00:00,26611.76,26619.53,26555.51,26579.60,366.6553
2023-09-24T00:00:00,26579.59,26595.16,26556.06,26575.05,268.1683
2023-09-24T04:00:00,26575.04,26579.12,26549.00,26565.46,294.8826
2023-09-24T08:00:00,26565.45,26612.87,26563.46,26600.46,222.2500
2023-09-24T12:00:00,26600.47,26625.00,26564.04,26580.97,370.8164
2023-09-24T16:00:00,26580.98,26731.10,26334.03,26448.43,1790.7704
2023-09-24T20:00:00,26448.42,26526.66,26118.86,26250.24,1640.9176
2023-09-25T00:00:00,26248.17,26339.07,25997.00,26152.78,2613.4169
2023-09-25T04:00:00,26152.78,26188.78,26033.01,26181.17,1269.6211
2023-09-25T08:00:00,26181.16,26219.78,26011.37,26065.63,1185.4670
2023-09-25T12:00:00,26065.62,26300.00,25983.78,26239.08,2399.5658
2023-09-25T16:00:00,26240.18,26422.65,26220.10,26330.57,2221.5112
2023-09-25T20:00:00,26330.78,26444.95,26258.21,26296.08,1073.4020
2023-09-26T00:00:00,26296.07,26397.59,26224.54,26348.74,715.8046
2023-09-26T04:00:00,26348.73,26364.45,26244.92,26264.03,456.1683
2023-09-26T08:00:00,26264.02,26324.54,26178.42,26268.89,662.3443
2023-09-26T12:00:00,26268.89,26300.27,26080.00,26112.89,1821.3094
2023-09-26T16:00:00,26112.89,26285.43,26100.28,26229.84,1766.0164
2023-09-26T20:00:00,26230.29,26276.15,26084.38,26208.44,1594.7782
2023-09-27T00:00:00,26208.43,26283.12,26191.11,26262.76,993.9638
2023-09-27T04:00:00,26261.66,26278.69,26217.49,26225.90,558.8592
2023-09-27T08:00:00,26225.91,26829.15,26205.96,26747.34,3064.5978
2023-09-27T12:00:00,26747.12,26830.00,26151.01,26282.55,5935.2250
2023-09-27T16:00:00,26282.93,26293.20,26088.37,26248.15,2257.2192
2023-09-27T20:00:00,26249.44,26375.93,26203.61,26357.62,1314.0319
2023-09-28T00:00:00,26357.56,26537.46,26321.37,26357.13,1575.7328
2023-09-28T04:00:00,26357.13,26486.70,26326.37,26436.94,885.6587
2023-09-28T08:00:00,26436.86,26594.24,26368.76,26453.91,1060.1635
2023-09-28T12:00:00,26453.91,27050.63,26445.02,27011.89,5724.2940
2023-09-28T16:00:00,27011.89,27313.86,26870.99,27120.06,7910.6202
2023-09-28T20:00:00,27120.06,27182.91,26900.00,27027.14,1819.4085
2023-09-29T00:00:00,27027.44,27139.12,26868.88,26960.61,1777.7523
2023-09-29T04:00:00,26960.40,27238.90,26900.00,27178.03,1685.5438
2023-09-29T08:00:00,27178.02,27178.03,26957.90,26968.01,1436.6167
2023-09-29T12:00:00,26968.01,27099.61,26661.71,26884.52,4154.5631
2023-09-29T16:00:00,26884.52,26953.61,26741.87,26922.47,2301.4886
2023-09-29T20:00:00,26922.40,26985.51,26862.18,26907.00,1356.3072
2023-09-30T00:00:00,26905.57,26947.86,26884.86,26917.76,505.4729
2023-09-30T04:00:00,26917.79,26960.09,26913.98,26930.00,367.6621
2023-09-30T08:00:00,26930.00,27003.60,26923.60,26942.80,929.2182
2023-09-30T12:00:00,26943.59,27097.25,26915.00,27003.60,1213.4055
2023-09-30T16:00:00,27003.59,27053.21,26980.01,27030.47,670.0479
2023-09-30T20:00:00,27030.47,27092.52,26954.87,26961.00,727.5029
2023-10-01T00:00:00,26961.00,27054.96,26955.25,27051.23,507.4635
2023-10-01T04:00:00,27051.23,27163.06,27026.15,27117.19,580.8621
2023-10-01T08:00:00,27117.18,27293.80,27099.00,27198.01,873.2903
2023-10-01T12:00:00,27198.01,27237.15,27095.23,27151.72,825.4503
2023-10-01T16:00:00,27151.71,27160.71,27043.23,27109.38,741.2894
2023-10-01T20:00:00,27109.37,28062.62,27040.02,27995.46,5218.7131
2023-10-02T00:00:00,27995.46,28227.68,27830.08,28138.17,4630.2869
2023-10-02T04:00:00,28138.17,28440.85,27946.82,28323.22,3177.9864
2023-10-02T08:00:00,28322.22,28498.90,28203.43,28208.20,3451.9691
2023-10-02T12:00:00,28209.42,28613.37,28000.00,28042.48,5963.6472
2023-10-02T16:00:00,28036.16,28134.28,27644.08,27977.67,4659.2600
2023-10-02T20:00:00,27977.66,27977.85,27302.30,27504.04,3265.1038
2023-10-03T00:00:00,27504.03,27640.42,27383.23,27602.28,1482.7545
2023-10-03T04:00:00,27601.50,27672.12,27520.45,27539.10,1258.0697
2023-10-03T08:00:00,27539.19,27641.94,27471.96,27564.30,1075.8030
2023-10-03T12:00:00,27563.69,27592.43,27227.84,27339.03,4132.2277
2023-10-03T16:00:00,27337.10,27484.36,27245.49,27274.34,4255.0742
2023-10-03T20:00:00,27275.22,27474.69,27160.47,27428.96,2130.1794
2023-10-04T00:00:00,27428.96,27510.00,27208.65,27431.15,1571.9959
2023-10-04T04:00:00,27431.14,27455.74,27349.29,27455.50,864.6202
2023-10-04T08:00:00,27455.51,27646.29,27435.00,27578.76,965.7474
2023-10-04T12:00:00,27579.00,27638.81,27324.57,27398.28,2006.2430
2023-10-04T16:00:00,27398.28,27842.38,27395.24,27621.78,3086.3656
2023-10-04T20:00:00,27621.78,27835.60,27565.85,27786.75,1743.1984
2023-10-05T00:00:00,27786.12,27896.13,27655.00,27659.69,1105.8272
2023-10-05T04:00:00,27659.69,27705.25,27555.03,27610.46,964.2099
2023-10-05T08:00:00,27610.46,27782.01,27594.74,27729.50,869.6660
2023-10-05T12:00:00,27729.50,28140.00,27416.70,27557.78,6424.9583
2023-10-05T16:00:00,27557.14,27622.77,27358.05,27490.98,3657.4576
2023-10-05T20:00:00,27488.11,27511.23,27390.05,27412.96,1113.9288
2023-10-06T00:00:00,27413.15,27596.30,27396.90,27569.06,847.3505
2023-10-06T04:00:00,27569.06,27655.16,27469.23,27646.83,731.4896
2023-10-06T08:00:00,27645.51,27810.02,27597.26,27767.90,1083.8889
2023-10-06T12:00:00,27768.83,28071.15,27173.41,27957.61,4905.1129
2023-10-06T16:00:00,27957.40,28053.90,27805.58,27976.17,3378.9701
2023-10-06T20:00:00,27975.16,28288.88,27894.01,27945.17,1961.9394
2023-10-07T00:00:00,27945.17,27984.22,27861.20,27920.75,751.4843
2023-10-07T04:00:00,27921.26,27961.45,27893.13,27907.64,338.4364
2023-10-07T08:00:00,27907.63,28040.84,27894.04,27959.38,442.3337
2023-10-07T12:00:00,27959.39,28001.38,27914.10,27958.78,562.1821
2023-10-07T16:00:00,27959.28,27984.47,27872.13,27886.81,910.0025
2023-10-07T20:00:00,27886.81,27982.26,27872.32,27976.43,485.4770
2023-10-08T00:00:00,27976.44,28109.94,27963.55,28084.17,723.3391
2023-10-08T04:00:00,28084.17,28093.55,27895.10,27922.29,481.7324
2023-10-08T08:00:00,27922.30,27955.76,27800.00,27824.12,508.2431
2023-10-08T12:00:00,27824.12,28013.46,27708.60,27914.80,895.6091
2023-10-08T16:00:00,27915.24,27965.72,27826.34,27906.58,576.1877
2023-10-08T20:00:00,27906.57,28000.63,27810.70,27933.55,933.4525
2023-10-09T00:00:00,27933.54,28003.70,27810.39,27935.12,772.2297
2023-10-09T04:00:00,27935.12,27962.07,27822.16,27827.13,382.0677
2023-10-09T08:00:00,27827.14,27848.74,27410.54,27469.54,2729.1825
2023-10-09T12:00:00,27469.55,27581.23,27372.25,27447.78,2553.2239
2023-10-09T16:00:00,27447.78,27750.00,27268.63,27622.51,2996.6277
2023-10-09T20:00:00,27622.53,27659.43,27561.73,27596.67,785.2940
2023-10-10T00:00:00,27596.67,27708.19,27506.15,27639.83,884.6899
2023-10-10T04:00:00,27639.89,27713.04,27574.88,27652.66,888.8854
2023-10-10T08:00:00,27652.66,27739.94,27506.39,27513.05,690.7699
2023-10-10T12:00:00,27509.36,27628.47,27333.00,27413.54,3684.2521
2023-10-10T16:00:00,27412.87,27517.01,27291.81,27401.74,3022.4856
2023-10-10T20:00:00,27402.44,27474.64,27324.14,27393.29,1094.7106
2023-10-11T00:00:00,27393.28,27478.61,27010.27,27013.73,2116.4112
2023-10-11T04:00:00,27013.45,27145.78,26963.65,27022.19,1242.1847
2023-10-11T08:00:00,27022.18,27338.93,27012.73,27197.69,1839.9767
2023-10-11T12:00:00,27197.80,27265.33,26734.20,26774.36,3759.8889
2023-10-11T16:00:00,26774.37,26791.52,26521.32,26757.70,5983.9699
2023-10-11T20:00:00,26757.49,26892.26,26668.26,26869.19,1523.8347
2023-10-12T00:00:00,26867.97,26939.55,26726.55,26838.33,966.3812
2023-10-12T04:00:00,26838.33,26913.01,26774.86,26805.89,738.6698
2023-10-12T08:00:00,26805.40,26863.99,26652.42,26831.53,895.3153
2023-10-12T12:00:00,26831.52,26858.29,26608.47,26667.48,2184.4316
2023-10-12T16:00:00,26666.86,26794.59,26537.72,26698.00,2342.2241
2023-10-12T20:00:00,26698.95,26770.41,26693.98,26750.51,754.1930
2023-10-13T00:00:00,26752.06,26871.00,26739.34,26773.14,866.7459
2023-10-13T04:00:00,26773.95,26933.30,26765.82,26863.22,745.9866
2023-10-13T08:00:00,26862.69,26897.52,26727.27,26807.71,683.2471
2023-10-13T12:00:00,26808.12,26957.45,26671.19,26691.51,2224.6774
2023-10-13T16:00:00,26691.19,26799.75,26662.62,26773.00,1552.3581
2023-10-13T20:00:00,26771.54,27122.24,26737.00,26863.53,2621.5857
2023-10-14T00:00:00,26863.54,26988.12,26842.21,26932.37,655.9912
2023-10-14T04:00:00,26932.37,26939.49,26839.96,26872.30,265.4349
2023-10-14T08:00:00,26872.22,26902.79,26841.07,26873.29,270.2013
2023-10-14T12:00:00,26873.29,26948.78,26847.62,26940.80,495.0862
2023-10-14T16:00:00,26940.80,26953.17,26850.22,26866.15,572.0035
2023-10-14T20:00:00,26865.58,26887.48,26797.00,26851.71,528.0430
2023-10-15T00:00:00,26851.71,26911.74,26813.25,26881.74,414.9874
2023-10-15T04:00:00,26881.74,26891.60,26869.73,26886.16,221.8772
2023-10-15T08:00:00,26886.15,26922.75,26851.10,26855.67,223.7231
2023-10-15T12:00:00,26855.67,26968.75,26806.06,26900.31,635.9198
2023-10-15T16:00:00,26900.31,27083.46,26890.90,27045.10,732.4253
2023-10-15T20:00:00,27044.53,27301.37,27015.87,27186.13,3986.9185
2023-10-16T00:00:00,27186.13,27300.00,27135.92,27248.24,2315.6188
2023-10-16T04:00:00,27248.23,27995.00,27206.12,27866.58,6158.3791
2023-10-16T08:00:00,27866.76,27919.58,27651.95,27759.49,2174.2919
2023-10-16T12:00:00,27759.49,30000.00,27711.15,28072.60,17243.9191
2023-10-16T16:00:00,28072.60,28828.22,28070.71,28477.19,6002.5188
2023-10-16T20:00:00,28477.18,28655.59,28250.04,28520.24,2577.0225
2023-10-17T00:00:00,28520.24,28572.92,28247.38,28285.89,1991.8333
2023-10-17T04:00:00,28285.89,28480.40,28083.19,28439.46,1664.3101
2023-10-17T08:00:00,28439.45,28618.00,28367.18,28435.55,1533.0547
2023-10-17T12:00:00,28435.55,28593.70,28149.00,28479.75,4127.3633
2023-10-17T16:00:00,28479.75,28637.21,28328.54,28534.56,3219.1930
2023-10-17T20:00:00,28534.69,28574.05,28384.33,28408.83,1635.6774
2023-10-18T00:00:00,28408.51,28533.84,28331.58,28532.01,1616.6750
2023-10-18T04:00:00,28532.00,28999.98,28459.01,28508.62,3175.9356
2023-10-18T08:00:00,28508.62,28613.69,28253.71,28360.35,1674.6613
2023-10-18T12:00:00,28360.34,28428.54,28151.60,28254.72,2266.4909
2023-10-18T16:00:00,28254.71,28426.90,28226.61,28256.55,1806.4823
2023-10-18T20:00:00,28256.73,28382.46,28195.76,28326.51,1280.4360
2023-10-19T00:00:00,28326.24,28434.27,28122.57,28266.26,1458.8426
2023-10-19T04:00:00,28263.26,28355.52,28235.75,28339.21,689.7969
2023-10-19T08:00:00,28339.21,28533.74,28296.29,28456.63,1372.9653
2023-10-19T12:00:00,28456.63,28834.18,28427.34,28695.11,4293.0882
2023-10-19T16:00:00,28695.11,28938.96,28477.54,28773.19,3060.9405
2023-10-19T20:00:00,28772.90,28891.93,28611.53,28735.34,1787.0465
2023-10-20T00:00:00,28734.51,29428.88,28591.85,29251.68,3077.8586
2023-10-20T04:00:00,29251.68,29430.18,29136.53,29265.46,2666.9402
2023-10-20T08:00:00,29264.73,30248.00,29249.61,29863.07,5391.8770
2023-10-20T12:00:00,29865.34,29936.47,29401.92,29565.61,4684.1370
2023-10-20T16:00:00,29565.61,29605.52,29328.04,29582.53,2643.9283
2023-10-20T20:00:00,29582.53,29793.17,29528.11,29684.73,1631.1742
2023-10-21T00:00:00,29684.73,29712.97,29475.06,29613.45,734.8184
2023-10-21T04:00:00,29614.56,29738.52,29553.92,29706.78,567.5138
2023-10-21T08:00:00,29705.67,29880.44,29647.45,29818.23,623.4491
2023-10-21T12:00:00,29818.22,29987.52,29693.73,29945.17,1070.7316
2023-10-21T16:00:00,29945.17,30369.00,29857.60,30163.15,2512.0703
2023-10-21T20:00:00,30162.30,30179.29,29863.01,29924.84,861.3516
2023-10-22T00:00:00,29925.91,30087.23,29855.35,29927.01,713.2777
2023-10-22T04:00:00,29927.01,30275.00,29670.00,29835.40,1537.5293
2023-10-22T08:00:00,29835.46,30007.59,29795.71,29929.07,501.0959
2023-10-22T12:00:00,29930.12,29992.99,29803.00,29845.75,663.2775
2023-10-22T16:00:00,29845.75,29961.26,29821.71,29858.53,893.9498
2023-10-22T20:00:00,29858.53,30060.24,29705.97,30004.15,1411.1593
2023-10-23T00:00:00,30004.14,30801.00,29890.89,30745.61,3838.5636
2023-10-23T04:00:00,30745.61,30985.27,30428.96,30526.97,3048.4520
2023-10-23T08:00:00,30526.99,30785.77,30361.35,30666.50,1578.4535
2023-10-23T12:00:00,30666.50,30993.22,30400.00,30900.00,3740.5413
2023-10-23T16:00:00,30900.00,31452.69,30782.88,31382.38,7683.0600
2023-10-23T20:00:00,31386.83,35000.00,31342.69,33087.58,13339.3969
2023-10-24T00:00:00,33079.72,35157.23,32851.45,34023.70,10766.0609
2023-10-24T04:00:00,34020.69,34571.40,33704.32,34020.15,5537.0059
2023-10-24T08:00:00,34020.05,34880.27,33952.45,34552.52,2997.2928
2023-10-24T12:00:00,34552.52,34837.27,33242.34,33669.00,9089.5236
2023-10-24T16:00:00,33668.03,34377.26,33384.11,33804.92,4421.5158
2023-10-24T20:00:00,33805.45,34254.19,33000.00,33922.52,5694.9606
2023-10-25T00:00:00,33921.66,34375.67,33775.04,34005.97,2147.2575
2023-10-25T04:00:00,34006.79,34207.61,33690.91,33863.47,1785.6544
2023-10-25T08:00:00,33862.18,34432.64,33791.35,34203.16,2481.1373
2023-10-25T12:00:00,34203.86,35030.05,34203.21,34854.77,5519.5973
2023-10-25T16:00:00,34854.98,35144.00,34403.26,34767.70,4254.8194
2023-10-25T20:00:00,34761.53,34858.40,34272.00,34506.35,2479.9923
2023-10-26T00:00:00,34504.33,34843.04,34433.00,34810.00,1601.9990
2023-10-26T04:00:00,34809.99,34830.17,34417.43,34659.20,1456.7809
2023-10-26T08:00:00,34659.25,34751.48,33967.40,34108.32,2538.2333
2023-10-26T12:00:00,34111.01,34386.21,33857.89,34043.82,4292.5971
2023-10-26T16:00:00,34043.34,34133.25,33735.86,34051.99,4353.3043
2023-10-26T20:00:00,34049.06,34293.06,34030.10,34154.71,1624.5323
2023-10-27T00:00:00,34153.35,34180.85,33790.12,34123.90,1630.1331
2023-10-27T04:00:00,34121.61,34249.99,33933.13,33954.13,1154.9321
2023-10-27T08:00:00,33954.12,34188.00,33947.17,34047.94,1259.5174
2023-10-27T12:00:00,34046.70,34213.56,33829.15,34008.25,4911.3786
2023-10-27T16:00:00,34006.85,34038.92,33400.00,33706.54,3636.4485
2023-10-27T20:00:00,33702.50,33952.28,33673.50,33906.09,1286.6336
2023-10-28T00:00:00,33905.96,34157.16,33867.38,34069.69,871.9111
2023-10-28T04:00:00,34072.03,34191.17,34021.98,34051.64,457.2659
2023-10-28T08:00:00,34050.46,34500.00,34031.76,34179.74,903.1939
2023-10-28T12:00:00,34179.74,34247.30,33934.59,34199.01,890.4698
2023-10-28T16:00:00,34199.99,34229.19,34081.96,34116.81,796.9120
2023-10-28T20:00:00,34116.80,34201.87,34069.59,34085.42,452.7746
2023-10-29T00:00:00,34085.42,34108.27,33951.44,33978.01,507.9588
2023-10-29T04:00:00,33978.01,34142.79,33937.31,34087.18,343.1452
2023-10-29T08:00:00,34087.17,34333.00,34081.63,34263.29,611.3449
2023-10-29T12:00:00,34262.95,34576.49,34262.95,34460.99,1634.6149
2023-10-29T16:00:00,34465.49,34763.00,34376.88,34573.34,1467.0511
2023-10-29T20:00:00,34574.19,34736.82,34421.80,34534.48,982.9809
2023-10-30T00:00:00,34534.48,34585.20,34200.00,34279.01,2044.7384
2023-10-30T04:00:00,34279.02,34357.91,34127.40,34200.19,1410.3953
2023-10-30T08:00:00,34203.76,34688.00,34172.71,34618.85,1121.8150
2023-10-30T12:00:00,34619.67,34871.00,34488.44,34664.56,2566.9284
2023-10-30T16:00:00,34666.94,34668.06,34077.90,34455.72,2006.8228
2023-10-30T20:00:00,34453.00,34587.00,34330.44,34493.79,1033.0764
2023-10-31T00:00:00,34493.51,34623.21,34206.93,34223.15,1153.3629
2023-10-31T04:00:00,34222.20,34359.05,34099.84,34157.82,933.7174
2023-10-31T08:00:00,34157.82,34553.22,34038.79,34505.00,990.9012
2023-10-31T12:00:00,34502.90,34530.76,34141.80,34290.11,1714.8028
2023-10-31T16:00:00,34288.84,34601.93,34233.74,34555.14,2429.0052
2023-10-31T20:00:00,34555.56,34732.18,34444.49,34656.40,2060.2392
2023-11-01T00:00:00,34656.38,34687.53,34413.16,34433.76,1151.2253
2023-11-01T04:00:00,34434.14,34507.75,34323.31,34455.01,544.1987
2023-11-01T08:00:00,34457.58,34506.50,34340.50,34433.29,605.4885
2023-11-01T12:00:00,34433.29,35199.99,34079.46,34299.42,5632.5640
2023-11-01T16:00:00,34301.18,34750.00,34286.24,34577.02,3609.1932
2023-11-01T20:00:00,34573.72,35647.19,34546.82,35440.10,4654.7901
2023-11-02T00:00:00,35440.10,35997.80,35379.34,35597.33,3054.2012
2023-11-02T04:00:00,35594.11,35626.02,35093.22,35299.74,1568.2637
2023-11-02T08:00:00,35299.75,35498.25,35119.38,35395.69,1609.5243
2023-11-02T12:00:00,35392.66,35479.76,34550.00,34649.41,3575.6512
2023-11-02T16:00:00,34649.12,35036.94,34311.73,35011.21,2376.0068
2023-11-02T20:00:00,35013.42,35118.69,34708.96,34950.00,1272.0081
2023-11-03T00:00:00,34947.92,34954.60,34387.67,34691.80,1670.1953
2023-11-03T04:00:00,34689.97,34709.50,34320.47,34463.27,2127.3594
2023-11-03T08:00:00,34463.40,34614.47,34100.00,34253.23,2841.3786
2023-11-03T12:00:00,34254.34,34875.93,34150.01,34779.35,3733.9125
2023-11-03T16:00:00,34779.64,34841.32,34344.24,34541.12,2161.8755
2023-11-03T20:00:00,34543.51,34757.01,34493.58,34731.27,1426.9789
2023-11-04T00:00:00,34730.32,34797.72,34652.88,34722.75,860.9078
2023-11-04T04:00:00,34722.74,35014.99,34599.85,34783.11,960.7522
2023-11-04T08:00:00,34787.07,34895.52,34696.98,34729.05,419.4100
2023-11-04T12:00:00,34730.12,34822.95,34668.77,34732.16,462.5642
2023-11-04T16:00:00,34732.27,34823.11,34711.06,34751.16,654.3431
2023-11-04T20:00:00,34751.16,35278.40,34733.74,35087.01,1338.7242
2023-11-05T00:00:00,35087.43,35330.76,34957.31,35301.64,882.1065
2023-11-05T04:00:00,35303.10,35331.44,35065.57,35191.40,604.1191
2023-11-05T08:00:00,35191.40,35217.24,35038.59,35114.33,381.3067
2023-11-05T12:00:00,35114.33,35197.04,34804.17,34913.86,997.7250
2023-11-05T16:00:00,34913.85,35291.70,34895.89,35009.34,1080.1031
2023-11-05T20:00:00,35009.41,35410.00,34500.00,35035.42,1947.3129
2023-11-06T00:00:00,35035.79,35148.28,34861.15,35009.47,754.2467
2023-11-06T04:00:00,35009.24,35055.90,34753.66,34927.88,679.8649
2023-11-06T08:00:00,34926.80,35294.12,34849.10,35247.44,974.5977
2023-11-06T12:00:00,35250.85,35270.94,34924.60,35096.93,1604.6474
2023-11-06T16:00:00,35096.93,35127.79,34815.00,35070.39,1669.0468
2023-11-06T20:00:00,35070.39,35159.58,34903.01,35059.46,1405.8680
2023-11-07T00:00:00,35059.46,35066.66,34812.71,34933.46,1297.4288
2023-11-07T04:00:00,34933.46,34984.34,34836.54,34949.28,472.8092
2023-11-07T08:00:00,34949.28,34988.93,34574.98,34644.31,1178.1608
2023-11-07T12:00:00,34643.53,34872.76,34530.67,34737.45,1840.8561
2023-11-07T16:00:00,34737.45,35574.57,34577.72,35473.21,4439.8930
2023-11-07T20:00:00,35475.57,35963.00,35217.59,35416.28,4612.4439
2023-11-08T00:00:00,35416.63,35445.02,35243.24,35290.83,1004.7652
2023-11-08T04:00:00,35289.68,35376.42,35174.56,35232.67,725.4052
2023-11-08T08:00:00,35234.78,35451.58,35195.35,35343.83,668.7284
2023-11-08T12:00:00,35344.27,35479.11,35103.14,35223.07,1627.9892
2023-11-08T16:00:00,35222.70,35782.16,35178.65,35638.93,3260.2230
2023-11-08T20:00:00,35636.09,36113.59,35400.00,35639.13,4966.0471
2023-11-09T00:00:00,35639.13,36600.00,35555.16,36456.94,4330.2017
2023-11-09T04:00:00,36456.94,36883.05,36435.43,36556.55,3212.1463
2023-11-09T08:00:00,36556.55,37000.00,36545.95,36828.88,1915.9011
2023-11-09T12:00:00,36828.88,37999.00,36780.37,37108.82,7587.9677
2023-11-09T16:00:00,37108.79,37234.90,35672.67,36385.90,8409.6451
2023-11-09T20:00:00,36386.46,36800.51,36143.39,36706.59,3589.9900
2023-11-10T00:00:00,36704.01,36915.69,36445.15,36743.76,1678.9183
2023-11-10T04:00:00,36744.01,36821.72,36432.55,36445.94,1028.0881
2023-11-10T08:00:00,36443.16,37149.87,36334.46,37087.82,1743.6067
2023-11-10T12:00:00,37087.82,37271.47,36837.83,37096.59,3295.4091
2023-11-10T16:00:00,37096.60,37479.44,37096.60,37258.66,3665.4256
2023-11-10T20:00:00,37258.66,37548.80,37080.52,37324.83,3771.7208
2023-11-11T00:00:00,37324.84,37424.03,36923.15,37062.94,1560.3750
2023-11-11T04:00:00,37062.95,37153.28,36946.77,37032.08,613.9912
2023-11-11T08:00:00,37034.29,37076.44,36933.79,37008.91,394.1642
2023-11-11T12:00:00,37011.63,37297.87,36976.72,37078.89,777.3117
2023-11-11T16:00:00,37078.89,37203.73,37054.56,37162.13,683.2737
2023-11-11T20:00:00,37162.86,37164.90,36701.50,37139.12,1315.3380
2023-11-12T00:00:00,37139.94,37192.25,36740.90,37008.66,649.7692
2023-11-12T04:00:00,37007.15,37191.80,36929.84,37138.38,400.9475
2023-11-12T08:00:00,37138.08,37146.29,37040.17,37073.55,277.1616
2023-11-12T12:00:00,37073.55,37247.00,36952.67,37175.09,588.5877
2023-11-12T16:00:00,37173.94,37222.00,37067.64,37110.36,577.3773
2023-11-12T20:00:00,37110.72,37222.04,36964.62,37086.03,823.6594
2023-11-13T00:00:00,37086.50,37442.48,36886.05,36948.29,1662.7244
2023-11-13T04:00:00,36948.29,37067.89,36788.48,36974.59,1022.2976
2023-11-13T08:00:00,36975.02,37063.48,36715.48,36832.64,1035.5490
2023-11-13T12:00:00,36832.63,36960.35,36547.17,36848.29,2168.2016
2023-11-13T16:00:00,36848.24,37034.12,36593.50,36862.02,2070.2559
2023-11-13T20:00:00,36861.11,36891.11,36351.00,36475.67,2584.2672
2023-11-14T00:00:00,36475.68,36507.51,36203.40,36459.42,1385.3069
2023-11-14T04:00:00,36459.31,36728.88,36391.39,36698.82,700.5474
2023-11-14T08:00:00,36698.73,36756.16,36249.50,36272.73,1121.2532
2023-11-14T12:00:00,36272.63,36708.43,35855.00,36150.48,3977.8861
2023-11-14T16:00:00,36153.54,36413.26,34758.64,35293.74,5306.8522
2023-11-14T20:00:00,35290.88,35683.29,35213.33,35554.09,3516.6450
2023-11-15T00:00:00,35554.10,35670.90,35358.45,35391.86,1392.3841
2023-11-15T04:00:00,35392.53,35676.65,35379.71,35585.86,894.6920
2023-11-15T08:00:00,35586.77,36293.22,35586.76,36253.78,1336.3058
2023-11-15T12:00:00,36253.77,36439.46,36005.97,36422.80,2589.8368
2023-11-15T16:00:00,36422.80,37792.24,36276.13,37546.74,7217.3612
2023-11-15T20:00:00,37543.67,37987.00,37339.92,37885.35,6511.0958
2023-11-16T00:00:00,37885.35,37958.75,37359.28,37473.36,2133.5170
2023-11-16T04:00:00,37473.35,37629.85,37340.62,37445.37,921.3249
2023-11-16T08:00:00,37443.26,37555.45,37130.79,37260.41,1383.4637
2023-11-16T12:00:00,37260.42,37332.32,36260.32,36410.61,4997.8448
2023-11-16T16:00:00,36412.99,36653.10,35511.11,35914.90,5333.8034
2023-11-16T20:00:00,35914.90,36274.43,35660.03,36161.15,3686.0144
2023-11-17T00:00:00,36161.15,36674.75,36097.28,36495.76,1951.1734
2023-11-17T04:00:00,36492.90,36534.62,36141.91,36251.17,1071.4513
2023-11-17T08:00:00,36251.51,36473.75,36131.00,36382.68,1203.5570
2023-11-17T12:00:00,36382.69,36626.02,35869.00,36044.92,2457.9282
2023-11-17T16:00:00,36047.03,36831.99,35915.08,36331.54,3712.1419
2023-11-17T20:00:00,36331.53,36744.08,36310.44,36630.38,1822.5996
2023-11-18T00:00:00,36631.56,36631.63,36375.82,36393.02,637.3807
2023-11-18T04:00:00,36393.02,36446.76,36205.89,36433.18,515.0560
2023-11-18T08:00:00,36433.19,36549.80,36392.31,36420.19,284.9535
2023-11-18T12:00:00,36420.19,36699.96,36367.24,36679.25,502.7951
2023-11-18T16:00:00,36679.25,36857.15,36616.80,36702.75,982.4423
2023-11-18T20:00:00,36702.75,36732.71,36466.34,36594.89,545.7706
2023-11-19T00:00:00,36596.14,36599.93,36415.51,36543.94,455.2847
2023-11-19T04:00:00,36543.70,36688.86,36511.41,36636.68,435.3013
2023-11-19T08:00:00,36637.96,36731.67,36404.82,36479.03,332.0170
2023-11-19T12:00:00,36479.02,36590.00,36404.52,36586.73,446.7657
2023-11-19T16:00:00,36589.19,37002.09,36528.92,36964.16,889.2392
2023-11-19T20:00:00,36969.15,37546.62,36825.34,37391.19,1807.8409
2023-11-20T00:00:00,37389.06,37407.69,37063.93,37137.47,1210.5023
2023-11-20T04:00:00,37137.46,37280.00,37067.01,37264.68,799.6052
2023-11-20T08:00:00,37263.71,37440.05,37073.12,37173.11,1120.7909
2023-11-20T12:00:00,37173.11,37520.33,36720.00,37494.87,2861.1634
2023-11-20T16:00:00,37489.55,37784.07,36847.00,37606.28,5386.0272
2023-11-20T20:00:00,37606.28,37643.18,37314.26,37475.64,2735.9214
2023-11-21T00:00:00,37472.76,37675.77,37336.80,37494.85,1603.1131
2023-11-21T04:00:00,37494.84,37511.26,37262.78,37297.77,983.2715
2023-11-21T08:00:00,37297.79,37439.62,37161.36,37184.67,740.1460
2023-11-21T12:00:00,37184.66,37243.15,36264.46,37015.71,5531.1118
2023-11-21T16:00:00,37010.60,37535.37,36364.10,36987.52,6535.2129
2023-11-21T20:00:00,36988.93,37216.16,35744.90,35751.89,5444.8841
2023-11-22T00:00:00,35755.33,36391.10,35633.00,36387.87,3530.1918
2023-11-22T04:00:00,36387.88,36577.20,36328.36,36456.95,1306.8675
2023-11-22T08:00:00,36454.26,36782.79,36407.82,36470.26,1192.8703
2023-11-22T12:00:00,36471.62,36662.53,36241.00,36487.20,2611.5405
2023-11-22T16:00:00,36487.22,37438.64,36375.01,37307.67,4439.6235
2023-11-22T20:00:00,37302.62,37875.00,37230.00,37424.31,4525.8788
2023-11-23T00:00:00,37424.31,37550.22,37275.24,37315.20,1461.3999
2023-11-23T04:00:00,37315.21,37430.52,37281.48,37385.39,1125.9804
2023-11-23T08:00:00,37385.39,37653.67,37163.99,37378.41,1347.6775
2023-11-23T12:00:00,37378.41,37537.08,36888.00,36955.40,1675.5166
2023-11-23T16:00:00,36957.93,37352.93,36926.23,37288.27,1007.1915
2023-11-23T20:00:00,37288.10,37396.79,37215.37,37304.05,593.5517
2023-11-24T00:00:00,37304.04,37497.25,37257.56,37325.88,1051.0818
2023-11-24T04:00:00,37326.58,37577.58,37309.33,37537.27,875.7375
2023-11-24T08:00:00,37536.77,38103.00,37434.43,37761.77,3035.8529
2023-11-24T12:00:00,37762.63,38454.00,37621.71,38238.08,6720.2879
2023-11-24T16:00:00,38240.63,38389.00,37596.07,37790.70,3914.8603
2023-11-24T20:00:00,37789.06,37984.40,37613.30,37745.84,1910.0696
2023-11-25T00:00:00,37746.29,37872.59,37705.43,37826.98,808.6041
2023-11-25T04:00:00,37825.67,37860.57,37749.12,37828.73,453.1087
2023-11-25T08:00:00,37828.72,37857.89,37615.91,37679.50,495.2619
2023-11-25T12:00:00,37677.71,37762.49,37642.17,37721.00,450.2376
2023-11-25T16:00:00,37721.01,37866.23,37721.00,37841.74,639.6506
2023-11-25T20:00:00,37841.74,37920.27,37743.25,37805.99,720.5595
2023-11-26T00:00:00,37806.84,37815.87,37690.05,37759.00,465.0734
2023-11-26T04:00:00,37758.99,37822.60,37725.00,37809.19,344.6765
2023-11-26T08:00:00,37809.19,37842.17,37688.00,37699.65,448.6059
2023-11-26T12:00:00,37699.65,37702.03,37310.25,37455.07,1587.3446
2023-11-26T16:00:00,37455.06,37526.85,37156.72,37392.99,1489.5389
2023-11-26T20:00:00,37393.05,37761.93,37330.00,37462.79,1777.8169
2023-11-27T00:00:00,37462.01,37578.42,37203.01,37318.68,1695.6911
2023-11-27T04:00:00,37318.64,37433.11,37069.45,37294.06,1250.8377
2023-11-27T08:00:00,37293.03,37474.23,36885.87,37040.74,1735.4609
2023-11-27T12:00:00,37042.22,37107.54,36728.18,36756.30,3794.4660
2023-11-27T16:00:00,36756.30,37150.16,36715.10,36881.06,3178.6781
2023-11-27T20:00:00,36881.05,37280.19,36795.47,37241.63,1855.3209
2023-11-28T00:00:00,37241.64,37346.16,37106.20,37132.91,1072.6300
2023-11-28T04:00:00,37132.91,37151.59,36873.55,37106.27,1125.0289
2023-11-28T08:00:00,37105.37,37262.23,36925.42,37253.44,805.7181
2023-11-28T12:00:00,37252.79,37581.43,37146.58,37530.33,2668.3069
2023-11-28T16:00:00,37531.13,38425.96,37531.13,38158.13,9014.0276
2023-11-28T20:00:00,38153.74,38395.61,37677.92,37838.26,3470.7612
2023-11-29T00:00:00,37838.26,38140.02,37694.85,37967.97,1728.6450
2023-11-29T04:00:00,37967.97,38253.21,37889.59,38126.76,1476.7412
2023-11-29T08:00:00,38126.38,38480.00,37916.86,38126.32,2735.0660
2023-11-29T12:00:00,38125.37,38308.82,37581.93,37842.99,4745.3729
2023-11-29T16:00:00,37844.36,37944.61,37656.32,37881.77,2130.0032
2023-11-29T20:00:00,37879.69,37895.36,37588.05,37863.84,2346.8605
2023-11-30T00:00:00,37864.79,38059.96,37695.42,38056.75,1204.2097
2023-11-30T04:00:00,38056.75,38152.18,37770.95,37800.49,774.0626
2023-11-30T08:00:00,37800.48,37913.40,37585.75,37886.69,1190.8826
2023-11-30T12:00:00,37888.04,37977.48,37500.00,37614.97,2312.5817
2023-11-30T16:00:00,37615.44,37821.30,37527.39,37760.24,1498.7185
2023-11-30T20:00:00,37762.63,37822.68,37612.59,37732.27,1100.7374
2023-12-01T00:00:00,37732.27,38092.79,37618.25,38056.16,1358.9585
2023-12-01T04:00:00,38056.17,38364.91,38030.72,38254.87,1674.6988
2023-12-01T08:00:00,38255.15,38846.09,38227.96,38588.41,2738.4828
2023-12-01T12:00:00,38588.42,38643.97,38218.30,38427.70,3072.1793
2023-12-01T16:00:00,38427.52,39000.00,38405.86,38771.60,5439.4731
2023-12-01T20:00:00,38771.60,38926.87,38669.01,38703.54,2112.1095
2023-12-02T00:00:00,38706.55,38818.14,38660.03,38805.54,750.0988
2023-12-02T04:00:00,38805.28,38848.98,38718.87,38721.32,538.9933
2023-12-02T08:00:00,38723.41,38807.89,38669.46,38753.09,320.6513
2023-12-02T12:00:00,38754.57,38883.13,38730.00,38828.38,696.5516
2023-12-02T16:00:00,38828.37,39740.00,38727.05,39437.68,3159.3284
2023-12-02T20:00:00,39436.94,39728.80,39299.99,39478.95,2075.1455
2023-12-03T00:00:00,39467.42,39577.00,39293.02,39405.24,1102.4658
2023-12-03T04:00:00,39402.81,39511.33,39334.96,39498.37,420.8615
2023-12-03T08:00:00,39497.56,39559.18,39411.20,39492.61,343.2928
2023-12-03T12:00:00,39492.61,39817.73,39393.04,39775.52,1210.1763
2023-12-03T16:00:00,39775.42,39849.00,39457.85,39582.42,1072.2138
2023-12-03T20:00:00,39585.50,40221.22,39567.38,39984.81,3004.1465
2023-12-04T00:00:00,39984.81,40900.00,39983.60,40725.74,3877.2067
2023-12-04T04:00:00,40724.70,41753.98,40692.98,41454.74,3555.4135
2023-12-04T08:00:00,41452.87,42159.92,41357.59,41600.00,3068.1358
2023-12-04T12:00:00,41600.00,41940.00,41131.72,41265.63,4033.8646
2023-12-04T16:00:00,41269.67,42051.89,41170.04,41994.12,3483.2588
2023-12-04T20:00:00,41992.64,42410.46,41717.34,41987.24,3975.1806
2023-12-05T00:00:00,41985.53,41986.36,41616.81,41834.10,3038.1759
2023-12-05T04:00:00,41830.52,41918.75,41384.03,41527.80,1417.3692
2023-12-05T08:00:00,41527.96,41772.57,41427.74,41727.20,921.6481
2023-12-05T12:00:00,41727.20,42509.46,41691.21,42271.08,3817.7044
2023-12-05T16:00:00,42269.10,44100.00,42134.95,43807.99,9395.6298
2023-12-05T20:00:00,43807.19,45000.00,43413.38,44084.39,5428.2329
2023-12-06T00:00:00,44086.33,44162.22,43577.23,43746.82,2566.5097
2023-12-06T04:00:00,43746.82,43866.39,43448.95,43684.24,1955.3795
2023-12-06T08:00:00,43683.28,44290.37,43369.00,43838.72,2524.3213
2023-12-06T12:00:00,43835.04,44289.00,43730.00,43785.07,3629.4082
2023-12-06T16:00:00,43785.19,44138.96,43727.16,43983.17,3038.8553
2023-12-06T20:00:00,43987.81,44143.72,43601.58,43764.05,2263.0853
2023-12-07T00:00:00,43766.41,44003.22,43710.64,43936.13,906.2674
2023-12-07T04:00:00,43936.13,44057.23,43840.78,43889.68,849.5581
2023-12-07T08:00:00,43891.03,43913.33,42846.53,43189.94,3189.7598
2023-12-07T12:00:00,43191.14,43930.74,42957.67,43670.80,2900.0850
2023-12-07T16:00:00,43670.82,43767.42,43072.64,43213.76,2936.3244
2023-12-07T20:00:00,43212.66,43460.79,43080.01,43280.95,2273.3722
2023-12-08T00:00:00,43281.11,43539.00,43276.07,43376.58,1085.8466
2023-12-08T04:00:00,43376.58,43560.69,43118.15,43165.66,1014.7914
2023-12-08T08:00:00,43164.78,43739.03,43087.17,43662.71,1197.1013
2023-12-08T12:00:00,43663.30,44041.47,43480.42,43767.95,3145.0180
2023-12-08T16:00:00,43767.96,44005.91,43636.08,43984.17,3732.7489
2023-12-08T20:00:00,43984.29,44754.99,43980.19,44192.87,3403.9024
2023-12-09T00:00:00,44192.86,44300.00,44040.44,44161.94,879.2337
2023-12-09T04:00:00,44161.94,44384.68,44113.00,44194.46,732.3070
2023-12-09T08:00:00,44195.12,44208.91,43750.00,43829.19,903.2583
2023-12-09T12:00:00,43829.18,44156.35,43752.55,44060.49,1003.1396
2023-12-09T16:00:00,44058.14,44100.99,43891.41,43944.97,836.6978
2023-12-09T20:00:00,43946.28,44090.41,43586.14,43723.25,1114.7706
2023-12-10T00:00:00,43722.84,43868.89,43675.74,43849.39,532.6083
2023-12-10T04:00:00,43850.57,44015.00,43820.10,43967.59,454.2836
2023-12-10T08:00:00,43967.60,44040.81,43609.99,43744.17,669.0409
2023-12-10T12:00:00,43746.35,43971.13,43730.46,43905.32,568.1711
2023-12-10T16:00:00,43901.11,43938.89,43737.91,43798.23,657.5756
2023-12-10T20:00:00,43798.23,44049.51,43562.06,43793.68,1037.4147
2023-12-11T00:00:00,43793.67,43811.81,40300.00,42317.30,6002.9629
2023-12-11T04:00:00,42312.54,42334.27,41638.85,42116.67,2853.5946
2023-12-11T08:00:00,42117.10,42485.65,41963.00,42345.49,1575.4183
2023-12-11T12:00:00,42345.24,42396.21,41641.78,41775.41,3730.2276
2023-12-11T16:00:00,41775.40,41822.52,40150.00,40736.39,7296.9588
2023-12-11T20:00:00,40736.38,41339.12,40511.11,41229.61,4065.5088
2023-12-12T00:00:00,41229.61,41932.84,41153.91,41720.69,2169.1617
2023-12-12T04:00:00,41720.51,42051.99,41359.07,41907.74,1247.0029
2023-12-12T08:00:00,41907.63,42088.56,41541.41,41573.72,1319.6383
2023-12-12T12:00:00,41575.87,42049.62,41137.50,41329.24,3196.1861
2023-12-12T16:00:00,41330.02,41434.49,40636.51,41113.16,3535.4117
2023-12-12T20:00:00,41113.15,41537.62,41018.13,41477.39,1947.4672
2023-12-13T00:00:00,41477.60,41490.20,40553.15,40815.22,1978.5727
2023-12-13T04:00:00,40815.03,41222.24,40604.09,41094.73,1340.7907
2023-12-13T08:00:00,41094.64,41261.32,40921.28,40969.72,816.9885
2023-12-13T12:00:00,40971.05,41932.58,40955.37,41913.64,2695.0750
2023-12-13T16:00:00,41913.64,42894.93,41714.54,42758.96,5104.1044
2023-12-13T20:00:00,42758.96,43475.00,42581.20,42885.54,3863.1330
2023-12-14T00:00:00,42887.39,42960.12,42675.68,42730.49,1935.6428
2023-12-14T04:00:00,42730.50,43121.90,42696.00,42914.05,1028.0039
2023-12-14T08:00:00,42910.12,43313.78,42693.14,43270.68,1363.2509
2023-12-14T12:00:00,43270.70,43364.94,41426.76,42463.97,5175.1509
2023-12-14T16:00:00,42463.97,43442.15,42457.22,43102.26,4046.5024
2023-12-14T20:00:00,43103.53,43195.14,42863.46,43027.77,1885.7089
2023-12-15T00:00:00,43027.77,43095.71,42500.00,42800.06,1363.9219
2023-12-15T04:00:00,42800.41,42876.49,42524.19,42720.16,941.0423
2023-12-15T08:00:00,42721.50,43041.95,42650.19,42778.20,903.9270
2023-12-15T12:00:00,42781.08,42789.39,41640.51,41890.85,2618.5046
2023-12-15T16:00:00,41889.33,42174.60,41649.25,42087.87,3026.7534
2023-12-15T20:00:00,42089.19,42275.21,41902.29,41933.89,2007.5795
2023-12-16T00:00:00,41934.84,42382.74,41626.66,42312.70,1284.6878
2023-12-16T04:00:00,42308.80,42342.51,42108.08,42187.65,584.4299
2023-12-16T08:00:00,42189.84,42305.84,42066.32,42290.38,596.5079
2023-12-16T12:00:00,42294.02,42579.43,42218.65,42570.00,898.9775
2023-12-16T16:00:00,42569.82,42680.20,42307.01,42327.38,995.2826
2023-12-16T20:00:00,42327.37,42384.74,42116.66,42237.29,955.7701
2023-12-17T00:00:00,42235.23,42267.69,41810.72,41881.99,843.2142
2023-12-17T04:00:00,41880.71,42023.41,41741.83,41838.93,834.2731
2023-12-17T08:00:00,41840.30,41972.01,41629.08,41901.65,819.6392
2023-12-17T12:00:00,41901.65,41950.00,41500.00,41762.86,1152.9807
2023-12-17T16:00:00,41762.86,42367.82,41643.38,42051.96,1386.8457
2023-12-17T20:00:00,42051.18,42137.47,41222.00,41349.59,1612.1120
2023-12-18T00:00:00,41349.59,41421.10,40765.27,41065.09,1753.4092
2023-12-18T04:00:00,41065.35,41261.71,40950.20,41085.87,1548.1906
2023-12-18T08:00:00,41085.87,41216.49,40508.01,41062.49,1892.3799
2023-12-18T12:00:00,41063.21,41716.71,40847.12,41246.85,2170.8032
2023-12-18T16:00:00,41250.89,41723.15,41128.59,41689.16,2521.9524
2023-12-18T20:00:00,41688.59,42754.79,41558.89,42650.01,3507.5994
2023-12-19T00:00:00,42650.01,43461.86,42552.95,43065.56,2715.7406
2023-12-19T04:00:00,43065.61,43123.19,42802.64,43021.60,1016.6517
2023-12-19T08:00:00,43024.20,43256.49,42936.05,42955.67,944.9493
2023-12-19T12:00:00,42955.67,43030.41,42214.88,42464.30,2572.7343
2023-12-19T16:00:00,42461.46,42627.19,41780.00,42305.59,3895.5232
2023-12-19T20:00:00,42310.67,42499.00,42087.79,42266.22,2258.3354
2023-12-20T00:00:00,42266.25,42479.46,42184.48,42407.49,1063.6113
2023-12-20T04:00:00,42406.84,43001.91,42356.14,42904.44,1363.4679
2023-12-20T08:00:00,42904.43,42986.91,42670.58,42861.04,1243.9258
2023-12-20T12:00:00,42859.76,44324.86,42755.35,44049.09,6366.1471
2023-12-20T16:00:00,44048.26,44297.89,43501.99,43754.79,6220.4588
2023-12-20T20:00:00,43751.00,43821.78,43254.82,43674.77,3049.4981
2023-12-21T00:00:00,43673.11,43734.75,43295.78,43651.56,1558.8903
2023-12-21T04:00:00,43642.86,43865.00,43446.39,43753.12,988.6862
2023-12-21T08:00:00,43753.12,44098.42,43579.91,43929.13,1615.6415
2023-12-21T12:00:00,43928.75,44250.00,43384.48,43817.05,3059.8852
2023-12-21T16:00:00,43817.05,43915.10,43361.44,43583.25,3414.1101
2023-12-21T20:00:00,43580.46,44138.45,43549.95,43875.32,2533.7595
2023-12-22T00:00:00,43875.56,44280.15,43746.99,44028.99,1666.5447
2023-12-22T04:00:00,44028.99,44424.36,43536.92,43600.18,1526.7578
2023-12-22T08:00:00,43600.18,43833.92,43472.56,43751.59,1850.8698
2023-12-22T12:00:00,43752.04,43824.15,43412.82,43685.69,1705.7944
2023-12-22T16:00:00,43682.95,44038.30,43500.00,43671.08,2821.7108
2023-12-22T20:00:00,43671.08,44091.12,43651.16,44013.73,1161.8760
2023-12-23T00:00:00,44013.65,44033.84,43495.65,43564.26,1034.7857
2023-12-23T04:00:00,43565.95,43683.93,43333.35,43598.77,667.4588
2023-12-23T08:00:00,43598.78,43701.05,43513.92,43569.14,408.4425
2023-12-23T12:00:00,43569.14,43894.70,43569.13,43781.51,655.8135
2023-12-23T16:00:00,43785.20,43888.20,43709.82,43719.55,607.1397
2023-12-23T20:00:00,43719.65,43871.81,43659.08,43726.35,701.4494
2023-12-24T00:00:00,43728.36,43935.62,43630.00,43860.91,647.4083
2023-12-24T04:00:00,43860.92,43985.67,43454.55,43667.42,883.9566
2023-12-24T08:00:00,43667.41,43721.81,43434.62,43655.99,389.4939
2023-12-24T12:00:00,43658.10,43901.70,43585.12,43710.00,550.7767
2023-12-24T16:00:00,43710.67,43747.06,43578.33,43646.55,597.2822
2023-12-24T20:00:00,43647.22,43656.10,42614.17,43025.03,1878.0840
2023-12-25T00:00:00,43025.02,43174.22,42755.35,43167.77,864.9753
2023-12-25T04:00:00,43166.61,43339.64,43097.00,43219.34,762.3488
2023-12-25T08:00:00,43215.07,43305.45,43056.87,43188.37,424.9962
2023-12-25T12:00:00,43185.95,43818.29,43106.54,43625.11,978.6216
2023-12-25T16:00:00,43625.10,43719.17,43362.57,43485.12,961.7704
2023-12-25T20:00:00,43485.13,43740.68,43333.88,43589.67,807.0189
2023-12-26T00:00:00,43589.67,43605.00,43375.00,43459.41,737.1980
2023-12-26T04:00:00,43459.77,43497.81,42569.94,42759.55,2581.5387
2023-12-26T08:00:00,42758.92,42791.99,42181.68,42671.48,1329.5828
2023-12-26T12:00:00,42671.48,42831.00,42244.00,42363.20,2665.8636
2023-12-26T16:00:00,42363.21,42394.90,41600.67,42099.94,4372.6334
2023-12-26T20:00:00,42099.87,42599.47,42036.92,42515.53,1348.2109
2023-12-27T00:00:00,42521.21,42553.83,42111.47,42242.60,912.4421
2023-12-27T04:00:00,42242.35,42544.09,42210.00,42467.26,485.9432
2023-12-27T08:00:00,42467.26,43250.72,42396.37,43030.34,1695.3811
2023-12-27T12:00:00,43029.19,43174.51,42716.16,42999.22,3071.7389
2023-12-27T16:00:00,43001.14,43242.59,42861.01,43182.30,2789.0006
2023-12-27T20:00:00,43180.31,43709.98,43138.79,43474.40,3962.9781
2023-12-28T00:00:00,43469.06,43830.34,43338.88,43448.04,2950.4782
2023-12-28T04:00:00,43448.05,43657.36,42825.00,43061.23,1530.6440
2023-12-28T08:00:00,43064.37,43207.70,42874.79,43079.78,1717.6189
2023-12-28T12:00:00,43079.79,43148.21,42407.53,42451.96,3023.7927
2023-12-28T16:00:00,42457.43,42723.23,42265.08,42613.77,2724.9307
2023-12-28T20:00:00,42613.77,42769.67,42350.00,42581.23,1636.4516
2023-12-29T00:00:00,42581.23,42791.19,42135.74,42708.15,2202.2319
2023-12-29T04:00:00,42708.15,42785.25,42245.79,42309.15,1783.7728
2023-12-29T08:00:00,42309.43,42959.35,42297.66,42896.87,1550.5341
2023-12-29T12:00:00,42896.85,43137.10,42160.81,42296.19,3556.8750
2023-12-29T16:00:00,42295.88,42379.56,41650.00,42112.54,4599.8546
2023-12-29T20:00:00,42114.98,42222.72,41300.00,42063.45,3063.1648
2023-12-30T00:00:00,42064.22,42207.44,41800.01,41963.25,2439.3460
2023-12-30T04:00:00,41963.25,42139.76,41902.04,41925.29,1963.1882
2023-12-30T08:00:00,41925.29,41965.87,41518.19,41883.32,1669.6335
2023-12-30T12:00:00,41882.94,42420.00,41865.00,42363.24,1955.1828
2023-12-30T16:00:00,42363.76,42593.73,42234.34,42348.01,2023.7077
2023-12-30T20:00:00,42345.91,42392.47,42059.83,42141.03,1558.7655
2023-12-31T00:00:00,42139.32,42418.25,41964.68,42162.29,1748.9791
2023-12-31T04:00:00,42162.29,42657.35,42134.40,42515.91,1520.9654
2023-12-31T08:00:00,42518.70,42850.00,42350.01,42508.07,2181.6692
2023-12-31T12:00:00,42508.03,42628.66,42336.31,42435.05,1682.5837
2023-12-31T16:00:00,42435.51,42700.00,42405.86,42591.94,1803.8511
2023-12-31T20:00:00,42589.87,42651.77,42066.35,42288.06,2459.5244
2024-01-01T00:00:00,42288.58,42749.99,42235.00,42325.11,1308.5460
2024-01-01T04:00:00,42325.10,42534.49,42175.65,42496.49,1219.2077
2024-01-01T08:00:00,42496.58,42767.60,42451.00,42690.00,515.8591
2024-01-01T12:00:00,42690.00,42868.74,42581.54,42797.33,823.1225
2024-01-01T16:00:00,42799.37,43567.46,42680.01,43547.61,1716.8099
2024-01-01T20:00:00,43537.04,44240.80,43389.00,44220.78,2394.1832
2024-01-02T00:00:00,44220.78,45601.00,44195.13,45473.97,8433.2878
2024-01-02T04:00:00,45476.27,45707.69,45131.00,45504.64,2638.4504
2024-01-02T08:00:00,45504.40,45925.82,45243.78,45487.83,2196.3623
2024-01-02T12:00:00,45488.90,45863.46,44888.01,45236.25,6001.1873
2024-01-02T16:00:00,45235.85,45433.69,44823.75,45055.75,6035.9235
2024-01-02T20:00:00,45052.18,45307.07,44630.29,44972.80,4278.1728
2024-01-03T00:00:00,44972.81,45432.39,44884.14,45286.95,1987.7408
2024-01-03T04:00:00,45289.08,45405.55,44957.01,45027.43,1369.9821
2024-01-03T08:00:00,45027.43,45519.32,43500.01,43737.06,3820.0929
2024-01-03T12:00:00,43751.15,43755.53,40625.68,43017.35,14566.1529
2024-01-03T16:00:00,43022.18,43598.26,42012.35,42613.07,7401.0414
2024-01-03T20:00:00,42612.31,42987.96,42537.25,42862.44,3136.8423
2024-01-04T00:00:00,42860.58,43248.05,42650.00,43138.05,1577.4863
2024-01-04T04:00:00,43140.26,43307.18,42795.01,42795.01,1407.2198
2024-01-04T08:00:00,42801.45,43281.13,42699.43,43226.07,1575.7849
2024-01-04T12:00:00,43226.06,44355.54,43136.57,44095.63,4348.5235
2024-01-04T16:00:00,44095.63,44489.48,43824.13,44006.83,5158.4565
2024-01-04T20:00:00,44006.76,44800.00,43945.18,44193.29,4126.3459
2024-01-05T00:00:00,44198.35,44336.28,42450.00,43511.08,4252.5825
2024-01-05T04:00:00,43509.15,43967.75,43236.22,43810.31,1692.8901
2024-01-05T08:00:00,43812.63,44344.93,43505.08,43808.86,1914.3899
2024-01-05T12:00:00,43807.58,44145.25,43208.44,43525.45,3131.3903
2024-01-05T16:00:00,43525.44,43845.84,43114.40,43623.30,2958.4692
2024-01-05T20:00:00,43624.50,44443.37,43616.57,44186.59,4123.3737
2024-01-06T00:00:00,44187.76,44260.95,43862.35,43973.32,1048.7459
2024-01-06T04:00:00,43973.32,44015.96,43436.50,43696.57,843.2279
2024-01-06T08:00:00,43696.47,43799.91,43577.58,43705.54,439.8391
2024-01-06T12:00:00,43705.15,43958.96,43564.33,43901.64,1288.8805
2024-01-06T16:00:00,43901.64,44179.72,43857.61,43939.48,925.0315
2024-01-06T20:00:00,43940.30,44042.99,43697.62,43992.44,1145.7098
2024-01-07T00:00:00,43992.79,44287.82,43866.40,43970.54,1041.7364
2024-01-07T04:00:00,43971.10,44128.88,43870.00,44114.27,617.5526
2024-01-07T08:00:00,44115.58,44197.54,43907.58,44092.19,460.5675
2024-01-07T12:00:00,44092.18,44510.01,43968.76,44078.77,1120.6021
2024-01-07T16:00:00,44078.77,44289.21,43724.94,44274.65,987.1805
2024-01-07T20:00:00,44273.44,44307.47,43629.70,43950.28,1703.7073
2024-01-08T00:00:00,43954.52,44000.00,43200.44,43539.23,2141.8018
2024-01-08T04:00:00,43542.92,44384.00,43447.51,43994.50,2015.3362
2024-01-08T08:00:00,43994.49,44732.74,43649.99,44658.71,1493.6747
2024-01-08T12:00:00,44656.58,45410.00,44422.31,45002.43,5690.2629
2024-01-08T16:00:00,44998.98,47330.00,44832.46,47030.20,10215.2700
2024-01-08T20:00:00,47027.90,47256.81,46697.05,46995.10,4890.8277
2024-01-09T00:00:00,46995.09,47196.00,46254.68,46964.72,3188.7927
2024-01-09T04:00:00,46965.82,46981.07,46627.74,46847.83,1023.4703
2024-01-09T08:00:00,46850.96,46898.11,46414.83,46643.78,1059.1309
2024-01-09T12:00:00,46643.78,47077.63,45526.96,46876.36,5106.3991
2024-01-09T16:00:00,46875.24,46993.06,46522.01,46890.10,3092.4397
2024-01-09T20:00:00,46888.27,47901.00,44701.54,46124.08,12835.3310
2024-01-10T00:00:00,46120.79,46248.84,45613.22,46132.33,2518.9058
2024-01-10T04:00:00,46130.57,46199.08,45745.38,45768.43,1460.5916
2024-01-10T08:00:00,45768.43,45869.10,45030.00,45526.41,2553.6500
2024-01-10T12:00:00,45529.63,45663.31,44320.01,45557.32,7062.8751
2024-01-10T16:00:00,45563.31,46755.73,45188.68,46518.14,7086.8111
2024-01-10T20:00:00,46514.45,47732.50,44813.00,46666.11,15851.5641
2024-01-11T00:00:00,46678.54,46783.33,46219.30,46513.73,2909.8668
2024-01-11T04:00:00,46513.67,46521.65,45623.02,46102.74,2615.9652
2024-01-11T08:00:00,46102.73,47165.69,46059.42,47076.78,2164.4163
2024-01-11T12:00:00,47076.78,49102.29,46422.00,46702.94,14602.0513
2024-01-11T16:00:00,46702.93,46977.51,45555.55,46698.61,9914.6157
2024-01-11T20:00:00,46702.09,47016.13,46086.41,46342.66,5943.9794
2024-01-12T00:00:00,46344.96,46522.20,45902.28,46000.00,2098.4731
2024-01-12T04:00:00,46000.87,46368.85,45762.55,46033.88,2223.5939
2024-01-12T08:00:00,46033.88,46277.06,45549.08,45953.91,2161.7860
2024-01-12T12:00:00,45953.90,46115.66,44195.09,44378.39,8957.7340
2024-01-12T16:00:00,44378.39,44589.82,43134.34,43422.80,18718.0291
2024-01-12T20:00:00,43420.65,44034.00,41444.97,42773.03,12702.8175
2024-01-13T00:00:00,42775.10,42974.99,42427.00,42600.50,2373.7806
2024-01-13T04:00:00,42600.49,43248.79,42542.01,43096.50,1582.5849
2024-01-13T08:00:00,43099.44,43250.00,42500.00,42610.82,1846.6218
2024-01-13T12:00:00,42610.59,43240.33,42495.00,43142.62,1985.6683
2024-01-13T16:00:00,43142.84,43174.89,42720.00,42775.81,2104.9898
2024-01-13T20:00:00,42771.01,43035.36,42691.23,42839.33,1105.1186
2024-01-14T00:00:00,42839.32,42883.62,42633.76,42666.90,1099.7006
2024-01-14T04:00:00,42666.91,43049.99,42550.00,42998.66,972.6223
2024-01-14T08:00:00,42998.67,43064.13,42753.97,42814.52,592.3543
2024-01-14T12:00:00,42814.97,42995.16,42705.88,42895.52,719.4309
2024-01-14T16:00:00,42895.51,42994.29,42610.00,42637.45,877.3580
2024-01-14T20:00:00,42637.13,42722.20,41680.73,41697.33,3572.7956
2024-01-15T00:00:00,41698.13,42623.68,41680.00,42551.44,2045.7997
2024-01-15T04:00:00,42552.73,42810.75,42484.48,42689.78,1848.8894
2024-01-15T08:00:00,42690.02,42748.02,42506.08,42677.05,1310.1412
2024-01-15T12:00:00,42674.75,42932.82,42133.97,42249.31,1787.6214
2024-01-15T16:00:00,42249.31,43331.91,42223.00,42951.22,2453.7551
2024-01-15T20:00:00,42952.34,43075.00,42317.48,42490.16,1423.2516
2024-01-16T00:00:00,42481.69,42904.17,42438.58,42883.79,1548.9173
2024-01-16T04:00:00,42884.73,42908.81,42565.00,42743.94,879.8513
2024-01-16T08:00:00,42743.98,43112.62,42663.86,42862.62,1290.8308
2024-01-16T12:00:00,42862.96,43305.03,42028.02,43242.02,4563.2804
2024-01-16T16:00:00,43235.71,43417.79,42821.62,43144.79,4008.3537
2024-01-16T20:00:00,43151.62,43569.23,43026.45,43130.45,5889.2072
2024-01-17T00:00:00,43130.35,43185.47,42830.13,42832.17,1074.0513
2024-01-17T04:00:00,42832.69,42906.52,42598.17,42632.54,960.3415
2024-01-17T08:00:00,42630.34,42824.80,42538.50,42652.34,868.6713
2024-01-17T12:00:00,42650.48,42895.39,42340.00,42452.52,3329.7514
2024-01-17T16:00:00,42450.43,42710.56,42160.00,42568.09,3867.1851
2024-01-17T20:00:00,42565.20,42844.18,42413.01,42739.49,6281.8402
2024-01-18T00:00:00,42737.68,42749.95,42471.19,42542.12,899.9533
2024-01-18T04:00:00,42543.28,42866.93,42538.04,42863.19,1601.8191
2024-01-18T08:00:00,42864.29,42877.22,42335.46,42493.86,1936.5980
2024-01-18T12:00:00,42493.86,42768.01,42313.00,42575.72,2745.3868
2024-01-18T16:00:00,42575.71,42575.71,40765.00,40966.62,9250.8211
2024-01-18T20:00:00,40969.38,41332.40,40600.05,41293.50,8662.8457
2024-01-19T00:00:00,41290.57,41331.70,40710.00,41004.00,1731.1214
2024-01-19T04:00:00,41002.91,41532.11,40984.05,41212.60,2256.2639
2024-01-19T08:00:00,41212.40,41461.53,41089.23,41420.51,1351.9999
2024-01-19T12:00:00,41420.46,41443.62,40664.47,40847.23,3840.7799
2024-01-19T16:00:00,40847.23,41928.54,40236.49,41770.10,7425.8816
2024-01-19T20:00:00,41768.33,42159.52,41299.94,41624.07,6139.5061
2024-01-20T00:00:00,41623.94,41666.67,41418.55,41604.51,927.3346
2024-01-20T04:00:00,41604.50,41749.99,41542.01,41629.81,581.8677
2024-01-20T08:00:00,41630.66,41647.02,41428.19,41557.73,829.3728
2024-01-20T12:00:00,41557.74,41671.36,41452.86,41540.84,711.0008
2024-01-20T16:00:00,41541.45,41651.05,41500.00,41604.48,692.1625
2024-01-20T20:00:00,41605.13,41846.15,41582.76,41666.67,1094.8929
2024-01-21T00:00:00,41666.67,41709.16,41601.01,41662.71,505.0882
2024-01-21T04:00:00,41662.70,41676.40,41547.42,41627.58,285.2853
2024-01-21T08:00:00,41627.58,41803.92,41627.58,41697.82,310.3398
2024-01-21T12:00:00,41697.82,41858.59,41581.75,41632.12,603.4675
2024-01-21T16:00:00,41632.12,41708.47,41510.02,41704.99,602.8548
2024-01-21T20:00:00,41704.99,41789.61,41472.49,41554.05,831.2273
2024-01-22T00:00:00,41553.92,41658.00,41000.00,41164.16,1774.3213
2024-01-22T04:00:00,41164.16,41275.50,40663.99,41005.19,2418.0616
2024-01-22T08:00:00,41004.93,41012.01,40331.48,40771.74,2815.1069
2024-01-22T12:00:00,40771.73,41200.00,40306.00,40708.12,4421.9306
2024-01-22T16:00:00,40710.26,40814.13,39372.44,39784.41,7632.8231
2024-01-22T20:00:00,39784.40,40327.55,39432.01,39524.27,7477.1000
2024-01-23T00:00:00,39524.27,40087.70,39467.29,39973.58,2137.5591
2024-01-23T04:00:00,39971.83,40144.49,39620.04,39741.74,1429.7359
2024-01-23T08:00:00,39739.78,39823.34,38600.90,38809.59,4050.9059
2024-01-23T12:00:00,38807.60,39409.03,38501.00,39164.39,3965.3777
2024-01-23T16:00:00,39164.66,39610.54,38880.69,39113.25,4085.6347
2024-01-23T20:00:00,39113.28,39891.68,38966.51,39878.30,6297.3501
2024-01-24T00:00:00,39878.28,40260.35,39543.96,39592.99,2021.4408
2024-01-24T04:00:00,39592.98,40138.37,39535.85,39954.20,1139.2857
2024-01-24T08:00:00,39954.66,40527.26,39826.47,40192.06,1465.0754
2024-01-24T12:00:00,40190.88,40284.40,39728.78,40028.59,3044.9552
2024-01-24T16:00:00,40030.01,40185.20,39584.84,39791.16,4307.4865
2024-01-24T20:00:00,39793.05,40169.97,39382.15,40077.78,5460.7339
2024-01-25T00:00:00,40079.87,40170.00,39905.08,40004.12,1671.5186
2024-01-25T04:00:00,40004.14,40113.09,39770.00,40102.71,896.0534
2024-01-25T08:00:00,40102.74,40282.87,39940.00,40154.39,726.3799
2024-01-25T12:00:00,40157.67,40264.95,39604.80,39781.43,2002.8365
2024-01-25T16:00:00,39781.42,40000.00,39503.00,39979.17,3944.5584
2024-01-25T20:00:00,39980.00,39996.58,39583.56,39941.66,3737.3863
2024-01-26T00:00:00,39941.66,40220.88,39805.95,40050.68,1015.6055
2024-01-26T04:00:00,40050.68,40198.89,39880.36,39970.68,885.3870
2024-01-26T08:00:00,39970.33,41319.01,39960.11,41261.89,2482.5895
2024-01-26T12:00:00,41265.51,41567.00,40897.40,41398.83,5949.0951
2024-01-26T16:00:00,41397.36,42192.11,41379.52,42060.65,5535.4073
2024-01-26T20:00:00,42052.23,42243.14,41794.40,41814.80,3491.2948
2024-01-27T00:00:00,41814.96,41936.45,41705.30,41812.90,657.1811
2024-01-27T04:00:00,41810.86,41880.18,41600.00,41706.62,501.6683
2024-01-27T08:00:00,41706.63,41794.26,41383.94,41759.24,821.6655
2024-01-27T12:00:00,41758.89,41894.75,41704.87,41814.55,416.2194
2024-01-27T16:00:00,41814.55,41987.76,41740.67,41911.68,683.7009
2024-01-27T20:00:00,41912.98,42199.99,41912.80,42126.55,694.0154
2024-01-28T00:00:00,42126.55,42242.12,41935.68,42220.75,571.7987
2024-01-28T04:00:00,42222.88,42839.07,42215.83,42395.55,1099.1381
2024-01-28T08:00:00,42395.53,42697.87,42322.98,42475.46,524.2737
2024-01-28T12:00:00,42475.56,42537.84,42149.99,42252.96,623.6370
2024-01-28T16:00:00,42252.97,42345.30,41726.59,41780.72,801.6463
2024-01-28T20:00:00,41780.73,42070.19,41617.53,42034.59,677.9488
2024-01-29T00:00:00,42034.57,42495.61,41877.37,42317.22,848.9367
2024-01-29T04:00:00,42315.26,42339.32,41981.91,42046.03,626.8402
2024-01-29T08:00:00,42045.97,42377.86,41947.08,42238.56,474.9872
2024-01-29T12:00:00,42240.44,42639.52,41787.35,42629.10,2402.1085
2024-01-29T16:00:00,42631.69,43326.77,42513.36,43000.88,4353.0318
2024-01-29T20:00:00,43000.87,43315.69,42978.22,43306.18,3823.1882
2024-01-30T00:00:00,43303.30,43787.35,43136.76,43508.06,2444.1415
2024-01-30T04:00:00,43508.06,43563.35,43252.23,43357.13,976.6325
2024-01-30T08:00:00,43354.22,43558.98,43220.00,43526.96,1029.7062
2024-01-30T12:00:00,43526.95,43872.99,43115.47,43379.53,3711.0965
2024-01-30T16:00:00,43379.81,43597.62,43229.77,43548.62,2715.0935
2024-01-30T20:00:00,43545.29,43786.70,42680.20,42942.78,5507.9421
2024-01-31T00:00:00,42937.72,43116.79,42640.69,42916.64,1295.3658
2024-01-31T04:00:00,42915.81,43062.13,42853.58,43022.78,674.3845
2024-01-31T08:00:00,43020.01,43057.15,42335.02,42618.10,1150.5467
2024-01-31T12:00:00,42615.27,43466.16,42484.34,43352.97,3228.0986
2024-01-31T16:00:00,43349.13,43741.94,43009.42,43315.83,4324.1273
2024-01-31T20:00:00,43315.19,43351.12,42265.77,42548.08,4648.0976
2024-02-01T00:00:00,42545.47,42657.94,41846.04,41972.65,2303.4368
2024-02-01T04:00:00,41968.16,42262.21,41851.00,42147.88,1076.0434
2024-02-01T08:00:00,42147.87,42290.31,42002.49,42042.98,693.7231
2024-02-01T12:00:00,42043.19,42942.34,41903.54,42491.00,2888.3233
2024-02-01T16:00:00,42496.20,43276.19,42350.37,43209.45,2518.1469
2024-02-01T20:00:00,43208.96,43269.11,42866.55,43078.81,2046.9604
2024-02-02T00:00:00,43080.38,43407.74,43005.08,43015.73,894.5558
2024-02-02T04:00:00,43017.38,43241.77,42922.04,43067.05,547.6620
2024-02-02T08:00:00,43065.91,43181.48,42913.88,43135.83,765.0171
2024-02-02T12:00:00,43134.98,43700.00,42527.58,43215.29,4310.3691
2024-02-02T16:00:00,43213.37,43464.64,42761.50,43042.70,3116.1284
2024-02-02T20:00:00,43042.03,43218.61,42865.34,43181.66,2568.5089
2024-02-03T00:00:00,43183.62,43358.13,43123.17,43159.19,478.1700
2024-02-03T04:00:00,43155.53,43206.11,43026.01,43043.82,261.6557
2024-02-03T08:00:00,43043.82,43109.82,42950.00,42978.07,258.5238
2024-02-03T12:00:00,42979.06,43177.52,42863.58,43108.65,457.4544
2024-02-03T16:00:00,43108.65,43257.12,43000.09,43045.45,496.4518
2024-02-03T20:00:00,43043.24,43093.72,42934.46,43010.67,302.1978
2024-02-04T00:00:00,43007.82,43072.30,42881.40,43014.40,321.0707
2024-02-04T04:00:00,43014.40,43019.68,42720.43,42822.79,292.8386
2024-02-04T08:00:00,42826.34,43100.00,42716.82,43043.21,341.3380
2024-02-04T12:00:00,43040.35,43099.99,42826.89,42926.79,301.5029
2024-02-04T16:00:00,42927.46,42952.44,42565.19,42624.72,555.9319
2024-02-04T20:00:00,42621.84,42963.35,42228.01,42568.55,830.5695
2024-02-05T00:00:00,42571.91,42693.93,42235.00,42682.98,709.4870
2024-02-05T04:00:00,42678.84,43132.38,42600.59,43036.76,856.1059
2024-02-05T08:00:00,43036.76,43227.82,42904.30,43155.05,631.0842
2024-02-05T12:00:00,43152.44,43520.00,42542.81,42596.32,2326.4185
2024-02-05T16:00:00,42597.80,42820.74,42435.00,42717.41,2095.1828
2024-02-05T20:00:00,42717.53,42755.30,42270.00,42657.67,2138.5997
2024-02-06T00:00:00,42658.30,42911.34,42516.07,42800.34,650.3513
2024-02-06T04:00:00,42800.34,42878.43,42615.38,42828.90,420.8398
2024-02-06T08:00:00,42829.08,43074.88,42625.65,42784.73,1088.3956
2024-02-06T12:00:00,42777.34,43237.82,42615.22,43212.92,1656.2097
2024-02-06T16:00:00,43212.91,43372.79,42981.97,43261.43,2464.7701
2024-02-06T20:00:00,43263.93,43310.53,43023.51,43095.79,1659.8019
2024-02-07T00:00:00,43097.16,43185.20,42760.44,42774.76,929.1154
2024-02-07T04:00:00,42774.75,43022.06,42764.27,42886.08,581.9445
2024-02-07T08:00:00,42886.09,43181.63,42813.00,42910.27,633.0031
2024-02-07T12:00:00,42910.27,43306.27,42860.53,43042.90,1699.2893
2024-02-07T16:00:00,43043.05,43678.00,42976.61,43603.87,3547.9841
2024-02-07T20:00:00,43603.83,44430.00,43603.83,44343.61,5049.0322
2024-02-08T00:00:00,44345.94,44799.99,44335.00,44537.93,2421.9073
2024-02-08T04:00:00,44537.77,44636.64,44419.36,44511.27,1204.3669
2024-02-08T08:00:00,44511.27,44900.00,44505.34,44699.38,2587.6299
2024-02-08T12:00:00,44700.01,45500.00,44609.52,45457.59,4511.8806
2024-02-08T16:00:00,45458.69,45519.31,44893.21,45296.19,4185.2517
2024-02-08T20:00:00,45296.19,45637.38,45240.01,45305.20,4372.7695
2024-02-09T00:00:00,45304.83,46395.33,45252.93,46053.26,2531.6453
2024-02-09T04:00:00,46055.29,46435.69,45850.26,46217.18,1156.5855
2024-02-09T08:00:00,46215.89,47300.50,46211.90,47186.88,2195.3357
2024-02-09T12:00:00,47185.87,47723.78,46662.51,47178.13,6047.9165
2024-02-09T16:00:00,47176.43,48230.02,47147.65,47537.31,6496.8535
2024-02-09T20:00:00,47537.31,47745.25,47073.53,47160.41,3680.5143
2024-02-10T00:00:00,47157.01,47524.67,47070.39,47404.92,962.1728
2024-02-10T04:00:00,47409.62,47470.61,47186.12,47192.26,749.0895
2024-02-10T08:00:00,47192.25,47315.71,46889.53,47224.84,920.0310
2024-02-10T12:00:00,47224.85,47414.96,47132.21,47371.70,665.0207
2024-02-10T16:00:00,47369.89,47678.29,47179.11,47546.25,790.0521
2024-02-10T20:00:00,47546.25,48179.43,47473.06,47767.06,1576.9439
2024-02-11T00:00:00,47767.06,48572.84,47590.30,48539.43,1357.6057
2024-02-11T04:00:00,48542.39,48614.00,48084.96,48204.62,851.7222
2024-02-11T08:00:00,48204.61,48463.55,47943.12,48432.10,395.3434
2024-02-11T12:00:00,48431.77,48491.23,47952.00,48165.31,741.5022
2024-02-11T16:00:00,48165.30,48406.62,47957.75,48303.50,902.2160
2024-02-11T20:00:00,48303.50,48381.65,47984.17,48316.30,994.7365
2024-02-12T00:00:00,48321.14,48828.36,48035.00,48168.71,1389.5837
2024-02-12T04:00:00,48168.70,48397.59,47760.00,48217.88,1029.1516
2024-02-12T08:00:00,48216.63,48323.17,47715.67,47911.23,734.7239
2024-02-12T12:00:00,47909.28,49999.10,47846.09,49978.97,4650.0897
2024-02-12T16:00:00,49979.04,50363.42,49447.35,49546.73,6227.6930
2024-02-12T20:00:00,49549.94,50329.43,49549.93,49941.81,4513.8453
2024-02-13T00:00:00,49941.95,50423.42,49760.00,49819.23,1801.7122
2024-02-13T04:00:00,49819.25,50136.15,49815.00,50014.99,1137.9008
2024-02-13T08:00:00,50017.81,50270.75,49674.83,50009.06,2191.6426
2024-02-13T12:00:00,50011.00,50017.75,48406.02,48736.95,5789.7919
2024-02-13T16:00:00,48734.72,49296.83,48327.81,49067.62,4343.6437
2024-02-13T20:00:00,49066.13,49808.67,49035.11,49725.36,5206.8768
2024-02-14T00:00:00,49724.55,49747.33,49366.55,49537.82,1081.8305
2024-02-14T04:00:00,49537.82,49905.40,49253.92,49870.55,1355.6466
2024-02-14T08:00:00,49871.69,51760.27,49766.37,51568.83,4748.1246
2024-02-14T12:00:00,51568.83,52111.00,51321.82,51640.29,5994.2588
2024-02-14T16:00:00,51640.29,51811.26,51219.50,51725.36,4118.7280
2024-02-14T20:00:00,51724.60,51945.83,51513.08,51858.59,2951.3552
2024-02-15T00:00:00,51858.51,52557.61,51762.05,52399.04,2529.0436
2024-02-15T04:00:00,52397.85,52424.76,51694.50,51835.02,1300.7831
2024-02-15T08:00:00,51829.91,52550.00,51697.14,52373.00,1786.9588
2024-02-15T12:00:00,52377.47,52890.00,51755.95,51996.23,4735.4683
2024-02-15T16:00:00,51992.14,52413.64,51769.11,52048.84,4009.5918
2024-02-15T20:00:00,52048.84,52064.86,51353.49,51934.29,4103.1985
2024-02-16T00:00:00,51935.23,52389.54,51861.19,52330.38,1471.6724
2024-02-16T04:00:00,52330.38,52400.00,51741.62,51770.36,1531.8172
2024-02-16T08:00:00,51775.02,52451.49,51597.87,52240.08,1628.8023
2024-02-16T12:00:00,52240.08,52608.20,51620.70,51910.16,3533.1713
2024-02-16T16:00:00,51910.17,52289.00,51673.47,51777.76,2676.0224
2024-02-16T20:00:00,51781.44,52267.43,51706.21,52162.64,2974.7879
2024-02-17T00:00:00,52162.65,52214.05,51872.62,51998.12,517.7112
2024-02-17T04:00:00,51998.12,52086.83,51818.79,51925.82,351.8565
2024-02-17T08:00:00,51928.85,51928.85,51513.03,51706.32,605.5731
2024-02-17T12:00:00,51705.70,51760.96,50642.36,50990.93,1993.0301
2024-02-17T16:00:00,50999.90,51466.80,50750.00,51411.13,865.4677
2024-02-17T20:00:00,51412.85,52030.00,51310.42,51666.22,1053.7102
2024-02-18T00:00:00,51666.23,51814.00,51174.38,51489.08,723.2770
2024-02-18T04:00:00,51494.20,51758.97,51417.67,51677.29,376.9415
2024-02-18T08:00:00,51678.10,52081.25,51651.39,51838.22,506.2578
2024-02-18T12:00:00,51836.92,51955.00,51544.96,51793.19,436.4663
2024-02-18T16:00:00,51793.19,51994.97,51654.78,51769.07,694.5661
2024-02-18T20:00:00,51769.08,52400.00,51617.17,52153.63,1259.6629
2024-02-19T00:00:00,52153.63,52455.99,51912.96,52080.00,857.8575
2024-02-19T04:00:00,52079.99,52501.01,51995.95,52405.38,779.5558
2024-02-19T08:00:00,52405.37,52464.66,52076.42,52351.06,607.7337
2024-02-19T12:00:00,52351.07,52467.65,52030.03,52129.69,1079.5595
2024-02-19T16:00:00,52129.68,52234.17,51687.98,51827.44,1549.7096
2024-02-19T20:00:00,51827.44,52122.99,51706.12,51787.05,1134.5983
2024-02-20T00:00:00,51787.05,51844.29,51311.28,51592.45,1158.5955
2024-02-20T04:00:00,51592.50,52038.03,51519.71,51836.56,2014.1436
2024-02-20T08:00:00,51834.70,52393.23,51556.54,52301.61,1817.7018
2024-02-20T12:00:00,52301.62,53000.00,51366.62,51699.34,4658.6637
2024-02-20T16:00:00,51701.29,52136.01,50764.01,52108.11,3390.9400
2024-02-20T20:00:00,52108.12,52547.98,51903.04,52277.52,2848.8313
2024-02-21T00:00:00,52277.53,52394.91,52002.04,52023.22,1074.2686
2024-02-21T04:00:00,52023.22,52131.35,51476.04,51571.73,1266.5170
2024-02-21T08:00:00,51568.90,51787.11,50806.10,50961.01,2232.8142
2024-02-21T12:00:00,50966.22,51463.97,50628.60,51146.68,2579.0417
2024-02-21T16:00:00,51147.82,51438.00,50650.94,51068.48,2886.3125
2024-02-21T20:00:00,51068.47,51955.88,50854.20,51851.67,3696.0800
2024-02-22T00:00:00,51851.46,51881.47,51147.70,51562.38,1104.7392
2024-02-22T04:00:00,51568.38,51898.69,51340.20,51815.17,942.6118
2024-02-22T08:00:00,51815.17,52008.16,51502.82,51607.58,1970.5666
2024-02-22T12:00:00,51607.57,51721.84,50905.65,51576.35,2916.2775
2024-02-22T16:00:00,51576.34,51740.63,51377.94,51504.23,2443.4137
2024-02-22T20:00:00,51507.29,52076.00,51170.00,51258.70,3726.9054
2024-02-23T00:00:00,51260.29,51512.68,50950.00,51082.30,1023.1471
2024-02-23T04:00:00,51079.83,51299.35,50873.35,50912.73,953.7516
2024-02-23T08:00:00,50912.73,51266.00,50819.90,51208.12,1300.2586
2024-02-23T12:00:00,51208.06,51306.65,50779.98,50909.59,4177.3401
2024-02-23T16:00:00,50909.59,51190.91,50619.81,51100.69,2165.9599
2024-02-23T20:00:00,51100.68,51169.32,50513.01,50747.05,2058.7089
2024-02-24T00:00:00,50746.98,50906.35,50576.55,50838.92,683.1361
2024-02-24T04:00:00,50838.83,51093.24,50812.35,51061.41,382.4207
2024-02-24T08:00:00,51062.43,51165.67,50935.07,51114.56,227.2554
2024-02-24T12:00:00,51112.77,51171.21,51018.97,51100.02,401.5174
2024-02-24T16:00:00,51100.01,51696.19,51090.55,51549.44,1066.8622
2024-02-24T20:00:00,51549.45,51683.35,51435.89,51570.65,687.7740
2024-02-25T00:00:00,51568.63,51894.97,51431.15,51624.53,752.2030
2024-02-25T04:00:00,51624.52,51809.24,51502.72,51721.61,343.2692
2024-02-25T08:00:00,51721.16,51784.04,51530.52,51643.85,362.9277
2024-02-25T12:00:00,51642.02,51790.56,51435.07,51526.56,468.4024
2024-02-25T16:00:00,51523.17,51746.83,51275.01,51667.50,811.7272
2024-02-25T20:00:00,51666.60,51967.82,51639.40,51731.00,878.8716
2024-02-26T00:00:00,51730.96,51799.52,51404.00,51561.58,1158.9511
2024-02-26T04:00:00,51561.58,51611.69,51286.34,51289.60,615.8753
2024-02-26T08:00:00,51287.40,51388.08,50901.23,51079.93,942.7134
2024-02-26T12:00:00,51080.44,52935.00,50941.78,52910.36,4629.5620
2024-02-26T16:00:00,52915.10,54573.13,52815.38,54559.83,9739.6574
2024-02-26T20:00:00,54559.82,54980.00,54297.38,54533.48,5335.6285
2024-02-27T00:00:00,54530.32,57250.00,54490.80,55742.30,6980.4696
2024-02-27T04:00:00,55728.63,56473.98,55623.64,56088.01,2384.7836
2024-02-27T08:00:00,56088.04,56870.98,56051.29,56574.01,2450.2595
2024-02-27T12:00:00,56574.00,57464.33,56492.11,56787.40,6224.0986
2024-02-27T16:00:00,56787.40,57646.81,56239.38,57369.82,4610.3681
2024-02-27T20:00:00,57369.81,57400.00,56619.69,57077.07,6141.5070
2024-02-28T00:00:00,57077.08,57143.50,56723.48,56966.15,1526.4887
2024-02-28T04:00:00,56966.15,58425.95,56935.98,58292.59,2158.6078
2024-02-28T08:00:00,58299.23,59554.99,58195.97,58993.35,4881.2225
2024-02-28T12:00:00,58998.95,61413.64,58931.80,61021.49,9672.2041
2024-02-28T16:00:00,61008.43,64100.00,58325.00,60981.25,18421.1903
2024-02-28T20:00:00,60968.10,62746.68,59780.00,62518.90,11605.9588
2024-02-29T00:00:00,62520.06,62524.80,61046.78,61588.85,4267.9236
2024-02-29T04:00:00,61588.67,63675.48,61349.47,62726.42,4956.2106
2024-02-29T08:00:00,62722.45,63350.03,62123.89,62936.22,3215.4860
2024-02-29T12:00:00,62934.66,63616.91,62043.11,62790.41,6421.4630
2024-02-29T16:00:00,62793.00,62915.52,60355.61,61649.07,9513.9235
2024-02-29T20:00:00,61641.26,62427.05,60645.01,61179.03,8450.8888
2024-03-01T00:00:00,61179.03,61783.98,60788.33,61111.10,3034.5039
2024-03-01T04:00:00,61117.36,61799.97,61070.67,61466.45,2050.3582
2024-03-01T08:00:00,61466.46,62289.99,61360.95,61903.59,2444.9716
2024-03-01T12:00:00,61901.53,62713.16,61130.77,61263.81,5632.1247
2024-03-01T16:00:00,61268.35,62519.25,61062.90,62293.95,5576.3655
2024-03-01T20:00:00,62298.01,63267.18,62298.01,62436.72,5958.3332
2024-03-02T00:00:00,62439.74,62500.00,62000.70,62379.63,1777.0029
2024-03-02T04:00:00,62378.99,62384.35,61818.89,62085.04,1271.2581
2024-03-02T08:00:00,62085.03,62201.47,61718.91,61914.98,779.4585
2024-03-02T12:00:00,61914.48,62240.03,61623.39,61846.50,1098.0661
2024-03-02T16:00:00,61846.50,62181.58,61705.61,62176.74,978.2847
2024-03-02T20:00:00,62177.50,62266.92,61757.69,62045.78,978.3138
2024-03-03T00:00:00,62045.78,62046.29,61675.19,61971.19,908.4394
2024-03-03T04:00:00,61971.19,62143.66,61388.00,61632.70,1058.5920
2024-03-03T08:00:00,61632.71,61931.91,61439.13,61870.72,764.4938
2024-03-03T12:00:00,61869.66,62655.24,61852.00,62200.01,1402.7017
2024-03-03T16:00:00,62200.00,63035.85,62119.49,62772.63,1726.3863
2024-03-03T20:00:00,62772.23,63260.00,62620.01,63154.49,1453.5632
2024-03-04T00:00:00,63155.74,64300.00,62300.00,63501.68,4608.9884
2024-03-04T04:00:00,63502.54,64331.65,63237.08,64114.25,2176.7132
2024-03-04T08:00:00,64114.41,65614.97,64049.71,65272.25,5140.7564
2024-03-04T12:00:00,65266.43,66692.41,64635.13,66536.34,7253.3808
2024-03-04T16:00:00,66540.02,67611.00,66110.01,67535.34,9568.0195
2024-03-04T20:00:00,67535.34,68602.98,66852.60,68360.14,11852.5083
2024-03-05T00:00:00,68356.70,68849.84,67647.23,68242.46,4808.6828
2024-03-05T04:00:00,68241.79,68504.00,65128.00,66212.25,6513.3991
2024-03-05T08:00:00,66212.21,67204.50,65572.87,66701.69,3421.6216
2024-03-05T12:00:00,66701.75,69324.58,66461.29,66786.24,10948.8487
2024-03-05T16:00:00,66793.67,67000.00,59224.68,61473.99,21034.2229
2024-03-05T20:00:00,61473.10,64445.20,61266.57,63800.78,18848.3203
2024-03-06T00:00:00,63802.15,64229.98,62832.39,63311.08,3729.5903
2024-03-06T04:00:00,63311.09,66769.99,63311.05,66682.41,4990.9444
2024-03-06T08:00:00,66678.97,67654.06,66070.49,67312.80,4703.8399
2024-03-06T12:00:00,67304.90,67603.74,64700.00,66512.42,9839.5372
2024-03-06T16:00:00,66512.45,67602.06,66281.36,66838.09,5624.6579
2024-03-06T20:00:00,66838.12,67538.08,65762.09,66122.28,5767.4183
2024-03-07T00:00:00,66115.48,66525.99,65599.63,65873.32,2420.4514
2024-03-07T04:00:00,65873.32,66506.09,65673.15,66425.25,2315.2995
2024-03-07T08:00:00,66421.58,67314.19,66378.67,66950.00,2004.2362
2024-03-07T12:00:00,66950.00,68019.48,66629.72,67332.67,5048.3972
2024-03-07T16:00:00,67319.98,68098.09,66912.53,67594.20,4988.7419
2024-03-07T20:00:00,67594.20,68089.49,66925.00,66938.21,5451.2413
2024-03-08T00:00:00,66938.21,67358.89,66855.86,67221.63,1450.8386
2024-03-08T04:00:00,67229.27,67747.00,66866.00,67373.01,1675.5238
2024-03-08T08:00:00,67373.02,67838.04,67156.35,67817.99,2027.3563
2024-03-08T12:00:00,67821.38,70199.00,67301.54,67700.02,10952.8432
2024-03-08T16:00:00,67709.54,69053.08,66157.09,69051.91,10976.0177
2024-03-08T20:00:00,69051.89,69560.00,68050.01,68289.16,6666.9483
2024-03-09T00:00:00,68289.16,68480.13,68047.62,68432.70,1730.0803
2024-03-09T04:00:00,68432.71,68700.41,68288.12,68427.10,1435.3866
2024-03-09T08:00:00,68436.37,68599.83,68109.16,68453.58,1446.6643
2024-03-09T12:00:00,68453.45,68687.94,68266.93,68458.84,1700.4843
2024-03-09T16:00:00,68458.59,68525.75,68163.94,68378.04,1378.9440
2024-03-09T20:00:00,68378.00,68598.37,68370.19,68480.00,1313.9504
2024-03-10T00:00:00,68480.01,69399.89,68367.30,69264.80,2444.9582
2024-03-10T04:00:00,69266.56,69790.45,69159.63,69484.05,2042.4312
2024-03-10T08:00:00,69484.87,70000.00,69345.67,69706.81,2258.8153
2024-03-10T12:00:00,69706.81,69978.29,68816.00,69345.00,2023.2418
2024-03-10T16:00:00,69345.64,69893.59,69254.23,69529.78,1197.2087
2024-03-10T20:00:00,69528.52,69592.12,68221.13,69032.12,2196.4019
2024-03-11T00:00:00,69032.80,69038.70,67112.21,68623.02,3147.2561
2024-03-11T04:00:00,68623.25,71312.53,68483.51,71032.13,3973.4814
2024-03-11T08:00:00,71032.14,72303.04,71003.60,71551.70,5303.5509
2024-03-11T12:00:00,71551.85,72764.36,71350.55,72083.13,8816.8590
2024-03-11T16:00:00,72085.54,72943.98,71810.14,72033.99,8509.7709
2024-03-11T20:00:00,72046.33,72788.00,71883.72,72110.98,2581.8074
2024-03-12T00:00:00,72110.98,72505.10,71422.37,71636.99,2413.2116
2024-03-12T04:00:00,71633.37,72375.33,71324.02,72153.11,1902.3209
2024-03-12T08:00:00,72153.10,72355.00,71432.68,72050.43,1802.4905
2024-03-12T12:00:00,72044.26,73027.63,70852.94,71711.25,7117.4873
2024-03-12T16:00:00,71711.27,71836.71,68603.00,71428.46,13872.8976
2024-03-12T20:00:00,71429.12,71562.90,70641.76,71475.93,2311.7848
2024-03-13T00:00:00,71473.43,72241.98,71337.30,72095.62,2181.7361
2024-03-13T04:00:00,72089.01,73229.87,71935.47,72909.19,1963.6204
2024-03-13T08:00:00,72916.99,73709.99,72879.58,73104.78,2750.4657
2024-03-13T12:00:00,73106.57,73229.64,71700.00,72734.01,5926.9761
2024-03-13T16:00:00,72737.64,73541.02,72410.00,73517.19,5993.3510
2024-03-13T20:00:00,73521.03,73549.48,72884.17,73135.04,2639.7725
2024-03-14T00:00:00,73135.04,73373.32,72530.01,73308.46,1736.6731
2024-03-14T04:00:00,73308.45,73835.57,72750.00,73280.38,2611.3112
2024-03-14T08:00:00,73280.84,73606.17,72664.21,72925.89,2126.3951
2024-03-14T12:00:00,72926.37,73096.88,70501.11,70817.79,8592.2650
2024-03-14T16:00:00,70821.95,71408.89,68454.47,69260.00,14100.9121
2024-03-14T20:00:00,69282.24,71706.81,69168.74,71364.58,5059.0461
2024-03-15T00:00:00,71364.58,72414.96,66729.59,68196.97,9175.3079
2024-03-15T04:00:00,68198.07,68811.82,66848.35,68387.13,5999.6155
2024-03-15T08:00:00,68387.13,68552.07,65565.70,67691.99,6911.3663
2024-03-15T12:00:00,67687.52,68731.93,67379.08,68148.85,5373.6391
2024-03-15T16:00:00,68151.68,70647.85,67500.00,68988.49,8781.3593
2024-03-15T20:00:00,68988.49,69765.52,67423.23,69506.88,3954.5541
2024-03-16T00:00:00,69514.87,70050.00,68913.28,69196.99,2126.0283
2024-03-16T04:00:00,69188.27,69443.79,68589.24,69419.19,1276.9195
2024-03-16T08:00:00,69419.10,69419.18,67722.32,68257.90,1702.6442
2024-03-16T12:00:00,68255.81,68480.64,67514.55,68370.23,2073.7737
2024-03-16T16:00:00,68370.23,68397.83,66630.00,66881.56,4067.7086
2024-03-16T20:00:00,66881.33,67499.04,64774.05,65254.22,5285.7509
2024-03-17T00:00:00,65254.22,66545.00,65050.02,66510.10,2624.5897
2024-03-17T04:00:00,66510.67,66539.07,64505.00,65558.44,2498.2376
2024-03-17T08:00:00,65566.48,67429.36,65231.23,66881.99,1829.3028
2024-03-17T12:00:00,66881.82,68061.34,66347.62,67899.45,2156.1488
2024-03-17T16:00:00,67895.09,68626.39,67700.00,68503.58,1721.5709
2024-03-17T20:00:00,68503.54,68877.82,67915.46,68343.64,1802.0009
2024-03-18T00:00:00,68354.29,68372.40,66754.64,67929.51,2244.2453
2024-03-18T04:00:00,67923.95,68933.71,67655.70,68171.01,1410.5867
2024-03-18T08:00:00,68172.28,68450.00,67280.31,68209.03,1565.1555
2024-03-18T12:00:00,68200.52,68576.57,66600.00,67479.37,4720.8682
2024-03-18T16:00:00,67471.53,68069.29,66562.65,66934.82,6701.7716
2024-03-18T20:00:00,66940.87,67999.00,66924.98,67613.04,3414.7484
2024-03-19T00:00:00,67609.39,68136.39,64867.29,65868.54,5202.8299
2024-03-19T04:00:00,65860.33,65969.69,63552.00,64650.96,4597.0824
2024-03-19T08:00:00,64655.38,64656.41,62438.61,63045.73,7034.7402
2024-03-19T12:00:00,63044.70,64064.33,62312.59,63972.37,8597.5583
2024-03-19T16:00:00,63965.62,65769.87,63888.34,64378.05,8671.3426
2024-03-19T20:00:00,64379.60,64494.86,61506.00,61906.27,6008.4222
2024-03-20T00:00:00,61902.57,63408.20,61616.02,61841.76,5806.2603
2024-03-20T04:00:00,61850.06,63180.14,60771.14,62932.09,5279.8694
2024-03-20T08:00:00,62937.22,63924.53,62595.94,63358.91,2544.7424
2024-03-20T12:00:00,63355.24,64414.39,63037.87,63598.26,5441.0722
2024-03-20T16:00:00,63590.02,66033.83,62050.50,65782.98,12285.2113
2024-03-20T20:00:00,65793.84,68150.00,65662.49,67858.80,7233.6279
2024-03-21T00:00:00,67855.88,68234.56,66346.02,66657.29,3123.4439
2024-03-21T04:00:00,66657.35,67339.66,66084.14,66993.57,2110.0494
2024-03-21T08:00:00,66993.57,67663.61,66641.58,67033.69,1998.9757
2024-03-21T12:00:00,67027.22,67690.80,66032.39,66550.84,3859.2543
2024-03-21T16:00:00,66549.05,66988.08,64831.10,65220.34,5336.7171
2024-03-21T20:00:00,65215.90,65917.07,64525.00,65484.70,2095.5220
2024-03-22T00:00:00,65478.98,66145.05,65113.63,65970.63,1619.0728
2024-03-22T04:00:00,65966.05,66651.10,65727.01,66178.33,1429.7428
2024-03-22T08:00:00,66176.19,66364.03,64063.23,64238.31,1778.2622
2024-03-22T12:00:00,64231.25,64682.53,62570.00,63866.15,6172.0531
2024-03-22T16:00:00,63866.14,64159.19,62730.00,63872.85,3877.4433
2024-03-22T20:00:00,63874.23,63988.61,62258.36,63814.56,2931.0851
2024-03-23T00:00:00,63814.56,64389.77,63013.19,63572.45,1569.9632
2024-03-23T04:00:00,63565.36,64879.11,63519.25,64577.20,957.8271
2024-03-23T08:00:00,64577.93,64848.57,64185.53,64637.75,714.4763
2024-03-23T12:00:00,64636.78,65412.05,64280.67,65111.06,1393.5238
2024-03-23T16:00:00,65116.99,66029.09,64800.00,64875.20,1854.7070
2024-03-23T20:00:00,64875.30,65199.99,63886.23,63998.86,904.5853
2024-03-24T00:00:00,63998.87,64731.09,63938.58,63979.85,645.0577
2024-03-24T04:00:00,63987.20,64598.58,63785.57,64591.67,581.3708
2024-03-24T08:00:00,64589.51,65368.00,64483.89,65333.73,736.2478
2024-03-24T12:00:00,65334.05,65914.96,65178.76,65669.03,1010.7619
2024-03-24T16:00:00,65666.89,66024.46,64616.70,65838.40,1447.2995
2024-03-24T20:00:00,65833.57,67637.60,65729.43,67204.93,2115.0900
2024-03-25T00:00:00,67212.69,67364.61,66381.84,67352.21,1258.3371
2024-03-25T04:00:00,67352.01,67747.50,66755.83,66848.11,1603.4034
2024-03-25T08:00:00,66848.10,67366.37,66771.93,66828.33,1215.4809
2024-03-25T12:00:00,66827.41,70075.86,66800.01,69824.89,7814.3209
2024-03-25T16:00:00,69825.93,71135.13,69461.22,71071.70,7119.4446
2024-03-25T20:00:00,71072.00,71269.92,69577.65,69890.28,3217.1512
2024-03-26T00:00:00,69895.60,70632.43,69739.80,70436.78,1495.9212
2024-03-26T04:00:00,70435.81,71582.96,70296.22,70512.44,1955.2381
2024-03-26T08:00:00,70523.59,71300.00,70295.03,70700.82,1669.2231
2024-03-26T12:00:00,70691.34,71151.98,69269.69,70273.13,4479.0389
2024-03-26T16:00:00,70270.21,70527.15,69391.17,69445.99,4589.7386
2024-03-26T20:00:00,69438.40,70311.32,69367.19,69992.40,1508.5744
2024-03-27T00:00:00,69994.90,70739.96,69815.79,70393.10,1730.3267
2024-03-27T04:00:00,70393.74,70570.84,69655.00,69742.94,1082.7572
2024-03-27T08:00:00,69744.56,70360.67,69412.53,70225.38,1100.5502
2024-03-27T12:00:00,70224.22,71789.85,68389.95,68843.93,8827.9153
2024-03-27T16:00:00,68853.71,69409.76,68369.62,68591.46,4138.3674
2024-03-27T20:00:00,68591.46,69606.92,68566.71,69435.96,1823.8207
2024-03-28T00:00:00,69437.16,69947.99,68841.01,69250.42,1060.6124
2024-03-28T04:00:00,69243.79,70449.14,69234.01,70385.63,1063.7867
2024-03-28T08:00:00,70386.48,70920.99,70277.17,70608.22,1601.6629
2024-03-28T12:00:00,70614.48,71635.99,70284.76,71319.75,6512.6271
2024-03-28T16:00:00,71319.76,71350.00,70383.44,70840.97,3627.2472
2024-03-28T20:00:00,70851.94,71082.06,70581.02,70801.18,1358.2429
2024-03-29T00:00:00,70804.06,70941.70,70309.01,70458.45,845.7444
2024-03-29T04:00:00,70463.44,70551.72,69777.00,69802.14,888.7534
2024-03-29T08:00:00,69800.50,70339.12,69575.70,70160.01,893.2361
2024-03-29T12:00:00,70160.00,70643.76,69036.95,69195.68,2465.5202
2024-03-29T16:00:00,69201.64,69711.76,69100.00,69707.32,1232.9651
2024-03-29T20:00:00,69707.30,69970.64,69328.26,69903.75,1038.8129
2024-03-30T00:00:00,69903.74,70218.12,69778.64,69835.98,661.3616
2024-03-30T04:00:00,69831.82,70363.25,69799.79,69890.66,442.0578
2024-03-30T08:00:00,69899.85,70237.92,69847.98,70231.41,318.3383
2024-03-30T12:00:00,70229.76,70325.81,69977.45,70059.12,425.0585
2024-03-30T16:00:00,70059.11,70342.59,69731.52,69932.85,506.7356
2024-03-30T20:00:00,69933.10,69956.39,69569.03,69626.87,909.0714
2024-03-31T00:00:00,69623.86,70164.18,69587.86,69929.89,930.1981
2024-03-31T04:00:00,69935.91,70478.70,69879.20,70302.16,552.4534
2024-03-31T08:00:00,70310.53,70477.00,70162.20,70384.38,373.8366
2024-03-31T12:00:00,70388.58,70761.57,70307.76,70407.16,527.2224
2024-03-31T16:00:00,70407.46,71229.00,70330.29,71026.32,985.7269
2024-03-31T20:00:00,71028.14,71399.91,70635.04,71288.90,1055.2321
2024-04-01T00:00:00,71291.50,71313.80,70537.34,70596.99,1418.6338
2024-04-01T04:00:00,70603.56,70684.26,68910.01,69612.60,2212.2257
2024-04-01T08:00:00,69612.60,69826.29,69190.07,69488.96,1321.4876
2024-04-01T12:00:00,69487.47,70104.27,68168.85,68231.78,4067.1123
2024-04-01T16:00:00,68231.60,69878.92,68055.15,69709.52,3693.2773
2024-04-01T20:00:00,69709.49,69942.52,69366.84,69681.82,1203.8634
2024-04-02T00:00:00,69681.85,69711.00,65977.98,66768.20,4129.0364
2024-04-02T04:00:00,66767.54,67195.58,66168.34,66502.47,2308.2001
2024-04-02T08:00:00,66502.47,66733.12,65050.00,65612.33,4272.0090
2024-04-02T12:00:00,65612.32,66281.60,64521.61,64895.42,5466.2288
2024-04-02T16:00:00,64900.00,66247.31,64591.57,65963.45,4937.9068
2024-04-02T20:00:00,65957.46,66147.93,65236.01,65464.14,2383.2053
2024-04-03T00:00:00,65472.00,66316.00,64500.00,66252.21,2629.4965
2024-04-03T04:00:00,66244.14,66523.99,65957.87,66186.81,1128.6068
2024-04-03T08:00:00,66187.63,66687.26,65568.44,66090.16,2040.0113
2024-04-03T12:00:00,66089.14,66944.06,65652.82,65845.78,4212.1426
2024-04-03T16:00:00,65851.33,66609.73,65508.01,65826.87,2976.6188
2024-04-03T20:00:00,65825.92,66320.80,65501.23,65987.92,1519.6834
2024-04-04T00:00:00,65984.18,66387.77,65508.01,65631.63,1543.8299
2024-04-04T04:00:00,65626.50,66278.95,65073.95,66071.03,1286.9035
2024-04-04T08:00:00,66073.12,66481.00,66000.00,66347.37,983.1343
2024-04-04T12:00:00,66347.36,68019.69,66320.07,67685.98,5535.3957
2024-04-04T16:00:00,67685.98,69367.19,67562.00,68540.79,7142.1403
2024-04-04T20:00:00,68540.65,68612.89,67340.75,68525.23,2132.6778
2024-04-05T00:00:00,68528.69,68783.99,67470.00,67895.37,1698.8529
2024-04-05T04:00:00,67892.00,68061.28,66415.21,66927.39,1857.1311
2024-04-05T08:00:00,66927.39,67680.40,66379.40,66483.05,1451.3221
2024-04-05T12:00:00,66502.54,68637.00,66000.00,68245.63,5160.7203
2024-04-05T16:00:00,68245.00,68432.06,67274.59,67368.16,3999.7917
2024-04-05T20:00:00,67375.18,68000.00,67308.00,67856.51,1348.0032
2024-04-06T00:00:00,67856.51,68100.00,67469.19,67823.58,657.7188
2024-04-06T04:00:00,67821.04,68258.84,67638.50,68027.22,548.5203
2024-04-06T08:00:00,68029.03,68153.17,67638.14,67692.35,402.8622
2024-04-06T12:00:00,67689.01,68318.41,67565.90,68126.09,510.4422
2024-04-06T16:00:00,68126.09,68500.00,67960.54,68283.54,700.9372
2024-04-06T20:00:00,68284.99,69685.00,68187.48,68919.89,1164.9610
2024-04-07T00:00:00,68919.57,69797.44,68846.23,69436.28,1462.5513
2024-04-07T04:00:00,69445.87,69532.41,69100.01,69394.28,758.8852
2024-04-07T08:00:00,69394.28,69585.00,69219.57,69381.79,285.6716
2024-04-07T12:00:00,69381.79,69889.00,69226.96,69563.70,720.6480
2024-04-07T16:00:00,69563.71,70312.00,68880.13,69075.47,1763.9129
2024-04-07T20:00:00,69075.47,69487.03,68906.15,69350.34,774.7505
2024-04-08T00:00:00,69350.36,69835.44,69037.33,69469.13,866.8167
2024-04-08T04:00:00,69468.76,70852.54,69283.82,70706.28,1205.4140
2024-04-08T08:00:00,70706.28,72631.19,70630.00,72366.53,4517.7140
2024-04-08T12:00:00,72366.53,72777.00,71224.76,71772.59,5166.5471
2024-04-08T16:00:00,71772.59,72140.00,71296.00,71747.65,3064.5720
2024-04-08T20:00:00,71745.28,71999.99,71464.66,71622.53,1827.6290
2024-04-09T00:00:00,71616.31,71761.37,70855.66,71290.08,1448.3517
2024-04-09T04:00:00,71290.30,71339.09,70168.22,70410.16,1315.7902
2024-04-09T08:00:00,70416.69,70909.01,69622.17,70794.18,2024.9951
2024-04-09T12:00:00,70794.17,70964.32,68516.00,69244.00,4594.0786
2024-04-09T16:00:00,69244.00,69310.28,68200.00,68949.18,4388.5222
2024-04-09T20:00:00,68949.15,69421.38,68854.00,69117.01,1371.7856
2024-04-10T00:00:00,69115.79,69583.95,68470.69,69137.85,1343.7507
2024-04-10T04:00:00,69138.09,69508.19,68989.58,69324.41,652.0536
2024-04-10T08:00:00,69324.41,69324.42,68628.98,69037.15,1484.9813
2024-04-10T12:00:00,69037.14,69208.61,67463.07,68654.80,6053.2205
2024-04-10T16:00:00,68654.80,70094.86,68560.00,70087.49,4632.4368
2024-04-10T20:00:00,70088.00,71159.60,69574.87,70634.04,2489.5449
2024-04-11T00:00:00,70638.40,71064.44,70271.26,70854.36,1528.4514
2024-04-11T04:00:00,70854.37,71305.86,70377.77,70742.26,1060.5444
2024-04-11T08:00:00,70744.01,71257.88,69888.00,69985.32,1350.8391
2024-04-11T12:00:00,69995.30,71083.96,69530.00,69995.01,3181.7803
2024-04-11T16:00:00,69995.02,70595.07,69561.29,70490.11,2537.5816
2024-04-11T20:00:00,70481.20,70774.59,69824.49,70020.73,1341.9677
2024-04-12T00:00:00,70020.71,71026.00,70001.35,70997.91,1504.9826
2024-04-12T04:00:00,70997.89,71265.74,70580.53,70776.77,1117.8110
2024-04-12T08:00:00,70776.76,70956.14,70504.24,70886.01,1050.8843
2024-04-12T12:00:00,70886.01,70969.77,69170.00,69307.98,4169.7302
2024-04-12T16:00:00,69303.95,69568.00,65110.31,66855.72,13213.6354
2024-04-12T20:00:00,66855.71,67479.61,66700.86,67148.61,2452.7120
2024-04-13T00:00:00,67148.62,67201.65,65623.10,67177.16,2144.0648
2024-04-13T04:00:00,67177.15,69100.00,67026.60,67463.15,2255.8273
2024-04-13T08:00:00,67463.15,67840.60,67104.69,67372.41,1197.9693
2024-04-13T12:00:00,67372.41,67962.56,67177.96,67687.91,1594.8904
2024-04-13T16:00:00,67688.05,67784.49,63876.82,64866.48,6073.9242
2024-04-13T20:00:00,64856.01,65683.03,60822.01,64024.77,14281.7965
2024-04-14T00:00:00,64021.36,64393.48,62150.00,63466.85,5447.3218
2024-04-14T04:00:00,63468.07,64930.13,63423.26,64496.17,3178.1688
2024-04-14T08:00:00,64496.17,64931.05,63898.68,64215.23,2156.1140
2024-04-14T12:00:00,64215.23,64879.24,63460.35,64207.84,2255.7825
2024-04-14T16:00:00,64207.84,64766.67,62602.17,64189.43,4508.7839
2024-04-14T20:00:00,64189.43,65890.91,63350.00,65777.05,4057.8804
2024-04-15T00:00:00,65764.56,66166.71,64980.57,65206.89,3128.0713
2024-04-15T04:00:00,65206.90,66657.94,64745.48,66337.33,3882.2562
2024-04-15T08:00:00,66337.33,66928.82,65878.36,65930.87,1987.0156
2024-04-15T12:00:00,65930.87,66500.00,63809.87,64622.53,4814.7834
2024-04-15T16:00:00,64622.53,64932.04,62315.08,63310.19,5722.8033
2024-04-15T20:00:00,63303.57,63660.49,62636.27,63452.18,2137.8071
2024-04-16T00:00:00,63452.18,63932.56,62750.01,62988.59,1894.5734
2024-04-16T04:00:00,62991.52,63830.72,61714.56,63540.00,2577.7296
2024-04-16T08:00:00,63543.11,63695.60,61645.09,63117.79,2118.1016
2024-04-16T12:00:00,63114.20,63459.40,61763.53,61791.38,3952.0808
2024-04-16T16:00:00,61788.66,63310.71,61705.43,62738.31,4778.3718
2024-04-16T20:00:00,62738.53,64400.00,62571.56,63814.94,2389.4249
2024-04-17T00:00:00,63814.94,64332.91,63600.00,63860.53,1079.0251
2024-04-17T04:00:00,63860.53,64524.14,63285.90,63306.58,1651.4941
2024-04-17T08:00:00,63301.88,63606.73,62570.53,62635.29,1885.1646
2024-04-17T12:00:00,62633.18,62997.35,59835.03,60254.55,9283.3248
2024-04-17T16:00:00,60260.99,61977.73,59648.33,60992.15,6189.2047
2024-04-17T20:00:00,60999.32,61759.94,60772.98,61279.36,1723.9398
2024-04-18T00:00:00,61275.73,62222.95,60934.48,61986.15,1300.8311
2024-04-18T04:00:00,61981.23,62078.41,60816.07,61191.25,1027.7349
2024-04-18T08:00:00,61198.24,63126.49,60863.43,62623.24,1754.4246
2024-04-18T12:00:00,62616.80,64210.00,61618.00,63541.81,5612.2298
2024-04-18T16:00:00,63547.69,63955.23,62358.00,63550.01,3999.9044
2024-04-18T20:00:00,63552.66,63863.60,63200.00,63513.85,1554.7174
2024-04-19T00:00:00,63514.84,63519.10,59573.32,61791.65,5506.5938
2024-04-19T04:00:00,61788.14,65221.77,61765.48,64589.16,4157.7674
2024-04-19T08:00:00,64577.77,65479.00,64184.01,64928.51,2180.4616
2024-04-19T12:00:00,64920.31,65498.99,63873.77,64470.24,4326.7090
2024-04-19T16:00:00,64468.85,64852.22,63503.76,64350.00,4527.3949
2024-04-19T20:00:00,64350.92,64527.80,62964.25,63848.37,2139.1527
2024-04-20T00:00:00,63841.96,64281.34,63121.15,63990.18,1059.9354
2024-04-20T04:00:00,63990.18,64309.69,63850.16,63987.84,487.8232
2024-04-20T08:00:00,63987.85,64016.62,63305.35,63728.48,651.2332
2024-04-20T12:00:00,63728.47,64980.00,63573.36,64845.56,852.3670
2024-04-20T16:00:00,64845.02,65463.08,64481.53,64884.74,1550.1422
2024-04-20T20:00:00,64888.43,65059.92,64575.02,64968.87,555.9063
2024-04-21T00:00:00,64960.82,65725.81,64632.28,65197.19,844.8585
2024-04-21T04:00:00,65197.46,65274.08,64864.38,65178.31,521.5471
2024-04-21T08:00:00,65176.75,65460.29,64799.94,65251.01,466.0399
2024-04-21T12:00:00,65251.00,65397.62,64800.00,65057.82,571.2178
2024-04-21T16:00:00,65057.83,65109.41,64250.00,64544.29,996.6647
2024-04-21T20:00:00,64543.99,65299.27,64362.87,64952.92,1087.1592
2024-04-22T00:00:00,64952.92,66094.63,64520.00,65720.00,1605.5163
2024-04-22T04:00:00,65715.36,66543.79,65530.06,66010.14,1440.3147
2024-04-22T08:00:00,66012.16,66248.63,65736.40,65910.00,877.0847
2024-04-22T12:00:00,65913.86,66533.80,65664.80,66037.59,3051.0206
2024-04-22T16:00:00,66035.75,66884.95,65953.21,66570.09,2433.2398
2024-04-22T20:00:00,66574.86,67272.73,66360.01,66859.17,1569.8757
2024-04-23T00:00:00,66856.07,67225.66,66463.47,66487.66,820.5087
2024-04-23T04:00:00,66486.83,66695.25,66053.22,66122.20,680.1985
2024-04-23T08:00:00,66129.06,66346.14,65875.06,66083.33,791.3619
2024-04-23T12:00:00,66083.33,67182.76,65823.66,66450.00,3123.8892
2024-04-23T16:00:00,66449.99,66929.77,66376.73,66496.47,2259.7571
2024-04-23T20:00:00,66499.04,66499.04,65969.49,66414.16,1164.4521
2024-04-24T00:00:00,66418.00,66900.00,66391.68,66621.84,817.8176
2024-04-24T04:00:00,66618.23,67077.97,66551.78,66621.96,623.5137
2024-04-24T08:00:00,66625.38,66751.98,66191.33,66576.56,867.7464
2024-04-24T12:00:00,66572.45,66744.50,64450.01,64577.76,6052.7945
2024-04-24T16:00:00,64576.62,65105.58,63705.04,63880.73,4861.9595
2024-04-24T20:00:00,63895.01,64383.33,63542.56,64255.78,1859.7207
2024-04-25T00:00:00,64255.77,64730.00,63849.14,64271.14,1051.7026
2024-04-25T04:00:00,64269.21,64380.00,63728.33,64010.21,1002.1280
2024-04-25T08:00:00,64012.00,64179.45,63320.88,63831.97,1628.2676
2024-04-25T12:00:00,63831.47,64262.61,62747.18,64110.08,4087.1821
2024-04-25T16:00:00,64110.08,64952.19,63937.68,64719.99,3608.0959
2024-04-25T20:00:00,64718.02,65287.69,64437.57,64484.44,1878.9226
2024-04-26T00:00:00,64484.44,64670.00,63902.05,64379.71,1282.1389
2024-04-26T04:00:00,64379.71,64611.71,64003.52,64275.99,920.9901
2024-04-26T08:00:00,64279.90,64570.39,64055.52,64230.50,633.2653
2024-04-26T12:00:00,64227.20,64810.00,63333.34,63477.08,3500.6351
2024-04-26T16:00:00,63477.08,64144.77,63287.76,63716.71,2865.5969
2024-04-26T20:00:00,63708.00,64088.59,63648.48,63742.39,949.3361
2024-04-27T00:00:00,63742.39,63900.00,62389.00,63056.87,1934.9341
2024-04-27T04:00:00,63048.33,63145.92,62775.01,62934.55,738.9103
2024-04-27T08:00:00,62934.23,63023.37,62632.90,62819.93,333.5718
2024-04-27T12:00:00,62817.68,63381.16,62759.03,62916.10,667.0529
2024-04-27T16:00:00,62916.10,63600.00,62701.00,63314.10,1086.6596
2024-04-27T20:00:00,63314.45,63526.70,63105.69,63422.00,551.0387
2024-04-28T00:00:00,63422.34,64333.33,63418.33,63990.34,770.1532
2024-04-28T04:00:00,63990.35,64032.98,63761.25,63883.22,470.7872
2024-04-28T08:00:00,63883.23,63954.09,63327.79,63456.46,746.2157
2024-04-28T12:00:00,63460.76,63842.31,63393.74,63520.04,705.6416
2024-04-28T16:00:00,63520.05,63957.72,63456.53,63705.50,615.1319
2024-04-28T20:00:00,63705.13,63728.37,62743.81,63108.94,1108.0388
2024-04-29T00:00:00,63109.76,63349.73,62193.74,62269.67,1131.3910
2024-04-29T04:00:00,62269.67,62630.48,61928.97,62389.45,1420.4532
2024-04-29T08:00:00,62390.12,62673.19,62152.18,62241.30,849.0825
2024-04-29T12:00:00,62234.11,63113.92,61741.01,63045.76,3378.2602
2024-04-29T16:00:00,63039.58,63234.00,62514.74,62958.54,2203.6297
2024-04-29T20:00:00,62955.12,64200.00,62793.30,63844.85,1729.3190
2024-04-30T00:00:00,63845.01,64727.81,63091.76,63630.36,1791.5872
2024-04-30T04:00:00,63626.67,63696.38,63060.30,63143.57,704.2808
2024-04-30T08:00:00,63143.56,63243.16,61000.00,61191.08,3225.9065
2024-04-30T12:00:00,61191.32,61525.05,60505.20,60740.48,4952.9014
2024-04-30T16:00:00,60743.02,60855.46,59040.30,59098.16,7087.3887
2024-04-30T20:00:00,59098.18,60990.48,59087.36,60622.10,3344.5908
2024-05-01T00:00:00,60621.20,60785.49,59507.76,60170.86,1810.7222
2024-05-01T04:00:00,60170.83,60285.02,57045.00,57435.58,3867.1519
2024-05-01T08:00:00,57435.59,57852.58,56500.00,57835.99,4203.5955
2024-05-01T12:00:00,57829.64,58231.51,56600.00,56814.78,4769.8373
2024-05-01T16:00:00,56815.01,59423.42,56555.00,56873.82,8985.2415
2024-05-01T20:00:00,56873.99,58479.82,56686.40,58265.59,2975.3828
2024-05-02T00:00:00,58267.81,58526.89,56903.79,57365.45,2047.7515
2024-05-02T04:00:00,57363.09,57894.74,57149.69,57634.32,839.1490
2024-05-02T08:00:00,57632.10,58672.06,57546.13,58541.17,2032.7473
2024-05-02T12:00:00,58542.79,59482.92,58222.17,59281.57,4186.5472
2024-05-02T16:00:00,59283.96,59588.20,58952.69,59369.11,2722.5622
2024-05-02T20:00:00,59362.74,59641.03,58648.83,59071.89,1764.2518
2024-05-03T00:00:00,59070.30,60016.90,58821.05,59737.73,1469.0324
2024-05-03T04:00:00,59736.81,59855.68,59059.36,59183.14,928.1616
2024-05-03T08:00:00,59183.13,59580.41,58853.83,59291.26,837.5973
2024-05-03T12:00:00,59293.21,62150.90,58990.02,61698.36,6306.4079
2024-05-03T16:00:00,61711.66,62205.52,61548.51,62074.92,3935.1638
2024-05-03T20:00:00,62076.19,63365.72,61983.23,62913.03,2477.9273
2024-05-04T00:00:00,62913.03,63612.27,62565.82,62730.24,1189.7799
2024-05-04T04:00:00,62730.25,63473.65,62690.71,62989.36,920.8338
2024-05-04T08:00:00,62989.35,64546.00,62943.87,63887.11,1452.9374
2024-05-04T12:00:00,63890.97,64177.39,63466.24,63628.91,1252.3476
2024-05-04T16:00:00,63632.11,64040.86,63340.02,63928.72,842.0506
2024-05-04T20:00:00,63928.73,64221.13,63549.81,63902.88,756.6253
2024-05-05T00:00:00,63902.88,64193.57,62908.34,63243.70,1124.5752
2024-05-05T04:00:00,63250.04,63968.57,63140.83,63743.84,489.1393
2024-05-05T08:00:00,63743.84,63950.00,63554.80,63871.70,437.1522
2024-05-05T12:00:00,63871.69,64636.75,63634.70,64424.47,892.2913
2024-05-05T16:00:00,64428.62,64559.89,63832.84,63880.90,768.6534
2024-05-05T20:00:00,63880.90,64247.99,63576.51,64023.45,762.7083
2024-05-06T00:00:00,64023.45,64500.00,63713.84,63880.33,808.4110
2024-05-06T04:00:00,63880.33,64585.00,63774.30,64557.03,886.8016
2024-05-06T08:00:00,64557.02,65523.44,63831.63,64215.23,1967.8032
2024-05-06T12:00:00,64218.33,64341.79,62919.71,63642.45,3708.6731
2024-05-06T16:00:00,63642.44,63756.81,62704.48,63207.17,2898.7386
2024-05-06T20:00:00,63211.47,63612.25,63030.89,63162.24,971.3447
2024-05-07T00:00:00,63161.35,63968.29,62845.74,63242.77,1525.9685
2024-05-07T04:00:00,63242.77,63855.74,63090.00,63686.93,1039.8741
2024-05-07T08:00:00,63686.94,64415.06,63358.94,63498.65,1316.5876
2024-05-07T12:00:00,63498.66,64346.72,63066.68,63736.54,1908.3136
2024-05-07T16:00:00,63737.86,63900.00,62800.00,63055.82,1387.2797
2024-05-07T20:00:00,63047.36,63189.93,62252.64,62315.76,1816.9143
2024-05-08T00:00:00,62315.75,62960.31,62100.18,62884.36,1013.8919
2024-05-08T04:00:00,62884.37,63013.05,62068.37,62200.98,784.5763
2024-05-08T08:00:00,62210.78,62517.66,62032.00,62237.26,943.9879
2024-05-08T12:00:00,62244.47,62817.15,61756.94,62257.00,1811.0420
2024-05-08T16:00:00,62257.00,62750.00,61936.10,62152.84,1092.2977
2024-05-08T20:00:00,62150.70,62219.00,60851.04,61169.53,1840.6302
2024-05-09T00:00:00,61169.53,61776.99,61113.70,61652.54,585.5102
2024-05-09T04:00:00,61650.66,61754.60,61102.01,61237.48,582.8760
2024-05-09T08:00:00,61228.72,61420.79,60601.60,61031.39,1056.3620
2024-05-09T12:00:00,61031.39,62261.01,60854.20,62130.20,2511.7895
2024-05-09T16:00:00,62129.14,62678.85,61730.20,62436.57,2187.2707
2024-05-09T20:00:00,62439.57,63424.14,62341.04,63073.57,1436.2470
2024-05-10T00:00:00,63073.55,63092.12,62654.61,62910.78,922.0583
2024-05-10T04:00:00,62912.43,63380.00,62664.41,63074.77,823.3125
2024-05-10T08:00:00,63071.50,63321.43,62790.01,63292.22,693.9580
2024-05-10T12:00:00,63292.23,63470.00,60669.69,60900.29,4321.1016
2024-05-10T16:00:00,60898.62,61280.01,60150.00,60652.05,3753.1448
2024-05-10T20:00:00,60652.05,60996.63,60360.19,60787.47,997.5548
2024-05-11T00:00:00,60787.99,61075.00,60637.34,60716.27,427.4152
2024-05-11T04:00:00,60717.61,61063.88,60689.51,61004.34,284.0555
2024-05-11T08:00:00,61004.34,61046.37,60450.13,60658.18,329.8618
2024-05-11T12:00:00,60658.51,61482.00,60609.94,61154.33,508.2595
2024-05-11T16:00:00,61156.62,61390.39,60985.12,61117.14,448.9702
2024-05-11T20:00:00,61117.14,61136.54,60745.01,60814.63,339.5060
2024-05-12T00:00:00,60814.64,61083.59,60787.49,60911.17,267.2741
2024-05-12T04:00:00,60911.17,61099.49,60576.05,60811.46,286.1014
2024-05-12T08:00:00,60811.46,61337.85,60760.03,61117.02,375.1593
2024-05-12T12:00:00,61117.03,61535.61,61051.09,61388.25,457.9999
2024-05-12T16:00:00,61394.63,61843.45,61156.71,61395.27,673.8775
2024-05-12T20:00:00,61395.27,61522.89,60899.05,61453.02,634.5636
2024-05-13T00:00:00,61453.01,61772.44,60738.51,61144.16,1034.5941
2024-05-13T04:00:00,61145.73,62437.33,60783.19,62316.56,1108.2913
2024-05-13T08:00:00,62309.18,63269.09,62308.99,62713.26,1806.4809
2024-05-13T12:00:00,62713.26,63201.90,62401.51,63000.00,2511.6145
2024-05-13T16:00:00,63000.00,63456.18,62541.47,63173.21,1831.3571
2024-05-13T20:00:00,63170.21,63194.77,62707.62,62932.37,878.4709
2024-05-14T00:00:00,62927.44,63103.02,61433.00,62394.76,7257.2355
2024-05-14T04:00:00,62394.76,62709.68,61359.90,61981.49,1369.4728
2024-05-14T08:00:00,61981.50,61991.44,61476.95,61751.35,538.6432
2024-05-14T12:00:00,61751.35,62264.00,61024.51,61751.95,2188.1204
2024-05-14T16:00:00,61751.73,61785.10,61099.49,61553.38,1382.2320
2024-05-14T20:00:00,61553.10,61749.29,61440.50,61539.84,720.9093
2024-05-15T00:00:00,61539.70,62000.01,61299.57,61933.02,716.8769
2024-05-15T04:00:00,61933.02,62269.38,61794.73,62190.04,644.1099
2024-05-15T08:00:00,62183.24,62994.18,61922.02,62467.84,1444.8273
2024-05-15T12:00:00,62467.85,65129.16,62408.49,64742.94,7860.4096
2024-05-15T16:00:00,64742.94,66474.19,64742.94,66065.41,7875.7874
2024-05-15T20:00:00,66070.38,66480.00,65782.55,66244.69,3279.3775
2024-05-16T00:00:00,66244.68,66699.95,65782.64,65990.46,1487.4473
2024-05-16T04:00:00,65984.12,66307.57,65666.25,66178.36,1457.1687
2024-05-16T08:00:00,66178.36,66597.47,66030.86,66523.49,1286.6843
2024-05-16T12:00:00,66516.53,66772.83,65368.80,65835.53,3522.2451
2024-05-16T16:00:00,65835.53,65846.87,64588.50,65181.38,3240.7205
2024-05-16T20:00:00,65181.22,65512.03,65044.55,65252.18,1018.4361
2024-05-17T00:00:00,65252.17,65878.80,65113.46,65593.92,917.6782
2024-05-17T04:00:00,65594.51,66500.00,65373.78,66412.94,1425.7632
2024-05-17T08:00:00,66412.93,66574.79,66072.89,66228.02,819.5769
2024-05-17T12:00:00,66228.02,67500.00,65822.90,67239.77,4219.5430
2024-05-17T16:00:00,67239.77,67359.33,66251.22,67099.60,3393.9581
2024-05-17T20:00:00,67100.56,67100.56,66704.55,67046.33,933.4878
2024-05-18T00:00:00,67046.34,67110.78,66756.95,66973.95,690.2656
2024-05-18T04:00:00,66970.21,67253.00,66753.86,66919.26,529.0747
2024-05-18T08:00:00,66919.56,67407.79,66870.78,67216.55,727.7159
2024-05-18T12:00:00,67216.55,67273.00,66624.06,66837.14,991.2406
2024-05-18T16:00:00,66837.14,67018.38,66731.08,66932.04,472.0084
2024-05-18T20:00:00,66932.04,67067.03,66819.48,66923.87,470.2759
2024-05-19T00:00:00,66923.87,67300.00,66850.00,67168.03,410.5319
2024-05-19T04:00:00,67168.03,67345.91,66936.32,67333.31,277.2138
2024-05-19T08:00:00,67334.60,67701.91,66964.77,67341.14,804.6080
2024-05-19T12:00:00,67341.13,67341.13,66690.00,66907.29,574.3597
2024-05-19T16:00:00,66907.27,67003.75,65852.02,66040.39,951.6696
2024-05-19T20:00:00,66040.40,66455.00,66000.00,66261.62,546.7305
2024-05-20T00:00:00,66260.04,66767.93,66057.03,66669.51,972.1065
2024-05-20T04:00:00,66669.51,67296.00,66300.00,66820.91,1201.8833
2024-05-20T08:00:00,66820.92,67348.00,66746.61,67002.76,1020.3761
2024-05-20T12:00:00,67002.77,67520.86,66750.00,67428.28,2138.4523
2024-05-20T16:00:00,67428.29,70138.39,67379.32,70068.07,8678.4465
2024-05-20T20:00:00,70068.08,71560.90,68918.43,71432.17,6404.6223
2024-05-21T00:00:00,71432.16,71980.00,70695.03,71291.78,3582.8490
2024-05-21T04:00:00,71278.36,71398.99,70805.48,70859.96,1759.3749
2024-05-21T08:00:00,70859.96,71440.28,70830.01,71103.32,1364.9139
2024-05-21T12:00:00,71104.31,71465.74,69634.39,69787.25,3803.3029
2024-05-21T16:00:00,69785.06,70247.72,69146.01,69284.85,4049.7909
2024-05-21T20:00:00,69284.13,70384.40,69225.38,70142.84,1541.8297
2024-05-22T00:00:00,70142.88,70361.98,69802.95,69939.46,955.2985
2024-05-22T04:00:00,69937.56,70057.07,69206.96,69701.88,1074.1597
2024-05-22T08:00:00,69701.88,70273.98,69626.88,69728.82,817.0612
2024-05-22T12:00:00,69728.81,70581.89,69415.87,70432.31,2707.1571
2024-05-22T16:00:00,70432.31,70659.99,69224.26,69638.33,2453.4077
2024-05-22T20:00:00,69634.33,69966.41,68887.52,69109.93,2882.0188
2024-05-23T00:00:00,69109.93,69580.16,69109.93,69405.41,1046.1751
2024-05-23T04:00:00,69399.11,69850.60,69295.80,69699.82,690.7135
2024-05-23T08:00:00,69696.08,70030.78,69500.04,69947.98,926.9587
2024-05-23T12:00:00,69940.72,70066.95,67550.00,68022.15,4168.5882
2024-05-23T16:00:00,68022.14,68134.00,66700.00,67113.45,3619.3761
2024-05-23T20:00:00,67114.81,68286.66,66259.00,67940.45,3888.4669
2024-05-24T00:00:00,67932.79,67992.75,67590.31,67851.95,743.3578
2024-05-24T04:00:00,67854.02,67890.30,66818.59,67148.54,1067.0052
2024-05-24T08:00:00,67149.37,67508.09,66587.91,67311.27,657.5700
2024-05-24T12:00:00,67304.78,68390.67,66879.86,68308.68,2683.0264
2024-05-24T16:00:00,68311.80,69278.75,67906.31,69135.52,4026.6513
2024-05-24T20:00:00,69135.52,69227.82,67800.00,68547.80,1197.3491
2024-05-25T00:00:00,68545.52,68891.10,68487.44,68733.19,398.3095
2024-05-25T04:00:00,68733.19,68809.89,68587.22,68738.75,267.4374
2024-05-25T08:00:00,68738.75,69605.03,68723.64,69093.63,558.1473
2024-05-25T12:00:00,69093.92,69297.32,68841.52,68937.55,585.5560
2024-05-25T16:00:00,68937.55,69260.51,68849.72,69146.92,355.0246
2024-05-25T20:00:00,69146.93,69364.82,69033.47,69289.67,336.6441
2024-05-26T00:00:00,69289.69,69318.73,68811.00,69059.69,272.6899
2024-05-26T04:00:00,69060.27,69420.00,68907.71,69307.71,199.0573
2024-05-26T08:00:00,69307.53,69522.00,68950.94,69105.77,273.5717
2024-05-26T12:00:00,69105.77,69352.22,68638.57,68826.37,432.5148
2024-05-26T16:00:00,68823.31,68947.70,68666.16,68864.96,294.0813
2024-05-26T20:00:00,68864.96,68873.02,68097.38,68473.72,565.7583
2024-05-27T00:00:00,68470.80,69273.07,68441.73,68836.83,524.4370
2024-05-27T04:00:00,68839.07,68867.91,68280.89,68604.68,415.0272
2024-05-27T08:00:00,68604.68,68891.25,68210.12,68392.32,428.7731
2024-05-27T12:00:00,68392.31,70460.72,68329.79,70314.06,1538.6174
2024-05-27T16:00:00,70309.22,70613.39,69004.23,69204.54,1641.8859
2024-05-27T20:00:00,69199.88,69826.37,69111.97,69368.72,835.8821
2024-05-28T00:00:00,69366.31,69533.96,67723.16,68013.18,1692.1819
2024-05-28T04:00:00,68014.28,68093.05,67437.11,67630.91,1311.5124
2024-05-28T08:00:00,67630.19,68835.48,67515.52,68327.37,1112.3429
2024-05-28T12:00:00,68327.35,68500.00,67457.63,68303.07,2977.7926
2024-05-28T16:00:00,68304.63,68551.98,67194.59,68345.52,2973.6233
2024-05-28T20:00:00,68339.57,68608.76,68040.33,68321.98,1908.4777
2024-05-29T00:00:00,68321.99,68864.11,68188.05,68754.78,1051.4372
2024-05-29T04:00:00,68754.78,68850.00,67872.01,67873.16,845.8212
2024-05-29T08:00:00,67873.13,67971.09,67536.40,67699.64,1108.1404
2024-05-29T12:00:00,67703.24,68222.22,67234.62,67325.55,2842.4095
2024-05-29T16:00:00,67329.75,67682.89,67090.01,67192.68,1800.7060
2024-05-29T20:00:00,67200.22,67752.66,67081.66,67569.45,1321.5064
2024-05-30T00:00:00,67569.44,68136.02,67411.78,68055.43,1121.8367
2024-05-30T04:00:00,68055.67,68359.69,67494.03,67559.02,1352.3851
2024-05-30T08:00:00,67559.00,68069.00,67092.91,67761.64,927.0147
2024-05-30T12:00:00,67762.22,68815.76,67702.00,68514.52,3238.1771
2024-05-30T16:00:00,68514.53,69536.89,68368.65,68679.87,4053.8893
2024-05-30T20:00:00,68679.85,68681.54,68043.74,68338.58,1147.9609
2024-05-31T00:00:00,68338.58,68715.10,68255.00,68516.49,649.6171
2024-05-31T04:00:00,68516.60,68639.57,68069.47,68172.43,736.8838
2024-05-31T08:00:00,68172.43,68425.93,67853.05,68315.83,573.1220
2024-05-31T12:00:00,68315.83,69024.71,67122.00,67146.89,4201.1327
2024-05-31T16:00:00,67146.89,67920.00,66584.47,67578.13,3807.7836
2024-05-31T20:00:00,67576.47,67719.21,67150.56,67472.41,722.3196
2024-06-01T00:00:00,67473.07,67713.93,67371.28,67667.09,369.3226
2024-06-01T04:00:00,67667.08,67756.76,67507.65,67577.82,228.5461
2024-06-01T08:00:00,67568.30,67698.77,67544.09,67605.08,147.5916
2024-06-01T12:00:00,67605.08,67820.24,67581.41,67630.36,378.0899
2024-06-01T16:00:00,67633.10,67786.52,67511.46,67697.37,479.3186
2024-06-01T20:00:00,67694.11,67837.33,67640.08,67719.29,346.7013
2024-06-02T00:00:00,67719.29,67868.63,67586.59,67731.39,369.3165
2024-06-02T04:00:00,67731.39,67817.24,67664.18,67672.85,189.6189
2024-06-02T08:00:00,67670.54,68265.30,67325.64,68203.20,390.7289
2024-06-02T12:00:00,68203.99,68411.00,67750.01,68093.90,774.9153
2024-06-02T16:00:00,68095.47,68180.48,67260.00,67700.97,880.6835
2024-06-02T20:00:00,67700.00,67960.18,67536.23,67735.52,391.8894
2024-06-03T00:00:00,67731.14,68748.36,67568.00,68359.58,1099.6436
2024-06-03T04:00:00,68359.25,69185.08,68250.37,68881.61,1909.6185
2024-06-03T08:00:00,68885.07,69320.00,68837.69,69068.05,1524.4304
2024-06-03T12:00:00,69068.06,70295.78,68543.90,69603.78,4541.4433
2024-06-03T16:00:00,69605.90,69706.90,68782.55,69204.53,1797.2330
2024-06-03T20:00:00,69203.68,69488.88,68716.30,68791.00,1012.5400
2024-06-04T00:00:00,68791.04,69348.99,68640.03,69139.05,884.3129
2024-06-04T04:00:00,69138.54,69249.99,68727.10,68996.14,876.5928
2024-06-04T08:00:00,68996.15,69179.08,68542.37,68928.59,888.0607
2024-06-04T12:00:00,68931.67,70562.24,68820.96,70476.01,6247.9344
2024-06-04T16:00:00,70474.01,71108.90,70082.37,70439.73,7998.3092
2024-06-04T20:00:00,70450.03,70757.39,70175.31,70542.32,1146.9841
2024-06-05T00:00:00,70541.68,71300.00,70429.44,70951.65,1538.3908
2024-06-05T04:00:00,70947.03,71375.09,70827.80,71191.23,1028.6794
2024-06-05T08:00:00,71185.39,71224.15,70693.16,70958.76,497.9273
2024-06-05T12:00:00,70958.74,71778.48,70356.49,71607.61,3442.7627
2024-06-05T16:00:00,71607.62,71804.13,70856.01,71300.39,2646.1851
2024-06-05T20:00:00,71310.08,71387.94,70740.59,71121.11,969.2350
2024-06-06T00:00:00,71120.65,71250.00,70900.25,71059.46,750.1261
2024-06-06T04:00:00,71059.46,71120.00,70800.00,71024.83,746.3030
2024-06-06T08:00:00,71024.83,71187.54,70879.09,71154.46,559.6568
2024-06-06T12:00:00,71153.31,71650.56,70968.53,71280.96,2125.5150
2024-06-06T16:00:00,71283.77,71371.16,70424.00,70472.00,2278.2024
2024-06-06T20:00:00,70468.12,70944.00,70093.98,70773.64,1256.7048
2024-06-07T00:00:00,70773.63,71011.95,70645.41,70986.30,670.1083
2024-06-07T04:00:00,70986.30,71443.99,70986.29,71077.91,1067.3809
2024-06-07T08:00:00,71078.15,71686.74,70991.43,71686.74,1231.8569
2024-06-07T12:00:00,71686.22,71974.04,70577.00,71051.91,3290.7938
2024-06-07T16:00:00,71052.57,71181.84,68298.55,69206.35,6374.7230
2024-06-07T20:00:00,69209.96,69500.00,68942.16,69324.53,1134.1189
2024-06-08T00:00:00,69326.71,69500.00,69256.81,69393.55,592.4646
2024-06-08T04:00:00,69389.97,69546.58,69200.00,69546.57,349.6210
2024-06-08T08:00:00,69546.57,69546.57,69289.78,69340.14,353.6396
2024-06-08T12:00:00,69342.42,69484.21,69126.22,69427.91,574.0023
2024-06-08T16:00:00,69427.91,69495.00,69291.15,69452.33,459.9187
2024-06-08T20:00:00,69452.33,69480.02,69279.15,69304.05,302.2999
2024-06-09T00:00:00,69303.80,69353.89,69123.99,69260.17,312.3454
2024-06-09T04:00:00,69260.16,69433.23,69232.94,69294.47,254.0948
2024-06-09T08:00:00,69294.46,69401.43,69277.39,69368.75,159.1196
2024-06-09T12:00:00,69361.27,69776.54,69259.63,69504.52,356.9427
2024-06-09T16:00:00,69505.55,69848.94,69486.65,69704.98,378.9447
2024-06-09T20:00:00,69704.94,69816.38,69575.03,69637.87,364.5928
2024-06-10T00:00:00,69641.08,69791.86,69414.67,69603.37,398.1019
2024-06-10T04:00:00,69603.36,69663.08,69228.83,69288.90,371.4695
2024-06-10T08:00:00,69279.02,69531.98,69141.51,69446.32,422.2718
2024-06-10T12:00:00,69446.31,70187.53,69194.05,70056.52,2033.7455
2024-06-10T16:00:00,70056.53,70121.12,69361.68,69492.41,1759.8630
2024-06-10T20:00:00,69485.60,69669.86,69318.00,69497.73,1102.9519
2024-06-11T00:00:00,69495.97,69547.82,67869.69,68426.74,2750.3394
2024-06-11T04:00:00,68425.77,68425.77,67286.40,67525.41,2709.7669
2024-06-11T08:00:00,67525.41,67637.16,66680.00,66824.29,2778.5642
2024-06-11T12:00:00,66824.29,67241.39,66018.69,66204.00,4072.6401
2024-06-11T16:00:00,66201.72,67599.83,66122.46,67400.44,3819.8206
2024-06-11T20:00:00,67400.44,67587.73,67173.54,67316.53,1223.5580
2024-06-12T00:00:00,67316.52,67598.96,66883.32,67394.06,1004.0304
2024-06-12T04:00:00,67394.06,67587.00,67172.27,67437.59,624.4197
2024-06-12T08:00:00,67437.59,68046.78,67333.41,67768.23,920.5438
2024-06-12T12:00:00,67768.23,70032.00,67723.93,69743.42,4786.8686
2024-06-12T16:00:00,69743.42,69879.14,67202.54,67520.00,7446.5818
2024-06-12T20:00:00,67520.00,68644.81,67393.07,68248.60,2357.5671
2024-06-13T00:00:00,68248.59,68377.84,66966.00,67449.89,1432.9892
2024-06-13T04:00:00,67451.30,67727.34,67298.39,67718.97,682.8101
2024-06-13T08:00:00,67718.97,67979.61,67163.28,67743.80,1057.2048
2024-06-13T12:00:00,67743.80,68474.49,66311.89,66419.70,4512.9174
2024-06-13T16:00:00,66418.03,67046.60,66200.00,66570.39,3286.4356
2024-06-13T20:00:00,66569.79,66957.72,66502.70,66738.85,943.7749
2024-06-14T00:00:00,66746.46,66988.95,66445.00,66714.56,926.8121
2024-06-14T04:00:00,66714.55,67165.44,66670.21,66860.22,719.5039
2024-06-14T08:00:00,66860.23,67218.38,66708.99,66997.13,730.1595
2024-06-14T12:00:00,66995.40,67322.72,66290.34,66338.43,2243.0012
2024-06-14T16:00:00,66338.43,66476.76,65005.00,65470.55,4882.0852
2024-06-14T20:00:00,65470.77,66573.00,65429.20,66004.39,2018.5961
2024-06-15T00:00:00,66004.36,66256.21,65937.20,66226.53,455.5669
2024-06-15T04:00:00,66226.52,66375.35,66008.14,66028.38,315.4732
2024-06-15T08:00:00,66028.37,66304.24,66028.05,66268.51,206.1275
2024-06-15T12:00:00,66268.52,66428.57,66121.48,66277.36,298.0404
2024-06-15T16:00:00,66277.36,66325.93,66026.14,66119.67,310.3889
2024-06-15T20:00:00,66116.50,66254.68,65800.86,66192.00,418.5454
2024-06-16T00:00:00,66192.00,66233.01,66031.03,66102.07,242.3220
2024-06-16T04:00:00,66101.08,66316.71,65999.00,66219.07,159.9028
2024-06-16T08:00:00,66218.43,66718.22,66135.34,66445.63,239.6807
2024-06-16T12:00:00,66445.62,66760.00,66424.21,66660.62,504.2841
2024-06-16T16:00:00,66663.32,66706.08,66461.86,66500.59,298.2954
2024-06-16T20:00:00,66500.79,66931.18,66401.15,66628.75,674.1666
2024-06-17T00:00:00,66629.38,66871.74,66104.55,66182.77,766.2075
2024-06-17T04:00:00,66182.77,66522.82,65901.00,66139.72,626.5774
2024-06-17T08:00:00,66139.67,66277.85,65502.74,65751.73,891.7052
2024-06-17T12:00:00,65752.05,65775.61,65050.00,65341.88,2783.7368
2024-06-17T16:00:00,65341.87,67274.96,65137.73,66657.94,7444.0750
2024-06-17T20:00:00,66652.91,66734.65,66129.51,66481.81,1975.3387
2024-06-18T00:00:00,66481.81,66574.33,64555.00,65503.67,3289.9183
2024-06-18T04:00:00,65501.80,65849.19,65343.90,65669.26,1819.1053
2024-06-18T08:00:00,65669.27,65771.68,65103.14,65353.53,1489.5550
2024-06-18T12:00:00,65354.01,65426.03,64237.00,64669.49,4161.5371
2024-06-18T16:00:00,64674.52,64875.27,64010.01,64366.10,3347.4892
2024-06-18T20:00:00,64365.25,65277.40,64141.31,65152.80,1830.1269
2024-06-19T00:00:00,65150.90,65587.44,64778.92,65384.22,1296.2538
2024-06-19T04:00:00,65384.23,65709.26,65166.63,65310.14,891.0734
2024-06-19T08:00:00,65308.61,65504.98,64977.00,65183.48,684.7662
2024-06-19T12:00:00,65183.48,65286.00,64717.15,64896.61,898.6522
2024-06-19T16:00:00,64893.72,65258.43,64760.32,64858.42,588.4535
2024-06-19T20:00:00,64858.44,65070.42,64635.48,64943.79,599.1844
2024-06-20T00:00:00,64945.67,65377.94,64803.09,65167.42,658.7785
2024-06-20T04:00:00,65166.78,65947.05,65056.38,65838.66,1370.3621
2024-06-20T08:00:00,65835.07,66455.52,65546.22,66139.64,1658.8554
2024-06-20T12:00:00,66139.64,66268.82,64610.56,64776.20,2693.6419
2024-06-20T16:00:00,64775.61,65162.74,64500.00,65010.87,2245.9961
2024-06-20T20:00:00,65007.28,65150.40,64819.75,64840.88,719.0741
2024-06-21T00:00:00,64840.89,65017.10,64311.10,64466.54,910.5872
2024-06-21T04:00:00,64468.07,64706.26,64154.83,64169.96,569.0987
2024-06-21T08:00:00,64170.95,64337.26,63482.33,63716.11,1777.5554
2024-06-21T12:00:00,63716.12,64328.05,63300.93,63685.68,3345.4551
2024-06-21T16:00:00,63686.23,64219.52,63372.95,64193.28,2447.0571
2024-06-21T20:00:00,64186.43,64420.00,63800.79,64120.28,767.0425
2024-06-22T00:00:00,64120.28,64307.50,63910.01,64289.00,349.8300
2024-06-22T04:00:00,64288.99,64523.91,64207.75,64476.76,1064.5779
2024-06-22T08:00:00,64476.75,64498.19,64177.71,64228.22,271.2089
2024-06-22T12:00:00,64228.22,64370.39,64218.01,64279.86,237.0507
2024-06-22T16:00:00,64279.87,64340.27,64201.44,64276.84,209.2734
2024-06-22T20:00:00,64276.84,64307.02,64215.88,64235.01,192.2741
2024-06-23T00:00:00,64235.00,64499.95,64235.00,64388.12,295.8565
2024-06-23T04:00:00,64388.12,64406.58,64312.07,64381.96,103.2538
2024-06-23T08:00:00,64384.44,64405.42,64209.37,64304.99,129.9852
2024-06-23T12:00:00,64307.12,64392.93,64018.36,64057.76,355.3652
2024-06-23T16:00:00,64056.32,64145.98,63885.01,64115.51,298.1131
2024-06-23T20:00:00,64115.51,64120.00,63125.75,63171.43,872.2171
2024-06-24T00:00:00,63169.36,63343.91,62646.02,62820.07,1820.5589
2024-06-24T04:00:00,62820.06,62906.72,62109.00,62422.83,2197.1491
2024-06-24T08:00:00,62422.84,62935.92,60544.36,61250.01,3569.1459
2024-06-24T12:00:00,61250.00,61674.43,60642.80,60816.05,2884.5737
2024-06-24T16:00:00,60816.06,61011.39,59010.42,59270.63,7230.7304
2024-06-24T20:00:00,59263.00,60400.00,58414.28,60263.00,3715.8879
2024-06-25T00:00:00,60262.16,61589.48,60217.36,61286.42,1983.9500
2024-06-25T04:00:00,61285.05,61400.00,60580.00,60644.94,1371.6343
2024-06-25T08:00:00,60644.95,61536.80,60624.52,61141.33,2010.2396
2024-06-25T12:00:00,61141.33,62130.84,60926.66,61797.50,4374.9689
2024-06-25T16:00:00,61797.50,62400.00,61120.00,61960.58,4271.7146
2024-06-25T20:00:00,61953.44,62156.90,61641.16,61789.71,1189.0751
2024-06-26T00:00:00,61794.47,62470.00,61627.52,61919.44,1204.0562
2024-06-26T04:00:00,61919.44,61976.33,61505.02,61712.06,1014.3001
2024-06-26T08:00:00,61709.48,61755.69,61139.91,61426.64,1146.3739
2024-06-26T12:00:00,61426.65,61979.26,61148.20,61463.07,1935.1732
2024-06-26T16:00:00,61457.54,61538.55,60666.66,60931.90,4036.6607
2024-06-26T20:00:00,60940.65,61100.23,60656.80,60816.68,2056.2342
2024-06-27T00:00:00,60818.86,61244.00,60720.05,60993.15,1161.9229
2024-06-27T04:00:00,60993.16,61142.84,60546.94,60725.52,1029.6329
2024-06-27T08:00:00,60725.52,61390.10,60658.50,61115.14,1463.7844
2024-06-27T12:00:00,61115.14,62346.16,61077.64,61514.92,3922.0081
2024-06-27T16:00:00,61514.92,61968.50,61306.74,61362.12,2080.3516
2024-06-27T20:00:00,61357.37,61629.90,61265.95,61615.39,872.6590
2024-06-28T00:00:00,61611.43,62170.62,61410.95,61767.55,1525.7693
2024-06-28T04:00:00,61767.69,61779.29,61156.70,61262.94,808.6602
2024-06-28T08:00:00,61262.94,61711.16,61131.42,61613.00,789.8480
2024-06-28T12:00:00,61612.20,61802.13,60642.27,60953.33,3098.9118
2024-06-28T16:00:00,60953.29,61010.65,59899.01,59952.11,4024.3787
2024-06-28T20:00:00,59960.34,60339.93,59868.00,60313.35,1133.4578
2024-06-29T00:00:00,60312.36,60892.00,60273.80,60654.15,975.5224
2024-06-29T04:00:00,60654.16,61028.72,60601.84,60937.77,635.7479
2024-06-29T08:00:00,60937.45,61122.66,60790.24,60997.13,496.4151
2024-06-29T12:00:00,60997.12,61078.82,60854.18,61016.47,382.9149
2024-06-29T16:00:00,61017.15,61036.78,60822.09,60946.59,282.9003
2024-06-29T20:00:00,60946.58,60997.79,60758.49,60885.67,425.5360
2024-06-30T00:00:00,60884.44,60986.35,60656.05,60803.58,455.0235
2024-06-30T04:00:00,60803.57,61672.69,60611.01,61420.47,633.6755
2024-06-30T08:00:00,61420.48,61583.82,61228.92,61445.70,492.8498
2024-06-30T12:00:00,61445.46,61738.19,61229.50,61612.84,493.9078
2024-06-30T16:00:00,61612.51,62005.65,61471.02,61929.29,740.2239
2024-06-30T20:00:00,61926.69,62942.67,61728.10,62668.26,1447.5488
2024-07-01T00:00:00,62669.14,63752.35,62475.67,63369.30,2453.9188
2024-07-01T04:00:00,63369.54,63407.50,63151.32,63216.99,927.2049
2024-07-01T08:00:00,63218.68,63252.19,62512.95,62586.37,861.1055
2024-07-01T12:00:00,62586.37,63086.99,62448.46,63051.38,2498.0422
2024-07-01T16:00:00,63051.38,63801.26,62880.42,63163.74,4494.1976
2024-07-01T20:00:00,63163.75,63361.03,62743.94,62830.13,1092.2381
2024-07-02T00:00:00,62830.94,63223.57,62713.01,63063.78,840.0887
2024-07-02T04:00:00,63063.78,63173.32,62485.78,62533.56,1140.0279
2024-07-02T08:00:00,62533.56,62772.79,62333.47,62734.08,1407.5052
2024-07-02T12:00:00,62734.08,63099.51,61739.25,61867.99,3741.4382
2024-07-02T16:00:00,61868.79,62291.08,61724.93,61832.30,2052.2879
2024-07-02T20:00:00,61837.31,62088.42,61000.00,62040.22,1507.2934
2024-07-03T00:00:00,62039.44,62197.01,60534.14,60899.31,1614.5399
2024-07-03T04:00:00,60899.31,61093.02,60710.33,60768.37,828.1521
2024-07-03T08:00:00,60768.37,60891.66,59509.00,60295.52,2430.2294
2024-07-03T12:00:00,60297.28,60655.59,59649.06,60090.71,2662.7422
2024-07-03T16:00:00,60092.14,60595.90,59574.33,59590.81,2673.2389
2024-07-03T20:00:00,59587.29,60305.92,59332.76,60145.01,1857.8142
2024-07-04T00:00:00,60145.01,60429.27,57875.18,59065.69,3657.5936
2024-07-04T04:00:00,59065.51,59112.64,58046.79,58175.17,2037.2800
2024-07-04T08:00:00,58171.62,58446.71,56925.18,57719.97,3222.3457
2024-07-04T12:00:00,57716.60,58303.42,56709.73,58100.21,4400.4317
2024-07-04T16:00:00,58108.70,58626.35,57709.94,58242.74,2519.2323
2024-07-04T20:00:00,58243.16,58768.20,56898.58,57042.14,2132.4735
2024-07-05T00:00:00,57036.45,57515.60,55011.00,55210.48,5671.5899
2024-07-05T04:00:00,55207.86,55352.07,53499.90,54386.04,5236.0339
2024-07-05T08:00:00,54381.56,55642.37,53883.89,55474.79,2788.5626
2024-07-05T12:00:00,55474.79,56700.00,54830.59,56690.48,6570.3991
2024-07-05T16:00:00,56697.54,57044.85,55825.59,56463.55,6564.0158
2024-07-05T20:00:00,56465.26,56874.28,56317.50,56639.43,1221.8137
2024-07-06T00:00:00,56634.53,56999.45,56183.54,56408.41,1224.1965
2024-07-06T04:00:00,56407.77,56686.61,56020.32,56604.77,849.2367
2024-07-06T08:00:00,56604.78,56885.24,56441.96,56741.33,530.4386
2024-07-06T12:00:00,56741.19,57450.00,56511.70,57324.31,1400.6585
2024-07-06T16:00:00,57323.84,58156.13,57192.29,57865.61,1372.8289
2024-07-06T20:00:00,57865.93,58481.97,57825.25,58244.75,1071.9658
2024-07-07T00:00:00,58240.36,58448.89,57848.60,57967.77,1103.2655
2024-07-07T04:00:00,57967.82,58014.00,57078.47,57368.78,779.5653
2024-07-07T08:00:00,57368.80,57907.51,57340.40,57445.80,438.5602
2024-07-07T12:00:00,57444.23,57615.56,56548.53,56821.46,905.8503
2024-07-07T16:00:00,56815.48,57380.64,56738.50,57146.10,715.1901
2024-07-07T20:00:00,57146.10,57319.51,55717.23,55854.09,1378.4850
2024-07-08T00:00:00,55852.61,56023.92,54278.93,55155.86,3498.8405
2024-07-08T04:00:00,55155.86,55905.34,54444.17,55857.42,2216.7478
2024-07-08T08:00:00,55857.43,58200.00,55738.24,57142.05,3542.6700
2024-07-08T12:00:00,57135.26,57612.41,54938.68,55740.97,4806.9694
2024-07-08T16:00:00,55740.97,56556.79,55409.40,56475.05,3370.4996
2024-07-08T20:00:00,56478.63,56963.50,56170.13,56699.43,1607.3212
2024-07-09T00:00:00,56701.18,57356.24,56276.37,57160.29,1427.6146
2024-07-09T04:00:00,57158.04,57765.95,57000.00,57108.17,1200.8997
2024-07-09T08:00:00,57108.17,57883.88,57009.76,57427.48,1905.7181
2024-07-09T12:00:00,57423.61,58122.00,56910.35,57474.12,2792.8091
2024-07-09T16:00:00,57474.58,58295.31,57372.56,57858.29,3197.3125
2024-07-09T20:00:00,57858.30,58273.34,57695.52,58047.86,1233.4063
2024-07-10T00:00:00,58047.86,58212.73,57340.70,58184.80,948.7863
2024-07-10T04:00:00,58184.67,59481.93,58184.67,58983.38,2643.9596
2024-07-10T08:00:00,58985.13,59043.27,58308.09,58483.17,1848.8869
2024-07-10T12:00:00,58485.87,58559.18,57480.00,57687.42,3024.9526
2024-07-10T16:00:00,57693.61,58015.23,57333.43,57384.25,1807.5004
2024-07-10T20:00:00,57384.06,57870.52,57157.28,57712.59,1345.5465
2024-07-11T00:00:00,57713.40,58379.13,57036.41,57552.02,1642.1618
2024-07-11T04:00:00,57550.36,58309.54,57474.49,58183.93,799.0990
2024-07-11T08:00:00,58185.11,58894.25,58037.01,58773.88,1572.5653
2024-07-11T12:00:00,58772.99,59533.06,57267.73,57411.66,5168.6623
2024-07-11T16:00:00,57411.64,58000.00,57180.25,57386.03,1330.8950
2024-07-11T20:00:00,57387.78,57628.68,57147.97,57340.77,920.1504
2024-07-12T00:00:00,57343.66,57577.14,56538.33,56916.82,1253.2341
2024-07-12T04:00:00,56916.82,57407.39,56721.41,57114.39,1088.9090
2024-07-12T08:00:00,57114.38,57331.74,56763.56,57225.10,853.8443
2024-07-12T12:00:00,57225.09,58295.08,57102.47,58221.00,2768.2564
2024-07-12T16:00:00,58221.78,58550.00,57519.15,57611.34,3380.4390
2024-07-12T20:00:00,57601.72,57935.81,57152.89,57909.03,1171.9212
2024-07-13T00:00:00,57908.61,58011.12,57780.03,57840.00,319.6962
2024-07-13T04:00:00,57840.00,58238.08,57770.92,58178.51,307.7687
2024-07-13T08:00:00,58178.50,58844.02,57931.05,58541.50,694.7649
2024-07-13T12:00:00,58541.51,58898.00,58439.79,58848.18,821.4075
2024-07-13T16:00:00,58848.11,58978.53,58580.00,58636.19,451.5115
2024-07-13T20:00:00,58629.11,59875.00,58292.08,59224.58,1659.9565
2024-07-14T00:00:00,59224.58,59858.77,59209.20,59483.51,924.7081
2024-07-14T04:00:00,59482.45,60356.45,59433.80,60086.41,1079.8339
2024-07-14T08:00:00,60088.05,60431.16,59928.29,60136.84,664.9880
2024-07-14T12:00:00,60136.83,60247.49,59492.00,60100.85,878.3831
2024-07-14T16:00:00,60099.00,60214.70,59905.24,59927.30,502.0837
2024-07-14T20:00:00,59932.90,61428.67,59900.00,60808.42,2082.3772
2024-07-15T00:00:00,60804.97,62854.15,60666.59,62681.98,3995.6419
2024-07-15T04:00:00,62685.35,63123.99,62458.45,62876.53,2629.9335
2024-07-15T08:00:00,62874.14,63293.19,62316.01,62470.09,1261.7429
2024-07-15T12:00:00,62464.96,63367.35,62459.00,63070.68,3743.8258
2024-07-15T16:00:00,63070.68,63935.15,62888.84,63426.27,6279.6404
2024-07-15T20:00:00,63426.27,64943.61,63319.44,64757.16,2690.9495
2024-07-16T00:00:00,64757.16,64999.99,64461.32,64786.96,1540.4802
2024-07-16T04:00:00,64786.95,65025.74,62758.27,62941.27,3064.5403
2024-07-16T08:00:00,62944.76,63893.13,62410.33,63786.86,1626.8327
2024-07-16T12:00:00,63786.86,64999.99,63088.87,64904.68,3326.2351
2024-07-16T16:00:00,64904.66,65241.21,64142.46,65208.43,3371.0205
2024-07-16T20:00:00,65206.17,65405.89,64170.29,65088.99,1762.8112
2024-07-17T00:00:00,65086.55,66139.00,64978.06,65735.71,1607.9411
2024-07-17T04:00:00,65730.46,66047.27,65233.70,65276.82,1021.0573
2024-07-17T08:00:00,65276.83,65542.87,64568.00,64739.45,1260.0924
2024-07-17T12:00:00,64740.62,65425.20,64540.01,64747.90,2486.2537
2024-07-17T16:00:00,64750.52,64798.29,63853.99,64602.85,2809.6899
2024-07-17T20:00:00,64604.79,64698.56,64069.09,64085.81,1462.7626
2024-07-18T00:00:00,64085.82,65117.16,63904.27,64859.01,1046.5187
2024-07-18T04:00:00,64859.01,65065.00,64398.49,64681.36,429.2104
2024-07-18T08:00:00,64681.36,64968.59,64448.89,64769.38,779.8531
2024-07-18T12:00:00,64769.25,65130.88,63394.13,63531.57,2574.7455
2024-07-18T16:00:00,63530.01,63962.23,63222.60,63547.89,1818.1806
2024-07-18T20:00:00,63549.19,64111.11,63423.94,63982.86,989.0193
2024-07-19T00:00:00,63977.64,64371.39,63289.15,64319.52,789.3723
2024-07-19T04:00:00,64315.50,64478.26,63607.41,63701.23,1149.7318
2024-07-19T08:00:00,63704.17,64178.57,63405.07,64104.47,680.8328
2024-07-19T12:00:00,64110.18,65919.99,64031.06,65857.42,4885.8515
2024-07-19T16:00:00,65852.24,67504.22,65843.42,67207.36,6156.2624
2024-07-19T20:00:00,67207.36,67400.00,66651.53,66707.61,1501.0067
2024-07-20T00:00:00,66707.61,66875.00,66271.00,66639.80,825.9971
2024-07-20T04:00:00,66638.58,66809.12,66466.19,66603.18,439.5810
2024-07-20T08:00:00,66603.18,66779.70,66505.64,66517.47,438.4114
2024-07-20T12:00:00,66517.48,66862.84,66315.28,66857.02,539.7266
2024-07-20T16:00:00,66857.03,67635.00,66712.42,67269.08,1525.6672
2024-07-20T20:00:00,67269.09,67480.03,66838.59,67163.83,902.0056
2024-07-21T00:00:00,67163.82,67469.86,66985.97,67198.86,364.5093
2024-07-21T04:00:00,67198.85,67256.11,66611.03,66726.43,416.7222
2024-07-21T08:00:00,66726.43,67095.51,66696.10,66900.39,290.9033
2024-07-21T12:00:00,66900.39,67532.22,66640.79,67197.39,775.3080
2024-07-21T16:00:00,67196.54,67756.51,65820.18,67448.39,2405.4775
2024-07-21T20:00:00,67444.16,68380.00,67300.27,68181.28,1774.9417
2024-07-22T00:00:00,68181.16,68495.00,67755.00,67893.28,1555.1221
2024-07-22T04:00:00,67893.30,68029.08,67143.87,67255.27,1278.4353
2024-07-22T08:00:00,67255.26,67611.86,66961.37,67527.77,843.7682
2024-07-22T12:00:00,67527.77,68012.00,66569.42,67073.72,2787.0965
2024-07-22T16:00:00,67078.92,68339.99,66822.06,68276.66,3858.6481
2024-07-22T20:00:00,68278.26,68317.91,67258.17,67558.22,1521.7209
2024-07-23T00:00:00,67560.03,67786.84,67219.67,67489.76,855.2456
2024-07-23T04:00:00,67490.73,67552.06,66243.96,66580.80,1448.6520
2024-07-23T08:00:00,66580.79,67169.55,66452.01,66686.21,659.6885
2024-07-23T12:00:00,66686.25,67375.50,65945.86,66601.84,3132.8721
2024-07-23T16:00:00,66598.71,66795.06,65444.30,65525.00,3461.7369
2024-07-23T20:00:00,65532.20,66057.80,65474.46,65939.24,1232.8427
2024-07-24T00:00:00,65939.24,66145.57,65473.00,66051.72,918.9267
2024-07-24T04:00:00,66051.28,66082.57,65613.65,66076.96,458.6425
2024-07-24T08:00:00,66076.97,66610.75,66000.80,66378.54,499.4678
2024-07-24T12:00:00,66378.55,67131.17,66103.09,66186.67,2115.8168
2024-07-24T16:00:00,66182.29,66727.68,65555.00,65651.94,2127.8951
2024-07-24T20:00:00,65654.62,66069.90,65090.61,65366.40,1581.5067
2024-07-25T00:00:00,65358.86,65616.28,63851.58,64082.22,2634.6566
2024-07-25T04:00:00,64083.17,64383.98,63777.33,64111.40,1294.9924
2024-07-25T08:00:00,64111.41,64464.41,63850.01,64083.59,733.6415
2024-07-25T12:00:00,64083.59,65028.23,63412.46,64778.81,2675.3203
2024-07-25T16:00:00,64778.74,65176.73,64360.27,64663.15,1386.4696
2024-07-25T20:00:00,64663.14,66161.98,64401.73,65795.42,1727.1752
2024-07-26T00:00:00,65795.52,67477.27,65705.60,67027.65,1666.5070
2024-07-26T04:00:00,67034.66,67186.56,66854.18,66902.71,717.6296
2024-07-26T08:00:00,66899.60,67498.04,66899.60,67320.84,806.6658
2024-07-26T12:00:00,67320.84,67999.99,66880.00,67562.29,2474.2326
2024-07-26T16:00:00,67562.29,68175.00,67305.67,68008.63,2350.4549
2024-07-26T20:00:00,68008.08,68216.66,67423.73,67924.08,1299.7193
2024-07-27T00:00:00,67921.46,68086.85,67658.00,67807.79,654.0769
2024-07-27T04:00:00,67807.79,68305.64,67787.68,68055.83,407.2425
2024-07-27T08:00:00,68055.83,68276.26,67909.53,68229.97,374.6734
2024-07-27T12:00:00,68233.40,69418.15,68209.42,68865.00,1478.3822
2024-07-27T16:00:00,68865.00,69017.13,67731.75,68273.79,1509.0896
2024-07-27T20:00:00,68273.79,69156.35,66635.28,67899.41,5810.1574
2024-07-28T00:00:00,67901.81,68290.36,67275.00,67936.13,580.3067
2024-07-28T04:00:00,67935.38,68034.62,67021.80,67558.51,680.9024
2024-07-28T08:00:00,67559.36,67998.29,67219.00,67843.00,370.9005
2024-07-28T12:00:00,67844.21,68123.84,67570.01,67648.87,561.6371
2024-07-28T16:00:00,67648.87,68308.82,67611.72,68118.25,526.6916
2024-07-28T20:00:00,68118.24,68277.77,67801.95,68244.30,785.1100
2024-07-29T00:00:00,68244.30,69794.85,68157.94,69345.75,2103.6689
2024-07-29T04:00:00,69351.41,69868.93,69250.19,69530.84,933.2805
2024-07-29T08:00:00,69526.93,69861.44,69368.63,69574.98,956.1990
2024-07-29T12:00:00,69574.98,70000.00,67643.38,68078.30,4062.2420
2024-07-29T16:00:00,68078.31,68100.00,66400.01,67297.37,4507.2618
2024-07-29T20:00:00,67300.10,67550.00,66600.00,66771.45,1078.8324
2024-07-30T00:00:00,66767.14,66868.58,65846.38,66606.45,1462.2825
2024-07-30T04:00:00,66606.58,66994.15,66305.57,66933.95,796.5912
2024-07-30T08:00:00,66933.96,66990.53,66391.15,66562.36,743.3123
2024-07-30T12:00:00,66558.44,66929.85,65515.82,66190.86,2495.0690
2024-07-30T16:00:00,66188.18,66548.00,65525.37,65891.91,2024.9995
2024-07-30T20:00:00,65891.90,66337.62,65283.68,66169.68,1211.3170
2024-07-31T00:00:00,66169.68,66407.99,65860.79,66040.57,577.5504
2024-07-31T04:00:00,66037.03,66526.20,65467.02,66191.95,994.2266
2024-07-31T08:00:00,66191.94,66347.39,65909.09,66047.11,783.0542
2024-07-31T12:00:00,66047.11,66837.40,65948.08,66361.61,1963.9778
2024-07-31T16:00:00,66362.90,66814.88,64910.00,65222.44,2721.6853
2024-07-31T20:00:00,65220.50,65409.15,64500.00,64609.62,1945.8810
2024-08-01T00:00:00,64609.61,64827.18,63716.60,63901.37,1751.7733
2024-08-01T04:00:00,63901.37,64459.01,63532.64,64281.85,1176.9075
2024-08-01T08:00:00,64281.54,64667.14,64269.26,64640.62,614.3517
2024-08-01T12:00:00,64640.62,64925.00,62627.17,62863.31,4311.2170
2024-08-01T16:00:00,62863.39,63434.15,62212.81,63346.40,4671.0539
2024-08-01T20:00:00,63342.25,65593.56,63271.70,65288.18,3111.4187
2024-08-02T00:00:00,65293.48,65557.86,63609.99,64546.34,1392.1418
2024-08-02T04:00:00,64546.34,64595.43,63757.92,64109.86,960.8263
2024-08-02T08:00:00,64104.89,64935.81,63982.65,64605.69,681.8028
2024-08-02T12:00:00,64605.70,65492.34,62368.97,63356.47,5759.5828
2024-08-02T16:00:00,63356.47,63558.28,62438.54,62553.57,3571.8441
2024-08-02T20:00:00,62557.76,63119.68,61150.00,61418.06,3023.8119
2024-08-03T00:00:00,61418.06,61920.07,60240.50,61841.89,2037.8357
2024-08-03T04:00:00,61841.04,61922.72,61328.73,61613.41,508.4537
2024-08-03T08:00:00,61605.51,61967.36,61401.40,61874.51,412.7336
2024-08-03T12:00:00,61874.51,62171.58,60788.00,60841.89,854.6600
2024-08-03T16:00:00,60839.12,61233.92,59888.00,60204.64,2769.3828
2024-08-03T20:00:00,60204.64,60816.30,59819.13,60674.93,1436.3285
2024-08-04T00:00:00,60674.93,61082.30,60290.00,60708.82,568.3911
2024-08-04T04:00:00,60708.81,60900.00,60215.35,60329.61,520.9047
2024-08-04T08:00:00,60321.86,60982.36,60071.00,60872.41,426.9566
2024-08-04T12:00:00,60872.41,61072.64,58905.35,59019.30,2525.1438
2024-08-04T16:00:00,59035.11,59487.42,57123.00,59242.91,4256.2818
2024-08-04T20:00:00,59241.40,59570.62,57977.11,58130.95,2021.3329
2024-08-05T00:00:00,58131.31,58282.83,52405.00,53897.58,10598.4791
2024-08-05T04:00:00,53896.04,54576.38,49050.01,52692.97,11902.8077
2024-08-05T08:00:00,52692.68,53241.98,50640.52,51344.08,5323.3990
2024-08-05T12:00:00,51344.08,55035.33,49531.44,54378.63,17930.9926
2024-08-05T16:00:00,54378.63,55594.65,52566.55,53469.64,10036.8613
2024-08-05T20:00:00,53469.63,55236.00,53453.25,54029.12,3333.2497
2024-08-06T00:00:00,54037.90,56297.81,53965.57,55690.11,3320.4856
2024-08-06T04:00:00,55690.37,56200.00,55273.09,56038.24,1725.5446
2024-08-06T08:00:00,56038.24,56163.76,54630.53,55231.33,1462.7097
2024-08-06T12:00:00,55230.54,56635.18,54371.96,56430.34,3918.5556
2024-08-06T16:00:00,56430.96,57091.16,56253.98,56787.45,4040.0747
2024-08-06T20:00:00,56794.38,56960.24,55818.33,56048.08,2430.3051
2024-08-07T00:00:00,56048.07,57307.69,55586.95,56887.14,2145.5343
2024-08-07T04:00:00,56895.76,57286.00,56578.00,56954.70,1202.5979
2024-08-07T08:00:00,56956.35,57757.15,56901.48,56995.51,1652.1059
2024-08-07T12:00:00,56997.75,57522.56,55669.88,56099.32,3163.1952
2024-08-07T16:00:00,56099.32,56339.99,54666.00,54755.89,3879.7028
2024-08-07T20:00:00,54758.15,55591.54,54564.15,55148.10,1928.3792
2024-08-08T00:00:00,55144.14,57674.69,54737.32,57062.65,2723.1123
2024-08-08T04:00:00,57062.72,57517.59,56675.93,57213.40,1348.6410
2024-08-08T08:00:00,57216.31,57698.93,56992.69,57329.47,1150.9221
2024-08-08T12:00:00,57329.48,59572.96,56699.27,59467.89,5311.1438
2024-08-08T16:00:00,59467.89,59900.00,59257.99,59461.06,5775.3395
2024-08-08T20:00:00,59458.89,62755.24,59327.09,61705.58,4313.8911
2024-08-09T00:00:00,61704.05,61764.38,60786.00,61371.63,1691.7215
2024-08-09T04:00:00,61371.63,61401.41,60580.67,60882.35,1354.0809
2024-08-09T08:00:00,60882.35,61224.66,60171.62,60672.89,1242.2989
2024-08-09T12:00:00,60672.88,61130.32,59552.46,59821.06,2947.0651
2024-08-09T16:00:00,59821.05,60783.84,59733.16,60704.82,2513.6048
2024-08-09T20:00:00,60702.77,61016.16,59955.63,60862.13,1821.0364
2024-08-10T00:00:00,60864.71,61500.00,60290.98,60454.12,913.5199
2024-08-10T04:00:00,60454.11,60867.36,60255.61,60861.15,325.2987
2024-08-10T08:00:00,60861.14,61126.88,60630.33,60936.41,463.3917
2024-08-10T12:00:00,60937.31,60968.60,60420.01,60537.36,507.2265
2024-08-10T16:00:00,60524.65,61207.74,60411.81,61035.00,519.1365
2024-08-10T20:00:00,61035.01,61187.05,60766.15,60935.02,429.0629
2024-08-11T00:00:00,60935.01,61408.50,60904.40,61103.16,440.4041
2024-08-11T04:00:00,61102.79,61286.37,60882.39,61262.03,308.0592
2024-08-11T08:00:00,61265.64,61868.69,60450.68,60693.35,784.2673
2024-08-11T12:00:00,60686.01,60779.39,59936.73,60149.27,856.4587
2024-08-11T16:00:00,60149.25,60380.69,59560.00,59633.76,679.0861
2024-08-11T20:00:00,59635.01,59697.19,58312.63,58722.49,2161.0946
2024-08-12T00:00:00,58717.44,59085.98,58103.61,58507.71,1492.8521
2024-08-12T04:00:00,58508.50,58998.15,57653.31,58676.07,1623.7070
2024-08-12T08:00:00,58674.95,60000.00,58137.93,59879.08,1541.2593
2024-08-12T12:00:00,59874.43,60721.77,57806.45,60232.80,3596.4686
2024-08-12T16:00:00,60221.59,60436.69,58458.56,59055.01,2384.1852
2024-08-12T20:00:00,59058.03,59750.91,58561.40,59358.78,1545.4573
2024-08-13T00:00:00,59358.78,59937.89,58882.12,59065.72,1178.3181
2024-08-13T04:00:00,59057.63,59492.57,58845.92,59256.06,586.9086
2024-08-13T08:00:00,59253.83,59345.40,58402.01,58844.62,907.8163
2024-08-13T12:00:00,58845.51,59797.43,58723.35,59498.18,2272.9411
2024-08-13T16:00:00,59495.82,61615.43,59464.09,60833.19,5026.1085
2024-08-13T20:00:00,60839.60,61150.00,60410.10,60603.19,907.6709
2024-08-14T00:00:00,60603.19,61335.37,60446.26,60976.77,1540.2529
2024-08-14T04:00:00,60976.77,61184.98,60661.25,60939.66,592.9070
2024-08-14T08:00:00,60939.65,61490.13,60663.21,61340.30,1217.4469
2024-08-14T12:00:00,61340.31,61827.20,58838.90,59466.49,5490.0613
2024-08-14T16:00:00,59469.16,59500.00,58508.01,58901.63,2856.2232
2024-08-14T20:00:00,58895.49,59194.81,58453.56,58690.62,1241.7234
2024-08-15T00:00:00,58690.62,59050.34,58016.58,58452.38,1340.5709
2024-08-15T04:00:00,58452.38,58642.16,57717.89,58046.78,1116.4198
2024-08-15T08:00:00,58046.79,58881.92,57958.24,58744.41,750.1092
2024-08-15T12:00:00,58744.40,59788.91,58554.00,59697.80,3261.3115
2024-08-15T16:00:00,59697.80,59883.49,56700.00,57036.01,5264.9434
2024-08-15T20:00:00,57048.39,57887.62,56120.00,57543.61,2773.2784
2024-08-16T00:00:00,57543.57,58514.67,57096.56,57904.53,1620.4074
2024-08-16T04:00:00,57904.53,58652.54,57806.94,58469.25,984.1699
2024-08-16T08:00:00,58469.25,58688.49,58236.35,58412.60,978.6863
2024-08-16T12:00:00,58412.61,58914.47,57548.48,58088.17,3043.2667
2024-08-16T16:00:00,58088.16,59871.61,58002.15,59710.88,3729.2013
2024-08-16T20:00:00,59711.88,59738.80,58736.79,58888.99,1574.4863
2024-08-17T00:00:00,58888.99,59403.56,58803.45,59166.25,632.9972
2024-08-17T04:00:00,59166.25,59281.06,59054.22,59250.53,277.3393
2024-08-17T08:00:00,59250.51,59470.63,59061.54,59135.32,380.4043
2024-08-17T12:00:00,59135.31,59655.90,59100.01,59396.45,573.1180
2024-08-17T16:00:00,59396.45,59711.02,59291.11,59476.62,448.8020
2024-08-17T20:00:00,59480.20,59505.09,59150.00,59497.49,474.9027
2024-08-18T00:00:00,59497.49,60250.00,59300.73,59351.39,916.5516
2024-08-18T04:00:00,59351.40,59693.98,59264.84,59583.41,410.1693
2024-08-18T08:00:00,59583.40,60195.00,59445.02,60025.36,1002.3922
2024-08-18T12:00:00,60020.79,60284.99,59680.01,59874.71,637.5477
2024-08-18T16:00:00,59874.00,59949.99,59379.11,59704.78,405.0544
2024-08-18T20:00:00,59715.72,59879.15,58422.00,58437.90,953.9329
2024-08-19T00:00:00,58436.20,58779.39,58227.11,58742.97,1280.5604
2024-08-19T04:00:00,58742.97,58762.79,58380.03,58511.74,590.5735
2024-08-19T08:00:00,58520.43,58688.94,57820.00,58399.21,1231.3335
2024-08-19T12:00:00,58404.81,58994.21,58080.96,58546.49,2150.4862
2024-08-19T16:00:00,58546.43,59313.24,58390.79,58979.76,1982.9596
2024-08-19T20:00:00,58972.42,59639.81,58915.40,59452.67,1303.3807
2024-08-20T00:00:00,59455.81,60941.62,59385.46,60652.41,2983.7750
2024-08-20T04:00:00,60656.70,61457.03,60617.04,60956.16,1471.4100
2024-08-20T08:00:00,60956.17,61002.00,60447.84,60549.30,631.0517
2024-08-20T12:00:00,60547.22,60990.80,58696.51,58828.03,3602.5376
2024-08-20T16:00:00,58828.02,59608.05,58571.96,59517.00,1305.9197
2024-08-20T20:00:00,59522.08,59728.25,58898.54,59017.59,1067.3587
2024-08-21T00:00:00,59017.59,59525.00,58793.89,59330.19,801.1931
2024-08-21T04:00:00,59330.19,59761.34,59195.88,59727.66,662.5269
2024-08-21T08:00:00,59727.67,59943.40,59102.12,59374.85,1038.7583
2024-08-21T12:00:00,59374.84,60229.19,58857.06,59527.25,3497.2505
2024-08-21T16:00:00,59525.58,61666.00,59382.60,61610.76,4659.1055
2024-08-21T20:00:00,61615.61,61849.98,60920.11,61163.28,2721.2767
2024-08-22T00:00:00,61167.54,61237.91,59750.00,60565.98,1547.1314
2024-08-22T04:00:00,60565.98,61137.55,60464.69,61012.01,1071.1600
2024-08-22T08:00:00,61012.00,61430.48,60813.39,61350.46,1364.5145
2024-08-22T12:00:00,61349.05,61420.95,60106.59,60420.74,2843.6966
2024-08-22T16:00:00,60415.25,60613.73,60132.91,60314.46,2006.6476
2024-08-22T20:00:00,60314.00,60702.54,60286.22,60383.29,775.5455
2024-08-23T00:00:00,60383.28,60968.17,60343.20,60604.27,830.6239
2024-08-23T04:00:00,60602.03,61363.64,60592.67,61077.02,906.3458
2024-08-23T08:00:00,61079.90,61348.97,60686.45,60739.47,866.3620
2024-08-23T12:00:00,60737.53,62350.00,60737.00,61536.03,5015.5514
2024-08-23T16:00:00,61539.44,63866.81,61337.75,63649.84,6783.3992
2024-08-23T20:00:00,63644.80,64987.00,63535.65,64086.72,3450.4888
2024-08-24T00:00:00,64091.63,64244.70,63672.15,63883.76,1229.2086
2024-08-24T04:00:00,63879.83,64371.97,63867.54,64344.92,812.3424
2024-08-24T08:00:00,64344.79,64529.78,63926.16,63941.92,799.0746
2024-08-24T12:00:00,63935.12,64279.46,63889.31,64007.32,728.7355
2024-08-24T16:00:00,64005.94,64471.51,63957.87,64226.18,677.2100
2024-08-24T20:00:00,64229.48,64360.00,63564.22,64179.63,774.3457
2024-08-25T00:00:00,64179.63,64606.56,64014.97,64125.52,797.8420
2024-08-25T04:00:00,64127.97,64241.48,63820.00,63910.18,526.4197
2024-08-25T08:00:00,63908.85,64053.70,63793.74,63900.00,473.6819
2024-08-25T12:00:00,63900.00,64328.21,63833.01,64163.32,468.4530
2024-08-25T16:00:00,64163.32,64280.79,64020.29,64210.14,361.1538
2024-08-25T20:00:00,64210.14,65050.08,64154.67,64251.93,1384.7572
2024-08-26T00:00:00,64250.01,64509.36,63776.21,64142.53,969.3657
2024-08-26T04:00:00,64142.53,64232.97,63589.62,63646.70,749.3266
2024-08-26T08:00:00,63648.93,64059.66,63260.00,63864.68,1053.3944
2024-08-26T12:00:00,63864.52,63983.24,63067.29,63571.33,3491.0005
2024-08-26T16:00:00,63558.69,63908.43,63200.00,63369.76,3072.1413
2024-08-26T20:00:00,63359.46,63588.16,62806.80,62840.00,1406.7381
2024-08-27T00:00:00,62840.09,63226.26,62661.14,62987.91,1262.3427
2024-08-27T04:00:00,62987.91,63214.61,62733.45,62908.13,665.1077
2024-08-27T08:00:00,62908.13,63008.71,62226.02,62418.48,1013.2612
2024-08-27T12:00:00,62418.47,62493.72,61447.90,61688.29,3372.0624
2024-08-27T16:00:00,61682.56,62201.58,61501.00,62109.68,1618.3368
2024-08-27T20:00:00,62104.62,62108.47,58025.49,59439.64,6264.7842
2024-08-28T00:00:00,59437.68,59670.27,58924.13,59640.71,1784.4873
2024-08-28T04:00:00,59640.71,59684.06,58518.00,58609.07,872.1725
2024-08-28T08:00:00,58609.01,60236.98,58547.44,59940.00,1136.6704
2024-08-28T12:00:00,59938.50,60173.69,58428.91,59005.54,1936.7516
2024-08-28T16:00:00,59006.31,59843.66,57851.62,58904.42,2786.5714
2024-08-28T20:00:00,58907.69,59613.13,58637.86,59045.88,1484.4685
2024-08-29T00:00:00,59047.94,59341.41,58850.90,59160.26,663.2832
2024-08-29T04:00:00,59162.62,59777.61,59079.06,59595.66,541.4902
2024-08-29T08:00:00,59595.65,60494.07,59376.82,60078.75,767.1594
2024-08-29T12:00:00,60078.74,61194.09,59996.39,60800.47,3809.0384
2024-08-29T16:00:00,60800.47,60984.69,58906.11,59253.71,4074.5305
2024-08-29T20:00:00,59257.93,59649.35,58729.39,59364.47,1077.7187
2024-08-30T00:00:00,59353.12,59493.24,58881.76,59027.86,880.8612
2024-08-30T04:00:00,59030.39,59591.29,58669.68,59264.94,1099.1049
2024-08-30T08:00:00,59264.94,59677.28,59260.78,59400.06,597.7619
2024-08-30T12:00:00,59400.06,59929.63,57905.80,58085.45,3915.6072
2024-08-30T16:00:00,58085.45,59369.24,57700.00,58674.49,2340.0284
2024-08-30T20:00:00,58674.49,59284.47,58668.29,59112.77,549.5488
2024-08-31T00:00:00,59117.59,59446.99,59054.23,59232.40,271.8603
2024-08-31T04:00:00,59232.40,59379.64,59062.00,59089.24,177.5989
2024-08-31T08:00:00,59089.64,59179.21,58826.02,59114.78,132.3625
2024-08-31T12:00:00,59121.37,59249.09,58890.47,59011.89,254.6629
2024-08-31T16:00:00,59011.88,59137.99,58739.31,58860.01,323.3687
2024-08-31T20:00:00,58860.02,59131.54,58777.39,58968.37,208.3645
2024-09-01T00:00:00,58968.37,59070.55,58266.91,58515.61,595.6131
2024-09-01T04:00:00,58515.61,58599.90,57772.04,58468.66,569.3834
2024-09-01T08:00:00,58469.13,58494.24,57828.29,58226.88,533.7335
2024-09-01T12:00:00,58226.88,58356.04,57213.34,58213.38,1053.2268
2024-09-01T16:00:00,58213.59,58788.36,57873.32,58511.15,553.5585
2024-09-01T20:00:00,58509.18,58659.90,57200.00,57299.00,1105.5386
2024-09-02T00:00:00,57291.21,57762.57,57119.01,57739.72,821.5183
2024-09-02T04:00:00,57731.47,57981.74,57356.31,57546.97,496.1279
2024-09-02T08:00:00,57546.96,58669.03,57510.72,58419.93,814.5338
2024-09-02T12:00:00,58415.33,58825.39,58095.10,58531.45,755.0984
2024-09-02T16:00:00,58531.46,58659.77,58285.69,58447.07,359.1817
2024-09-02T20:00:00,58447.08,59423.00,58379.96,59139.83,1072.1943
2024-09-03T00:00:00,59138.89,59825.70,59027.87,59112.86,849.6109
2024-09-03T04:00:00,59110.99,59262.16,58865.89,59097.99,351.1301
2024-09-03T08:00:00,59097.99,59191.18,58700.00,59059.89,328.4388
2024-09-03T12:00:00,59059.88,59359.16,57540.25,57693.53,3653.1219
2024-09-03T16:00:00,57697.82,58240.00,57565.89,58017.88,2275.3372
2024-09-03T20:00:00,58017.88,58227.75,57394.49,57468.84,806.8109
2024-09-04T00:00:00,57460.50,57935.24,55555.00,56646.44,2901.6253
2024-09-04T04:00:00,56644.51,56871.91,56154.32,56735.75,1099.6871
2024-09-04T08:00:00,56739.87,56897.10,56440.61,56562.28,741.9183
2024-09-04T12:00:00,56559.30,58168.20,56149.15,58136.33,5692.9616
2024-09-04T16:00:00,58136.32,58531.25,57634.06,58043.49,2274.0869
2024-09-04T20:00:00,58043.49,58382.00,57854.43,57971.00,1004.8979
2024-09-05T00:00:00,57971.00,58326.12,56904.56,57129.43,1240.5834
2024-09-05T04:00:00,57129.12,57289.67,56536.64,57146.50,833.6209
2024-09-05T08:00:00,57143.62,57226.62,56612.72,56676.68,1000.8267
2024-09-05T12:00:00,56676.67,57300.00,55786.51,55960.82,5279.1876
2024-09-05T16:00:00,55962.02,56708.61,55763.34,56035.77,2906.5101
2024-09-05T20:00:00,56031.14,56247.21,55628.04,56156.82,1020.8496
2024-09-06T00:00:00,56156.82,56844.01,55964.04,56571.27,601.6669
2024-09-06T04:00:00,56571.27,56736.64,55262.51,55774.13,811.5873
2024-09-06T08:00:00,55777.47,56251.96,55614.01,55987.70,749.1538
2024-09-06T12:00:00,55986.40,56995.00,53777.77,53994.20,7852.2080
2024-09-06T16:00:00,53994.19,54390.97,53213.40,53478.70,5755.7907
2024-09-06T20:00:00,53478.70,53966.51,52530.00,53950.01,2725.0441
2024-09-07T00:00:00,53950.00,54077.34,53733.10,53809.41,551.6308
2024-09-07T04:00:00,53809.37,54390.52,53798.82,54276.75,572.6577
2024-09-07T08:00:00,54272.95,54497.58,54174.48,54327.26,426.3385
2024-09-07T12:00:00,54327.26,54837.40,54327.26,54781.84,669.5827
2024-09-07T16:00:00,54781.84,54847.00,53987.03,54400.43,541.7664
2024-09-07T20:00:00,54400.43,54445.99,53814.50,54156.33,522.6011
2024-09-08T00:00:00,54159.60,54510.63,53958.05,54390.66,360.3920
2024-09-08T04:00:00,54390.67,54573.69,54251.00,54429.32,249.4415
2024-09-08T08:00:00,54429.32,54719.73,54343.05,54563.20,260.0342
2024-09-08T12:00:00,54563.66,54577.39,53638.82,53691.11,773.1764
2024-09-08T16:00:00,53690.96,54529.42,53623.95,54338.78,742.7103
2024-09-08T20:00:00,54338.77,55315.95,54180.02,54881.11,1299.1138
2024-09-09T00:00:00,54881.10,55378.70,54688.61,55117.74,1271.9405
2024-09-09T04:00:00,55117.74,55149.93,54565.56,54967.51,488.7305
2024-09-09T08:00:00,54965.00,55554.66,54953.19,55269.82,724.6108
2024-09-09T12:00:00,55269.82,55813.17,54804.35,55384.00,2131.1780
2024-09-09T16:00:00,55384.00,57209.07,55340.88,57101.12,3620.2728
2024-09-09T20:00:00,57101.65,58119.97,56804.28,57053.90,1966.3007
2024-09-10T00:00:00,57047.82,57081.77,56515.00,56526.71,705.3192
2024-09-10T04:00:00,56523.89,57306.40,56377.76,57211.73,610.8222
2024-09-10T08:00:00,57212.04,57395.27,56883.16,57227.60,507.8310
2024-09-10T12:00:00,57223.10,57464.20,56510.12,56589.71,1844.1410
2024-09-10T16:00:00,56587.49,58050.35,56550.02,57960.57,1893.4365
2024-09-10T20:00:00,57956.10,57982.54,57448.04,57645.59,871.6638
2024-09-11T00:00:00,57641.15,57762.58,56663.97,56812.99,1436.8311
2024-09-11T04:00:00,56812.99,56812.99,56091.36,56704.42,1016.0888
2024-09-11T08:00:00,56702.41,56876.80,56333.25,56796.66,734.5884
2024-09-11T12:00:00,56796.67,57168.46,55534.41,56706.02,4099.5018
2024-09-11T16:00:00,56697.83,58014.35,56643.22,57604.58,3642.7112
2024-09-11T20:00:00,57604.60,57693.75,57222.55,57352.79,749.2217
2024-09-12T00:00:00,57352.92,58487.06,57333.37,58245.51,1564.4201
2024-09-12T04:00:00,58245.51,58445.70,57850.71,58150.72,784.4232
2024-09-12T08:00:00,58146.79,58369.41,57900.01,58061.77,923.8066
2024-09-12T12:00:00,58061.77,58600.00,57311.15,57499.00,3870.7904
2024-09-12T16:00:00,57507.60,58469.57,57483.79,58407.05,1960.4602
2024-09-12T20:00:00,58397.00,58409.98,57763.81,58137.54,1071.7233
2024-09-13T00:00:00,58137.33,58254.88,57833.79,57858.63,563.8741
2024-09-13T04:00:00,57858.64,58168.42,57740.09,58128.65,779.7295
2024-09-13T08:00:00,58128.65,58354.54,57820.01,57883.78,541.1055
2024-09-13T12:00:00,57883.72,59760.52,57630.01,59689.81,3304.4385
2024-09-13T16:00:00,59687.50,60025.05,59317.98,59760.46,3756.3352
2024-09-13T20:00:00,59753.99,60670.00,59650.00,60543.35,2990.4727
2024-09-14T00:00:00,60543.35,60660.00,60306.89,60357.53,682.1973
2024-09-14T04:00:00,60357.53,60382.49,59914.90,60169.06,490.3923
2024-09-14T08:00:00,60169.05,60185.55,59603.11,59733.04,399.7062
2024-09-14T12:00:00,59732.91,60035.28,59651.69,59898.04,443.3371
2024-09-14T16:00:00,59898.04,60002.40,59436.80,59826.10,577.5404
2024-09-14T20:00:00,59825.00,60143.89,59771.69,60012.35,554.2169
2024-09-15T00:00:00,60012.34,60304.06,60009.38,60187.23,704.0822
2024-09-15T04:00:00,60187.23,60258.19,60101.25,60204.14,382.1438
2024-09-15T08:00:00,60204.14,60220.55,59884.01,60016.01,162.1923
2024-09-15T12:00:00,60016.01,60402.34,59888.11,60343.45,577.3234
2024-09-15T16:00:00,60347.02,60365.20,59718.46,59888.98,782.0823
2024-09-15T20:00:00,59888.98,59944.56,58695.75,59122.33,1367.5329
2024-09-16T00:00:00,59122.70,59214.15,58104.92,58567.19,1303.5584
2024-09-16T04:00:00,58567.19,58960.75,58303.89,58896.40,544.5349
2024-09-16T08:00:00,58899.48,59168.82,58490.98,58656.45,494.0338
2024-09-16T12:00:00,58656.45,58783.48,57537.93,57863.49,2027.2822
2024-09-16T16:00:00,57866.26,58253.93,57477.00,57936.06,1965.9071
2024-09-16T20:00:00,57935.01,58410.58,57588.00,58208.75,1318.7936
2024-09-17T00:00:00,58209.76,58349.16,57620.27,58061.69,873.9554
2024-09-17T04:00:00,58061.69,58777.00,58026.38,58693.50,621.1853
2024-09-17T08:00:00,58695.20,59303.80,58634.85,59090.40,815.9580
2024-09-17T12:00:00,59090.40,61373.41,58877.89,61147.56,4608.2275
2024-09-17T16:00:00,61147.56,61281.88,59626.40,59975.42,3311.8131
2024-09-17T20:00:00,59969.07,60437.65,59742.66,60312.60,1470.7514
2024-09-18T00:00:00,60317.38,60777.57,59878.02,60509.96,825.6604
2024-09-18T04:00:00,60509.96,60706.90,60182.04,60430.03,478.5495
2024-09-18T08:00:00,60430.03,60430.94,59382.17,59848.50,808.7262
2024-09-18T12:00:00,59848.50,60166.29,59285.17,59427.16,1816.0762
2024-09-18T16:00:00,59427.15,61358.00,59174.50,60061.01,5472.3971
2024-09-18T20:00:00,60057.62,61800.00,59479.11,61769.18,2070.0974
2024-09-19T00:00:00,61770.38,62600.00,61569.16,62132.68,2655.8148
2024-09-19T04:00:00,62130.90,62200.38,61826.97,62113.15,1385.3334
2024-09-19T08:00:00,62110.70,62736.62,61889.49,62661.24,1605.8924
2024-09-19T12:00:00,62661.23,63526.24,62602.33,63164.23,3984.1546
2024-09-19T16:00:00,63167.31,63891.82,62954.11,63266.78,3677.9712
2024-09-19T20:00:00,63266.77,63266.77,62656.30,62960.14,1766.7019
2024-09-20T00:00:00,62956.04,63758.31,62618.43,63740.62,1225.4019
2024-09-20T04:00:00,63751.57,64140.67,63403.19,63555.45,2100.4940
2024-09-20T08:00:00,63555.45,63713.72,63114.01,63450.82,1413.8911
2024-09-20T12:00:00,63448.91,63557.61,62565.71,63159.19,3161.6114
2024-09-20T16:00:00,63159.31,63287.39,62340.00,62806.90,1860.3030
2024-09-20T20:00:00,62806.91,63309.75,62701.05,63210.69,874.4069
2024-09-21T00:00:00,63210.94,63317.22,62815.07,62892.90,423.7186
2024-09-21T04:00:00,62892.14,63140.21,62755.00,63092.89,246.3087
2024-09-21T08:00:00,63094.99,63150.00,62967.82,63098.79,200.6470
2024-09-21T12:00:00,63098.78,63320.00,62940.99,63183.84,390.2077
2024-09-21T16:00:00,63181.54,63415.25,63095.76,63216.86,338.7876
2024-09-21T20:00:00,63218.01,63575.63,63053.97,63362.74,361.1876
2024-09-22T00:00:00,63362.74,63467.99,62839.82,63119.82,424.3658
2024-09-22T04:00:00,63118.98,63213.32,62816.12,62947.81,161.6431
2024-09-22T08:00:00,62947.79,63040.67,62558.27,62781.74,282.4200
2024-09-22T12:00:00,62780.21,62943.55,62458.84,62655.58,311.4213
2024-09-22T16:00:00,62653.95,63230.98,62461.94,63169.19,497.5397
2024-09-22T20:00:00,63166.70,64000.00,62380.55,63577.66,1204.8443
2024-09-23T00:00:00,63580.39,64739.67,62566.28,64353.17,1854.0910
2024-09-23T04:00:00,64349.06,64470.04,63384.57,63545.43,723.0125
2024-09-23T08:00:00,63545.42,63696.43,63296.00,63416.98,511.5392
2024-09-23T12:00:00,63416.97,63807.23,63051.00,63613.08,1876.3076
2024-09-23T16:00:00,63609.22,63838.37,63094.00,63297.31,1190.0211
2024-09-23T20:00:00,63297.77,63495.00,63090.00,63338.87,859.7732
2024-09-24T00:00:00,63338.85,63404.56,62689.15,63117.33,1225.5355
2024-09-24T04:00:00,63117.27,63575.81,62925.91,63562.53,585.8733
2024-09-24T08:00:00,63562.53,63947.42,63375.84,63477.61,853.0020
2024-09-24T12:00:00,63475.69,63785.77,62719.91,63154.87,2183.6731
2024-09-24T16:00:00,63154.49,64395.13,63080.25,64300.87,1995.8683
2024-09-24T20:00:00,64300.87,64700.00,63964.91,64272.93,2089.5125
2024-09-25T00:00:00,64272.93,64811.00,63991.06,64458.62,1004.5392
2024-09-25T04:00:00,64458.62,64471.63,63641.43,63847.83,630.4263
2024-09-25T08:00:00,63847.83,63918.62,63407.47,63836.79,631.9004
2024-09-25T12:00:00,63836.78,63996.00,63306.31,63502.98,1060.7346
2024-09-25T16:00:00,63498.70,63668.52,62973.96,63167.39,1651.0709
2024-09-25T20:00:00,63168.30,63585.39,62932.80,63130.89,930.4238
2024-09-26T00:00:00,63131.13,63531.58,62652.99,63499.99,802.4478
2024-09-26T04:00:00,63500.00,63861.79,63324.57,63846.62,542.7352
2024-09-26T08:00:00,63846.63,64500.00,63568.40,64399.53,1077.8095
2024-09-26T12:00:00,64397.76,65570.00,64155.01,65251.22,5781.3192
2024-09-26T16:00:00,65248.70,65865.00,64683.18,64722.33,3393.8299
2024-09-26T20:00:00,64722.77,65260.19,64612.80,65177.21,1191.7088
2024-09-27T00:00:00,65176.39,65433.87,64827.85,65370.59,1049.0602
2024-09-27T04:00:00,65375.75,65584.57,65111.01,65497.75,1164.4695
2024-09-27T08:00:00,65498.60,66000.00,65343.57,65447.05,1221.2803
2024-09-27T12:00:00,65447.01,66550.00,65331.02,66025.00,3290.9144
2024-09-27T16:00:00,66025.00,66388.06,65517.88,65664.45,2085.5811
2024-09-27T20:00:00,65664.44,65986.52,65630.30,65789.00,717.7113
2024-09-28T00:00:00,65787.53,66266.39,65729.04,66081.22,555.8492
2024-09-28T04:00:00,66081.16,66103.06,65750.14,65824.98,433.8102
2024-09-28T08:00:00,65824.97,65824.98,65462.80,65802.27,311.7131
2024-09-28T12:00:00,65802.27,65832.24,65432.10,65633.94,450.7473
2024-09-28T16:00:00,65633.94,65834.37,65501.01,65737.02,373.2166
2024-09-28T20:00:00,65736.47,65994.94,65400.00,65858.99,629.8903
2024-09-29T00:00:00,65857.33,65988.03,65641.23,65819.53,360.7429
2024-09-29T04:00:00,65819.54,65820.31,65433.29,65480.91,327.5753
2024-09-29T08:00:00,65480.91,65739.01,65441.29,65701.78,236.2683
2024-09-29T12:00:00,65702.06,65867.99,65580.10,65763.87,406.8587
2024-09-29T16:00:00,65763.86,65985.80,65663.69,65967.93,450.9096
2024-09-29T20:00:00,65967.93,66059.00,65524.26,65600.01,938.9970
2024-09-30T00:00:00,65600.01,65624.95,64178.03,64561.52,2051.7267
2024-09-30T04:00:00,64561.51,64707.60,64307.20,64559.58,905.4773
2024-09-30T08:00:00,64559.57,64577.67,63241.66,63816.31,1646.1526
2024-09-30T12:00:00,63816.30,64161.09,63519.41,63548.32,1955.7670
2024-09-30T16:00:00,63552.14,63724.84,63031.60,63464.76,2967.9231
2024-09-30T20:00:00,63462.97,63839.81,62833.95,63301.25,1102.6947
2024-10-01T00:00:00,63305.52,63702.91,62963.28,63677.63,1969.7623
2024-10-01T04:00:00,63677.64,64106.75,63595.83,64031.53,688.0780
2024-10-01T08:00:00,64031.23,64098.68,63709.60,63719.48,574.7108
2024-10-01T12:00:00,63719.48,63807.61,61762.39,62614.01,4043.1262
2024-10-01T16:00:00,62613.96,62765.38,61060.00,61745.74,6186.5764
2024-10-01T20:00:00,61745.75,61759.82,60150.89,60790.00,2508.5494
2024-10-02T00:00:00,60792.63,61873.26,60711.09,61729.99,826.0215
2024-10-02T04:00:00,61730.00,61928.53,61323.66,61709.08,527.1737
2024-10-02T08:00:00,61712.59,61899.99,60882.22,61154.70,549.6620
2024-10-02T12:00:00,61154.71,61943.78,60518.78,61889.99,2390.3634
2024-10-02T16:00:00,61887.00,62380.34,59969.20,60164.40,3277.4247
2024-10-02T20:00:00,60171.72,60992.53,60100.10,60631.37,1193.3852
2024-10-03T00:00:00,60631.36,61460.19,60515.73,61455.18,826.7915
2024-10-03T04:00:00,61451.38,61474.92,60818.89,60923.39,574.2909
2024-10-03T08:00:00,60912.18,61057.41,60115.96,60750.17,562.0854
2024-10-03T12:00:00,60750.16,60892.30,59824.87,60621.40,2730.5159
2024-10-03T16:00:00,60621.39,61062.54,59910.77,61030.50,2208.4892
2024-10-03T20:00:00,61025.24,61101.00,60608.80,60744.99,932.3843
2024-10-04T00:00:00,60745.00,61275.72,60454.50,60948.54,755.8776
2024-10-04T04:00:00,60948.54,61500.00,60913.83,61430.58,580.8077
2024-10-04T08:00:00,61430.00,61641.18,61238.72,61429.57,659.5962
2024-10-04T12:00:00,61429.72,62000.00,60775.03,61864.87,2907.0017
2024-10-04T16:00:00,61871.17,62477.98,61626.66,62373.62,2315.5968
2024-10-04T20:00:00,62375.73,62481.00,61967.56,62090.71,665.3383
2024-10-05T00:00:00,62090.70,62200.00,61686.34,61859.66,409.2103
2024-10-05T04:00:00,61859.67,62267.83,61813.93,62073.63,203.8286
2024-10-05T08:00:00,62073.49,62323.10,62069.60,62179.01,186.6419
2024-10-05T12:00:00,62179.01,62380.04,62097.28,62159.23,347.5015
2024-10-05T16:00:00,62159.24,62185.34,61775.01,61844.84,409.8661
2024-10-05T20:00:00,61844.84,62100.00,61689.45,62051.29,226.5172
2024-10-06T00:00:00,62051.29,62147.35,61863.39,61874.65,222.6826
2024-10-06T04:00:00,61874.66,62019.33,61805.85,61947.92,144.7296
2024-10-06T08:00:00,61945.90,62158.44,61918.10,62094.72,102.7300
2024-10-06T12:00:00,62094.72,62764.08,62050.84,62708.01,554.5705
2024-10-06T16:00:00,62707.53,62978.75,62529.38,62630.06,493.9452
2024-10-06T20:00:00,62630.09,62916.18,62300.00,62810.86,567.5604
2024-10-07T00:00:00,62810.93,63975.37,62645.15,63512.36,1390.8195
2024-10-07T04:00:00,63512.35,63721.02,63310.00,63530.30,361.4942
2024-10-07T08:00:00,63530.31,63699.69,62620.91,63114.99,827.5769
2024-10-07T12:00:00,63114.99,64467.02,62800.00,63641.31,3812.7928
2024-10-07T16:00:00,63638.90,63898.60,62717.20,63368.59,2998.3018
2024-10-07T20:00:00,63368.57,63391.06,62113.28,62200.28,1316.1648
2024-10-08T00:00:00,62203.82,62811.25,62139.43,62612.61,676.8038
2024-10-08T04:00:00,62612.71,62768.70,61976.74,62289.20,534.2683
2024-10-08T08:00:00,62289.21,62642.79,62155.08,62597.18,335.9775
2024-10-08T12:00:00,62597.19,63191.05,61850.00,62258.27,2270.9905
2024-10-08T16:00:00,62258.26,62566.01,61824.48,62216.84,1988.5069
2024-10-08T20:00:00,62215.10,62528.27,61978.20,62122.02,759.7833
2024-10-09T00:00:00,62118.44,62466.08,61964.88,62347.88,482.7893
2024-10-09T04:00:00,62347.71,62507.68,62152.55,62233.87,271.8783
2024-10-09T08:00:00,62233.87,62253.70,62005.00,62149.18,430.4052
2024-10-09T12:00:00,62149.17,62365.99,61571.34,62266.46,1668.1462
2024-10-09T16:00:00,62266.46,62296.64,60770.00,60968.18,2813.6670
2024-10-09T20:00:00,60969.20,61078.08,60255.00,60578.28,1915.4813
2024-10-10T00:00:00,60578.28,60900.52,60305.35,60805.03,900.8950
2024-10-10T04:00:00,60803.84,61096.30,60750.88,60835.02,602.6138
2024-10-10T08:00:00,60835.02,61239.92,60562.50,61181.57,657.2257
2024-10-10T12:00:00,61181.59,61271.59,60370.20,60730.19,1998.2289
2024-10-10T16:00:00,60727.81,60971.83,58863.90,59670.00,5028.2648
2024-10-10T20:00:00,59670.00,60283.96,59519.03,60279.53,1275.3515
2024-10-11T00:00:00,60279.53,60710.96,60029.98,60560.57,969.3899
2024-10-11T04:00:00,60560.56,60880.91,60523.85,60624.69,763.2936
2024-10-11T08:00:00,60624.69,61226.57,60604.67,61135.59,802.1173
2024-10-11T12:00:00,61134.85,62442.95,61083.66,62263.45,3146.8477
2024-10-11T16:00:00,62254.30,63416.70,62116.60,63094.66,4574.2386
2024-10-11T20:00:00,63089.11,63173.61,62329.83,62518.75,1199.1029
2024-10-12T00:00:00,62518.75,63063.58,62464.15,62545.18,609.5640
2024-10-12T04:00:00,62545.18,62788.16,62543.54,62740.57,312.7774
2024-10-12T08:00:00,62740.56,63242.32,62650.00,62920.03,337.1439
2024-10-12T12:00:00,62920.02,63474.25,62803.47,63153.77,1451.8827
2024-10-12T16:00:00,63152.51,63385.00,62895.03,62989.09,965.7962
2024-10-12T20:00:00,62989.09,63354.42,62982.50,63187.47,266.7423
2024-10-13T00:00:00,63183.08,63270.18,62636.59,62701.21,372.6703
2024-10-13T04:00:00,62693.32,62979.38,62685.72,62835.03,139.8625
2024-10-13T08:00:00,62827.59,62943.08,62500.00,62540.53,179.1460
2024-10-13T12:00:00,62528.40,62804.86,62033.00,62211.92,504.1377
2024-10-13T16:00:00,62208.01,62864.18,62149.02,62717.52,565.2484
2024-10-13T20:00:00,62718.00,63106.69,62579.03,62845.30,496.5497
2024-10-14T00:00:00,62847.89,64348.00,62426.67,64264.00,1091.9387
2024-10-14T04:00:00,64264.00,64646.00,63736.66,64568.16,1409.3883
2024-10-14T08:00:00,64579.99,65105.01,64287.18,64875.85,1290.6362
2024-10-14T12:00:00,64872.55,66296.00,64628.96,65856.72,5527.9639
2024-10-14T16:00:00,65856.72,66062.55,65507.53,65914.86,2849.4743
2024-10-14T20:00:00,65920.83,66500.00,65717.83,66065.65,1469.3097
2024-10-15T00:00:00,66065.64,66317.38,65291.28,65368.58,821.8610
2024-10-15T04:00:00,65368.47,65809.57,65186.29,65619.73,581.4904
2024-10-15T08:00:00,65619.73,65818.59,65255.91,65378.21,910.4218
2024-10-15T12:00:00,65383.02,67944.76,64778.44,65993.40,7180.4719
2024-10-15T16:00:00,65995.78,67383.76,65962.64,66975.69,5003.3569
2024-10-15T20:00:00,66981.85,67144.53,66108.01,67056.60,1826.4099
2024-10-16T00:00:00,67056.62,67560.76,66743.00,67085.86,1482.0777
2024-10-16T04:00:00,67081.06,67355.78,66769.86,66967.75,1063.5798
2024-10-16T08:00:00,66967.76,68399.00,66904.60,67880.20,2558.1762
2024-10-16T12:00:00,67883.35,68300.00,67106.20,67748.40,3751.2079
2024-10-16T16:00:00,67743.23,68091.80,67459.97,67725.74,2646.1475
2024-10-16T20:00:00,67717.67,67949.99,67468.11,67608.44,964.5678
2024-10-17T00:00:00,67608.45,67926.99,67383.08,67582.54,1063.8629
2024-10-17T04:00:00,67580.16,67580.16,67060.09,67273.76,1033.1087
2024-10-17T08:00:00,67273.76,67503.79,66783.50,66837.13,843.2077
2024-10-17T12:00:00,66837.13,67657.09,66629.97,67567.62,2853.3164
2024-10-17T16:00:00,67567.63,67579.59,66684.79,66825.00,1486.0465
2024-10-17T20:00:00,66825.33,67450.00,66799.92,67402.33,632.6841
2024-10-18T00:00:00,67399.86,68222.71,67149.24,67529.11,1402.4593
2024-10-18T04:00:00,67529.19,68352.83,67515.06,67945.79,858.5385
2024-10-18T08:00:00,67945.80,68033.42,67648.54,67676.26,758.7597
2024-10-18T12:00:00,67676.25,68888.85,67615.75,68735.25,4447.1191
2024-10-18T16:00:00,68738.43,69000.62,68355.97,68602.94,3401.6129
2024-10-18T20:00:00,68606.20,68692.75,68190.98,68426.11,934.2549
2024-10-19T00:00:00,68426.11,68689.29,68285.60,68444.09,515.1759
2024-10-19T04:00:00,68444.09,68556.95,68231.90,68342.04,269.8878
2024-10-19T08:00:00,68341.79,68467.98,68067.27,68077.57,205.4054
2024-10-19T12:00:00,68077.51,68350.09,68071.74,68218.18,335.5860
2024-10-19T16:00:00,68222.25,68243.16,68005.83,68178.96,275.2249
2024-10-19T20:00:00,68178.96,68414.95,68158.96,68363.73,267.5896
2024-10-20T00:00:00,68363.73,68433.80,68083.18,68181.04,280.5568
2024-10-20T04:00:00,68179.24,68424.55,68153.09,68361.15,223.5767
2024-10-20T08:00:00,68358.95,68490.61,68329.62,68415.60,136.5892
2024-10-20T12:00:00,68418.81,68750.00,68195.01,68604.35,400.1342
2024-10-20T16:00:00,68604.34,68648.36,68400.65,68491.34,316.9240
2024-10-20T20:00:00,68491.85,69380.00,68440.00,69014.86,1275.1113
2024-10-21T00:00:00,69014.87,69498.00,68572.93,68906.41,1214.9438
2024-10-21T04:00:00,68906.42,69158.02,68445.01,68481.04,816.8725
2024-10-21T08:00:00,68481.09,68635.11,68100.01,68192.79,775.9413
2024-10-21T12:00:00,68192.79,68293.26,66802.00,67310.58,2501.6830
2024-10-21T16:00:00,67305.85,67935.05,66847.67,67735.40,3492.2564
2024-10-21T20:00:00,67740.66,67900.00,67328.58,67346.15,1424.8965
2024-10-22T00:00:00,67346.15,67661.10,66535.00,67356.90,961.6307
2024-10-22T04:00:00,67356.90,67756.11,67238.47,67358.61,629.9143
2024-10-22T08:00:00,67358.61,67475.46,66706.01,67247.23,973.9138
2024-10-22T12:00:00,67244.00,67675.00,66594.74,67230.38,2678.9027
2024-10-22T16:00:00,67223.88,67608.63,66864.90,67439.11,2529.9119
2024-10-22T20:00:00,67430.70,67800.00,67249.37,67380.08,823.7912
2024-10-23T00:00:00,67389.70,67415.65,66834.13,67028.66,604.5641
2024-10-23T04:00:00,67028.66,67256.11,66740.00,66796.57,506.4107
2024-10-23T08:00:00,66798.41,66989.83,66142.21,66366.78,1188.8140
2024-10-23T12:00:00,66371.51,66850.00,65845.35,66152.33,2309.2668
2024-10-23T16:00:00,66152.31,66487.83,65149.51,66393.44,3419.4205
2024-10-23T20:00:00,66393.42,66766.15,66244.50,66601.11,992.6953
2024-10-24T00:00:00,66601.10,67546.99,66445.32,67136.73,922.9621
2024-10-24T04:00:00,67136.72,67402.27,67000.84,67046.67,488.2770
2024-10-24T08:00:00,67047.60,67250.89,66665.47,67213.40,782.6034
2024-10-24T12:00:00,67216.04,67940.80,67184.10,67635.99,3187.8805
2024-10-24T16:00:00,67636.00,68283.08,67278.74,68269.33,3255.2741
2024-10-24T20:00:00,68268.08,68800.00,67931.55,68156.84,1379.2012
2024-10-25T00:00:00,68156.84,68235.69,67790.75,67966.65,1009.1056
2024-10-25T04:00:00,67964.39,68004.06,67204.96,67502.80,950.0418
2024-10-25T08:00:00,67499.48,68130.90,67267.97,68065.06,818.2254
2024-10-25T12:00:00,68065.06,68742.38,67400.00,67650.56,3959.1446
2024-10-25T16:00:00,67650.56,67827.93,65837.92,66725.35,5694.2334
2024-10-25T20:00:00,66725.35,67263.84,65500.01,66564.51,2054.7417
2024-10-26T00:00:00,66564.51,66930.14,66331.95,66816.54,871.0086
2024-10-26T04:00:00,66814.44,67159.97,66687.79,66926.56,525.5619
2024-10-26T08:00:00,66926.56,67188.55,66876.82,67055.68,350.5485
2024-10-26T12:00:00,67056.84,67101.59,66644.83,66795.54,405.5069
2024-10-26T16:00:00,66800.48,67103.18,66388.20,67100.49,374.4011
2024-10-26T20:00:00,67100.50,67365.18,66993.44,67012.56,422.1929
2024-10-27T00:00:00,67008.15,67227.80,66836.78,67197.58,288.6866
2024-10-27T04:00:00,67197.58,67222.25,67021.79,67114.71,147.7408
2024-10-27T08:00:00,67114.74,67177.29,66955.36,67050.77,143.7383
2024-10-27T12:00:00,67048.44,67777.00,67039.57,67707.61,556.9716
2024-10-27T16:00:00,67707.62,67912.21,67455.55,67755.40,569.2276
2024-10-27T20:00:00,67755.57,68261.37,67637.70,67943.19,1113.2327
2024-10-28T00:00:00,67943.18,68039.95,67583.71,67646.80,664.1542
2024-10-28T04:00:00,67646.81,68576.98,67532.48,68328.50,1053.4328
2024-10-28T08:00:00,68332.02,68758.93,68155.41,68682.91,1121.2755
2024-10-28T12:00:00,68682.93,69250.00,68381.46,68428.44,5235.8321
2024-10-28T16:00:00,68428.36,70000.00,68378.92,69616.92,5904.8588
2024-10-28T20:00:00,69612.53,70235.98,69400.64,69924.50,2160.5867
2024-10-29T00:00:00,69924.49,71500.00,69705.76,70875.61,2875.0728
2024-10-29T04:00:00,70875.62,71305.88,70781.31,70963.89,1282.5160
2024-10-29T08:00:00,70968.78,71550.00,70920.41,71413.70,1073.2048
2024-10-29T12:00:00,71416.91,72423.76,70878.05,72402.22,5485.4393
2024-10-29T16:00:00,72402.23,73624.98,72352.05,72512.31,7233.4702
2024-10-29T20:00:00,72512.32,72971.00,71842.66,72724.35,2667.2087
2024-10-30T00:00:00,72724.35,72774.59,72000.00,72224.23,1722.8674
2024-10-30T04:00:00,72220.80,72600.00,72082.70,72214.08,812.8541
2024-10-30T08:00:00,72214.07,72582.88,71909.61,71973.15,1042.5075
2024-10-30T12:00:00,71973.15,72450.00,71400.01,72040.42,3549.6578
2024-10-30T16:00:00,72040.41,72199.05,71621.36,71817.56,3205.4788
2024-10-30T20:00:00,71812.70,72948.60,71630.07,72322.91,3210.1278
2024-10-31T00:00:00,72322.91,72583.13,72000.00,72335.04,1032.9141
2024-10-31T04:00:00,72335.03,72462.67,72125.25,72407.23,597.6502
2024-10-31T08:00:00,72407.23,72684.02,72134.57,72200.10,786.1593
2024-10-31T12:00:00,72200.11,72261.69,70387.13,70573.63,5283.3975
2024-10-31T16:00:00,70572.48,70866.60,69886.44,69963.39,4418.6309
2024-10-31T20:00:00,69956.56,70550.00,69559.33,70197.83,2608.0327
2024-11-01T00:00:00,70198.02,70364.64,68750.37,69275.71,2008.0590
2024-11-01T04:00:00,69277.95,69633.54,69020.82,69204.78,1008.7766
2024-11-01T08:00:00,69198.94,70166.48,69161.83,69937.72,1072.3011
2024-11-01T12:00:00,69937.72,71620.00,69025.00,69364.48,6212.3350
2024-11-01T16:00:00,69364.49,70494.66,68720.00,69211.34,3954.6732
2024-11-01T20:00:00,69206.18,69585.99,68815.89,69467.29,1039.1429
2024-11-02T00:00:00,69466.64,69891.92,69441.17,69581.79,451.1997
2024-11-02T04:00:00,69581.74,69787.79,69414.79,69775.82,224.0320
2024-11-02T08:00:00,69772.21,69808.17,69382.33,69579.30,251.4950
2024-11-02T12:00:00,69579.30,69682.60,69000.00,69365.72,557.8778
2024-11-02T16:00:00,69371.84,69591.97,69203.51,69497.24,332.2036
2024-11-02T20:00:00,69492.44,69560.63,69131.11,69358.94,387.1885
2024-11-03T00:00:00,69360.95,69364.65,67833.00,68355.74,1590.9545
2024-11-03T04:00:00,68355.74,68742.89,68282.76,68350.28,690.1892
2024-11-03T08:00:00,68350.27,68564.68,68168.90,68330.01,352.6092
2024-11-03T12:00:00,68330.01,68534.69,67444.00,68054.57,1448.5979
2024-11-03T16:00:00,68054.57,68660.62,67664.17,68649.52,1170.7932
2024-11-03T20:00:00,68649.52,69330.67,68464.91,68738.18,1505.7411
2024-11-04T00:00:00,68736.40,69453.94,68201.00,69000.61,953.1258
2024-11-04T04:00:00,69000.42,69348.68,68541.01,68544.76,610.2482
2024-11-04T08:00:00,68544.52,68989.39,68405.28,68734.39,746.8150
2024-11-04T12:00:00,68734.39,69210.66,68144.04,68612.35,2700.7638
2024-11-04T16:00:00,68612.67,68786.57,67191.00,67799.08,4474.1769
2024-11-04T20:00:00,67799.28,68042.00,66783.77,67807.48,2945.8840
2024-11-05T00:00:00,67810.15,68212.14,67427.53,68191.22,1110.7132
2024-11-05T04:00:00,68193.42,68939.39,68166.30,68861.88,919.4622
2024-11-05T08:00:00,68857.49,69059.32,68575.49,68777.08,846.8592
2024-11-05T12:00:00,68780.01,70310.00,68626.59,69620.92,3740.6360
2024-11-05T16:00:00,69617.87,70557.67,68713.49,68997.73,4134.8805
2024-11-05T20:00:00,68997.62,69891.44,68813.58,69380.73,2115.1103
2024-11-06T00:00:00,69380.64,75000.00,69285.82,74349.49,10034.5760
2024-11-06T04:00:00,74348.05,75410.10,73139.06,73411.00,8467.3079
2024-11-06T08:00:00,73408.04,74500.00,72723.42,74315.87,4152.7885
2024-11-06T12:00:00,74319.62,74833.75,73519.51,74396.58,7706.8037
2024-11-06T16:00:00,74396.58,76000.00,74181.19,75966.43,9602.5914
2024-11-06T20:00:00,75966.42,76509.56,75586.70,75646.55,5434.0509
2024-11-07T00:00:00,75646.55,76067.11,75049.14,75089.35,2322.7549
2024-11-07T04:00:00,75088.09,75104.25,74463.96,74795.02,1413.8733
2024-11-07T08:00:00,74795.01,75183.93,74704.29,74776.42,1057.3095
2024-11-07T12:00:00,74776.42,76187.21,74551.42,76175.16,3839.0645
2024-11-07T16:00:00,76176.42,76824.00,75633.46,76638.99,8050.7752
2024-11-07T20:00:00,76639.00,76999.00,75545.45,75920.00,5248.6246
2024-11-08T00:00:00,75925.00,76419.44,75654.26,75975.88,1710.0294
2024-11-08T04:00:00,75975.89,76348.08,75749.04,76284.82,1731.3205
2024-11-08T08:00:00,76284.83,76410.40,75840.37,76020.93,957.7571
2024-11-08T12:00:00,76020.94,76660.72,75689.00,76516.29,3858.2975
2024-11-08T16:00:00,76516.29,77312.18,75889.00,77032.78,6614.0357
2024-11-08T20:00:00,77032.78,77245.51,76350.29,76566.73,3506.9586
2024-11-09T00:00:00,76566.72,76692.21,76184.30,76396.77,853.1490
2024-11-09T04:00:00,76396.76,76845.00,76336.92,76586.05,752.6687
2024-11-09T08:00:00,76586.06,76777.40,76415.72,76534.61,539.8433
2024-11-09T12:00:00,76532.39,76583.19,76300.38,76348.18,714.9641
2024-11-09T16:00:00,76349.99,76732.32,75758.58,76244.62,1013.1824
2024-11-09T20:00:00,76246.58,76952.67,76206.41,76716.06,962.7625
2024-11-10T00:00:00,76716.06,77520.41,76535.33,77264.97,1712.2081
2024-11-10T04:00:00,77257.46,79799.79,77188.63,78862.66,3801.8918
2024-11-10T08:00:00,78862.66,80000.00,78862.66,79885.68,1945.6866
2024-11-10T12:00:00,79885.90,80137.69,79250.00,79756.44,2012.9862
2024-11-10T16:00:00,79756.44,81111.00,79400.84,79811.97,3583.4369
2024-11-10T20:00:00,79810.97,81534.28,78455.37,80428.92,3672.0015
2024-11-11T00:00:00,80427.69,81943.26,80277.34,81693.14,2903.7815
2024-11-11T04:00:00,81693.14,81826.64,80519.10,81198.87,1831.7707
2024-11-11T08:00:00,81193.99,82444.39,81100.80,82217.97,1996.4009
2024-11-11T12:00:00,82217.97,84449.00,81550.74,84197.79,8251.5390
2024-11-11T16:00:00,84196.18,86847.00,83944.11,86281.69,10595.2796
2024-11-11T20:00:00,86279.53,89666.00,86226.37,88770.73,9981.3469
2024-11-12T00:00:00,88770.74,89600.00,86674.94,88175.87,5525.2794
2024-11-12T04:00:00,88176.01,89993.69,87829.73,89114.02,3142.7986
2024-11-12T08:00:00,89113.95,89512.49,85317.81,87241.48,5200.9047
2024-11-12T12:00:00,87241.31,87928.56,85010.00,86713.09,7880.2282
2024-11-12T16:00:00,86711.06,89966.00,85811.54,88874.49,10837.7033
2024-11-12T20:00:00,88865.58,90100.00,87500.00,88035.43,7524.8950
2024-11-13T00:00:00,88035.43,88666.00,87137.69,87278.73,3522.2068
2024-11-13T04:00:00,87282.93,87827.38,86220.50,87504.95,3917.5392
2024-11-13T08:00:00,87501.70,88200.00,87105.65,87789.62,3170.7752
2024-11-13T12:00:00,87783.31,92929.00,87630.65,92759.73,11733.5424
2024-11-13T16:00:00,92752.42,93495.00,90030.00,90313.24,11784.2414
2024-11-13T20:00:00,90306.94,91304.32,88060.08,90493.82,8190.3859
2024-11-14T00:00:00,90499.40,90651.64,89580.13,90012.61,2076.3333
2024-11-14T04:00:00,90016.61,90921.73,89141.32,90829.70,1896.9607
2024-11-14T08:00:00,90830.60,91715.26,90387.13,91545.36,2530.6627
2024-11-14T12:00:00,91543.52,91831.25,87810.00,87962.45,6454.2967
2024-11-14T16:00:00,87962.47,89742.96,87538.51,89502.84,4864.6886
2024-11-14T20:00:00,89499.71,89499.71,86672.07,87340.40,5599.8171
2024-11-15T00:00:00,87338.96,88506.78,87248.27,88254.11,1832.1419
2024-11-15T04:00:00,88247.47,88431.20,87100.83,87663.18,1390.8303
2024-11-15T08:00:00,87665.34,89778.00,87400.06,89742.57,1476.4243
2024-11-15T12:00:00,89742.58,90702.12,87731.41,88440.27,5500.1422
2024-11-15T16:00:00,88440.25,90876.88,88376.42,90418.20,5146.0640
2024-11-15T20:00:00,90400.33,91934.62,90357.70,91058.36,5042.7284
2024-11-16T00:00:00,91058.36,91764.06,90888.02,91289.95,1781.4223
2024-11-16T04:00:00,91299.67,91820.73,91108.30,91154.59,721.5693
2024-11-16T08:00:00,91154.58,91621.18,91005.46,91203.76,811.3152
2024-11-16T12:00:00,91198.30,91344.05,90069.21,90558.90,1530.8479
2024-11-16T16:00:00,90558.91,91446.39,90229.04,91158.93,988.7825
2024-11-16T20:00:00,91158.93,91255.38,90350.00,90636.24,764.0898
2024-11-17T00:00:00,90638.54,90935.79,89400.00,90295.81,1251.7926
2024-11-17T04:00:00,90296.64,90899.00,90182.40,90551.38,524.4605
2024-11-17T08:00:00,90551.33,91439.82,90455.41,90674.33,540.4317
2024-11-17T12:00:00,90679.64,91179.85,89920.23,90257.57,731.5154
2024-11-17T16:00:00,90258.62,90630.75,89685.70,90054.48,860.3509
2024-11-17T20:00:00,90054.48,90219.30,88713.64,89886.69,1666.0001
2024-11-18T00:00:00,89877.11,90949.00,89640.83,90658.10,1242.8276
2024-11-18T04:00:00,90658.92,92234.39,90450.00,91726.75,1355.0181
2024-11-18T08:00:00,91732.45,92221.00,90051.24,90275.89,1372.1321
2024-11-18T12:00:00,90282.71,92674.80,89372.65,92392.15,4784.2611
2024-11-18T16:00:00,92399.16,92639.80,89720.74,90681.98,4396.5679
2024-11-18T20:00:00,90684.04,92095.34,90294.86,90520.30,4189.9649
2024-11-19T00:00:00,90521.32,91592.37,90403.24,91471.93,1346.0830
2024-11-19T04:00:00,91471.92,92091.99,91279.55,91677.00,1159.0395
2024-11-19T08:00:00,91688.00,91996.44,91234.32,91709.49,1060.1315
2024-11-19T12:00:00,91709.49,92850.00,91026.74,92492.76,4823.3675
2024-11-19T16:00:00,92492.76,94105.84,92250.00,93331.02,6772.0296
2024-11-19T20:00:00,93331.01,93697.59,91500.00,92435.89,3106.5101
2024-11-20T00:00:00,92445.04,92577.36,91600.00,92160.34,1609.0398
2024-11-20T04:00:00,92157.97,92968.73,91965.13,92946.91,2044.4325
2024-11-20T08:00:00,92946.91,93772.26,92803.43,93561.47,1827.1225
2024-11-20T12:00:00,93561.47,94987.00,93418.47,94887.11,6054.0638
2024-11-20T16:00:00,94887.10,94989.99,93251.36,94139.11,6088.0487
2024-11-20T20:00:00,94139.11,94744.99,93858.00,94393.15,2706.3326
2024-11-21T00:00:00,94384.15,96000.00,94127.20,95899.60,3323.4553
2024-11-21T04:00:00,95899.44,97931.00,95879.92,96982.73,4194.7127
2024-11-21T08:00:00,96982.88,98370.30,96780.35,98005.95,2519.4931
2024-11-21T12:00:00,98007.19,98265.49,95606.45,96706.08,6374.7982
2024-11-21T16:00:00,96706.08,99073.53,96312.29,97936.94,9108.7263
2024-11-21T20:00:00,97936.95,98857.28,97692.30,98439.09,5666.9083
2024-11-22T00:00:00,98439.10,99390.00,97950.00,98958.87,3618.5107
2024-11-22T04:00:00,98958.87,99543.00,98606.93,99305.24,3002.5857
2024-11-22T08:00:00,99311.04,99411.66,98306.01,98969.35,1954.9910
2024-11-22T12:00:00,98963.78,99050.46,97209.52,98841.10,5218.1681
2024-11-22T16:00:00,98841.11,99860.00,98372.63,99311.69,10209.7008
2024-11-22T20:00:00,99316.61,99765.79,98700.47,99024.03,5932.6658
2024-11-23T00:00:00,99024.03,99044.11,98410.50,98787.94,2604.8372
2024-11-23T04:00:00,98787.93,98998.80,98402.01,98692.65,2024.9736
2024-11-23T08:00:00,98694.54,98786.89,98435.12,98564.28,2045.0824
2024-11-23T12:00:00,98564.29,99000.00,98549.47,98595.49,2337.5363
2024-11-23T16:00:00,98596.98,98703.68,97500.00,97620.09,1721.0493
2024-11-23T20:00:00,97620.09,98159.99,97215.01,97778.77,1338.9934
2024-11-24T00:00:00,97778.78,98700.00,97725.33,98318.62,924.4445
2024-11-24T04:00:00,98318.52,98525.03,98007.01,98518.53,529.4715
2024-11-24T08:00:00,98518.52,98562.34,97356.77,97401.42,479.0193
2024-11-24T12:00:00,97402.00,97727.96,95936.93,95957.89,2247.9838
2024-11-24T16:00:00,95957.89,96835.49,95780.77,96359.04,2278.6614
2024-11-24T20:00:00,96361.53,98490.00,96239.52,98028.18,2195.1909
2024-11-25T00:00:00,98032.06,98180.04,97002.93,98002.78,1780.6648
2024-11-25T04:00:00,98002.81,98484.27,97662.00,98164.71,929.8555
2024-11-25T08:00:00,98165.23,98999.00,97943.23,98279.70,1354.7626
2024-11-25T12:00:00,98279.70,98408.08,94555.96,96028.64,4674.4670
2024-11-25T16:00:00,96031.89,96525.32,94427.44,94664.79,5354.4868
2024-11-25T20:00:00,94672.08,95346.21,92534.93,93000.01,6601.6757
2024-11-26T00:00:00,93001.48,94950.00,92720.00,94495.82,1596.2591
2024-11-26T04:00:00,94498.98,95004.92,93536.78,93775.09,876.2330
2024-11-26T08:00:00,93782.27,93785.68,91420.12,92355.45,2785.0425
2024-11-26T12:00:00,92347.83,93609.90,91672.31,92836.57,5035.1959
2024-11-26T16:00:00,92841.73,94819.02,91566.78,91676.86,3695.0748
2024-11-26T20:00:00,91677.99,92328.03,90682.58,91929.54,3860.2143
2024-11-27T00:00:00,91929.53,93000.00,91747.46,92547.72,1261.1483
2024-11-27T04:00:00,92557.09,93633.99,92321.64,93584.06,845.9287
2024-11-27T08:00:00,93573.77,93895.22,93114.02,93382.82,662.6785
2024-11-27T12:00:00,93382.21,95950.00,92851.76,95642.95,3979.4656
2024-11-27T16:00:00,95640.66,96792.63,95258.04,96781.31,4310.5711
2024-11-27T20:00:00,96781.31,97386.06,95834.72,95951.19,4154.1173
2024-11-28T00:00:00,95951.19,96676.31,94904.94,95557.91,1042.1419
2024-11-28T04:00:00,95544.40,95999.65,95135.84,95355.25,797.6492
2024-11-28T08:00:00,95355.25,95824.68,94671.59,95483.99,901.4291
2024-11-28T12:00:00,95481.65,96250.00,94917.60,95029.63,1176.4112
2024-11-28T16:00:00,95025.24,95453.43,94837.37,95133.29,754.6363
2024-11-28T20:00:00,95133.29,96050.00,94700.70,95665.53,914.2852
2024-11-29T00:00:00,95665.53,96896.69,95383.46,96614.15,1160.5173
2024-11-29T04:00:00,96614.16,96645.69,95623.11,95649.00,593.1241
2024-11-29T08:00:00,95641.20,97403.73,95641.20,97281.06,919.4413
2024-11-29T12:00:00,97281.07,98750.00,96794.60,98148.88,4731.7820
2024-11-29T16:00:00,98158.86,98591.06,96926.67,97422.14,3665.9824
2024-11-29T20:00:00,97422.15,97715.96,97066.51,97490.56,1516.1778
2024-11-30T00:00:00,97489.80,97509.60,96355.13,96673.20,953.3698
2024-11-30T04:00:00,96675.00,97282.41,96574.65,96825.40,716.5619
2024-11-30T08:00:00,96824.72,97010.63,96129.73,96302.74,362.9517
2024-11-30T12:00:00,96302.76,96788.16,96277.73,96682.76,329.6979
2024-11-30T16:00:00,96688.44,97105.00,96558.49,97054.87,427.5183
2024-11-30T20:00:00,97054.87,97100.00,96363.09,96465.42,685.9431
2024-12-01T00:00:00,96464.95,96721.49,95753.42,96371.15,863.4611
2024-12-01T04:00:00,96364.57,96566.00,96217.05,96523.55,380.5697
2024-12-01T08:00:00,96523.55,97229.34,96467.51,97177.31,512.0140
2024-12-01T12:00:00,97175.38,97472.19,96732.28,97109.53,594.4029
2024-12-01T16:00:00,97109.52,97586.93,97011.61,97234.24,671.3767
2024-12-01T20:00:00,97234.24,97895.90,96849.87,97263.18,1017.4515
2024-12-02T00:00:00,97259.17,98200.00,96420.00,96532.55,1240.4130
2024-12-02T04:00:00,96532.67,96991.02,95809.46,96048.31,982.9718
2024-12-02T08:00:00,96048.31,96164.99,94830.14,95133.01,1164.5187
2024-12-02T12:00:00,95130.57,97296.88,94782.00,97116.49,3901.6020
2024-12-02T16:00:00,97116.49,97445.00,94400.63,95832.31,5070.7089
2024-12-02T20:00:00,95832.31,96367.45,95110.93,95862.89,3194.4004
2024-12-03T00:00:00,95862.89,96310.10,95406.08,96084.43,2162.5276
2024-12-03T04:00:00,96079.89,96261.23,95278.52,95563.76,1680.0168
2024-12-03T08:00:00,95564.06,95684.24,94628.45,94998.01,1535.7542
2024-12-03T12:00:00,94998.03,96299.99,93571.30,95735.74,5628.9021
2024-12-03T16:00:00,95735.74,96210.17,94903.86,95453.50,4687.2005
2024-12-03T20:00:00,95453.50,96201.24,95290.11,95924.52,2204.3033
2024-12-04T00:00:00,95924.85,96696.77,95285.57,95836.10,1116.1401
2024-12-04T04:00:00,95831.24,96784.88,95770.08,96655.28,794.8356
2024-12-04T08:00:00,96659.76,97023.14,96230.70,96248.47,655.1661
2024-12-04T12:00:00,96248.47,96640.70,95395.64,95865.98,2990.0147
2024-12-04T16:00:00,95866.30,97423.11,94634.85,97391.71,4028.9584
2024-12-04T20:00:00,97405.28,99263.20,97297.62,98746.24,7943.8057
2024-12-05T00:00:00,98746.24,104000.00,98057.88,103055.17,9257.0461
2024-12-05T04:00:00,103053.84,103656.57,101373.28,102316.08,3286.5384
2024-12-05T08:00:00,102313.73,103249.98,102310.93,102638.22,1768.1567
2024-12-05T12:00:00,102643.14,103665.60,101011.00,101381.48,5739.7500
2024-12-05T16:00:00,101381.48,102125.89,98653.00,99064.15,6886.1478
2024-12-05T20:00:00,99044.77,99577.97,92055.86,97044.23,9462.1794
2024-12-06T00:00:00,97049.47,98843.88,96424.20,97788.60,2281.2876
2024-12-06T04:00:00,97788.60,98349.99,97407.03,98216.21,1400.9934
2024-12-06T08:00:00,98216.21,98772.85,97722.01,98148.64,1296.7888
2024-12-06T12:00:00,98148.64,99616.16,97581.44,99414.85,3813.8837
2024-12-06T16:00:00,99414.85,101989.77,98870.31,101615.78,5902.9569
2024-12-06T20:00:00,101615.78,102104.12,99244.03,99891.35,3105.3025
2024-12-07T00:00:00,99885.37,100583.27,99406.08,99441.50,977.2025
2024-12-07T04:00:00,99441.50,99831.91,99012.73,99528.76,1056.6507
2024-12-07T08:00:00,99528.77,99961.53,99394.39,99727.05,393.8057
2024-12-07T12:00:00,99716.66,99896.79,99135.46,99826.52,719.9671
2024-12-07T16:00:00,99836.91,100377.24,99534.56,100165.25,885.6010
2024-12-07T20:00:00,100165.26,100525.65,99676.43,99929.32,741.1238
2024-12-08T00:00:00,99919.20,100417.14,99720.27,100006.48,555.6433
2024-12-08T04:00:00,100006.49,100108.09,99401.61,99719.06,387.9544
2024-12-08T08:00:00,99722.76,99889.41,98729.66,99755.04,538.2549
2024-12-08T12:00:00,99760.67,100572.19,99407.60,99961.09,883.5077
2024-12-08T16:00:00,99972.69,100216.59,99506.89,100147.15,699.3748
2024-12-08T20:00:00,100136.51,101435.05,99764.71,101174.99,1165.6172
2024-12-09T00:00:00,101175.00,101290.73,98514.90,99141.17,2011.6652
2024-12-09T04:00:00,99137.40,99763.90,98360.00,99594.66,1042.1591
2024-12-09T08:00:00,99594.65,99700.00,98005.00,98050.01,1785.2391
2024-12-09T12:00:00,98050.01,100443.98,97475.27,97748.58,4092.8544
2024-12-09T16:00:00,97748.58,98358.30,96905.96,96996.54,3998.5119
2024-12-09T20:00:00,96996.54,97585.10,94220.80,97324.81,7172.6210
2024-12-10T00:00:00,97330.66,98180.00,95605.01,96984.89,2440.3337
2024-12-10T04:00:00,96984.90,97540.90,95950.00,97222.32,1517.3080
2024-12-10T08:00:00,97208.42,97965.26,96963.04,97756.78,1343.5885
2024-12-10T12:00:00,97763.15,98338.17,95657.00,95695.02,4554.1182
2024-12-10T16:00:00,95695.02,96535.26,94273.38,95887.82,6745.9682
2024-12-10T20:00:00,95893.30,97262.99,95643.19,96660.76,4019.2221
2024-12-11T00:00:00,96660.75,97672.80,95722.79,97427.85,1807.3969
2024-12-11T04:00:00,97418.76,97808.95,97200.80,97376.81,884.5452
2024-12-11T08:00:00,97376.82,98500.00,97342.16,98336.38,1161.2239
2024-12-11T12:00:00,98336.38,100857.29,98097.22,100432.33,5638.7136
2024-12-11T16:00:00,100432.33,101327.88,99689.79,101283.04,6716.7905
2024-12-11T20:00:00,101283.04,101984.98,100959.58,101202.11,4981.5674
2024-12-12T00:00:00,101211.61,101953.03,100400.01,101099.81,2514.0188
2024-12-12T04:00:00,101099.80,101262.89,100428.05,100531.29,1065.6918
2024-12-12T08:00:00,100531.28,101152.68,100194.33,100383.46,954.9015
2024-12-12T12:00:00,100383.47,101913.15,100377.61,101854.45,4264.1371
2024-12-12T16:00:00,101854.46,102595.00,99298.39,99481.15,3718.1905
2024-12-12T20:00:00,99480.00,100525.45,99455.12,100030.47,2279.9848
2024-12-13T00:00:00,100024.75,100368.57,99220.81,99741.25,1000.0442
2024-12-13T04:00:00,99741.26,100271.09,99510.00,100167.63,1159.4020
2024-12-13T08:00:00,100166.89,100793.58,99900.00,100347.79,810.2049
2024-12-13T12:00:00,100347.78,101400.00,99696.63,99877.03,2960.4945
2024-12-13T16:00:00,99877.49,101959.13,99792.56,101493.40,5019.3468
2024-12-13T20:00:00,101493.39,101925.16,101113.08,101428.75,2378.1071
2024-12-14T00:00:00,101428.74,102650.00,101144.48,102088.22,1371.5414
2024-12-14T04:00:00,102088.23,102154.06,101600.01,101832.49,574.8480
2024-12-14T08:00:00,101832.49,101877.34,101317.15,101575.64,382.4703
2024-12-14T12:00:00,101575.64,101740.99,100815.17,101620.11,584.7372
2024-12-14T16:00:00,101620.10,101726.61,100818.75,101320.63,693.6023
2024-12-14T20:00:00,101320.63,101475.00,100600.00,101399.99,574.2025
2024-12-15T00:00:00,101400.00,102154.14,101221.34,101705.68,529.1774
2024-12-15T04:00:00,101705.68,102805.46,101516.72,101714.23,1310.7035
2024-12-15T08:00:00,101714.23,102650.93,101556.35,102634.73,411.9571
2024-12-15T12:00:00,102634.74,103292.44,102422.74,102665.90,1036.3816
2024-12-15T16:00:00,102665.90,103454.27,102546.80,103218.36,1399.3326
2024-12-15T20:00:00,103216.28,105100.00,102603.94,104447.76,3108.7814
2024-12-16T00:00:00,104445.15,106554.39,104227.01,104553.11,3310.2503
2024-12-16T04:00:00,104551.59,105379.27,104428.02,104957.19,932.4622
2024-12-16T08:00:00,104957.19,104996.73,103600.00,103730.27,1029.8184
2024-12-16T12:00:00,103727.11,106542.00,103289.21,106399.36,5746.4838
2024-12-16T16:00:00,106399.36,107857.79,105807.26,106621.68,8445.8808
2024-12-16T20:00:00,106621.68,106710.23,105500.00,106099.81,3110.9835
2024-12-17T00:00:00,106099.98,107014.62,105699.99,106875.36,1155.1613
2024-12-17T04:00:00,106875.36,107127.66,106360.86,106820.46,930.0778
2024-12-17T08:00:00,106822.25,107519.48,106705.33,106797.81,1100.5121
2024-12-17T12:00:00,106797.80,108388.88,105722.37,106486.27,3507.7794
2024-12-17T16:00:00,106480.09,107682.22,106141.65,106471.77,3320.2128
2024-12-17T20:00:00,106471.77,106900.94,105337.97,106136.99,1980.8452
2024-12-18T00:00:00,106145.83,106528.13,104575.13,104755.30,1640.0157
2024-12-18T04:00:00,104746.89,104752.55,103125.00,104237.52,1675.0349
2024-12-18T08:00:00,104237.52,105009.83,103709.29,104994.69,696.7778
2024-12-18T12:00:00,104992.26,105331.50,103626.00,104405.56,2622.9979
2024-12-18T16:00:00,104405.55,104984.01,102719.82,102735.19,4518.5213
2024-12-18T20:00:00,102735.19,102913.69,99939.82,100150.73,11141.0808
2024-12-19T00:00:00,100148.60,101240.48,98698.56,101114.89,2971.7056
2024-12-19T04:00:00,101111.24,101691.44,100586.78,101607.22,817.9788
2024-12-19T08:00:00,101607.21,102568.87,101323.55,102399.57,996.0732
2024-12-19T12:00:00,102400.00,102796.22,99396.74,100601.18,3983.4766
2024-12-19T16:00:00,100586.36,101121.97,96125.72,97095.49,8303.6057
2024-12-19T20:00:00,97095.19,98333.84,95539.67,97372.21,6449.2889
2024-12-20T00:00:00,97372.20,97737.81,95830.22,97018.55,2400.8063
2024-12-20T04:00:00,97018.54,98132.47,96300.00,97713.82,1727.0696
2024-12-20T08:00:00,97713.81,97764.73,92500.00,92576.31,5146.5328
2024-12-20T12:00:00,92573.24,97484.47,92115.66,96921.09,5898.3626
2024-12-20T16:00:00,96927.88,97734.02,96253.33,97088.23,3838.3096
2024-12-20T20:00:00,97089.69,97776.90,95369.99,97765.00,2755.7631
2024-12-21T00:00:00,97762.75,97790.91,97143.56,97448.37,767.6270
2024-12-21T04:00:00,97442.01,99596.57,97321.62,98988.58,2020.5250
2024-12-21T08:00:00,98988.58,99160.26,97755.98,98229.54,736.4146
2024-12-21T12:00:00,98229.54,98260.09,96368.00,97487.39,1238.2358
2024-12-21T16:00:00,97487.39,97692.30,96771.12,97223.60,754.4859
2024-12-21T20:00:00,97219.14,97998.00,96504.51,97230.08,934.1444
2024-12-22T00:00:00,97230.09,97387.98,96500.00,96933.29,478.6611
2024-12-22T04:00:00,96927.94,97020.90,95825.60,96136.32,630.5161
2024-12-22T08:00:00,96146.09,97280.55,96127.18,97030.61,329.7187
2024-12-22T12:00:00,97034.91,97231.45,95061.55,95300.12,918.4156
2024-12-22T16:00:00,95302.06,96371.65,94607.08,94756.15,1277.0523
2024-12-22T20:00:00,94755.89,95713.80,94182.98,95087.75,1299.1374
2024-12-23T00:00:00,95091.15,95941.22,93618.01,95918.06,1489.2846
2024-12-23T04:00:00,95918.05,96430.08,94620.45,95314.15,856.4913
2024-12-23T08:00:00,95314.08,96421.41,94943.10,95811.25,782.7915
2024-12-23T12:00:00,95811.25,96300.00,92962.79,93120.81,3424.4001
2024-12-23T16:00:00,93120.74,94124.53,92546.10,92900.00,3173.4784
2024-12-23T20:00:00,92900.00,95387.00,92360.91,94764.56,3750.5436
2024-12-24T00:00:00,94767.88,94767.88,93426.25,94218.50,1295.8807
2024-12-24T04:00:00,94224.22,94537.16,93672.25,94089.97,651.8161
2024-12-24T08:00:00,94089.77,94500.00,93704.39,94245.53,643.7920
2024-12-24T12:00:00,94245.54,98219.21,93924.48,98219.18,3600.8608
2024-12-24T16:00:00,98219.18,99444.00,97500.01,97552.82,5518.5230
2024-12-24T20:00:00,97540.92,99000.00,97192.43,98594.47,1644.4906
2024-12-25T00:00:00,98594.47,98818.70,97648.26,97948.22,833.1196
2024-12-25T04:00:00,97950.44,98494.88,97771.70,98015.24,365.1099
2024-12-25T08:00:00,98015.23,99250.00,97705.00,97824.84,794.0171
2024-12-25T12:00:00,97855.61,98754.92,97557.48,98441.84,837.5069
2024-12-25T16:00:00,98441.82,99192.24,98035.32,98918.48,1070.5822
2024-12-25T20:00:00,98918.49,99484.92,98293.38,99346.28,1353.9014
2024-12-26T00:00:00,99358.67,99887.00,98389.90,98909.68,1207.0041
2024-12-26T04:00:00,98909.67,98909.68,97617.40,97667.54,774.9432
2024-12-26T08:00:00,97661.63,97711.28,95083.93,95585.78,1807.8072
2024-12-26T12:00:00,95585.77,96193.79,95123.00,95962.27,1997.1736
2024-12-26T16:00:00,95962.27,96560.27,95345.00,96023.62,2338.0361
2024-12-26T20:00:00,96023.11,96043.04,95197.36,95669.49,3278.4085
2024-12-27T00:00:00,95669.40,96331.02,95279.45,96297.82,1265.6923
2024-12-27T04:00:00,96289.85,96496.57,94555.94,94979.22,1844.4641
2024-12-27T08:00:00,94979.22,97340.47,94979.21,96839.24,1114.6584
2024-12-27T12:00:00,96839.27,96932.43,93843.18,94438.80,3068.6655
2024-12-27T16:00:00,94430.56,94870.72,93234.31,94610.14,3658.6113
2024-12-27T20:00:00,94610.13,94700.00,94000.00,94171.89,2217.0374
2024-12-28T00:00:00,94171.70,94572.30,94002.72,94441.41,588.1985
2024-12-28T04:00:00,94441.41,94648.29,94141.57,94222.36,335.8875
2024-12-28T08:00:00,94222.37,94725.00,94145.76,94589.92,322.2209
2024-12-28T12:00:00,94589.91,95160.29,94200.01,94277.85,495.1351
2024-12-28T16:00:00,94281.82,95073.79,94222.14,94865.25,533.0488
2024-12-28T20:00:00,94865.24,95534.17,94694.00,95130.82,448.1684
2024-12-29T00:00:00,95125.59,95170.06,94655.14,95004.05,405.4777
2024-12-29T04:00:00,95004.06,95122.80,94801.01,95111.41,209.8676
2024-12-29T08:00:00,95111.40,95149.00,94862.79,94874.69,179.2206
2024-12-29T12:00:00,94874.70,95074.21,93850.00,94341.02,659.7689
2024-12-29T16:00:00,94341.02,94412.60,93217.41,93424.94,930.4337
2024-12-29T20:00:00,93424.94,93757.20,92841.48,93563.35,1032.7590
2024-12-30T00:00:00,93563.35,94076.31,93170.88,93511.21,1525.7455
2024-12-30T04:00:00,93500.38,93839.12,93030.11,93545.39,871.8590
2024-12-30T08:00:00,93545.39,93889.99,93292.18,93744.82,525.0253
2024-12-30T12:00:00,93744.81,94111.00,91271.19,91924.41,5165.8159
2024-12-30T16:00:00,91927.67,94590.72,91633.00,94303.51,3922.1444
2024-12-30T20:00:00,94303.51,94910.48,91763.50,92620.71,3260.6542
2024-12-31T00:00:00,92620.70,92726.97,91887.13,92340.94,995.4378
2024-12-31T04:00:00,92344.46,92906.92,92198.06,92721.83,618.4426
2024-12-31T08:00:00,92721.82,94554.99,92699.18,94087.83,1102.6286
2024-12-31T12:00:00,94087.82,96148.94,94087.82,95272.00,2959.4076
2024-12-31T16:00:00,95284.80,95454.98,93040.41,94022.10,2552.7740
2024-12-31T20:00:00,94022.10,94074.24,93205.00,93354.22,2119.9421
2025-01-01T00:00:00,93347.59,94321.25,93281.63,93635.54,818.3207
2025-01-01T04:00:00,93635.54,93708.79,93305.54,93478.85,631.5849
2025-01-01T08:00:00,93478.85,93564.06,92743.63,93250.79,814.0798
2025-01-01T12:00:00,93250.79,94289.00,93172.42,94225.28,1607.6221
2025-01-01T16:00:00,94212.75,94638.63,93521.72,94434.89,1930.7196
2025-01-01T20:00:00,94427.86,94960.91,94316.57,94383.59,1069.4114
2025-01-02T00:00:00,94383.59,95338.18,94177.00,94827.25,1109.5486
2025-01-02T04:00:00,94832.39,95832.21,94803.60,95691.24,805.0263
2025-01-02T08:00:00,95692.21,96774.06,95491.36,96631.02,1078.9086
2025-01-02T12:00:00,96631.02,97295.00,95849.42,96362.35,2897.1387
2025-01-02T16:00:00,96362.35,97705.05,95914.36,97224.83,3370.9696
2025-01-02T20:00:00,97224.83,97776.99,96633.33,96903.19,1650.8820
2025-01-03T00:00:00,96905.48,97270.33,96550.01,96970.54,981.2610
2025-01-03T04:00:00,96970.55,96975.92,96202.01,96232.47,532.0709
2025-01-03T08:00:00,96232.46,96759.45,96016.63,96679.43,572.6950
2025-01-03T12:00:00,96679.43,97612.67,96401.00,97464.80,1973.6025
2025-01-03T16:00:00,97458.07,98969.92,97342.97,98562.77,3076.4524
2025-01-03T20:00:00,98554.95,98741.40,98020.47,98136.51,1885.8036
2025-01-04T00:00:00,98139.85,98279.58,97749.98,98162.98,526.9664
2025-01-04T04:00:00,98162.98,98296.72,97826.77,98240.53,339.6735
2025-01-04T08:00:00,98236.76,98267.25,97528.26,97855.09,280.6502
2025-01-04T12:00:00,97862.02,98143.10,97516.65,97649.43,615.5694
2025-01-04T16:00:00,97650.50,98500.00,97550.47,98156.45,521.3230
2025-01-04T20:00:00,98150.12,98761.02,98132.54,98209.85,457.9071
2025-01-05T00:00:00,98209.85,98386.57,98020.01,98161.13,249.4966
2025-01-05T04:00:00,98159.69,98494.82,98159.69,98247.84,199.6390
2025-01-05T08:00:00,98247.84,98247.84,97565.00,97621.82,280.7691
2025-01-05T12:00:00,97621.81,98252.74,97250.00,98003.23,460.6614
2025-01-05T16:00:00,98003.23,98318.69,97560.00,98060.46,553.4267
2025-01-05T20:00:00,98060.46,98814.00,97987.36,98345.33,633.9289
2025-01-06T00:00:00,98347.65,99249.99,97900.00,98993.48,1017.4080
2025-01-06T04:00:00,99003.79,99888.00,99003.79,99278.82,1309.7102
2025-01-06T08:00:00,99277.29,99603.99,98666.31,99219.43,750.2908
2025-01-06T12:00:00,99219.44,102485.16,98676.50,102167.04,5098.6250
2025-01-06T16:00:00,102167.05,102500.00,101257.00,101854.25,4472.1902
2025-01-06T20:00:00,101854.26,102416.96,101616.20,102279.41,2525.3320
2025-01-07T00:00:00,102279.41,102735.99,101528.71,101730.11,1204.9618
2025-01-07T04:00:00,101725.73,102043.44,101592.61,101684.30,791.9080
2025-01-07T08:00:00,101684.30,102000.00,100469.00,100827.28,1458.0322
2025-01-07T12:00:00,100830.40,100968.23,97100.00,97902.38,5582.4982
2025-01-07T16:00:00,97906.68,98324.08,96270.00,96401.64,4035.2096
2025-01-07T20:00:00,96401.61,97207.56,96105.11,96941.98,3514.6771
2025-01-08T00:00:00,96941.98,97254.35,96200.00,96515.21,1169.9442
2025-01-08T04:00:00,96515.20,96640.40,95222.22,95620.94,1605.1348
2025-01-08T08:00:00,95620.94,96109.95,94510.00,95098.31,1267.2422
2025-01-08T12:00:00,95099.19,96054.04,94595.00,95464.37,3310.5163
2025-01-08T16:00:00,95462.47,95469.88,92500.00,94213.57,4698.1952
2025-01-08T20:00:00,94213.57,95283.77,93571.92,95036.63,2131.2647
2025-01-09T00:00:00,95033.18,95363.26,93418.63,93978.60,1523.3228
2025-01-09T04:00:00,93974.94,94581.27,93159.00,93179.77,725.4108
2025-01-09T08:00:00,93183.58,93815.20,92700.00,93407.52,747.5717
2025-01-09T12:00:00,93407.52,94549.47,91750.00,94217.09,2287.0324
2025-01-09T16:00:00,94218.73,94672.48,91899.00,91902.65,2194.5705
2025-01-09T20:00:00,91902.64,92705.26,91187.00,92547.44,2234.4703
2025-01-10T00:00:00,92547.44,93717.73,92452.92,93700.81,757.1534
2025-01-10T04:00:00,93700.82,94986.94,93491.06,94486.60,959.2904
2025-01-10T08:00:00,94478.82,95283.59,94378.24,95083.52,707.2758
2025-01-10T12:00:00,95083.51,95138.63,92209.25,93720.05,5095.3362
2025-01-10T16:00:00,93720.06,95862.92,93157.87,95333.10,3772.7000
2025-01-10T20:00:00,95333.10,95459.28,94565.64,94701.18,1342.2784
2025-01-11T00:00:00,94701.48,94725.38,94090.72,94193.22,479.4859
2025-01-11T04:00:00,94185.72,94431.37,93804.05,94217.48,259.0211
2025-01-11T08:00:00,94217.48,94751.35,94000.00,94573.68,137.5559
2025-01-11T12:00:00,94573.68,94612.55,94260.73,94379.55,199.2021
2025-01-11T16:00:00,94380.48,94685.13,93882.50,94190.17,1169.4076
2025-01-11T20:00:00,94190.16,94983.65,94125.36,94565.02,394.0270
2025-01-12T00:00:00,94569.91,94660.36,94255.78,94584.95,224.0006
2025-01-12T04:00:00,94584.95,94613.11,94230.00,94275.17,125.4756
2025-01-12T08:00:00,94277.20,94353.19,93670.30,94209.21,216.3172
2025-01-12T12:00:00,94209.20,95383.84,94113.81,95019.26,378.9381
2025-01-12T16:00:00,95030.95,95259.00,94524.57,94604.55,392.9465
2025-01-12T20:00:00,94604.55,94757.32,93750.00,94509.62,688.1381
2025-01-13T00:00:00,94507.24,95900.00,93860.76,94222.08,1171.2976
2025-01-13T04:00:00,94222.08,94870.70,93212.00,93536.22,572.7457
2025-01-13T08:00:00,93529.23,93602.57,90738.29,90760.43,1714.0116
2025-01-13T12:00:00,90760.43,93090.00,89028.64,92088.55,4661.9689
2025-01-13T16:00:00,92088.64,92497.77,91173.01,92253.20,2787.0777
2025-01-13T20:00:00,92247.14,94697.00,91853.89,94506.45,2187.7621
2025-01-14T00:00:00,94507.35,95254.56,94311.36,94836.47,1132.6534
2025-01-14T04:00:00,94836.47,95476.75,94666.55,94828.02,805.8712
2025-01-14T08:00:00,94825.38,97353.29,94818.48,96504.22,1737.9849
2025-01-14T12:00:00,96504.21,97238.85,95714.31,96415.81,2705.6330
2025-01-14T16:00:00,96417.26,97054.32,95300.01,96490.37,3031.3376
2025-01-14T20:00:00,96479.94,96883.25,96069.36,96534.96,1797.2621
2025-01-15T00:00:00,96534.97,97519.28,96464.37,97287.67,1253.1323
2025-01-15T04:00:00,97283.05,97705.99,96700.00,97262.16,1068.2026
2025-01-15T08:00:00,97260.97,97500.00,96400.00,96717.99,768.6135
2025-01-15T12:00:00,96715.57,99800.00,96500.00,98981.81,4590.1527
2025-01-15T16:00:00,98981.81,99990.00,98607.37,99865.05,3092.2407
2025-01-15T20:00:00,99860.69,100716.45,99456.31,100510.23,2838.4054
2025-01-16T00:00:00,100504.27,100880.00,99137.67,99456.66,1589.8580
2025-01-16T04:00:00,99456.66,99883.03,99299.28,99785.53,546.3945
2025-01-16T08:00:00,99785.53,99803.18,98598.00,99141.92,812.2950
2025-01-16T12:00:00,99141.92,99500.00,97277.58,99270.60,3297.4614
2025-01-16T16:00:00,99270.60,100438.81,99051.34,100403.20,3644.4238
2025-01-16T20:00:00,100403.71,100654.00,99354.00,99981.78,2421.9409
2025-01-17T00:00:00,99981.46,102085.00,99937.81,101022.07,2362.9364
2025-01-17T04:00:00,101022.05,101878.00,100930.14,101437.55,843.1830
2025-01-17T08:00:00,101437.54,102544.77,101437.54,102220.23,1365.0833
2025-01-17T12:00:00,102223.61,104378.02,102162.34,104058.23,5293.9249
2025-01-17T16:00:00,104058.23,105970.00,103879.40,105935.45,6701.0361
2025-01-17T20:00:00,105935.45,105945.21,104089.65,104107.00,3952.1458
2025-01-18T00:00:00,104107.00,104704.00,103043.59,103545.03,1014.5624
2025-01-18T04:00:00,103542.73,103743.94,102550.00,102776.24,1873.9659
2025-01-18T08:00:00,102776.24,103823.89,102233.45,103538.57,817.1499
2025-01-18T12:00:00,103536.44,104933.15,103078.12,104502.19,1466.7750
2025-01-18T16:00:00,104502.20,104641.85,103047.50,104283.64,1767.2950
2025-01-18T20:00:00,104283.64,104640.82,103685.28,104435.00,895.5517
2025-01-19T00:00:00,104435.01,105326.31,103909.45,104853.64,1150.7838
2025-01-19T04:00:00,104860.78,105500.00,104128.96,104995.34,961.0380
2025-01-19T08:00:00,104995.35,105312.36,103292.70,104199.80,1796.8408
2025-01-19T12:00:00,104199.80,105550.00,104134.04,104762.60,1523.7362
2025-01-19T16:00:00,104762.60,106080.00,104378.77,106071.46,1077.3305
2025-01-19T20:00:00,106071.45,106314.44,99518.00,101211.13,6802.9075
2025-01-20T00:00:00,101217.78,102197.51,99416.27,101793.67,4257.5855
2025-01-20T04:00:00,101793.51,109358.01,101427.83,106965.39,6136.5076
2025-01-20T08:00:00,106954.05,109056.51,106912.14,108103.56,3424.5559
2025-01-20T12:00:00,108103.57,108563.64,104302.15,104825.27,5522.3365
2025-01-20T16:00:00,104823.51,106900.05,100423.70,103579.18,10070.7054
2025-01-20T20:00:00,103579.18,104230.72,101585.03,102145.43,2930.4922
2025-01-21T00:00:00,102145.42,103128.50,100051.00,102803.43,2429.7086
2025-01-21T04:00:00,102803.44,102859.20,100962.13,101852.09,1081.7468
2025-01-21T08:00:00,101864.09,103869.69,101609.81,103651.97,1122.5536
2025-01-21T12:00:00,103651.97,105236.04,102688.00,103854.59,3135.4050
2025-01-21T16:00:00,103860.03,107291.10,103729.79,107051.81,7855.5973
2025-01-21T20:00:00,107051.82,107227.32,105448.39,106159.26,3786.2235
2025-01-22T00:00:00,106159.27,106431.34,105448.26,105617.78,1064.7432
2025-01-22T04:00:00,105615.06,105973.69,105038.53,105062.67,773.3139
2025-01-22T08:00:00,105077.93,105457.03,103100.00,105070.75,1603.3324
2025-01-22T12:00:00,105084.20,105588.29,103629.58,104182.11,2417.2627
2025-01-22T16:00:00,104182.11,104738.00,103317.77,104625.04,2470.6389
2025-01-22T20:00:00,104628.34,104823.50,103602.14,103667.11,2400.7280
2025-01-23T00:00:00,103659.60,103779.99,102050.00,102393.50,1884.1673
2025-01-23T04:00:00,102395.75,102907.76,101512.88,102656.27,1013.3041
2025-01-23T08:00:00,102656.27,102663.35,101200.01,101916.25,1021.8529
2025-01-23T12:00:00,101926.11,106086.92,101257.16,105299.93,6380.1744
2025-01-23T16:00:00,105301.53,106870.87,103428.32,103807.02,6110.1299
2025-01-23T20:00:00,103807.03,106513.00,102260.00,103926.36,8655.2363
2025-01-24T00:00:00,103926.36,104295.83,102751.92,103895.59,1328.9069
2025-01-24T04:00:00,103895.04,105355.45,103790.63,105079.32,1574.3432
2025-01-24T08:00:00,105079.32,105779.94,104922.05,105434.23,1154.3775
2025-01-24T12:00:00,105443.31,106333.00,104666.01,105889.96,2263.8924
2025-01-24T16:00:00,105889.96,107200.00,105606.06,105793.67,4171.0607
2025-01-24T20:00:00,105793.67,105800.00,104457.46,104850.27,2429.4129
2025-01-25T00:00:00,104866.13,105245.66,104349.38,105165.90,810.7619
2025-01-25T04:00:00,105165.91,105165.91,104166.00,104363.34,641.1313
2025-01-25T08:00:00,104363.34,104687.66,104104.00,104666.42,388.8378
2025-01-25T12:00:00,104666.43,105100.00,104445.13,104903.89,501.7556
2025-01-25T16:00:00,104903.89,105294.00,104449.10,105036.46,641.3192
2025-01-25T20:00:00,105031.18,105250.57,104660.86,104733.56,421.0472
2025-01-26T00:00:00,104729.92,105225.25,104500.00,105046.11,391.7096
2025-01-26T04:00:00,105046.03,105478.80,104910.48,104974.62,268.7272
2025-01-26T08:00:00,104974.63,105203.67,104412.41,104808.40,285.6435
2025-01-26T12:00:00,104808.41,105056.45,104693.15,104956.14,377.0894
2025-01-26T16:00:00,104956.13,105245.67,104867.24,105070.81,480.3566
2025-01-26T20:00:00,105070.81,105187.44,102452.24,102563.00,2771.8399
2025-01-27T00:00:00,102565.28,103228.46,100650.00,101364.70,3807.7967
2025-01-27T04:00:00,101364.38,101368.53,97715.03,98998.13,3845.5707
2025-01-27T08:00:00,99001.71,99499.57,98194.37,98719.82,2793.2677
2025-01-27T12:00:00,98710.68,102458.00,98656.12,101109.94,5017.5345
2025-01-27T16:00:00,101109.94,101250.00,98809.98,99652.55,4399.7413
2025-01-27T20:00:00,99652.54,102414.61,99553.74,102062.42,3783.2302
2025-01-28T00:00:00,102063.92,102918.99,101310.49,102630.41,1276.4357
2025-01-28T04:00:00,102630.41,103368.15,102508.23,102802.32,878.0624
2025-01-28T08:00:00,102802.33,103188.45,102375.37,102754.41,556.2609
2025-01-28T12:00:00,102754.39,103770.85,101793.98,102775.74,2543.5373
2025-01-28T16:00:00,102775.74,103112.73,101788.00,102402.97,2317.8841
2025-01-28T20:00:00,102394.41,102522.76,100213.80,101290.00,1916.3539
2025-01-29T00:00:00,101290.01,102293.74,101275.60,102008.10,828.2253
2025-01-29T04:00:00,102008.00,102811.27,101930.60,102696.02,663.4168
2025-01-29T08:00:00,102696.02,102968.78,102118.27,102586.39,722.4783
2025-01-29T12:00:00,102586.39,102786.70,101531.49,101957.26,1545.8325
2025-01-29T16:00:00,101957.26,103977.84,101375.82,103592.05,3748.8417
2025-01-29T20:00:00,103588.98,104829.64,102850.72,103747.25,3894.4082
2025-01-30T00:00:00,103747.25,105327.37,103289.74,105209.75,1927.0995
2025-01-30T04:00:00,105200.01,105600.00,104822.83,105137.70,1604.3553
2025-01-30T08:00:00,105138.76,105545.41,104940.14,105292.18,770.7769
2025-01-30T12:00:00,105292.18,106484.77,104632.59,105584.17,3841.3753
2025-01-30T16:00:00,105587.84,106044.87,104751.91,105744.96,2896.9050
2025-01-30T20:00:00,105741.37,105857.04,104700.00,104742.64,2020.8368
2025-01-31T00:00:00,104742.63,105067.03,103922.03,104327.36,962.7248
2025-01-31T04:00:00,104327.61,104800.00,103942.36,104201.05,754.5084
2025-01-31T08:00:00,104201.04,104845.00,103897.44,104727.38,640.1807
2025-01-31T12:00:00,104727.67,106090.00,104103.06,105477.70,3210.2691
2025-01-31T16:00:00,105477.70,105600.00,102000.00,102242.23,5009.1378
2025-01-31T20:00:00,102236.47,102467.95,101506.00,102411.26,2736.8602
2025-02-01T00:00:00,102414.05,102781.65,102169.15,102225.68,563.2749
2025-02-01T04:00:00,102225.67,102581.91,102107.76,102147.00,298.8360
2025-02-01T08:00:00,102147.00,102259.71,101400.00,102005.24,415.2196
2025-02-01T12:00:00,102005.23,102312.10,101700.00,102064.23,480.8664
2025-02-01T16:00:00,102064.23,102279.75,101427.56,101650.27,518.8532
2025-02-01T20:00:00,101650.27,101650.27,100250.00,100623.85,1113.2055
2025-02-02T00:00:00,100623.88,101459.84,99132.27,99183.07,1365.4981
2025-02-02T04:00:00,99182.97,100456.08,99021.46,99606.07,907.6066
2025-02-02T08:00:00,99603.44,100076.76,98612.58,98807.02,748.4938
2025-02-02T12:00:00,98830.99,99419.99,98128.50,99319.50,1271.5699
2025-02-02T16:00:00,99319.51,99352.28,96767.46,98234.55,3540.7062
2025-02-02T20:00:00,98234.55,98611.99,96179.00,97676.52,2532.7761
2025-02-03T00:00:00,97676.53,97752.60,91178.01,94111.05,9134.3659
2025-02-03T04:00:00,94116.45,95532.35,92713.01,95431.27,3112.7571
2025-02-03T08:00:00,95431.28,96063.87,94886.92,95166.34,2480.9431
2025-02-03T12:00:00,95170.79,99693.40,94212.74,99042.03,6813.1154
2025-02-03T16:00:00,99028.36,102094.44,98114.46,102094.44,6164.9908
2025-02-03T20:00:00,102094.43,102599.85,101032.58,101460.20,3622.5499
2025-02-04T00:00:00,101460.15,101812.23,100643.29,100714.99,1218.5870
2025-02-04T04:00:00,100711.94,100860.82,98323.80,98500.00,2267.3285
2025-02-04T08:00:00,98502.16,99563.66,97902.85,99067.83,1095.1572
2025-02-04T12:00:00,99058.52,100538.84,98366.23,99439.45,2471.1774
2025-02-04T16:00:00,99445.31,100886.43,98827.40,98940.21,2650.2071
2025-02-04T20:00:00,98947.03,99578.81,96145.76,97795.05,4466.2460
2025-02-05T00:00:00,97795.06,99011.51,97150.01,98082.88,1168.9963
2025-02-05T04:00:00,98082.87,98393.94,97403.77,97913.59,738.4163
2025-02-05T08:00:00,97914.59,98282.22,97310.05,98260.60,621.8571
2025-02-05T12:00:00,98263.20,99230.49,97768.60,98161.88,1679.3701
2025-02-05T16:00:00,98161.87,98327.84,96500.00,97395.43,2880.9256
2025-02-05T20:00:00,97395.43,97790.00,96161.01,96638.33,2219.0265
2025-02-06T00:00:00,96635.62,97525.99,96461.60,97370.59,866.9692
2025-02-06T04:00:00,97370.60,98496.02,97300.00,98242.00,768.3020
2025-02-06T08:00:00,98241.43,99182.15,97943.40,98921.72,834.3085
2025-02-06T12:00:00,98921.72,99108.62,96959.65,97365.84,2214.2270
2025-02-06T16:00:00,97365.83,97599.80,95674.96,96003.75,2964.2208
2025-02-06T20:00:00,96002.00,97112.51,95792.39,96564.62,1520.9192
2025-02-07T00:00:00,96575.24,97843.79,96417.92,97474.62,894.0852
2025-02-07T04:00:00,97474.62,97898.33,96607.21,96775.97,567.3929
2025-02-07T08:00:00,96768.08,97777.00,96618.92,97775.03,523.4166
2025-02-07T12:00:00,97775.03,100235.79,97177.78,98329.40,4174.8227
2025-02-07T16:00:00,98324.03,98634.95,96890.00,96907.19,2313.5974
2025-02-07T20:00:00,96907.18,96951.86,95614.96,96537.08,3698.5106
2025-02-08T00:00:00,96536.93,96919.05,96368.31,96721.28,468.3887
2025-02-08T04:00:00,96721.28,96726.09,95785.57,96214.84,352.3793
2025-02-08T08:00:00,96214.85,96304.62,95841.18,96122.61,170.2732
2025-02-08T12:00:00,96122.57,96499.73,95682.33,95834.99,359.4889
2025-02-08T16:00:00,95835.00,96787.53,95725.42,96610.26,651.1273
2025-02-08T20:00:00,96610.26,96772.00,96371.08,96476.25,970.7998
2025-02-09T00:00:00,96476.24,97342.28,96387.38,97341.43,737.2557
2025-02-09T04:00:00,97341.43,97341.80,96782.25,97084.12,220.1597
2025-02-09T08:00:00,97084.12,97315.33,96563.00,96566.88,196.5271
2025-02-09T12:00:00,96575.63,96739.98,95739.37,96499.16,506.8061
2025-02-09T16:00:00,96509.18,96611.60,95906.69,96083.87,466.7549
2025-02-09T20:00:00,96083.87,96772.09,94730.67,96475.82,1290.3667
2025-02-10T00:00:00,96481.47,97163.42,95257.20,96809.69,987.4619
2025-02-10T04:00:00,96814.49,97650.00,96620.72,97441.81,736.6690
2025-02-10T08:00:00,97441.39,98000.00,97360.95,97680.70,707.1377
2025-02-10T12:00:00,97688.53,98367.23,96876.00,97252.11,994.8128
2025-02-10T16:00:00,97252.11,97666.22,96876.12,97405.39,1696.1111
2025-02-10T20:00:00,97405.39,97532.88,97144.01,97444.41,1253.5329
2025-02-11T00:00:00,97451.66,98157.26,97428.55,97630.42,645.2181
2025-02-11T04:00:00,97630.42,98500.00,97568.86,98282.91,730.2759
2025-02-11T08:00:00,98278.02,98352.67,97903.83,98158.12,357.9574
2025-02-11T12:00:00,98158.12,98163.00,96615.56,97020.95,1163.3434
2025-02-11T16:00:00,97030.15,97059.85,94831.07,95019.16,2892.9695
2025-02-11T20:00:00,95009.81,96497.00,94902.58,95774.08,1947.2868
2025-02-12T00:00:00,95770.95,96236.49,95050.00,95256.41,717.9402
2025-02-12T04:00:00,95266.22,96160.93,95222.62,96053.57,422.6512
2025-02-12T08:00:00,96053.83,96477.75,95900.00,96090.85,327.7609
2025-02-12T12:00:00,96090.86,96622.07,94066.92,95804.75,2622.1035
2025-02-12T16:00:00,95796.50,97699.56,95100.26,97193.77,2287.1869
2025-02-12T20:00:00,97193.77,98119.98,95500.00,97862.53,2700.8610
2025-02-13T00:00:00,97864.28,98100.00,97375.51,97525.24,830.7071
2025-02-13T04:00:00,97523.06,97588.36,95803.58,96078.39,1227.0195
2025-02-13T08:00:00,96078.39,96383.50,95605.00,95935.71,531.6835
2025-02-13T12:00:00,95940.27,96493.91,95330.62,96004.64,1288.4675
2025-02-13T16:00:00,96001.20,96392.92,95220.00,95627.99,1607.4378
2025-02-13T20:00:00,95632.26,96782.75,95595.06,96625.29,1318.2923
2025-02-14T00:00:00,96625.29,97215.00,96375.15,97163.91,659.9135
2025-02-14T04:00:00,97167.14,97253.24,96572.34,96957.05,655.4330
2025-02-14T08:00:00,96957.34,97200.00,96800.00,96890.80,366.6814
2025-02-14T12:00:00,96890.79,97605.45,96268.56,96954.71,1328.7114
2025-02-14T16:00:00,96949.24,98890.11,96501.19,97994.91,3429.9171
2025-02-14T20:00:00,97987.39,98313.97,96723.43,97509.03,1304.0200
2025-02-15T00:00:00,97507.94,97997.85,97225.01,97675.76,529.6505
2025-02-15T04:00:00,97675.76,97804.35,97361.57,97367.24,156.7589
2025-02-15T08:00:00,97367.23,97753.06,97320.00,97637.59,165.2027
2025-02-15T12:00:00,97640.05,97958.43,97425.01,97648.41,224.9973
2025-02-15T16:00:00,97648.41,97731.80,97320.68,97544.89,259.8722
2025-02-15T20:00:00,97544.89,97765.51,97420.09,97596.94,290.0377
2025-02-16T00:00:00,97596.54,97738.22,97432.42,97551.33,267.7767
2025-02-16T04:00:00,97551.33,97688.99,97211.01,97258.24,163.9331
2025-02-16T08:00:00,97258.24,97402.94,97065.45,97336.01,135.3088
2025-02-16T12:00:00,97336.01,97347.06,96677.36,96919.50,418.8528
2025-02-16T16:00:00,96919.48,97189.15,96666.82,97071.86,290.3637
2025-02-16T20:00:00,97071.86,97297.77,96057.68,96119.88,898.0582
2025-02-17T00:00:00,96119.88,96644.75,96044.67,96202.26,364.4851
2025-02-17T04:00:00,96202.26,96484.35,95811.44,96069.76,351.7660
2025-02-17T08:00:00,96066.86,96410.23,95935.94,96068.38,269.1178
2025-02-17T12:00:00,96068.38,97050.64,95565.11,95669.95,578.4845
2025-02-17T16:00:00,95672.27,95950.00,95200.00,95534.03,1291.0000
2025-02-17T20:00:00,95534.03,96428.76,95488.28,95781.80,678.1594
2025-02-18T00:00:00,95781.80,96317.67,95535.83,96200.47,446.5895
2025-02-18T04:00:00,96200.47,96300.00,95244.01,95430.03,625.4137
2025-02-18T08:00:00,95430.01,95861.72,95075.00,95605.56,408.3434
2025-02-18T12:00:00,95605.56,96730.00,95165.04,95523.15,1335.0828
2025-02-18T16:00:00,95514.99,95618.77,93333.00,94039.83,3700.4485
2025-02-18T20:00:00,94039.83,95623.65,93668.00,95607.40,2351.5208
2025-02-19T00:00:00,95612.97,95919.06,95004.48,95669.63,784.3435
2025-02-19T04:00:00,95669.62,95828.51,95000.01,95643.59,550.4803
2025-02-19T08:00:00,95643.58,96468.99,95595.14,96408.32,725.8389
2025-02-19T12:00:00,96408.32,96700.00,95503.22,95919.78,1377.4662
2025-02-19T16:00:00,95919.78,96492.56,95392.79,96192.99,1827.9507
2025-02-19T20:00:00,96191.16,96880.00,96034.34,96632.03,1679.3693
2025-02-20T00:00:00,96632.03,97370.33,96419.07,97073.09,1122.1958
2025-02-20T04:00:00,97073.09,97370.17,96623.70,96876.04,1188.9943
2025-02-20T08:00:00,96876.04,97400.00,96800.02,97219.01,887.4686
2025-02-20T12:00:00,97214.55,98076.95,96808.50,96918.01,2531.0279
2025-02-20T16:00:00,96926.00,98557.19,96890.62,98456.62,2795.1931
2025-02-20T20:00:00,98456.80,98768.54,98032.62,98347.20,2057.9665
2025-02-21T00:00:00,98347.20,98547.53,98106.38,98174.98,973.9494
2025-02-21T04:00:00,98174.98,98645.04,98143.26,98217.89,956.4521
2025-02-21T08:00:00,98221.47,98938.40,98135.17,98662.06,998.2872
2025-02-21T12:00:00,98662.06,99517.52,97160.03,98127.24,4184.5145
2025-02-21T16:00:00,98127.23,98778.36,95134.21,95232.71,6573.7527
2025-02-21T20:00:00,95232.71,96240.02,94721.92,96157.03,5611.2833
2025-02-22T00:00:00,96157.03,96470.04,95767.95,96310.61,1825.5317
2025-02-22T04:00:00,96310.62,96581.92,96278.10,96288.05,970.1325
2025-02-22T08:00:00,96288.04,96637.44,96121.83,96579.99,997.7416
2025-02-22T12:00:00,96579.98,96982.52,96482.88,96587.42,1254.4141
2025-02-22T16:00:00,96587.42,96829.66,96350.48,96647.62,1148.1296
2025-02-22T20:00:00,96647.63,96750.20,96506.29,96582.12,1128.0742
2025-02-23T00:00:00,96578.49,96679.93,96384.02,96443.15,1049.3602
2025-02-23T04:00:00,96443.16,96616.95,96153.43,96540.01,1092.7816
2025-02-23T08:00:00,96540.00,96540.01,96067.69,96117.98,205.4755
2025-02-23T12:00:00,96117.98,96165.38,95426.00,95447.86,339.2035
2025-02-23T16:00:00,95447.87,95888.99,95243.91,95774.81,521.2099
2025-02-23T20:00:00,95774.58,96337.06,95513.51,96265.98,579.8164
2025-02-24T00:00:00,96266.23,96515.41,95333.01,95432.72,679.5581
2025-02-24T04:00:00,95432.71,95975.36,95072.60,95889.99,843.1432
2025-02-24T08:00:00,95889.98,96189.80,95384.13,95842.17,476.7017
2025-02-24T12:00:00,95842.18,96110.94,93813.99,94324.99,2780.0841
2025-02-24T16:00:00,94318.14,95213.86,93650.01,93934.13,2267.9217
2025-02-24T20:00:00,93934.39,94553.67,91300.00,91510.82,5596.6348
2025-02-25T00:00:00,91509.88,92549.99,90888.89,92160.30,2705.9225
2025-02-25T04:00:00,92165.73,92322.23,88188.00,89300.00,3130.3333
2025-02-25T08:00:00,89300.88,89990.00,86784.77,89215.64,3494.7358
2025-02-25T12:00:00,89215.64,89510.62,85836.18,87121.92,6913.8529
2025-02-25T16:00:00,87121.90,87955.47,86032.58,87825.05,8964.7178
2025-02-25T20:00:00,87825.05,89429.34,87500.00,88583.74,6378.3548
2025-02-26T00:00:00,88583.17,89305.68,88020.01,88787.00,1380.0727
2025-02-26T04:00:00,88787.90,89138.71,88300.00,88637.09,934.9251
2025-02-26T08:00:00,88637.07,89252.01,88030.00,88544.51,804.7954
2025-02-26T12:00:00,88544.50,88613.79,85350.00,87447.31,4555.8377
2025-02-26T16:00:00,87447.31,87702.54,83324.00,83755.12,6526.5467
2025-02-26T20:00:00,83755.12,85279.10,82111.12,84111.78,7366.3769
2025-02-27T00:00:00,84111.77,85325.22,83923.20,85128.56,2708.8745
2025-02-27T04:00:00,85128.55,86649.61,84591.54,86205.77,1306.3021
2025-02-27T08:00:00,86205.19,86993.87,85792.67,86622.46,910.3645
2025-02-27T12:00:00,86617.21,86722.20,84567.28,85434.23,3913.0085
2025-02-27T16:00:00,85435.48,85626.56,83464.80,83990.00,4381.3323
2025-02-27T20:00:00,83990.00,84847.40,82554.11,84625.19,3616.6734
2025-02-28T00:00:00,84627.50,84816.43,79463.62,80354.29,7604.3433
2025-02-28T04:00:00,80354.71,80873.36,78751.01,79100.20,5460.8236
2025-02-28T08:00:00,79093.80,80794.02,78167.81,80445.74,4080.0389
2025-02-28T12:00:00,80445.72,84450.00,80015.61,83992.75,6818.0437
2025-02-28T16:00:00,83992.78,85116.19,83172.86,84403.17,4509.8831
2025-02-28T20:00:00,84403.17,84780.68,83556.96,84297.73,2282.6098
2025-03-01T00:00:00,84297.74,85632.37,83772.54,85302.99,1190.3628
2025-03-01T04:00:00,85294.47,86534.96,84688.53,84691.34,1924.8708
2025-03-01T08:00:00,84694.22,85482.79,84342.25,84601.34,677.0165
2025-03-01T12:00:00,84602.57,84916.95,84300.41,84750.05,725.4391
2025-03-01T16:00:00,84750.06,85519.60,84654.45,85438.94,1350.1850
2025-03-01T20:00:00,85441.88,86235.93,85248.20,86018.76,984.6699
2025-03-02T00:00:00,86018.82,86465.00,85573.46,85817.52,656.6056
2025-03-02T04:00:00,85819.52,86500.00,85485.09,86189.19,363.9530
2025-03-02T08:00:00,86189.19,86218.29,85615.00,86061.79,341.2544
2025-03-02T12:00:00,86061.79,88677.00,85003.35,87414.26,3229.4417
2025-03-02T16:00:00,87418.32,95128.88,87311.68,93521.62,9692.8545
2025-03-02T20:00:00,93518.92,94850.00,93500.00,94265.48,2467.1205
2025-03-03T00:00:00,94265.47,94415.61,92409.63,92672.93,2091.7929
2025-03-03T04:00:00,92673.19,93321.57,91141.44,92338.19,1655.9959
2025-03-03T08:00:00,92338.81,92876.40,91107.71,92709.31,1509.5880
2025-03-03T12:00:00,92705.00,93714.52,89038.66,89962.96,6296.7378
2025-03-03T16:00:00,89962.93,90939.45,85450.00,85510.54,6549.1448
2025-03-03T20:00:00,85517.19,86977.35,85007.01,86161.10,4588.4113
2025-03-04T00:00:00,86161.09,86726.40,82405.43,83929.90,4785.8141
2025-03-04T04:00:00,83939.82,84500.00,83086.76,83133.92,1484.6223
2025-03-04T08:00:00,83133.92,84329.99,82982.17,83891.42,1340.9139
2025-03-04T12:00:00,83891.75,84899.99,81444.00,82907.99,6149.9509
2025-03-04T16:00:00,82911.98,88489.99,81953.03,88205.81,5868.5099
2025-03-04T20:00:00,88198.25,88977.27,86568.80,87249.96,3500.5599
2025-03-05T00:00:00,87247.93,87871.38,86329.22,86810.00,1824.7720
2025-03-05T04:00:00,86810.00,87700.00,86685.45,87594.53,732.5747
2025-03-05T08:00:00,87598.64,90645.36,87569.08,89809.09,1354.9255
2025-03-05T12:00:00,89804.58,90943.34,87894.17,88320.07,4994.0221
2025-03-05T16:00:00,88320.07,90500.00,87547.80,89731.38,3628.9521
2025-03-05T20:00:00,89737.60,91000.00,89649.28,90603.73,2365.6876
2025-03-06T00:00:00,90607.73,92000.00,89972.74,91610.85,1692.3484
2025-03-06T04:00:00,91604.72,92817.29,91241.54,91332.31,1146.8316
2025-03-06T08:00:00,91335.41,91662.15,90601.00,91347.32,1082.6303
2025-03-06T12:00:00,91347.32,91463.30,89079.00,90813.77,3129.6842
2025-03-06T16:00:00,90819.61,91074.17,87790.50,88512.32,3773.6124
2025-03-06T20:00:00,88519.75,90807.70,88448.89,89921.85,2478.3305
2025-03-07T00:00:00,89915.02,91280.00,84608.27,86977.98,7467.6221
2025-03-07T04:00:00,86973.38,88618.69,86834.89,88356.65,1260.5430
2025-03-07T08:00:00,88356.65,89700.00,87983.01,88965.44,1204.5849
2025-03-07T12:00:00,88965.44,91116.43,87996.91,88433.86,6429.3888
2025-03-07T16:00:00,88419.87,89020.82,86478.52,87773.72,6068.4462
2025-03-07T20:00:00,87772.11,88467.33,85564.08,86756.98,4706.6172
2025-03-08T00:00:00,86753.30,86863.38,85200.00,85891.34,1030.1764
2025-03-08T04:00:00,85891.35,86632.98,85626.02,86173.19,401.5163
2025-03-08T08:00:00,86163.13,86429.43,85730.25,85915.46,268.0759
2025-03-08T12:00:00,85922.09,86600.00,85773.01,86371.40,453.0131
2025-03-08T16:00:00,86371.40,86500.00,85633.59,86199.07,571.1202
2025-03-08T20:00:00,86200.16,86490.73,85838.48,86206.69,299.3459
2025-03-09T00:00:00,86206.64,86480.00,85923.97,86088.50,323.0443
2025-03-09T04:00:00,86090.77,86151.18,85790.56,85980.00,208.9360
2025-03-09T08:00:00,85979.99,86055.70,84641.02,85004.95,462.4880
2025-03-09T12:00:00,85004.71,85042.38,82754.79,83056.60,1306.0548
2025-03-09T16:00:00,83056.59,83735.33,82195.00,82617.40,1729.1580
2025-03-09T20:00:00,82617.40,83518.90,80000.00,80699.17,3535.7664
2025-03-10T00:00:00,80708.21,82737.00,80027.00,82019.98,2611.9193
2025-03-10T04:00:00,82019.53,82776.25,81969.86,82300.18,944.1408
2025-03-10T08:00:00,82300.20,84033.66,81140.00,83570.23,1547.3997
2025-03-10T12:00:00,83571.39,83768.00,79134.11,80005.00,6021.0687
2025-03-10T16:00:00,80000.01,80210.00,77389.00,79002.84,8229.7648
2025-03-10T20:00:00,79001.78,79826.74,78350.01,78544.71,2020.8078
2025-03-11T00:00:00,78548.18,79900.00,76555.00,79494.47,3984.5266
2025-03-11T04:00:00,79483.28,80585.54,79404.98,80399.74,1002.8306
2025-03-11T08:00:00,80397.49,82088.77,80303.32,81705.72,1309.6686
2025-03-11T12:00:00,81704.03,82276.40,79000.01,81201.43,4984.0945
2025-03-11T16:00:00,81188.90,83600.00,80588.13,83071.91,4428.5201
2025-03-11T20:00:00,83077.39,83295.00,82517.47,82914.51,1386.7394
2025-03-12T00:00:00,82911.81,83767.27,82075.57,82102.47,1155.2557
2025-03-12T04:00:00,82102.48,82494.59,81247.25,82390.69,1611.9051
2025-03-12T08:00:00,82395.82,83049.95,81987.01,82978.09,961.1974
2025-03-12T12:00:00,82974.82,84442.69,80572.21,81712.02,5480.2064
2025-03-12T16:00:00,81711.00,83140.57,81597.43,82893.13,2159.8419
2025-03-12T20:00:00,82893.77,83872.40,82680.94,83659.43,1248.8142
2025-03-13T00:00:00,83659.45,84310.80,83290.25,83556.96,916.6928
2025-03-13T04:00:00,83556.95,83688.71,82836.10,83139.92,610.3962
2025-03-13T08:00:00,83139.92,83495.32,82396.51,82945.17,905.0997
2025-03-13T12:00:00,82940.63,83873.66,80915.01,81013.84,3377.1400
2025-03-13T16:00:00,81018.96,81229.24,79890.00,80140.82,3373.8471
2025-03-13T20:00:00,80139.99,81446.79,80053.00,81073.43,1323.6246
2025-03-14T00:00:00,81071.50,82238.51,80771.17,81875.88,826.5364
2025-03-14T04:00:00,81875.88,82441.24,81749.65,82159.18,438.1619
2025-03-14T08:00:00,82159.17,83336.72,82149.03,83236.54,1091.3643
2025-03-14T12:00:00,83236.54,85318.61,82605.43,84729.11,4063.8129
2025-03-14T16:00:00,84731.19,84981.39,83925.99,84561.86,3236.3487
2025-03-14T20:00:00,84569.77,84579.92,83711.65,83980.49,1201.2329
2025-03-15T00:00:00,83989.86,84690.43,83962.56,84502.27,513.3323
2025-03-15T04:00:00,84496.39,84577.31,83805.59,83847.18,289.2340
2025-03-15T08:00:00,83845.85,84192.15,83612.24,84118.58,327.2636
2025-03-15T12:00:00,84118.57,84487.16,84022.43,84333.83,423.7015
2025-03-15T16:00:00,84343.24,84498.23,84111.00,84302.36,468.5925
2025-03-15T20:00:00,84302.36,84471.30,84241.19,84351.46,309.7965
2025-03-16T00:00:00,84351.45,84402.59,83744.92,84324.83,472.4068
2025-03-16T04:00:00,84332.91,84430.99,83974.73,84286.17,227.5347
2025-03-16T08:00:00,84276.58,84347.88,82373.06,82404.39,549.9862
2025-03-16T12:00:00,82404.39,83478.73,82374.68,83311.60,634.0752
2025-03-16T16:00:00,83311.60,85092.35,82560.06,83102.88,1216.3577
2025-03-16T20:00:00,83102.89,83451.52,81969.44,82562.57,959.5372
2025-03-17T00:00:00,82562.50,83712.96,82504.95,83658.05,639.3538
2025-03-17T04:00:00,83658.04,83853.47,82660.86,83541.90,470.1166
2025-03-17T08:00:00,83543.20,83772.30,83192.56,83495.08,628.9227
2025-03-17T12:00:00,83495.08,83979.77,82416.98,83537.88,2573.8580
2025-03-17T16:00:00,83525.88,84758.46,83102.01,84481.92,2473.5260
2025-03-17T20:00:00,84481.92,84506.79,83745.72,84011.40,1000.2003
2025-03-18T00:00:00,84011.39,84029.67,82950.00,83128.35,803.3880
2025-03-18T04:00:00,83131.03,83270.78,82235.91,83150.66,884.1064
2025-03-18T08:00:00,83150.66,83456.42,82487.81,82573.41,553.9078
2025-03-18T12:00:00,82566.72,82813.06,81125.00,81595.35,2219.1766
2025-03-18T16:00:00,81593.38,82491.86,81222.54,82308.47,1958.8640
2025-03-18T20:00:00,82308.09,82809.00,81848.31,82698.76,897.1901
2025-03-19T00:00:00,82699.53,83231.90,82535.53,83045.81,684.4893
2025-03-19T04:00:00,83045.80,83380.35,82782.08,83217.46,1553.7872
2025-03-19T08:00:00,83212.40,84082.00,83190.68,83878.50,927.0946
2025-03-19T12:00:00,83878.50,84915.27,83512.00,84746.38,2426.9614
2025-03-19T16:00:00,84746.69,85981.32,83575.51,85469.73,5135.0778
2025-03-19T20:00:00,85469.73,87045.45,85234.08,86877.96,2328.6248
2025-03-20T00:00:00,86877.97,87492.87,85637.09,85904.18,2218.5610
2025-03-20T04:00:00,85904.18,86025.53,85443.53,85825.76,406.8559
2025-03-20T08:00:00,85825.76,86331.26,84755.16,85487.31,820.6769
2025-03-20T12:00:00,85480.35,86511.16,84548.65,84667.21,2403.8340
2025-03-20T16:00:00,84667.22,84912.05,83596.75,84137.13,3030.8199
2025-03-20T20:00:00,84136.49,84587.79,83872.73,84183.42,999.5692
2025-03-21T00:00:00,84183.41,84809.72,84141.47,84420.97,629.2982
2025-03-21T04:00:00,84420.97,84788.70,83699.99,83900.25,606.3767
2025-03-21T08:00:00,83902.16,84300.00,83673.87,84015.23,434.1499
2025-03-21T12:00:00,84015.23,84332.35,83100.00,83521.98,2113.3261
2025-03-21T16:00:00,83525.04,84393.43,83321.02,83918.76,1560.7292
2025-03-21T20:00:00,83917.88,84559.64,83782.25,84061.96,913.7554
2025-03-22T00:00:00,84061.96,84300.00,83956.60,84228.77,212.0738
2025-03-22T04:00:00,84228.82,84400.00,84138.03,84267.13,228.3221
2025-03-22T08:00:00,84267.13,84517.75,84102.90,84217.55,362.1273
2025-03-22T12:00:00,84217.56,84297.86,83969.35,84104.35,360.6946
2025-03-22T16:00:00,84104.35,84333.70,84005.35,84178.14,453.7336
2025-03-22T20:00:00,84178.13,84232.89,83659.69,83852.03,491.5621
2025-03-23T00:00:00,83852.06,84294.30,83804.67,84232.39,439.1990
2025-03-23T04:00:00,84232.33,84341.41,84066.18,84274.04,320.8095
2025-03-23T08:00:00,84274.05,85055.35,84256.15,84692.80,548.4145
2025-03-23T12:00:00,84692.81,85250.00,84572.52,85179.08,533.0017
2025-03-23T16:00:00,85180.69,85414.68,84801.30,85016.54,766.5450
2025-03-23T20:00:00,85020.83,86128.99,84921.10,86092.94,859.4999
2025-03-24T00:00:00,86092.95,86652.41,85533.06,86531.17,1025.6824
2025-03-24T04:00:00,86531.18,87306.81,86531.18,86880.50,790.5944
2025-03-24T08:00:00,86880.04,87912.81,86847.50,87709.91,774.4560
2025-03-24T12:00:00,87710.03,88804.64,87140.84,88357.49,4479.8498
2025-03-24T16:00:00,88357.50,88600.00,87705.98,88292.88,3802.9523
2025-03-24T20:00:00,88282.99,88562.65,87074.42,87523.62,2233.9691
2025-03-25T00:00:00,87518.09,87719.44,86352.95,86536.52,904.6460
2025-03-25T04:00:00,86536.19,86894.90,86321.97,86452.25,816.6820
2025-03-25T08:00:00,86455.75,87514.19,86420.38,87391.98,811.5632
2025-03-25T12:00:00,87397.04,88288.20,86944.42,87793.01,2606.6974
2025-03-25T16:00:00,87795.15,88388.96,87614.49,88175.60,2756.8608
2025-03-25T20:00:00,88164.95,88584.34,87170.43,87427.88,2257.5338
2025-03-26T00:00:00,87432.82,87936.31,87057.00,87176.89,612.8635
2025-03-26T04:00:00,87175.60,88304.10,87079.51,88159.18,662.2568
2025-03-26T08:00:00,88151.50,88302.74,87851.39,87991.10,479.2136
2025-03-26T12:00:00,87991.10,88059.13,86460.19,86760.12,2048.9636
2025-03-26T16:00:00,86760.11,87071.55,85850.00,86567.47,1576.7641
2025-03-26T20:00:00,86561.21,87429.69,86513.31,86926.01,1505.6582
2025-03-27T00:00:00,86926.01,87790.12,86809.60,87689.44,687.1838
2025-03-27T04:00:00,87695.65,87722.75,87270.35,87433.26,325.8834
2025-03-27T08:00:00,87433.25,87617.00,86782.75,86955.43,533.7408
2025-03-27T12:00:00,86955.43,87575.75,85784.00,86952.06,2998.3115
2025-03-27T16:00:00,86952.07,87434.37,86774.20,87059.54,1537.8390
2025-03-27T20:00:00,87063.38,87719.50,86926.02,87217.48,821.1354
2025-03-28T00:00:00,87214.07,87498.15,86738.32,86779.12,896.5517
2025-03-28T04:00:00,86779.11,86825.43,85122.33,85164.98,1215.7839
2025-03-28T08:00:00,85164.80,85409.91,84771.04,85221.77,1283.3628
2025-03-28T12:00:00,85221.76,85562.07,83897.50,84009.68,3323.5555
2025-03-28T16:00:00,84001.75,84163.15,83533.40,83733.93,2380.3749
2025-03-28T20:00:00,83736.51,84485.50,83650.00,84381.80,932.1714
2025-03-29T00:00:00,84381.81,84584.13,83675.05,84139.06,484.7616
2025-03-29T04:00:00,84139.06,84234.73,83618.31,83699.25,198.9987
2025-03-29T08:00:00,83699.25,83906.63,81966.00,82257.95,904.6931
2025-03-29T12:00:00,82257.97,82856.15,82104.70,82392.06,467.6034
2025-03-29T16:00:00,82396.38,82728.12,81608.99,82727.58,838.5895
2025-03-29T20:00:00,82727.58,82757.32,82225.79,82616.83,299.5967
2025-03-30T00:00:00,82624.06,83489.19,82462.18,83071.92,466.8255
2025-03-30T04:00:00,83069.36,83302.05,82825.21,83054.77,199.7073
2025-03-30T08:00:00,83054.77,83508.98,82953.78,83100.64,170.2867
2025-03-30T12:00:00,83100.64,83249.87,82550.01,82709.34,330.2361
2025-03-30T16:00:00,82712.80,82865.78,82028.32,82518.34,625.8732
2025-03-30T20:00:00,82521.53,82746.03,81538.88,82379.98,679.7942
2025-03-31T00:00:00,82379.98,82440.58,81265.16,81517.95,747.0349
2025-03-31T04:00:00,81518.96,82298.66,81391.98,81918.99,470.3173
2025-03-31T08:00:00,81918.99,82273.15,81277.02,82199.88,744.8819
2025-03-31T12:00:00,82194.87,83920.80,81632.09,83415.94,2723.2049
2025-03-31T16:00:00,83415.94,83698.00,82372.35,82443.85,1592.3382
2025-03-31T20:00:00,82444.71,82845.00,82235.92,82534.32,610.1699
2025-04-01T00:00:00,82534.31,83235.23,82403.32,82944.98,658.9077
2025-04-01T04:00:00,82944.98,83592.42,82869.58,83447.04,491.0896
2025-04-01T08:00:00,83447.03,84507.19,83422.52,83917.98,1050.7831
2025-04-01T12:00:00,83917.98,85519.56,82496.92,85288.24,3868.5428
2025-04-01T16:00:00,85288.24,85500.76,84705.88,84955.25,2179.1367
2025-04-01T20:00:00,84958.27,85566.53,84765.14,85170.37,882.5171
2025-04-02T00:00:00,85166.92,85271.44,84504.67,84548.30,783.0891
2025-04-02T04:00:00,84546.51,84731.47,83911.01,84422.10,669.2333
2025-04-02T08:00:00,84427.82,85440.16,84270.83,84566.01,759.8398
2025-04-02T12:00:00,84566.02,87397.32,84470.10,86792.01,4231.7131
2025-04-02T16:00:00,86784.19,87337.12,86181.50,86925.98,2695.0413
2025-04-02T20:00:00,86922.03,88530.00,82283.01,82490.08,7609.3659
2025-04-03T00:00:00,82490.10,83953.45,82140.41,83475.97,1476.9240
2025-04-03T04:00:00,83479.74,83746.30,82999.99,83453.20,666.1580
2025-04-03T08:00:00,83453.19,83774.16,83020.10,83076.96,1020.5050
2025-04-03T12:00:00,83076.95,83131.19,81177.70,82017.27,4977.3211
2025-04-03T16:00:00,82014.97,82415.18,81495.38,81949.14,2665.5871
2025-04-03T20:00:00,81955.72,83298.09,81750.07,83174.33,994.4158
2025-04-04T00:00:00,83178.68,83391.64,82561.67,82793.31,799.7096
2025-04-04T04:00:00,82792.80,84000.00,82574.38,83989.28,723.7539
2025-04-04T08:00:00,83988.18,84720.67,81643.54,82667.11,2515.8759
2025-04-04T12:00:00,82656.36,83685.39,81800.01,82826.61,6240.8461
2025-04-04T16:00:00,82832.41,84597.31,82681.21,83967.63,3353.4429
2025-04-04T20:00:00,83963.41,84425.16,83459.54,83860.16,959.4026
2025-04-05T00:00:00,83859.78,84238.35,83415.01,83597.43,644.3452
2025-04-05T04:00:00,83599.29,83852.87,83286.76,83498.36,393.9871
2025-04-05T08:00:00,83501.98,83875.61,83338.01,83429.91,275.0491
2025-04-05T12:00:00,83427.14,83533.91,82346.61,82589.68,734.2076
2025-04-05T16:00:00,82589.69,83118.65,82565.80,82827.42,382.4854
2025-04-05T20:00:00,82827.42,83637.32,82787.53,83498.25,406.3548
2025-04-06T00:00:00,83505.88,83773.58,83131.54,83312.11,330.8543
2025-04-06T04:00:00,83312.11,83500.00,82973.68,82990.65,214.5166
2025-04-06T08:00:00,82990.97,83134.99,82611.13,82802.77,236.5424
2025-04-06T12:00:00,82802.77,82943.80,82190.05,82518.56,628.2287
2025-04-06T16:00:00,82518.56,82542.70,78612.49,79588.11,4008.8597
2025-04-06T20:00:00,79582.09,79861.24,77058.99,78370.75,5595.8578
2025-04-07T00:00:00,78370.15,79299.97,77298.81,77651.82,2499.9213
2025-04-07T04:00:00,77651.81,77935.29,74420.69,75039.76,4140.5243
2025-04-07T08:00:00,75036.15,77526.19,74997.67,76649.67,2616.6513
2025-04-07T12:00:00,76647.99,81223.67,75696.25,78444.26,11261.0178
2025-04-07T16:00:00,78444.25,79336.74,77266.58,78071.42,4839.5992
2025-04-07T20:00:00,78076.93,80190.96,78051.49,79140.01,1348.8155
2025-04-08T00:00:00,79140.02,80849.98,78750.01,79892.73,1547.9785
2025-04-08T04:00:00,79882.49,80388.76,79196.20,79449.71,1062.2921
2025-04-08T08:00:00,79449.70,80057.70,78795.56,79956.21,1285.1454
2025-04-08T12:00:00,79964.49,80355.10,78128.72,78467.74,3340.2014
2025-04-08T16:00:00,78467.73,78495.44,76212.00,76751.40,5901.9646
2025-04-08T20:00:00,76744.49,77221.64,76167.35,76251.64,1779.4415
2025-04-09T00:00:00,76258.80,76801.53,74553.01,75012.31,2985.2184
2025-04-09T04:00:00,75009.44,77942.36,74906.26,77665.40,1990.9700
2025-04-09T08:00:00,77666.86,77850.74,75721.12,76201.93,2004.1540
2025-04-09T12:00:00,76193.99,78248.42,75974.35,77193.80,4068.9925
2025-04-09T16:00:00,77193.73,82999.99,77054.39,82301.16,9915.2622
2025-04-09T20:00:00,82301.20,83583.35,82000.00,82594.75,2620.3475
2025-04-10T00:00:00,82593.15,82730.93,81442.78,81744.34,1536.2134
2025-04-10T04:00:00,81743.45,82327.99,81274.00,81583.67,770.7496
2025-04-10T08:00:00,81583.66,82115.04,81319.82,81829.71,827.5499
2025-04-10T12:00:00,81829.71,82398.91,78548.52,78692.32,4267.6559
2025-04-10T16:00:00,78692.21,79982.90,78387.24,79574.75,3572.7663
2025-04-10T20:00:00,79589.33,79989.63,79338.09,79552.34,901.1927
2025-04-11T00:00:00,79552.34,80868.22,78919.94,80801.48,1344.1906
2025-04-11T04:00:00,80801.48,81396.94,80462.64,81224.99,730.3111
2025-04-11T08:00:00,81220.81,82956.11,80745.05,82085.93,1574.7124
2025-04-11T12:00:00,82083.11,83304.39,81284.80,82481.53,2627.8449
2025-04-11T16:00:00,82481.54,84187.99,81966.33,83835.80,2711.3203
2025-04-11T20:00:00,83828.38,84299.00,83101.95,83380.47,976.3078
2025-04-12T00:00:00,83379.64,83557.93,82765.26,82950.70,572.7394
2025-04-12T04:00:00,82949.01,83805.51,82831.18,83699.25,410.3092
2025-04-12T08:00:00,83699.25,83999.53,83269.48,83496.35,230.0943
2025-04-12T12:00:00,83496.35,85384.64,83446.18,84986.86,1318.2235
2025-04-12T16:00:00,84986.84,85271.00,84400.01,84929.59,718.8175
2025-04-12T20:00:00,84929.56,85909.97,84867.61,85271.01,722.3089
2025-04-13T00:00:00,85271.02,86092.99,84719.76,85407.47,697.0617
2025-04-13T04:00:00,85407.49,85417.17,84385.00,84407.53,410.1155
2025-04-13T08:00:00,84407.69,84937.63,84192.19,84509.34,282.5592
2025-04-13T12:00:00,84509.34,84673.29,83443.33,83820.58,673.0171
2025-04-13T16:00:00,83820.59,84992.16,83039.60,83972.84,784.5304
2025-04-13T20:00:00,83972.83,84422.00,83010.00,83733.07,1056.8754
2025-04-14T00:00:00,83733.07,85500.00,83655.27,84546.56,1098.3748
2025-04-14T04:00:00,84542.06,85088.53,84180.00,84567.48,500.0242
2025-04-14T08:00:00,84567.48,84956.58,84234.65,84917.14,449.8005
2025-04-14T12:00:00,84917.89,85818.06,83696.65,84095.53,2356.4868
2025-04-14T16:00:00,84094.74,85227.78,83839.00,84918.89,1870.7862
2025-04-14T20:00:00,84929.72,84982.25,84420.01,84590.36,971.5509
2025-04-15T00:00:00,84590.36,85405.99,84345.03,85369.75,741.0007
2025-04-15T04:00:00,85369.75,85866.26,85138.55,85747.04,515.8291
2025-04-15T08:00:00,85744.30,85997.35,85333.72,85582.16,776.3873
2025-04-15T12:00:00,85582.15,86491.40,84628.43,84916.68,2206.6120
2025-04-15T16:00:00,84916.65,85158.14,83874.75,83983.60,1248.5502
2025-04-15T20:00:00,83983.60,84241.19,83592.77,83629.78,973.3908
2025-04-16T00:00:00,83622.52,83946.70,83088.02,83681.40,915.5376
2025-04-16T04:00:00,83681.40,83814.06,83209.52,83349.86,625.7425
2025-04-16T08:00:00,83361.50,84129.80,83127.07,84039.82,834.1845
2025-04-16T12:00:00,84046.79,85272.61,83480.25,84858.70,2210.0659
2025-04-16T16:00:00,84868.35,85526.40,83250.00,84338.62,3087.9515
2025-04-16T20:00:00,84325.89,84687.67,84015.98,84028.72,573.2555
2025-04-17T00:00:00,84028.71,84500.00,83795.38,84000.61,525.2411
2025-04-17T04:00:00,84000.60,85044.22,83903.31,84670.31,560.2436
2025-04-17T08:00:00,84670.31,84778.84,84166.14,84565.44,349.4826
2025-04-17T12:00:00,84559.64,84864.64,83711.69,84536.49,1547.1562
2025-04-17T16:00:00,84536.49,85494.94,84394.66,84860.31,2235.8957
2025-04-17T20:00:00,84860.04,85183.74,84733.01,84961.97,647.6815
2025-04-18T00:00:00,84961.97,85150.94,84734.60,84844.67,351.9459
2025-04-18T04:00:00,84844.67,84857.07,84408.43,84657.73,239.8029
2025-04-18T08:00:00,84659.20,84766.95,84461.42,84662.41,178.6915
2025-04-18T12:00:00,84662.39,84764.74,84323.40,84367.82,431.0123
2025-04-18T16:00:00,84367.82,84643.78,84287.06,84555.94,360.3748
2025-04-18T20:00:00,84555.93,84680.37,84335.56,84466.47,322.2493
2025-04-19T00:00:00,84466.47,84970.66,84353.45,84875.52,286.3547
2025-04-19T04:00:00,84875.53,85250.00,84870.77,85214.06,315.0737
2025-04-19T08:00:00,85214.06,85442.05,85105.76,85218.88,220.1924
2025-04-19T12:00:00,85218.89,85625.00,85032.60,85184.20,339.8433
2025-04-19T16:00:00,85182.62,85327.13,84700.00,85078.60,343.0850
2025-04-19T20:00:00,85078.95,85368.11,85001.52,85074.99,178.7583
2025-04-20T00:00:00,85074.59,85319.21,85035.36,85159.92,191.5935
2025-04-20T04:00:00,85161.19,85251.59,84672.16,84784.25,238.0489
2025-04-20T08:00:00,84784.25,84793.75,83972.82,84135.23,254.0186
2025-04-20T12:00:00,84135.17,84674.72,84104.16,84350.04,263.0263
2025-04-20T16:00:00,84350.02,84663.76,84274.44,84643.30,175.6300
2025-04-20T20:00:00,84643.32,85298.25,84608.32,85177.34,689.8259
2025-04-21T00:00:00,85177.33,87661.07,85135.98,87206.28,2372.0985
2025-04-21T04:00:00,87206.29,87738.76,87052.20,87432.69,619.8923
2025-04-21T08:00:00,87432.69,87799.97,86636.54,86982.49,489.8817
2025-04-21T12:00:00,86982.48,88575.62,86795.38,88093.50,5645.6257
2025-04-21T16:00:00,88089.17,88322.07,86373.09,87416.85,2783.1891
2025-04-21T20:00:00,87416.85,87631.85,86893.36,87522.07,693.0709
2025-04-22T00:00:00,87513.53,88872.41,87077.17,88169.95,1149.6064
2025-04-22T04:00:00,88159.64,88499.92,87972.40,88485.65,501.1122
2025-04-22T08:00:00,88485.64,88700.00,88233.13,88626.65,534.7747
2025-04-22T12:00:00,88626.65,91594.40,88494.47,91031.65,7728.5085
2025-04-22T16:00:00,91027.62,91781.40,90697.47,91497.04,6051.4243
2025-04-22T20:00:00,91497.04,93952.62,91116.85,93489.10,3494.6683
2025-04-23T00:00:00,93486.57,93929.40,92622.58,93190.48,1778.6206
2025-04-23T04:00:00,93190.48,94273.48,93058.29,94152.05,1138.7044
2025-04-23T08:00:00,94152.05,94500.00,93327.75,93485.87,1042.1587
2025-04-23T12:00:00,93485.86,94686.00,91902.19,93223.12,3890.7868
2025-04-23T16:00:00,93223.13,94276.48,92914.96,93558.79,3713.4668
2025-04-23T20:00:00,93558.77,93969.22,93281.88,93740.92,974.5841
2025-04-24T00:00:00,93740.93,93843.15,92652.07,92697.64,913.6533
2025-04-24T04:00:00,92697.65,92924.19,92110.00,92220.97,746.8075
2025-04-24T08:00:00,92222.35,92681.26,91685.18,92648.58,682.7282
2025-04-24T12:00:00,92648.58,93526.09,92450.03,93247.40,2974.7010
2025-04-24T16:00:00,93247.42,93769.05,92715.68,93618.40,2671.3799
2025-04-24T20:00:00,93618.39,94061.02,93089.04,94021.96,1331.5387
2025-04-25T00:00:00,94021.97,94499.52,92880.01,93348.18,1012.0249
2025-04-25T04:00:00,93342.19,93928.66,93040.97,93820.20,874.6213
2025-04-25T08:00:00,93820.22,94699.99,93579.90,94677.30,1127.3669
2025-04-25T12:00:00,94677.29,95976.34,94000.00,95172.63,6250.0477
2025-04-25T16:00:00,95172.63,95642.65,94423.61,95423.14,4052.5283
2025-04-25T20:00:00,95434.06,95479.17,94551.26,94708.79,832.0448
2025-04-26T00:00:00,94707.79,95273.52,94604.22,94780.15,393.1601
2025-04-26T04:00:00,94780.15,94880.10,94420.00,94623.38,350.6108
2025-04-26T08:00:00,94623.21,94767.84,94023.66,94178.17,258.9316
2025-04-26T12:00:00,94178.17,94439.81,93903.01,94410.01,427.8758
2025-04-26T16:00:00,94410.01,94428.61,94082.09,94336.37,411.7494
2025-04-26T20:00:00,94336.36,94937.95,94126.42,94666.64,411.6616
2025-04-27T00:00:00,94666.64,95351.11,94084.88,94193.66,544.2313
2025-04-27T04:00:00,94193.63,94337.36,93680.00,94094.01,337.3505
2025-04-27T08:00:00,94094.02,94357.14,93914.73,93959.34,165.9630
2025-04-27T12:00:00,93946.17,94227.58,93654.77,93937.11,408.2735
2025-04-27T16:00:00,93937.11,94479.70,93742.10,94462.84,306.1989
2025-04-27T20:00:00,94462.84,94588.54,93672.88,93780.57,542.9206
2025-04-28T00:00:00,93780.56,94024.99,92829.44,93884.88,1193.3329
2025-04-28T04:00:00,93884.87,94835.51,93884.87,94726.69,720.5963
2025-04-28T08:00:00,94726.69,95583.60,94381.27,95363.13,943.0441
2025-04-28T12:00:00,95363.11,95652.66,93616.97,93877.43,2038.9955
2025-04-28T16:00:00,93869.13,94950.00,93477.00,94813.63,1671.8338
2025-04-28T20:00:00,94813.53,95200.00,94323.78,95042.57,780.6857
2025-04-29T00:00:00,95042.56,95477.77,94464.04,94684.01,960.8274
2025-04-29T04:00:00,94684.00,95004.62,94234.30,94956.23,496.6067
2025-04-29T08:00:00,94956.23,95332.99,94784.51,95161.84,853.6227
2025-04-29T12:00:00,95161.84,95321.47,94567.50,94859.76,991.7251
2025-04-29T16:00:00,94866.53,95499.00,94679.98,95349.42,1689.2903
2025-04-29T20:00:00,95349.42,95445.00,93761.26,94271.09,987.8725
2025-04-30T00:00:00,94271.08,95150.00,94152.20,95062.08,526.9217
2025-04-30T04:00:00,95062.09,95210.43,94523.16,94651.42,476.3785
2025-04-30T08:00:00,94651.44,95263.74,94537.48,95211.00,497.5696
2025-04-30T12:00:00,95211.01,95252.77,92911.88,94001.08,2677.5476
2025-04-30T16:00:00,94002.37,94528.00,93521.41,94157.42,1299.3862
2025-04-30T20:00:00,94155.22,94802.74,94010.00,94182.54,1033.5142
2025-05-01T00:00:00,94182.55,95039.41,94136.79,94807.60,891.0731
2025-05-01T04:00:00,94807.61,95200.00,94732.04,95039.37,582.5798
2025-05-01T08:00:00,95039.38,96414.00,94926.04,96208.98,1243.5510
2025-05-01T12:00:00,96205.96,97546.99,95846.10,96929.00,3177.9331
2025-05-01T16:00:00,96929.01,97462.51,96459.00,96588.48,1518.0071
2025-05-01T20:00:00,96594.80,97010.68,96226.47,96524.98,920.8827
2025-05-02T00:00:00,96524.98,97282.56,96489.61,97147.72,672.0829
2025-05-02T04:00:00,97147.73,97333.00,96369.69,96384.21,532.8479
2025-05-02T08:00:00,96384.21,97146.30,96376.86,96964.54,351.8597
2025-05-02T12:00:00,96964.54,97948.56,96700.00,97363.03,1881.0620
2025-05-02T16:00:00,97363.02,97850.00,96804.90,96966.70,1861.9294
2025-05-02T20:00:00,96971.80,97222.73,96605.36,96929.81,409.8283
2025-05-03T00:00:00,96929.81,96974.78,96335.67,96379.08,393.7132
2025-05-03T04:00:00,96379.07,96638.34,96135.72,96359.54,260.7330
2025-05-03T08:00:00,96363.96,96458.70,95872.01,95970.15,272.7617
2025-05-03T12:00:00,95970.17,96555.88,95911.00,96440.13,267.1675
2025-05-03T16:00:00,96438.94,96454.38,95911.01,96388.06,300.3941
2025-05-03T20:00:00,96388.05,96451.19,95765.13,95861.33,582.7873
2025-05-04T00:00:00,95865.47,96312.51,95582.14,95743.43,772.9864
2025-05-04T04:00:00,95743.42,96162.38,95705.01,95897.69,208.3966
2025-05-04T08:00:00,95893.91,95943.08,95310.00,95433.42,265.1660
2025-05-04T12:00:00,95433.43,95681.88,95231.00,95471.07,301.6064
2025-05-04T16:00:00,95471.08,95650.00,95250.00,95603.63,280.5770
2025-05-04T20:00:00,95603.63,95772.57,94151.67,94272.55,1005.6645
2025-05-05T00:00:00,94272.54,94806.11,93500.01,94047.17,1030.4576
2025-05-05T04:00:00,94045.30,94831.88,94010.00,94764.89,397.0519
2025-05-05T08:00:00,94764.88,94798.90,93880.31,94037.13,487.1357
2025-05-05T12:00:00,94037.13,94559.38,93585.35,93768.58,1165.8210
2025-05-05T16:00:00,93765.26,94921.76,93752.95,94348.18,1392.1546
2025-05-05T20:00:00,94344.72,95218.82,93865.09,94733.99,708.3913
2025-05-06T00:00:00,94733.99,94929.43,94012.77,94449.92,571.5720
2025-05-06T04:00:00,94455.87,94625.93,94297.23,94396.29,332.9987
2025-05-06T08:00:00,94385.27,94388.30,93666.82,93793.16,528.8918
2025-05-06T12:00:00,93793.16,94729.17,93363.28,94558.11,1718.0978
2025-05-06T16:00:00,94558.11,95179.87,94214.41,94977.68,1492.3312
2025-05-06T20:00:00,94977.68,96916.25,94456.85,96839.17,1520.4559
2025-05-07T00:00:00,96843.84,97738.05,96207.28,96498.78,1568.4177
2025-05-07T04:00:00,96499.90,97044.42,96317.29,97000.82,670.3758
2025-05-07T08:00:00,97000.81,97123.00,96841.01,97071.81,434.7658
2025-05-07T12:00:00,97071.81,97523.00,96719.32,96946.41,1926.4373
2025-05-07T16:00:00,96946.41,96980.00,95800.00,96208.29,2503.7689
2025-05-07T20:00:00,96200.57,97417.47,96092.02,97058.32,1224.9332
2025-05-08T00:00:00,97058.33,99212.00,96888.25,99160.03,2004.5645
2025-05-08T04:00:00,99165.51,99434.33,98680.00,99274.11,1088.2300
2025-05-08T08:00:00,99274.11,99919.99,99222.60,99423.03,946.7804
2025-05-08T12:00:00,99424.88,101520.00,99104.88,100795.68,4508.4048
2025-05-08T16:00:00,100797.12,101750.00,100580.02,101335.87,3616.5911
2025-05-08T20:00:00,101337.60,104176.05,101313.54,103253.49,3214.8646
2025-05-09T00:00:00,103252.20,103262.94,102350.01,102433.37,846.9161
2025-05-09T04:00:00,102434.44,104352.60,102350.64,103659.95,908.9238
2025-05-09T08:00:00,103654.74,103953.31,102413.91,102942.84,954.6054
2025-05-09T12:00:00,102939.79,103799.48,102418.38,102909.00,2237.1650
2025-05-09T16:00:00,102909.02,103413.26,102330.76,103229.28,1894.1320
2025-05-09T20:00:00,103240.53,103449.99,102743.73,102986.96,476.8621
2025-05-10T00:00:00,102986.94,103296.92,102831.41,103235.24,362.4365
2025-05-10T04:00:00,103235.23,104099.00,103054.26,103779.90,593.3148
2025-05-10T08:00:00,103779.90,104099.12,103373.21,103440.31,383.1182
2025-05-10T12:00:00,103440.32,103848.06,103111.01,103156.75,388.4577
2025-05-10T16:00:00,103154.27,103623.08,103023.04,103205.28,454.7696
2025-05-10T20:00:00,103205.29,104997.00,103070.16,104821.19,922.0746
2025-05-11T00:00:00,104817.83,104980.89,103450.40,104016.64,732.1282
2025-05-11T04:00:00,104013.50,104426.00,103360.22,103393.57,344.9405
2025-05-11T08:00:00,103394.65,104774.47,103394.47,104665.28,333.1630
2025-05-11T12:00:00,104665.28,104907.72,103800.00,104177.33,514.7760
2025-05-11T16:00:00,104170.95,104879.99,103759.64,104455.36,520.9227
2025-05-11T20:00:00,104455.36,104600.00,103581.00,104137.62,609.2977
2025-05-12T00:00:00,104137.58,105059.47,103710.00,104100.00,1249.2928
2025-05-12T04:00:00,104108.82,105787.37,103750.51,104479.68,1699.6055
2025-05-12T08:00:00,104479.67,104749.10,103594.04,103753.93,1376.2368
2025-05-12T12:00:00,103748.00,104649.99,102358.44,102522.89,2922.9829
2025-05-12T16:00:00,102519.82,103095.89,100703.71,101850.92,2512.4936
2025-05-12T20:00:00,101846.78,103137.14,101760.66,102800.21,1244.7951
2025-05-13T00:00:00,102800.22,102805.22,101447.78,101724.52,848.6780
2025-05-13T04:00:00,101724.52,102952.17,101603.92,102671.88,557.5746
2025-05-13T08:00:00,102671.88,103847.83,102547.50,103748.34,979.4679
2025-05-13T12:00:00,103748.33,103989.99,102850.00,103705.49,2106.7358
2025-05-13T16:00:00,103705.49,105038.53,103554.10,104836.64,2733.8846
2025-05-13T20:00:00,104831.15,104985.83,103887.21,104131.06,1501.5502
2025-05-14T00:00:00,104131.20,104140.16,103447.56,103585.29,868.6130
2025-05-14T04:00:00,103585.30,103999.42,103404.08,103714.43,1141.4278
2025-05-14T08:00:00,103714.43,104168.17,102878.01,103952.28,924.0420
2025-05-14T12:00:00,103954.37,104373.00,102858.00,103536.89,1832.0355
2025-05-14T16:00:00,103536.89,103741.08,102603.27,103302.00,1411.2682
2025-05-14T20:00:00,103309.71,103711.93,103292.89,103545.38,1451.3153
2025-05-15T00:00:00,103540.91,103898.61,102734.64,102769.00,877.5090
2025-05-15T04:00:00,102767.53,102980.75,101739.24,101807.59,673.2982
2025-05-15T08:00:00,101807.59,102460.16,101526.69,102402.12,582.6518
2025-05-15T12:00:00,102402.11,103320.83,101400.01,103286.86,1996.1473
2025-05-15T16:00:00,103287.25,104200.00,102570.00,103179.60,2315.9654
2025-05-15T20:00:00,103179.60,104000.00,102734.41,103786.43,1117.4377
2025-05-16T00:00:00,103786.40,104493.89,103473.01,104046.94,925.8638
2025-05-16T04:00:00,104046.95,104224.62,103718.62,103737.28,861.7133
2025-05-16T08:00:00,103737.28,103943.47,103125.51,103706.52,720.9662
2025-05-16T12:00:00,103706.52,104335.46,103367.11,104229.40,1393.4505
2025-05-16T16:00:00,104229.40,104616.71,103619.99,104069.32,1578.9810
2025-05-16T20:00:00,104073.36,104078.76,103440.58,103500.03,1400.6823
2025-05-17T00:00:00,103500.03,103617.16,102612.00,103529.59,572.5601
2025-05-17T04:00:00,103529.58,103741.98,103308.58,103476.63,173.0811
2025-05-17T08:00:00,103481.50,103595.92,102778.19,103021.20,260.7277
2025-05-17T12:00:00,103021.20,103213.91,102672.81,102976.24,286.3183
2025-05-17T16:00:00,102976.22,103425.28,102797.43,103188.14,268.6916
2025-05-17T20:00:00,103188.14,103516.94,102940.31,103161.07,287.5737
2025-05-18T00:00:00,103162.53,103453.34,103130.95,103320.92,158.7712
2025-05-18T04:00:00,103318.30,103999.88,103318.30,103957.26,131.3910
2025-05-18T08:00:00,103960.21,104107.85,103794.50,103836.86,248.2355
2025-05-18T12:00:00,103835.55,105703.00,103735.00,105551.85,1010.5302
2025-05-18T16:00:00,105552.04,105950.00,103888.89,103925.72,1144.1372
2025-05-18T20:00:00,103925.74,106692.97,103325.98,106473.46,1437.5437
2025-05-19T00:00:00,106488.77,107137.68,103565.20,103634.83,1875.8699
2025-05-19T04:00:00,103630.21,103807.49,102105.00,103256.57,1255.1504
2025-05-19T08:00:00,103256.56,103484.99,102804.80,102979.01,539.5928
2025-05-19T12:00:00,102979.01,105000.00,102166.31,104822.66,3016.2370
2025-05-19T16:00:00,104827.01,105615.26,104525.60,105556.13,2512.7230
2025-05-19T20:00:00,105556.13,105862.54,105054.67,105616.18,904.7504
2025-05-20T00:00:00,105616.21,106895.00,105555.53,105780.46,1373.0734
2025-05-20T04:00:00,105780.47,106438.34,104956.60,105069.33,686.7035
2025-05-20T08:00:00,105053.32,105459.29,104871.92,105241.60,409.5707
2025-05-20T12:00:00,105241.60,105448.21,104209.18,105379.12,1527.5818
2025-05-20T16:00:00,105382.35,107307.00,105128.76,107086.17,2998.0037
2025-05-20T20:00:00,107086.17,107355.00,105968.14,106883.24,1809.4540
2025-05-21T00:00:00,106883.24,107274.99,106235.81,106892.96,857.5751
2025-05-21T04:00:00,106892.95,108050.53,106511.00,106559.41,2127.3968
2025-05-21T08:00:00,106558.54,106839.57,106128.14,106594.49,1333.5870
2025-05-21T12:00:00,106592.79,109500.00,106374.24,109030.37,5696.7115
2025-05-21T16:00:00,109030.37,109888.11,106167.79,108675.07,5618.7397
2025-05-21T20:00:00,108675.09,110788.98,107785.92,109699.54,2699.9048
2025-05-22T00:00:00,109697.19,111903.84,109217.23,111805.99,2350.6117
2025-05-22T04:00:00,111798.08,111820.37,110477.09,111061.79,1180.9557
2025-05-22T08:00:00,111061.85,111340.00,110279.77,110985.64,922.2728
2025-05-22T12:00:00,110999.99,111644.99,110558.00,111328.20,2712.0278
2025-05-22T16:00:00,111332.32,112000.00,110955.81,111241.94,2951.4775
2025-05-22T20:00:00,111241.94,111749.99,110776.26,111722.53,1133.0420
2025-05-23T00:00:00,111722.54,111824.07,111013.27,111100.87,639.5142
2025-05-23T04:00:00,111100.88,111194.47,110400.00,110718.99,523.1746
2025-05-23T08:00:00,110718.99,111377.20,108862.29,109105.05,1444.0436
2025-05-23T12:00:00,109105.05,110069.81,107327.94,108973.71,2999.3756
2025-05-23T16:00:00,108973.71,109850.00,108025.00,108747.25,2749.1937
2025-05-23T20:00:00,108744.54,108755.59,106800.01,107329.61,1282.9331
2025-05-24T00:00:00,107332.08,108391.58,106895.77,108390.96,648.0974
2025-05-24T04:00:00,108390.96,108594.49,107585.79,107619.15,405.4875
2025-05-24T08:00:00,107619.17,109517.79,107619.17,109224.02,406.9194
2025-05-24T12:00:00,109229.80,109298.99,108570.97,108965.47,363.0204
2025-05-24T16:00:00,108966.11,109247.80,108721.62,108988.71,347.4482
2025-05-24T20:00:00,108988.71,109159.59,107530.02,107794.01,440.3832
2025-05-25T00:00:00,107794.01,108306.58,107241.34,108134.39,403.8423
2025-05-25T04:00:00,108134.39,108327.68,107457.71,107713.06,201.6917
2025-05-25T08:00:00,107707.38,107725.33,106750.00,107286.33,414.7975
2025-05-25T12:00:00,107286.33,107802.00,106650.00,107001.20,523.2776
2025-05-25T16:00:00,107002.00,107970.82,106632.35,107745.28,478.9801
2025-05-25T20:00:00,107742.09,109371.04,107200.08,109048.68,974.4093
2025-05-26T00:00:00,109048.41,109905.22,108706.04,109682.34,700.4360
2025-05-26T04:00:00,109686.80,110289.59,109418.50,110156.05,801.0362
2025-05-26T08:00:00,110156.05,110258.24,109605.40,109843.01,551.2783
2025-05-26T12:00:00,109838.57,110474.41,109509.63,110047.43,1044.8035
2025-05-26T16:00:00,110047.52,110467.81,108884.34,109157.59,930.6008
2025-05-26T20:00:00,109157.58,109923.40,108970.05,109464.32,613.2265
2025-05-27T00:00:00,109464.33,109718.96,107536.41,108925.85,1059.5482
2025-05-27T04:00:00,108925.86,109662.00,108565.62,109566.99,531.3098
2025-05-27T08:00:00,109576.79,109950.00,109465.85,109629.01,758.7221
2025-05-27T12:00:00,109630.64,110829.42,108652.66,110200.00,2489.7958
2025-05-27T16:00:00,110197.12,110567.26,109605.12,109938.56,3013.3271
2025-05-27T20:00:00,109940.20,109968.40,108622.72,108978.46,974.3662
2025-05-28T00:00:00,108978.45,109344.89,108446.00,108911.52,693.6515
2025-05-28T04:00:00,108905.66,109148.00,108664.05,108869.58,473.4336
2025-05-28T08:00:00,108869.59,109189.68,108317.50,108916.32,649.6975
2025-05-28T12:00:00,108916.33,109099.00,107050.00,107149.25,2035.6458
2025-05-28T16:00:00,107149.26,107897.04,106919.02,106956.19,1317.1053
2025-05-28T20:00:00,106956.94,108097.87,106790.16,107819.29,1304.6677
2025-05-29T00:00:00,107819.26,108552.82,107444.00,108092.72,916.7706
2025-05-29T04:00:00,108092.72,108158.55,107000.00,107925.69,432.6399
2025-05-29T08:00:00,107925.70,108943.35,107719.16,108816.44,653.6513
2025-05-29T12:00:00,108816.43,108848.48,106473.06,107034.16,2500.2527
2025-05-29T16:00:00,107034.17,107200.46,105646.63,105744.47,3693.0944
2025-05-29T20:00:00,105740.10,106487.80,105315.00,105572.58,1109.1751
2025-05-30T00:00:00,105572.58,106221.01,104624.00,106051.67,1090.6451
2025-05-30T04:00:00,106051.68,106377.66,104768.15,105096.62,918.7638
2025-05-30T08:00:00,105087.27,106019.00,104639.00,105901.75,656.6055
2025-05-30T12:00:00,105901.75,106031.78,105052.01,105558.64,1484.3056
2025-05-30T16:00:00,105558.64,105579.93,103664.03,104651.99,2921.7035
2025-05-30T20:00:00,104647.14,104918.57,103634.48,104033.26,794.1389
2025-05-31T00:00:00,104033.00,104334.23,103110.01,103719.33,657.4939
2025-05-31T04:00:00,103719.34,103963.11,103532.21,103808.19,244.2034
2025-05-31T08:00:00,103808.20,103869.25,103313.31,103546.34,246.2322
2025-05-31T12:00:00,103546.34,104921.43,103526.86,104609.23,591.8274
2025-05-31T16:00:00,104607.50,104850.00,104313.57,104767.76,304.3953
2025-05-31T20:00:00,104767.77,104965.50,104522.68,104645.87,359.4560
2025-06-01T00:00:00,104645.87,104708.44,103976.10,104429.76,283.9600
2025-06-01T04:00:00,104429.76,104800.00,104246.72,104339.62,164.4556
2025-06-01T08:00:00,104335.98,104520.49,103808.08,104148.26,256.9556
2025-06-01T12:00:00,104148.26,104875.46,103800.81,104767.63,293.6876
2025-06-01T16:00:00,104767.62,105365.00,104395.06,105179.12,487.5756
2025-06-01T20:00:00,105179.12,105937.46,104931.69,105697.94,883.2946
2025-06-02T00:00:00,105697.93,105788.12,104603.49,104885.77,851.4271
2025-06-02T04:00:00,104885.77,105495.99,104667.29,105446.88,230.0956
2025-06-02T08:00:00,105446.83,106000.00,103974.20,104085.64,805.3963
2025-06-02T12:00:00,104080.89,104740.14,103685.23,104500.00,1355.0959
2025-06-02T16:00:00,104499.99,104798.86,104076.48,104470.22,1394.7565
2025-06-02T20:00:00,104466.81,106000.00,104466.81,105904.94,1182.1368
2025-06-03T00:00:00,105909.79,106597.45,105407.57,105556.21,731.2306
2025-06-03T04:00:00,105556.20,105585.82,105178.45,105233.05,419.9541
2025-06-03T08:00:00,105233.05,105422.84,104910.01,105352.02,538.5945
2025-06-03T12:00:00,105352.02,106901.68,105094.61,106702.16,2018.0811
2025-06-03T16:00:00,106702.15,106764.98,105647.52,106301.70,1943.2361
2025-06-03T20:00:00,106304.14,106329.95,105325.20,105447.82,835.3634
2025-06-04T00:00:00,105443.95,105908.07,105174.39,105591.68,447.6587
2025-06-04T04:00:00,105591.68,105700.56,105316.70,105371.91,322.8140
2025-06-04T08:00:00,105371.91,106058.47,105136.50,105143.88,481.0814
2025-06-04T12:00:00,105150.00,105611.83,104202.00,105353.24,1684.9679
2025-06-04T16:00:00,105353.25,105547.59,104915.00,104961.64,817.9010
2025-06-04T20:00:00,104968.19,105110.19,104462.25,104753.38,750.6130
2025-06-05T00:00:00,104753.37,105305.26,104696.54,105087.89,554.3611
2025-06-05T04:00:00,105087.89,105289.14,104401.49,104570.76,470.2926
2025-06-05T08:00:00,104570.77,104975.34,104461.76,104875.47,292.3204
2025-06-05T12:00:00,104875.46,105999.68,103910.44,104572.70,2259.2173
2025-06-05T16:00:00,104572.69,104638.54,101603.01,101908.77,4238.9966
2025-06-05T20:00:00,101917.65,102185.14,100345.73,101570.20,2812.3853
2025-06-06T00:00:00,101570.20,102600.28,101132.91,102556.01,737.8286
2025-06-06T04:00:00,102556.06,103541.03,102446.39,103214.54,1843.2229
2025-06-06T08:00:00,103214.54,104079.99,103214.54,104005.75,1615.9987
2025-06-06T12:00:00,104005.77,105439.01,103603.36,105182.17,2456.6747
2025-06-06T16:00:00,105187.21,105405.68,104131.65,104304.24,1823.6391
2025-06-06T20:00:00,104309.01,104704.42,104249.99,104397.99,1199.8934
2025-06-07T00:00:00,104398.00,105028.65,103969.70,104972.65,975.1493
2025-06-07T04:00:00,104972.65,105421.50,104730.01,104955.07,990.9880
2025-06-07T08:00:00,104954.79,105370.91,104772.43,105208.82,632.3582
2025-06-07T12:00:00,105208.82,105889.42,105208.82,105628.18,702.6386
2025-06-07T16:00:00,105628.17,105954.82,105324.09,105786.47,319.1372
2025-06-07T20:00:00,105788.47,106000.00,105588.62,105619.02,520.8301
2025-06-08T00:00:00,105619.02,105842.42,105451.72,105548.75,192.6512
2025-06-08T04:00:00,105548.74,105700.00,105462.19,105485.50,166.0458
2025-06-08T08:00:00,105485.51,105774.40,105028.30,105727.02,193.5620
2025-06-08T12:00:00,105726.96,106181.30,105572.53,106039.35,346.3431
2025-06-08T16:00:00,106039.34,106420.00,106003.64,106367.49,456.3438
2025-06-08T20:00:00,106367.50,106548.90,105613.03,105784.40,643.6642
2025-06-09T00:00:00,105784.41,106035.51,105368.27,105720.87,435.9309
2025-06-09T04:00:00,105720.86,105785.14,105375.01,105614.48,225.5767
2025-06-09T08:00:00,105614.48,107862.00,105525.61,107817.21,877.7793
2025-06-09T12:00:00,107818.56,108091.20,106920.32,107689.60,1488.9723
2025-06-09T16:00:00,107693.00,108858.82,107693.00,108679.24,1943.3157
2025-06-09T20:00:00,108651.14,110651.12,108514.17,110301.15,1609.6729
2025-06-10T00:00:00,110299.69,110371.19,109401.47,109614.65,799.0178
2025-06-10T04:00:00,109614.66,109786.73,109150.25,109268.31,435.8878
2025-06-10T08:00:00,109268.31,109898.28,109100.01,109581.05,565.7609
2025-06-10T12:00:00,109585.04,109927.98,108362.14,109047.05,1237.2929
2025-06-10T16:00:00,109047.05,110420.08,108541.72,109533.92,1578.0078
2025-06-10T20:00:00,109533.92,110321.00,109265.01,110300.24,817.7045
2025-06-11T00:00:00,110300.25,110306.91,109558.91,109742.64,402.8125
2025-06-11T04:00:00,109742.64,109768.15,109382.16,109458.26,269.6531
2025-06-11T08:00:00,109458.74,109692.10,109197.89,109246.31,299.4795
2025-06-11T12:00:00,109246.31,110435.05,109021.41,109752.95,1565.5959
2025-06-11T16:00:00,109752.94,109854.44,108431.40,108768.90,1320.9471
2025-06-11T20:00:00,108768.90,109260.91,108091.74,108669.37,744.8444
2025-06-12T00:00:00,108673.77,108853.74,107744.93,107881.37,602.0125
2025-06-12T04:00:00,107891.64,108016.44,107336.52,107637.67,544.1723
2025-06-12T08:00:00,107637.67,107882.59,106900.02,106932.65,671.6627
2025-06-12T12:00:00,106932.66,107858.05,106586.88,107029.39,1141.2162
2025-06-12T16:00:00,107029.40,108478.62,106710.00,106828.55,1589.7383
2025-06-12T20:00:00,106827.02,107005.35,105706.78,105721.05,1185.8693
2025-06-13T00:00:00,105716.45,105741.54,102746.01,104372.23,2594.6309
2025-06-13T04:00:00,104363.01,105000.00,103846.74,104946.46,757.1031
2025-06-13T08:00:00,104946.47,105500.00,104471.03,105099.63,704.3155
2025-06-13T12:00:00,105099.63,105825.22,104150.00,105503.60,1607.2767
2025-06-13T16:00:00,105503.60,106041.61,104699.57,105153.75,1250.1424
2025-06-13T20:00:00,105164.62,106233.00,105055.36,106118.70,528.0560
2025-06-14T00:00:00,106114.53,106264.36,105251.34,105296.44,445.2679
2025-06-14T04:00:00,105296.44,105475.47,104836.25,105126.03,242.1475
2025-06-14T08:00:00,105126.03,105194.28,104875.43,105130.39,216.0532
2025-06-14T12:00:00,105130.38,105186.06,104680.39,104889.39,291.5735
2025-06-14T16:00:00,104889.39,105096.07,104377.14,104706.36,635.8191
2025-06-14T20:00:00,104706.35,105545.42,104351.72,105465.42,425.6260
2025-06-15T00:00:00,105465.42,105747.02,105296.28,105534.24,210.9948
2025-06-15T04:00:00,105534.24,106184.13,105254.85,105470.67,198.2442
2025-06-15T08:00:00,105465.85,105533.06,104900.02,105011.89,178.8272
2025-06-15T12:00:00,105011.89,105896.75,104980.41,105597.85,319.9699
2025-06-15T16:00:00,105597.86,105818.46,105103.16,105333.91,326.1518
2025-06-15T20:00:00,105333.93,105641.29,104505.05,105599.25,488.6215
2025-06-16T00:00:00,105600.21,105999.00,104982.26,105935.25,520.9382
2025-06-16T04:00:00,105940.18,107299.99,105886.30,107080.07,600.8424
2025-06-16T08:00:00,107080.07,107269.22,106577.52,106900.00,409.4918
2025-06-16T12:00:00,106900.00,107868.12,106506.75,107478.21,1480.3858
2025-06-16T16:00:00,107479.94,108952.21,107347.82,108699.51,1635.8630
2025-06-16T20:00:00,108699.54,109000.00,106738.56,106853.38,1305.4625
2025-06-17T00:00:00,106853.38,107792.90,106147.24,107630.24,967.4662
2025-06-17T04:00:00,107630.25,107764.13,106501.00,106792.45,406.4822
2025-06-17T08:00:00,106792.45,106862.77,105515.89,105659.83,603.7238
2025-06-17T12:00:00,105659.35,105887.83,104133.12,104246.81,1712.5024
2025-06-17T16:00:00,104250.00,105377.00,103363.30,104705.02,3291.8026
2025-06-17T20:00:00,104705.02,104926.69,104222.06,104590.44,706.9692
2025-06-18T00:00:00,104590.44,105279.50,104389.78,105207.65,491.9722
2025-06-18T04:00:00,105206.53,105603.63,104731.26,104996.51,317.3595
2025-06-18T08:00:00,104996.50,105336.17,104191.62,104858.58,505.2030
2025-06-18T12:00:00,104858.58,105348.75,103837.75,104823.00,1092.4850
2025-06-18T16:00:00,104823.25,104876.98,103512.38,103818.67,1478.1921
2025-06-18T20:00:00,103818.67,105183.00,103645.68,104915.60,1032.9320
2025-06-19T00:00:00,104915.60,105266.61,104490.77,105129.91,571.6120
2025-06-19T04:00:00,105129.91,105247.99,104636.53,104662.53,250.5621
2025-06-19T08:00:00,104662.53,105100.00,104648.35,104802.40,167.4995
2025-06-19T12:00:00,104802.39,104946.45,104100.00,104127.74,516.2467
2025-06-19T16:00:00,104127.73,104861.57,103916.37,104269.56,465.6678
2025-06-19T20:00:00,104275.19,104919.39,104161.98,104671.90,307.4704
2025-06-20T00:00:00,104671.40,104857.11,104406.53,104618.04,241.6506
2025-06-20T04:00:00,104618.05,105848.76,104250.00,105837.99,433.6770
2025-06-20T08:00:00,105837.99,106553.86,105770.75,106001.70,641.6850
2025-06-20T12:00:00,106001.71,106167.90,103864.03,104244.14,1188.5895
2025-06-20T16:00:00,104244.15,104289.97,102357.25,103326.33,1985.7152
2025-06-20T20:00:00,103326.33,103843.48,102980.00,103317.80,556.3189
2025-06-21T00:00:00,103317.79,103722.23,103133.91,103515.31,250.7575
2025-06-21T04:00:00,103514.96,103637.07,103345.47,103475.28,157.5448
2025-06-21T08:00:00,103475.27,104013.64,103475.27,103897.18,181.3529
2025-06-21T12:00:00,103897.18,103968.39,103307.32,103587.05,419.1044
2025-06-21T16:00:00,103587.05,103686.64,102217.08,102272.72,647.3191
2025-06-21T20:00:00,102267.48,102913.52,100919.19,102160.03,1631.4344
2025-06-22T00:00:00,102160.36,103417.00,101870.48,102416.01,1241.4025
2025-06-22T04:00:00,102416.01,102990.17,102289.93,102468.55,315.3093
2025-06-22T08:00:00,102465.65,102840.00,102111.80,102765.41,263.4315
2025-06-22T12:00:00,102765.40,102859.11,98948.54,98950.30,2765.7632
2025-06-22T16:00:00,98948.54,100400.74,98700.01,98914.74,1589.2007
2025-06-22T20:00:00,98914.75,101086.49,98225.01,100996.87,1697.1516
2025-06-23T00:00:00,100996.87,101682.99,100522.05,101200.00,795.2342
2025-06-23T04:00:00,101199.99,102177.39,101020.20,101976.06,594.2834
2025-06-23T08:00:00,101976.06,102118.65,101140.81,101328.51,632.2198
2025-06-23T12:00:00,101328.54,102662.55,100835.89,101479.84,1642.9472
2025-06-23T16:00:00,101479.84,103420.00,99677.07,103243.85,2764.7517
2025-06-23T20:00:00,103245.73,106135.47,102943.24,105419.39,2481.4304
2025-06-24T00:00:00,105418.40,105586.21,104772.91,104996.12,799.6441
2025-06-24T04:00:00,104993.13,105916.27,104773.80,104997.25,1005.2137
2025-06-24T08:00:00,104994.68,105650.79,104681.83,105240.53,676.5135
2025-06-24T12:00:00,105240.53,105812.65,104851.26,105300.00,1223.9044
2025-06-24T16:00:00,105300.01,106366.29,105234.99,105710.77,1361.7559
2025-06-24T20:00:00,105704.50,106178.39,105500.00,106141.00,706.1774
2025-06-25T00:00:00,106141.01,106865.31,105875.00,106301.44,657.7166
2025-06-25T04:00:00,106301.44,106771.22,106055.70,106657.35,300.7157
2025-06-25T08:00:00,106657.77,107286.50,106390.27,107252.04,584.5651
2025-06-25T12:00:00,107252.05,108206.00,106818.83,107101.15,2402.6649
2025-06-25T16:00:00,107101.15,107993.02,106983.26,107836.00,2256.7851
2025-06-25T20:00:00,107834.02,108091.80,107151.06,107400.22,870.2088
2025-06-26T00:00:00,107400.22,108345.00,107166.22,107928.17,631.2581
2025-06-26T04:00:00,107934.28,108160.38,107576.75,107890.24,454.8567
2025-06-26T08:00:00,107888.40,108238.78,107163.03,107374.17,532.4834
2025-06-26T12:00:00,107375.52,107823.59,106605.88,107366.24,1397.3817
2025-06-26T16:00:00,107366.24,107723.31,107051.80,107584.79,871.6511
2025-06-26T20:00:00,107584.75,108058.94,106838.41,107029.64,1012.5913
2025-06-27T00:00:00,107029.63,107584.24,106465.81,107538.51,530.2140
2025-06-27T04:00:00,107538.50,107804.20,106924.87,106962.68,1017.1027
2025-06-27T08:00:00,106962.09,107213.40,106736.84,107024.46,490.0783
2025-06-27T12:00:00,107024.46,107488.91,106413.79,107385.92,1901.4845
2025-06-27T16:00:00,107385.37,107800.00,106495.82,106851.43,1867.5899
2025-06-27T20:00:00,106849.52,107330.65,106830.42,107113.38,503.9677
2025-06-28T00:00:00,107119.17,107400.00,106868.94,107347.24,296.1266
2025-06-28T04:00:00,107347.25,107562.01,107236.29,107540.37,171.0299
2025-06-28T08:00:00,107540.36,107567.86,107312.35,107430.78,152.0919
2025-06-28T12:00:00,107430.78,107596.13,107149.08,107506.75,189.9953
2025-06-28T16:00:00,107506.74,107599.81,107282.35,107282.35,215.4897
2025-06-28T20:00:00,107280.60,107432.55,107198.06,107352.20,203.0346
2025-06-29T00:00:00,107352.20,107558.00,107230.00,107272.50,190.9288
2025-06-29T04:00:00,107272.50,107455.92,107266.26,107455.92,89.4098
2025-06-29T08:00:00,107462.64,108518.57,107447.85,108517.46,524.3344
2025-06-29T12:00:00,108517.46,108550.00,107676.42,107775.37,329.4456
2025-06-29T16:00:00,107775.36,107822.26,107350.00,107431.35,323.5599
2025-06-29T20:00:00,107431.35,108485.43,107290.01,108386.44,697.1833
2025-06-30T00:00:00,108386.44,108800.00,108282.11,108553.60,787.5132
2025-06-30T04:00:00,108553.60,108587.60,107503.44,107648.06,525.8777
2025-06-30T08:00:00,107642.78,107996.59,107410.06,107688.40,281.0819
2025-06-30T12:00:00,107688.39,107891.91,106724.76,107607.32,1720.1785
2025-06-30T16:00:00,107607.31,107850.00,107136.08,107751.68,983.5624
2025-06-30T20:00:00,107751.68,107787.05,106944.55,107173.21,540.8346
2025-07-01T00:00:00,107173.21,107579.30,107062.00,107221.44,409.7910
2025-07-01T04:00:00,107221.44,107248.24,106659.96,107212.88,408.4717
2025-07-01T08:00:00,107212.89,107212.89,106310.18,106639.08,497.2550
2025-07-01T12:00:00,106639.94,107246.53,105635.14,105986.38,2085.3794
2025-07-01T16:00:00,105986.38,106334.96,105361.49,105403.99,1111.7340
2025-07-01T20:00:00,105403.27,106127.32,105262.00,105711.78,640.0964
2025-07-02T00:00:00,105711.77,106240.10,105119.70,106229.67,502.2523
2025-07-02T04:00:00,106229.66,107235.00,106151.43,107126.85,697.5667
2025-07-02T08:00:00,107132.17,107902.41,107116.90,107512.04,883.2942
2025-07-02T12:00:00,107512.04,108800.00,107211.14,108800.00,1937.7554
2025-07-02T16:00:00,108797.47,109823.08,108707.09,109755.27,3155.9671
2025-07-02T20:00:00,109755.27,109771.57,108772.80,108888.32,818.9569
2025-07-03T00:00:00,108887.03,109166.08,108574.31,108688.40,440.7820
2025-07-03T04:00:00,108688.40,109600.00,108615.05,109322.30,536.5024
2025-07-03T08:00:00,109322.31,110300.00,109322.31,109625.99,838.6759
2025-07-03T12:00:00,109625.99,110590.00,108769.08,109162.22,2315.8435
2025-07-03T16:00:00,109162.22,109961.19,109050.00,109834.12,1683.4441
2025-07-03T20:00:00,109834.12,110040.00,109572.16,109628.83,619.3313
2025-07-04T00:00:00,109628.83,109812.94,109142.99,109284.22,364.3473
2025-07-04T04:00:00,109284.23,109386.14,108750.00,108750.00,414.5967
2025-07-04T08:00:00,108750.00,109158.94,108500.00,108936.73,306.1870
2025-07-04T12:00:00,108936.72,109018.60,107534.11,107606.44,969.0526
2025-07-04T16:00:00,107606.00,108004.99,107268.84,107493.54,666.9796
2025-07-04T20:00:00,107490.69,108314.05,107459.77,108028.60,408.0554
2025-07-05T00:00:00,108028.60,108316.50,107783.10,108187.38,258.8409
2025-07-05T04:00:00,108187.38,108454.19,108041.76,108110.18,215.4104
2025-07-05T08:00:00,108110.17,108271.98,107914.58,108152.24,177.3708
2025-07-05T12:00:00,108152.24,108273.33,108001.41,108103.30,223.8251
2025-07-05T16:00:00,108103.30,108222.46,107900.00,108180.64,316.9554
2025-07-05T20:00:00,108180.64,108285.12,108027.00,108246.65,320.7518
2025-07-06T00:00:00,108246.66,108302.49,108044.00,108086.43,139.5349
2025-07-06T04:00:00,108086.43,108263.96,107979.45,108081.97,108.7759
2025-07-06T08:00:00,108081.97,108157.31,107837.70,108110.69,113.4526
2025-07-06T12:00:00,108110.69,109153.97,108086.00,108944.60,403.9310
2025-07-06T16:00:00,108944.59,108993.38,108307.87,108570.58,279.4377
2025-07-06T20:00:00,108571.83,109736.64,108562.16,109217.98,606.0492
2025-07-07T00:00:00,109217.98,109741.64,108683.40,109426.67,661.7021
2025-07-07T04:00:00,109426.67,109481.11,108657.35,109087.74,257.7402
2025-07-07T08:00:00,109086.78,109111.77,108585.00,108656.34,336.4131
2025-07-07T12:00:00,108654.17,108675.81,107961.97,108309.93,1462.5101
2025-07-07T16:00:00,108309.93,108529.26,107507.00,108058.12,1123.8385
2025-07-07T20:00:00,108053.62,108327.00,107800.87,108269.84,612.9378
2025-07-08T00:00:00,108271.49,108556.13,107438.33,107905.48,576.2564
2025-07-08T04:00:00,107905.48,108509.62,107750.08,108506.19,243.7636
2025-07-08T08:00:00,108506.19,109031.21,108229.67,108774.04,471.1955
2025-07-08T12:00:00,108774.02,109255.99,108218.13,108278.82,918.7850
2025-07-08T16:00:00,108278.82,109200.00,108092.88,108781.37,1115.4968
2025-07-08T20:00:00,108783.78,109040.00,108624.63,108958.04,459.8934
2025-07-09T00:00:00,108953.58,109179.85,108354.82,108378.76,315.3883
2025-07-09T04:00:00,108378.76,108954.91,108329.87,108738.16,247.1130
2025-07-09T08:00:00,108735.70,109147.08,108568.00,109085.02,260.3105
2025-07-09T12:00:00,109085.01,109795.01,108500.00,109086.77,1080.3614
2025-07-09T16:00:00,109086.78,112152.91,109041.91,111792.00,3440.8919
2025-07-09T20:00:00,111792.00,111980.31,110592.17,111282.85,2339.7673
2025-07-10T00:00:00,111282.84,111620.80,110922.25,111114.62,675.3969
2025-07-10T04:00:00,111114.61,111500.00,111000.00,111272.74,724.3417
2025-07-10T08:00:00,111272.74,111450.00,110909.91,111076.74,876.1263
2025-07-10T12:00:00,111076.74,111500.00,110541.87,111485.50,1364.3395
2025-07-10T16:00:00,111485.48,113923.99,111395.16,113399.95,5114.7758
2025-07-10T20:00:00,113404.43,116842.00,113361.33,116031.30,4165.2274
2025-07-11T00:00:00,116031.29,116982.73,115211.74,116930.12,1182.3270
2025-07-11T04:00:00,116921.91,118442.88,116511.45,117601.25,1868.0759
2025-07-11T08:00:00,117601.48,118909.74,117601.48,117839.32,1337.9862
2025-07-11T12:00:00,117839.42,118303.73,116739.82,116902.90,1945.5092
2025-07-11T16:00:00,116918.54,118240.47,116632.58,118191.06,2760.6270
2025-07-11T20:00:00,118191.07,118203.39,117187.73,117582.16,1022.3609
2025-07-12T00:00:00,117582.16,117910.00,117151.87,117838.46,481.4800
2025-07-12T04:00:00,117838.72,118130.31,117569.88,117797.06,326.1648
2025-07-12T08:00:00,117797.05,118244.51,117678.20,117870.35,435.3778
2025-07-12T12:00:00,117873.88,117933.08,116940.82,117154.27,531.0393
2025-07-12T16:00:00,117153.90,117696.68,117086.83,117606.56,317.8621
2025-07-12T20:00:00,117606.55,117624.05,117043.11,117472.65,305.7998
2025-07-13T00:00:00,117472.65,117881.39,117238.69,117797.77,283.8262
2025-07-13T04:00:00,117797.58,118110.82,117723.25,118043.07,175.7134
2025-07-13T08:00:00,118043.06,118154.99,117724.96,118130.41,155.5569
2025-07-13T12:00:00,118130.41,119450.00,118007.47,118716.69,956.1962
2025-07-13T16:00:00,118720.64,119500.00,118420.72,119011.90,807.4361
2025-07-13T20:00:00,119003.28,119429.54,118290.28,119130.81,1082.3142
2025-07-14T00:00:00,119130.81,121400.00,118949.18,120781.98,1784.0576
2025-07-14T04:00:00,120781.98,123231.07,120579.12,122751.90,1641.1679
2025-07-14T08:00:00,122757.35,122807.37,121321.12,121463.61,915.0913
2025-07-14T12:00:00,121455.88,122161.58,119600.00,119867.12,3551.9297
2025-07-14T16:00:00,119867.12,120544.49,119172.37,119945.25,3684.9767
2025-07-14T20:00:00,119950.06,120484.31,119500.00,119863.71,1959.5763
2025-07-15T00:00:00,119863.71,119973.30,116830.74,117148.04,4801.2514
2025-07-15T04:00:00,117148.03,117761.08,116250.00,116762.15,2359.1337
2025-07-15T08:00:00,116762.15,117200.00,116288.00,117103.18,1958.1397
2025-07-15T12:00:00,117103.19,118464.35,115697.37,116318.40,8587.6279
2025-07-15T16:00:00,116318.40,117741.28,116000.00,116410.21,4502.5442
2025-07-15T20:00:00,116409.42,117989.99,116194.03,117781.64,1517.6167
2025-07-16T00:00:00,117781.63,118222.00,117033.23,117499.40,775.7115
2025-07-16T04:00:00,117499.41,118351.67,117298.00,118238.30,500.7064
2025-07-16T08:00:00,118238.30,119320.00,118140.55,118800.00,578.2662
2025-07-16T12:00:00,118799.99,119875.52,118195.89,119170.36,2262.5092
2025-07-16T16:00:00,119164.15,120000.00,118503.42,119304.15,3307.9737
2025-07-16T20:00:00,119306.04,120134.80,118425.65,118681.68,1825.8195
2025-07-17T00:00:00,118681.67,119234.95,117724.50,118177.96,970.7230
2025-07-17T04:00:00,118174.68,118839.73,117901.23,118373.81,513.9262
2025-07-17T08:00:00,118374.23,119249.70,118000.00,118016.41,711.3562
2025-07-17T12:00:00,118016.41,119176.92,117469.00,118937.61,1938.3823
2025-07-17T16:00:00,118937.61,119937.60,118400.00,119032.03,2463.3757
2025-07-17T20:00:00,119032.03,120998.76,118456.74,119273.69,1762.5879
2025-07-18T00:00:00,119273.70,120890.90,119109.11,120320.10,1146.2328
2025-07-18T04:00:00,120315.92,120918.68,119371.18,119446.63,860.3332
2025-07-18T08:00:00,119432.13,119554.47,118430.67,119231.50,1052.5934
2025-07-18T12:00:00,119231.51,119586.55,117331.00,117899.13,2277.6256
2025-07-18T16:00:00,117905.28,118116.12,117192.84,117426.36,2333.0228
2025-07-18T20:00:00,117426.36,118108.99,116892.42,118023.05,1065.5961
2025-07-19T00:00:00,118023.06,118469.93,117700.02,118431.22,397.7591
2025-07-19T04:00:00,118431.22,118472.50,118143.74,118264.24,170.8484
2025-07-19T08:00:00,118264.23,118564.59,118020.38,118408.09,213.9323
2025-07-19T12:00:00,118408.11,118416.33,117700.00,118114.79,302.8734
2025-07-19T16:00:00,118114.79,118222.49,117650.93,118083.66,285.6956
2025-07-19T20:00:00,118081.52,118222.00,117337.59,117914.17,328.9908
2025-07-20T00:00:00,117914.17,118230.54,117711.00,118021.09,271.1542
2025-07-20T04:00:00,118026.92,118279.89,117821.17,118080.01,159.4609
2025-07-20T08:00:00,118080.30,118343.55,117856.43,117942.16,226.0901
2025-07-20T12:00:00,117938.26,118850.00,117772.61,118726.73,418.7063
2025-07-20T16:00:00,118726.73,118921.76,118000.00,118201.20,432.6273
2025-07-20T20:00:00,118206.17,118324.63,116525.00,117312.70,996.5514
2025-07-21T00:00:00,117315.68,118672.53,116565.01,118449.20,693.0253
2025-07-21T04:00:00,118449.31,119745.93,118217.73,119414.15,467.0763
2025-07-21T08:00:00,119414.97,119556.74,118100.00,118104.65,514.6590
2025-07-21T12:00:00,118104.65,119310.57,117804.80,118383.53,1328.3977
2025-07-21T16:00:00,118384.40,118469.22,116681.72,116782.87,1628.3677
2025-07-21T20:00:00,116783.78,117712.37,116656.86,117428.79,819.0285
2025-07-22T00:00:00,117428.79,118050.95,116185.00,117262.61,1224.3451
2025-07-22T04:00:00,117262.61,118641.86,116600.50,118044.33,784.9909
2025-07-22T08:00:00,118044.33,119265.55,117533.55,119214.92,875.3571
2025-07-22T12:00:00,119214.80,119677.88,116600.00,118966.03,1985.5031
2025-07-22T16:00:00,118966.03,120288.00,118437.94,119326.44,1711.0315
2025-07-22T20:00:00,119329.10,120300.00,119247.29,120026.42,983.3608
2025-07-23T00:00:00,120034.21,120180.93,118573.30,118676.00,651.7847
2025-07-23T04:00:00,118675.98,119058.73,118360.00,118415.11,424.2421
2025-07-23T08:00:00,118415.10,118691.72,117865.16,118597.48,448.6811
2025-07-23T12:00:00,118597.49,118787.95,117342.21,118648.92,1355.6804
2025-07-23T16:00:00,118648.91,118648.91,117377.78,118458.67,1741.5552
2025-07-23T20:00:00,118458.67,118840.16,117398.00,118810.44,904.1948
2025-07-24T00:00:00,118810.44,119328.38,118529.60,118557.79,743.3010
2025-07-24T04:00:00,118558.95,118650.61,117190.00,118470.55,829.0971
2025-07-24T08:00:00,118470.51,118884.18,118015.69,118654.80,734.8798
2025-07-24T12:00:00,118646.69,119557.70,117870.18,119176.25,1460.7720
2025-07-24T16:00:00,119176.32,119495.52,118423.69,119030.64,1451.5842
2025-07-24T20:00:00,119030.65,119089.16,118234.02,118397.04,1917.3786
2025-07-25T00:00:00,118400.00,118518.20,115366.47,115400.00,5066.5741
2025-07-25T04:00:00,115400.00,116181.28,114750.00,115335.28,5670.2283
2025-07-25T08:00:00,115338.91,116800.75,114979.92,116514.27,4415.8422
2025-07-25T12:00:00,116514.27,116654.05,114854.20,115728.38,5022.3689
2025-07-25T16:00:00,115728.38,117067.09,115455.54,116721.63,2796.7446
2025-07-25T20:00:00,116721.63,117706.00,116603.53,117633.27,1661.5783
2025-07-26T00:00:00,117633.27,117804.52,117095.73,117522.69,1332.5596
2025-07-26T04:00:00,117522.69,117647.24,117362.39,117371.97,1351.1012
2025-07-26T08:00:00,117371.98,118275.79,117368.43,117830.65,1340.7501
2025-07-26T12:00:00,117826.40,118320.67,117817.61,118172.60,1239.1241
2025-07-26T16:00:00,118172.61,118371.35,117989.00,118280.01,1024.2812
2025-07-26T20:00:00,118280.48,118343.40,117919.44,117969.63,686.6131
2025-07-27T00:00:00,117981.73,118465.72,117865.76,118227.13,730.1145
2025-07-27T04:00:00,118228.69,118504.53,118123.25,118165.53,636.1400
2025-07-27T08:00:00,118165.53,118362.94,117849.99,118133.83,720.8123
2025-07-27T12:00:00,118133.82,118650.80,117932.41,118620.01,904.5112
2025-07-27T16:00:00,118620.01,119581.35,118620.00,119006.15,908.7804
2025-07-27T20:00:00,119006.15,119800.00,118754.40,119465.52,1099.0634
2025-07-28T00:00:00,119465.52,119839.00,118977.81,119306.42,564.2819
2025-07-28T04:00:00,119306.42,119709.32,118765.02,118894.66,959.4165
2025-07-28T08:00:00,118894.65,119122.14,118468.15,118827.17,736.0457
2025-07-28T12:00:00,118826.96,119283.89,117880.00,118165.37,1971.4106
2025-07-28T16:00:00,118166.59,118389.65,117380.60,118066.31,2038.9495
2025-07-28T20:00:00,118060.48,118348.00,117482.18,118070.59,1377.2803
2025-07-29T00:00:00,118074.43,118814.63,117459.01,118764.01,816.7632
2025-07-29T04:00:00,118756.63,119284.78,118400.00,118885.92,716.7971
2025-07-29T08:00:00,118885.91,119059.92,118144.32,118601.76,378.7280
2025-07-29T12:00:00,118601.79,119075.00,117250.08,117365.37,1474.1381
2025-07-29T16:00:00,117365.37,118043.31,116900.00,117483.28,2047.2584
2025-07-29T20:00:00,117489.15,117985.02,117049.43,117933.39,637.1785
2025-07-30T00:00:00,117933.39,118249.16,117403.51,118148.05,347.8629
2025-07-30T04:00:00,118148.06,118416.47,117659.95,118121.00,292.3574
2025-07-30T08:00:00,118121.00,118494.92,117323.08,117571.99,268.0895
2025-07-30T12:00:00,117572.00,118809.43,117350.00,118010.09,1163.6654
2025-07-30T16:00:00,118010.09,118052.39,115728.49,116900.01,2062.2912
2025-07-30T20:00:00,116900.00,117935.30,116858.00,117830.15,513.4747
2025-07-31T00:00:00,117830.15,118621.56,117776.77,118476.40,492.2695
2025-07-31T04:00:00,118476.40,118920.00,118271.56,118677.41,401.0829
2025-07-31T08:00:00,118677.40,118773.24,118271.40,118345.67,248.6389
2025-07-31T12:00:00,118345.67,118699.00,117795.18,118288.23,937.2910
2025-07-31T16:00:00,118288.22,118888.00,116722.22,116757.77,1057.9652
2025-07-31T20:00:00,116759.71,116966.54,115500.00,115761.13,1510.4047
2025-08-01T00:00:00,115756.12,116065.12,114136.20,115638.66,1555.2452
2025-08-01T04:00:00,115637.69,115923.89,114605.00,115034.22,545.7553
2025-08-01T08:00:00,115032.40,115319.82,114058.29,115267.54,894.1722
2025-08-01T12:00:00,115267.53,115989.58,113916.85,115317.51,2643.4563
2025-08-01T16:00:00,115317.50,115676.41,113142.00,113247.92,2372.1343
2025-08-01T20:00:00,113236.47,114034.88,112659.00,113248.73,1185.8211
2025-08-02T00:00:00,113248.83,113873.19,113150.00,113871.57,465.8296
2025-08-02T04:00:00,113871.57,114023.58,113424.52,113942.01,317.2096
2025-08-02T08:00:00,113942.01,114005.58,113397.32,113761.44,265.1040
2025-08-02T12:00:00,113761.43,113761.44,112780.00,112805.74,497.1890
2025-08-02T16:00:00,112810.12,113401.19,112000.00,112203.87,881.5712
2025-08-02T20:00:00,112203.87,113039.45,112050.00,112542.74,519.6777
2025-08-03T00:00:00,112542.75,113731.05,111903.68,113580.62,564.9273
2025-08-03T04:00:00,113580.61,113730.08,113319.19,113701.61,161.9323
2025-08-03T08:00:00,113701.62,114238.99,113533.50,113857.28,256.3506
2025-08-03T12:00:00,113858.69,114089.00,113573.09,113941.38,324.4101
2025-08-03T16:00:00,113941.38,114794.99,113749.99,114331.12,481.0688
2025-08-03T20:00:00,114326.68,114628.23,114059.51,114215.73,423.6838
2025-08-04T00:00:00,114215.70,115000.00,114121.39,114578.63,507.5479
2025-08-04T04:00:00,114580.09,114792.93,114153.95,114665.21,322.7538
2025-08-04T08:00:00,114665.20,114773.63,114204.09,114504.62,269.7700
2025-08-04T12:00:00,114504.62,115484.00,114118.18,114818.95,1275.8699
2025-08-04T16:00:00,114818.94,115756.06,114696.88,114746.95,1557.5154
2025-08-04T20:00:00,114746.94,115363.04,114578.70,115051.85,722.0817
2025-08-05T00:00:00,115056.14,115112.75,114236.33,114241.62,450.6902
2025-08-05T04:00:00,114240.98,114505.40,113706.49,113952.07,328.0949
2025-08-05T08:00:00,113952.07,115079.06,113900.00,114807.47,407.1912
2025-08-05T12:00:00,114807.46,114890.00,112622.14,112907.97,1701.5304
2025-08-05T16:00:00,112906.96,113750.00,112779.91,113602.75,1671.1597
2025-08-05T20:00:00,113602.75,114223.26,113280.78,114112.95,384.7228
2025-08-06T00:00:00,114112.95,114147.00,113400.01,113504.04,333.6888
2025-08-06T04:00:00,113504.05,114416.95,113347.87,114220.34,320.0476
2025-08-06T08:00:00,114220.34,114400.00,113713.32,114226.23,298.5304
2025-08-06T12:00:00,114220.79,115581.51,113566.01,115417.96,1520.3169
2025-08-06T16:00:00,115417.10,115749.99,114936.40,115295.57,1418.7215
2025-08-06T20:00:00,115293.85,115300.57,114815.28,115028.83,590.0896
2025-08-07T00:00:00,115028.83,115218.91,114410.47,114566.78,396.7401
2025-08-07T04:00:00,114566.78,114901.97,114268.60,114813.00,420.5792
2025-08-07T08:00:00,114813.00,116850.00,114810.90,116535.61,781.6314
2025-08-07T12:00:00,116533.35,116848.27,116040.60,116732.65,1075.0649
2025-08-07T16:00:00,116732.64,117609.31,115673.04,117525.79,2133.4592
2025-08-07T20:00:00,117525.53,117687.00,117050.68,117515.49,996.7648
2025-08-08T00:00:00,117515.69,117687.00,116716.71,116777.39,563.1383
2025-08-08T04:00:00,116777.38,116999.43,116389.06,116851.97,409.7366
2025-08-08T08:00:00,116851.96,116965.67,116331.34,116930.25,270.8942
2025-08-08T12:00:00,116926.53,117330.80,115800.00,116212.94,1137.8111
2025-08-08T16:00:00,116212.95,116924.34,116001.61,116467.80,1853.7731
2025-08-08T20:00:00,116468.28,117000.00,116332.84,116683.79,635.1772
2025-08-09T00:00:00,116683.79,116767.22,116343.34,116394.98,810.8716
2025-08-09T04:00:00,116394.98,116990.00,116360.86,116772.96,363.6658
2025-08-09T08:00:00,116772.55,117937.89,116762.03,117134.05,402.5315
2025-08-09T12:00:00,117129.70,117247.64,116720.00,116912.04,306.5887
2025-08-09T16:00:00,116912.04,116972.03,116528.08,116569.86,288.9783
2025-08-09T20:00:00,116569.77,117062.29,116406.01,116492.51,413.5354
2025-08-10T00:00:00,116492.50,118517.15,116480.00,118515.20,551.2533
2025-08-10T04:00:00,118515.20,118773.35,117477.71,117814.16,552.3769
2025-08-10T08:00:00,117814.17,118517.65,117617.51,118335.59,212.3380
2025-08-10T12:00:00,118335.76,119117.68,118236.36,118803.04,556.4921
2025-08-10T16:00:00,118803.03,118950.00,118436.64,118675.53,261.2360
2025-08-10T20:00:00,118675.52,119324.08,118081.60,119309.37,716.9177
2025-08-11T00:00:00,119309.37,122161.33,119000.91,121709.49,2118.3224
2025-08-11T04:00:00,121709.49,122319.14,121452.53,121522.07,956.6023
2025-08-11T08:00:00,121522.07,121797.44,120248.43,120525.00,655.3455
2025-08-11T12:00:00,120525.00,120650.65,119333.35,120298.37,1324.4990
2025-08-11T16:00:00,120295.07,120796.74,118541.21,119068.36,1177.8090
2025-08-11T20:00:00,119071.05,119188.15,118050.00,118701.84,988.2298
2025-08-12T00:00:00,118701.83,119300.00,118607.84,118857.75,387.8166
2025-08-12T04:00:00,118857.75,119178.17,118419.00,118993.98,373.2744
2025-08-12T08:00:00,118993.97,119065.05,118190.81,118502.05,435.0255
2025-08-12T12:00:00,118502.08,119989.00,118256.18,119936.26,1500.2404
2025-08-12T16:00:00,119938.70,120199.99,119191.00,119655.97,1010.9736
2025-08-12T20:00:00,119661.29,120327.00,119499.38,120113.18,908.1278
2025-08-13T00:00:00,120109.04,120176.93,119075.08,119466.17,546.6824
2025-08-13T04:00:00,119466.17,119830.00,118931.34,119579.66,405.2100
2025-08-13T08:00:00,119582.46,120744.18,119457.88,120554.93,1104.0592
2025-08-13T12:00:00,120559.28,122242.36,120103.00,120941.15,2446.2956
2025-08-13T16:00:00,120941.16,122900.00,120941.16,122804.64,2069.8617
2025-08-13T20:00:00,122805.14,123740.24,122354.90,123365.63,1940.7771
2025-08-14T00:00:00,123365.63,124533.00,123305.94,123396.86,1295.6840
2025-08-14T04:00:00,123396.85,123477.15,121347.31,121773.02,980.7705
2025-08-14T08:00:00,121773.02,122084.58,120725.01,121017.92,892.8709
2025-08-14T12:00:00,121017.92,121216.64,117725.88,118298.79,3776.9145
2025-08-14T16:00:00,118290.30,118629.81,117208.97,117997.18,1887.9420
2025-08-14T20:00:00,118010.56,118617.45,117388.41,118389.79,1319.8675
2025-08-15T00:00:00,118389.79,119209.60,118092.70,119091.68,836.6323
2025-08-15T04:00:00,119090.99,119339.57,118732.11,119053.14,502.0667
2025-08-15T08:00:00,119052.95,119248.66,118682.86,119078.90,218.3983
2025-08-15T12:00:00,119082.83,119225.30,116859.32,117327.19,1456.6563
2025-08-15T16:00:00,117326.28,117939.94,116861.73,116997.52,1277.5325
2025-08-15T20:00:00,116997.52,117860.44,116925.37,117436.96,699.5133
2025-08-16T00:00:00,117436.95,118028.68,117322.82,117532.82,580.8238
2025-08-16T04:00:00,117532.82,118000.00,117387.80,117694.76,241.4646
2025-08-16T08:00:00,117698.15,117809.65,117222.01,117469.11,208.6606
2025-08-16T12:00:00,117469.12,117909.00,117416.82,117768.19,319.6659
2025-08-16T16:00:00,117768.20,117900.00,117700.00,117748.04,169.5644
2025-08-16T20:00:00,117748.04,117801.90,117300.00,117455.68,261.5150
2025-08-17T00:00:00,117455.69,117845.57,117249.49,117769.65,328.6897
2025-08-17T04:00:00,117769.66,118313.42,117767.80,118099.59,234.1534
2025-08-17T08:00:00,118099.59,118565.19,118010.84,118376.10,388.5350
2025-08-17T12:00:00,118376.10,118641.60,118132.02,118302.20,394.3677
2025-08-17T16:00:00,118302.20,118375.00,117383.20,117656.36,383.5810
2025-08-17T20:00:00,117649.85,118082.45,117445.38,117488.60,292.2908
2025-08-18T00:00:00,117488.59,117633.80,115068.00,115397.11,1467.1976
2025-08-18T04:00:00,115397.12,115807.46,114949.99,115283.52,869.4398
2025-08-18T08:00:00,115283.51,115472.65,114703.26,115015.51,888.6856
2025-08-18T12:00:00,115010.78,116249.99,114863.47,116208.06,1342.7384
2025-08-18T16:00:00,116206.56,116888.00,115900.91,116365.53,1256.3518
2025-08-18T20:00:00,116362.83,117046.65,116030.36,116286.76,938.4405
2025-08-19T00:00:00,116286.75,116792.87,114852.97,114864.96,897.2674
2025-08-19T04:00:00,114860.03,115518.52,114420.00,115020.64,716.1792
2025-08-19T08:00:00,115029.27,115706.16,114837.91,115550.06,453.7202
2025-08-19T12:00:00,115550.05,115922.62,113558.05,113791.91,2612.5308
2025-08-19T16:00:00,113791.91,113905.14,112720.00,113105.40,2292.0457
2025-08-19T20:00:00,113097.95,113573.80,112696.56,112856.19,946.8411
2025-08-20T00:00:00,112853.66,113646.85,112555.00,113521.93,856.5388
2025-08-20T04:00:00,113521.93,113845.00,113429.11,113491.90,389.6329
2025-08-20T08:00:00,113491.90,114042.83,113023.77,113667.96,789.1304
2025-08-20T12:00:00,113661.58,114336.00,112344.11,113347.09,1856.4071
2025-08-20T16:00:00,113347.08,114458.52,113232.00,114279.30,1167.6591
2025-08-20T20:00:00,114279.30,114627.37,113992.42,114276.00,704.9078
2025-08-21T00:00:00,114276.00,114812.00,113895.87,113953.70,755.7634
2025-08-21T04:00:00,113950.23,114029.01,113550.19,113873.16,484.4918
2025-08-21T08:00:00,113873.16,113976.00,112975.93,113121.25,702.8304
2025-08-21T12:00:00,113121.24,113980.00,112561.79,112762.44,1926.7374
2025-08-21T16:00:00,112765.93,112950.22,111964.00,112160.29,1541.7162
2025-08-21T20:00:00,112148.58,112833.18,112031.34,112480.30,622.2052
2025-08-22T00:00:00,112480.29,113498.32,112290.84,112890.92,796.3876
2025-08-22T04:00:00,112890.91,113353.64,112661.57,113042.75,670.7467
2025-08-22T08:00:00,113046.98,113275.64,112141.38,112285.28,508.1880
2025-08-22T12:00:00,112292.41,117312.70,111649.75,116366.84,3866.1342
2025-08-22T16:00:00,116370.10,117416.73,116104.40,116648.95,2014.4871
2025-08-22T20:00:00,116645.36,117186.68,116530.32,116908.68,691.7773
2025-08-23T00:00:00,116911.90,116999.03,115400.02,115509.75,523.2887
2025-08-23T04:00:00,115509.75,115986.17,115492.20,115762.06,306.3120
2025-08-23T08:00:00,115762.08,115830.90,115129.35,115249.95,261.9963
2025-08-23T12:00:00,115261.55,115441.60,114505.00,114770.00,621.0021
2025-08-23T16:00:00,114770.01,115154.99,114637.40,115098.49,315.6350
2025-08-23T20:00:00,115100.69,115396.27,114962.64,115383.87,217.1852
2025-08-24T00:00:00,115383.87,115616.53,114880.12,114986.76,327.3516
2025-08-24T04:00:00,114986.76,115247.33,114795.39,114837.10,180.8980
2025-08-24T08:00:00,114839.21,115010.70,114548.45,114697.43,218.3421
2025-08-24T12:00:00,114697.06,114839.65,114310.09,114368.38,551.6930
2025-08-24T16:00:00,114368.39,114865.26,110635.00,112588.10,2207.6027
2025-08-24T20:00:00,112577.95,113677.84,111613.24,113478.00,1116.8759
2025-08-25T00:00:00,113478.00,113645.32,112135.98,112883.89,776.7949
2025-08-25T04:00:00,112883.89,113034.82,111265.62,111479.54,880.6927
2025-08-25T08:00:00,111480.85,111816.09,110894.14,111189.32,1003.6991
2025-08-25T12:00:00,111189.27,112567.58,110555.26,112187.03,2073.4394
2025-08-25T16:00:00,112187.03,112932.52,110641.09,110693.42,1194.8150
2025-08-25T20:00:00,110693.42,111081.81,109275.74,110127.74,2579.7656
2025-08-26T00:00:00,110127.74,110127.74,108670.00,109899.97,1735.4825
2025-08-26T04:00:00,109901.04,110560.24,109762.54,110302.51,574.2791
2025-08-26T08:00:00,110302.51,110460.73,109550.00,109876.00,626.7468
2025-08-26T12:00:00,109876.00,110810.22,109337.48,109657.06,1906.9913
2025-08-26T16:00:00,109657.06,111183.30,109432.81,111125.26,1805.5863
2025-08-26T20:00:00,111119.96,112399.99,110921.91,111788.01,1086.4792
2025-08-27T00:00:00,111788.04,111832.10,110922.63,111426.39,539.9402
2025-08-27T04:00:00,111426.39,111740.09,110639.90,110737.17,349.6616
2025-08-27T08:00:00,110737.17,111406.82,110351.11,111323.01,492.5613
2025-08-27T12:00:00,111323.00,112683.39,111009.81,112027.96,1394.5909
2025-08-27T16:00:00,112027.96,112639.41,111565.09,112078.96,1161.4964
2025-08-27T20:00:00,112077.25,112457.03,110930.48,111253.21,1213.1708
2025-08-28T00:00:00,111253.22,112049.33,110858.78,112013.83,484.4091
2025-08-28T04:00:00,112013.84,113364.92,111947.95,113127.51,629.4669
2025-08-28T08:00:00,113127.50,113360.49,112810.50,112924.36,482.0697
2025-08-28T12:00:00,112924.36,113480.00,112380.80,112692.44,1109.7133
2025-08-28T16:00:00,112692.43,113216.42,111895.32,111905.45,1252.4660
2025-08-28T20:00:00,111905.45,112589.00,111862.39,112574.85,679.1669
2025-08-29T00:00:00,112574.84,112642.53,111315.03,111712.23,771.8415
2025-08-29T04:00:00,111712.24,111867.31,109907.05,110020.05,711.4590
2025-08-29T08:00:00,110020.06,110287.35,109400.00,110115.36,696.8174
2025-08-29T12:00:00,110115.36,111505.00,108089.45,108396.96,2570.8527
2025-08-29T16:00:00,108393.30,108852.59,107900.35,108213.98,1854.3226
2025-08-29T20:00:00,108207.81,108566.26,107469.13,108378.32,1200.8006
2025-08-30T00:00:00,108378.32,108434.85,107369.69,108434.84,773.1579
2025-08-30T04:00:00,108434.85,108667.39,108101.52,108519.24,570.7258
2025-08-30T08:00:00,108514.63,108761.64,108394.70,108681.98,258.7532
2025-08-30T12:00:00,108681.98,108928.79,108202.21,108866.31,507.8363
2025-08-30T16:00:00,108859.29,108920.00,108608.29,108842.86,376.4348
2025-08-30T20:00:00,108842.87,108849.52,108458.72,108827.93,341.7667
2025-08-31T00:00:00,108827.92,109489.79,108803.04,109226.77,556.2662
2025-08-31T04:00:00,109226.78,109241.73,108518.89,108714.38,307.2889
2025-08-31T08:00:00,108711.75,109111.78,108311.70,108380.17,317.7142
2025-08-31T12:00:00,108380.16,108846.15,108181.54,108803.24,508.6938
2025-08-31T16:00:00,108803.24,109234.14,108550.52,108932.62,436.4226
2025-08-31T20:00:00,108932.62,109239.17,108060.79,108247.95,576.1239
2025-09-01T00:00:00,108247.95,108482.14,107392.76,107646.69,1252.6912
2025-09-01T04:00:00,107646.68,109440.53,107250.00,109433.59,672.9314
2025-09-01T08:00:00,109433.58,109907.51,108160.81,108772.90,770.2698
2025-09-01T12:00:00,108772.89,109533.12,108565.10,108788.19,681.3533
2025-09-01T16:00:00,108788.17,109328.05,108398.31,109213.70,690.2818
2025-09-01T20:00:00,109216.34,109446.26,107448.28,109240.55,1329.4363
2025-09-02T00:00:00,109240.55,110621.33,108881.76,110326.51,1033.5343
2025-09-02T04:00:00,110326.50,110621.21,109982.85,110241.50,544.8519
2025-09-02T08:00:00,110239.71,110711.07,109577.88,109746.15,555.0840
2025-09-02T12:00:00,109746.14,111801.86,108400.00,110845.33,2884.4443
2025-09-02T16:00:00,110839.53,111149.69,110188.15,110809.89,1563.5036
2025-09-02T20:00:00,110809.15,111559.30,110707.81,111247.94,816.9878
2025-09-03T00:00:00,111247.94,111781.00,110875.93,111044.31,615.5762
2025-09-03T04:00:00,111044.30,111161.58,110533.77,111104.35,362.6173
2025-09-03T08:00:00,111104.37,111730.11,110888.97,111463.71,382.7896
2025-09-03T12:00:00,111463.72,112547.31,111048.80,112239.48,1721.5053
2025-09-03T16:00:00,112239.47,112600.00,111685.22,112240.18,1419.9881
2025-09-03T20:00:00,112236.76,112308.14,111657.87,111756.41,702.9739
2025-09-04T00:00:00,111756.40,112235.60,111165.07,111182.13,650.7579
2025-09-04T04:00:00,111182.13,111363.90,110308.92,110486.94,604.6469
2025-09-04T08:00:00,110486.94,111178.60,110436.74,110844.24,450.8395
2025-09-04T12:00:00,110844.25,111158.50,109321.00,109505.32,1621.7596
2025-09-04T16:00:00,109508.92,110225.80,109338.00,109808.31,1191.0097
2025-09-04T20:00:00,109807.39,111756.36,109750.00,110720.79,734.7005
2025-09-05T00:00:00,110714.48,111497.21,110441.63,111313.82,450.2395
2025-09-05T04:00:00,111316.92,113000.00,111145.40,112961.08,679.8977
2025-09-05T08:00:00,112961.07,112996.77,112131.82,112350.13,677.0669
2025-09-05T12:00:00,112350.13,113390.00,110256.44,110714.50,2914.5104
2025-09-05T16:00:00,110716.14,111646.73,110202.36,111630.22,1627.4432
2025-09-05T20:00:00,111630.21,111710.42,110368.26,110670.02,869.4335
2025-09-06T00:00:00,110670.02,111317.65,110557.34,111093.53,281.5657
2025-09-06T04:00:00,111095.12,111095.15,110702.12,110838.71,163.5299
2025-09-06T08:00:00,110838.70,110980.02,110672.38,110796.75,142.1596
2025-09-06T12:00:00,110798.20,111014.97,110369.70,110398.38,280.3130
2025-09-06T16:00:00,110400.22,110425.94,109993.00,110060.61,493.3239
2025-09-06T20:00:00,110060.61,110314.34,110044.60,110212.60,260.7581
2025-09-07T00:00:00,110214.21,110758.69,110200.01,110641.71,226.7045
2025-09-07T04:00:00,110641.71,110926.06,110476.93,110766.84,202.2455
2025-09-07T08:00:00,110768.76,111389.94,110718.09,111303.16,256.3568
2025-09-07T12:00:00,111303.15,111403.23,111022.71,111324.58,257.9196
2025-09-07T16:00:00,111324.58,111362.09,110862.83,111257.49,269.2179
2025-09-07T20:00:00,111257.48,111600.00,110994.41,111129.61,433.6732
2025-09-08T00:00:00,111120.38,111353.43,110600.00,111040.91,549.1587
2025-09-08T04:00:00,111040.89,111600.00,110884.74,111264.76,382.5369
2025-09-08T08:00:00,111264.76,112195.49,111236.12,112038.45,802.5919
2025-09-08T12:00:00,112038.45,112940.84,111866.48,112634.02,1464.2109
2025-09-08T16:00:00,112634.02,112687.25,112000.00,112107.76,1216.7800
2025-09-08T20:00:00,112119.00,112528.96,111899.99,112072.57,743.1545
2025-09-09T00:00:00,112072.57,112112.41,111115.35,111711.01,703.3647
2025-09-09T04:00:00,111711.01,113292.96,111632.00,112999.93,974.0154
2025-09-09T08:00:00,112999.92,113173.91,112411.81,112439.83,472.4306
2025-09-09T12:00:00,112439.27,112975.00,110765.72,110872.45,1689.7321
2025-09-09T16:00:00,110872.47,111414.17,110769.98,111305.71,800.5879
2025-09-09T20:00:00,111305.71,111749.05,111075.10,111549.32,518.3267
2025-09-10T00:00:00,111546.61,111600.00,110919.55,111541.36,569.1035
2025-09-10T04:00:00,111545.22,112595.54,111362.56,112536.82,596.9611
2025-09-10T08:00:00,112536.85,112847.87,112089.25,112306.06,657.0889
2025-09-10T12:00:00,112306.06,114362.10,112300.00,113877.22,3320.7186
2025-09-10T16:00:00,113880.89,114118.83,113179.90,113610.00,1348.7464
2025-09-10T20:00:00,113611.47,114074.64,113562.73,113983.97,757.3750
2025-09-11T00:00:00,113983.98,114518.45,113703.06,114430.85,550.3156
2025-09-11T04:00:00,114430.84,114497.13,113984.04,114123.13,435.4609
2025-09-11T08:00:00,114123.12,114239.50,113792.77,114048.47,422.3424
2025-09-11T12:00:00,114048.47,114754.95,113433.92,114210.00,2523.0239
2025-09-11T16:00:00,114210.00,114652.92,114120.35,114464.00,911.8844
2025-09-11T20:00:00,114463.99,115554.53,114294.81,115540.00,732.3336
2025-09-12T00:00:00,115540.01,116365.54,115086.52,115235.43,908.9788
2025-09-12T04:00:00,115230.00,115729.70,115120.42,115142.78,611.5581
2025-09-12T08:00:00,115146.93,115313.84,114903.99,114962.27,357.8441
2025-09-12T12:00:00,114962.25,115535.88,114774.19,115173.79,857.6925
2025-09-12T16:00:00,115168.04,116833.25,115076.96,116793.73,2803.9118
2025-09-12T20:00:00,116793.31,116793.31,115846.82,116106.03,953.5911
2025-09-13T00:00:00,116106.03,116378.04,115664.67,116015.98,453.0628
2025-09-13T04:00:00,116015.97,116015.98,115723.27,115840.50,230.7947
2025-09-13T08:00:00,115840.49,116250.00,115838.79,116036.02,258.1071
2025-09-13T12:00:00,116036.01,116133.00,115668.86,115840.08,379.5283
2025-09-13T16:00:00,115840.09,115887.29,115177.53,115860.71,563.0189
2025-09-13T20:00:00,115860.70,116058.25,115849.40,115968.35,288.9848
2025-09-14T00:00:00,115968.33,116175.00,115696.96,115732.02,270.1707
2025-09-14T04:00:00,115732.73,116006.59,115511.00,115856.99,146.1176
2025-09-14T08:00:00,115856.99,116226.61,115805.98,115862.27,187.8143
2025-09-14T12:00:00,115862.27,115939.33,115219.14,115270.92,455.4534
2025-09-14T16:00:00,115270.94,115713.17,115235.34,115693.34,303.9341
2025-09-14T20:00:00,115693.34,116146.99,115166.00,115314.13,604.3968
2025-09-15T00:00:00,115314.12,115633.35,114865.08,115471.53,712.2589
2025-09-15T04:00:00,115471.52,116802.00,115435.50,115856.02,909.9146
2025-09-15T08:00:00,115856.01,115856.03,114642.00,115091.92,806.0963
2025-09-15T12:00:00,115091.92,115120.00,114395.84,114876.00,1443.2859
2025-09-15T16:00:00,114870.22,115594.82,114617.60,115327.01,1649.7326
2025-09-15T20:00:00,115326.01,115644.20,115219.56,115381.08,621.3903
2025-09-16T00:00:00,115381.07,115553.74,114969.53,115324.37,432.8518
2025-09-16T04:00:00,115324.36,116037.57,114951.50,115867.80,557.5280
2025-09-16T08:00:00,115867.79,116010.18,115227.23,115298.02,473.0098
2025-09-16T12:00:00,115298.01,115949.91,114750.00,115940.01,1163.0844
2025-09-16T16:00:00,115942.02,116940.00,115630.62,116866.13,2489.2540
2025-09-16T20:00:00,116866.14,117000.00,116635.13,116832.56,896.8552
2025-09-17T00:00:00,116832.56,117146.19,116411.29,116415.29,796.8866
2025-09-17T04:00:00,116415.29,117327.24,116200.62,117208.39,844.9254
2025-09-17T08:00:00,117208.40,117261.66,116263.90,116278.64,473.4148
2025-09-17T12:00:00,116278.63,116537.55,115500.01,115909.49,918.6249
2025-09-17T16:00:00,115909.49,116384.90,114724.57,115699.28,3021.6718
2025-09-17T20:00:00,115691.38,117024.00,115359.16,116484.40,1095.7768
2025-09-18T00:00:00,116484.40,117950.68,116125.08,117615.37,1540.5455
2025-09-18T04:00:00,117615.37,117796.40,116912.51,117110.22,688.9126
2025-09-18T08:00:00,117110.21,117447.46,117037.40,117093.99,603.7108
2025-09-18T12:00:00,117094.00,117903.23,117010.00,117632.01,1862.9008
2025-09-18T16:00:00,117632.02,117998.17,117232.00,117503.13,1581.7027
2025-09-18T20:00:00,117506.77,117729.97,116674.12,117117.99,862.6471
2025-09-19T00:00:00,117117.99,117516.36,116924.01,117028.50,652.0286
2025-09-19T04:00:00,117028.50,117156.43,116684.78,116958.41,715.3462
2025-09-19T08:00:00,116959.99,117153.18,116331.15,116433.58,876.1229
2025-09-19T12:00:00,116433.58,116580.95,115491.43,115936.02,1372.4125
2025-09-19T16:00:00,115936.01,116211.99,115141.23,115166.00,1672.7746
2025-09-19T20:00:00,115165.99,115713.30,115132.71,115690.55,585.4308
2025-09-20T00:00:00,115690.55,115798.02,115463.22,115516.43,299.1938
2025-09-20T04:00:00,115516.43,116062.41,115466.31,116030.48,465.4474
2025-09-20T08:00:00,116030.04,116030.05,115715.00,115938.77,286.1888
2025-09-20T12:00:00,115938.77,116194.63,115860.64,116060.73,551.8467
2025-09-20T16:00:00,116061.12,116173.69,115763.45,115763.46,615.3945
2025-09-20T20:00:00,115763.45,116016.90,115675.03,115752.40,612.7791
2025-09-21T00:00:00,115752.90,115812.40,115500.00,115730.83,327.2321
2025-09-21T04:00:00,115732.59,115899.66,115553.13,115895.38,413.2547
2025-09-21T08:00:00,115895.38,115900.02,115386.87,115682.43,187.9810
2025-09-21T12:00:00,115682.44,115825.92,115518.00,115585.02,251.7338
2025-09-21T16:00:00,115585.02,115730.46,115250.00,115553.78,359.3955
2025-09-21T20:00:00,115553.78,115612.82,115237.16,115282.27,531.4217
2025-09-22T00:00:00,115282.26,115441.37,114201.00,114719.07,1370.1516
2025-09-22T04:00:00,114719.06,114729.73,111761.22,112586.65,2300.6062
2025-09-22T08:00:00,112590.51,113055.57,112245.48,112956.04,826.8550
2025-09-22T12:00:00,112956.04,113568.27,112458.79,112903.40,1830.2887
2025-09-22T16:00:00,112903.41,112968.74,112004.34,112192.00,1420.5607
2025-09-22T20:00:00,112192.00,113054.92,112042.00,112736.59,745.9574
2025-09-23T00:00:00,112736.59,112925.80,111554.38,112430.00,700.8579
2025-09-23T04:00:00,112430.00,113188.47,111950.00,113157.04,518.6725
2025-09-23T08:00:00,113157.04,113349.59,112740.65,113052.04,466.8408
2025-09-23T12:00:00,113052.03,113357.00,112538.63,112932.29,1034.6937
2025-09-23T16:00:00,112932.30,113018.35,111538.85,111679.02,1336.9093
2025-09-23T20:00:00,111679.04,112258.34,111502.08,112017.21,454.0719
2025-09-24T00:00:00,112017.21,112529.92,111703.00,111716.00,791.7338
2025-09-24T04:00:00,111715.99,112809.86,111066.07,112620.28,639.2750
2025-09-24T08:00:00,112623.00,113194.08,112430.01,113047.99,402.6259
2025-09-24T12:00:00,113047.98,113950.00,112832.74,113396.02,1133.7630
2025-09-24T16:00:00,113396.01,113999.98,113181.66,113477.89,1229.5800
2025-09-24T20:00:00,113475.74,113695.11,113232.19,113348.17,735.9053
2025-09-25T00:00:00,113348.16,113561.35,112222.83,112538.26,1043.8793
2025-09-25T04:00:00,112538.26,112620.58,111458.00,111783.46,850.1448
2025-09-25T08:00:00,111783.98,112269.59,111302.88,111379.31,524.2837
2025-09-25T12:00:00,111379.30,111775.13,110625.82,111647.16,2449.9803
2025-09-25T16:00:00,111647.15,111739.11,108623.70,109391.38,3362.3460
2025-09-25T20:00:00,109391.48,109729.45,108789.00,109035.72,966.6323
2025-09-26T00:00:00,109036.00,109851.24,108855.91,109621.17,840.2310
2025-09-26T04:00:00,109621.17,109683.26,108967.93,109396.14,763.3052
2025-09-26T08:00:00,109396.13,109777.09,108645.02,109181.28,555.2678
2025-09-26T12:00:00,109179.73,109851.96,108817.02,109071.38,2454.6691
2025-09-26T16:00:00,109071.39,110369.99,109066.57,109218.56,1561.5774
2025-09-26T20:00:00,109216.01,109744.13,109139.18,109697.29,651.1193
2025-09-27T00:00:00,109697.29,109815.08,109376.28,109617.14,392.6876
2025-09-27T04:00:00,109612.69,109801.42,109381.45,109450.33,296.6685
2025-09-27T08:00:00,109450.33,109538.69,109116.00,109367.28,315.1932
2025-09-27T12:00:00,109367.28,109539.99,109239.81,109440.49,336.1224
2025-09-27T16:00:00,109440.49,109526.44,109287.96,109470.20,362.7552
2025-09-27T20:00:00,109470.19,109756.84,109400.00,109681.16,247.0602
2025-09-28T00:00:00,109681.15,109840.85,109371.03,109491.36,355.2762
2025-09-28T04:00:00,109491.37,109590.27,109301.00,109554.67,135.7687
2025-09-28T08:00:00,109554.66,109625.00,109292.15,109418.27,231.2106
2025-09-28T12:00:00,109419.99,110071.91,109230.98,110071.91,384.6645
2025-09-28T16:00:00,110068.02,110423.55,110025.00,110356.68,433.9909
2025-09-28T20:00:00,110356.68,112385.84,110300.19,112197.67,856.1863
2025-09-29T00:00:00,112197.66,112348.19,111607.05,111900.48,775.3800
2025-09-29T04:00:00,111900.47,111943.61,111582.65,111910.49,443.0418
2025-09-29T08:00:00,111910.48,112458.48,111910.48,112144.59,527.7756
2025-09-29T12:00:00,112144.59,114323.68,111940.72,113884.28,2000.5808
2025-09-29T16:00:00,113885.10,114473.00,113510.13,114325.41,1023.7661
2025-09-29T20:00:00,114325.41,114490.00,114069.15,114365.07,782.8734
2025-09-30T00:00:00,114361.66,114850.00,114105.99,114429.15,598.9396
2025-09-30T04:00:00,114432.01,114432.01,113639.77,113757.98,491.9051
2025-09-30T08:00:00,113757.99,113798.37,112695.85,113090.86,774.4997
2025-09-30T12:00:00,113090.85,113739.97,112895.88,113135.87,998.9421
2025-09-30T16:00:00,113135.87,114600.00,112803.57,114378.49,1440.9779
2025-09-30T20:00:00,114378.49,114782.82,113760.05,114067.71,738.8271
2025-10-01T00:00:00,114067.71,114577.39,113975.50,114198.94,1158.9898
2025-10-01T04:00:00,114198.95,114763.53,114163.03,114566.13,1154.8902
2025-10-01T08:00:00,114560.71,116835.91,114509.16,116825.23,1811.7686
2025-10-01T12:00:00,116822.51,117727.00,116396.34,117511.58,2344.2664
2025-10-01T16:00:00,117511.60,118280.00,116773.01,117501.25,2145.1869
2025-10-01T20:00:00,117501.24,118718.80,117211.60,118659.97,1072.0210
2025-10-02T00:00:00,118662.72,119498.09,118421.81,118791.69,1258.9951
2025-10-02T04:00:00,118791.68,118994.24,118336.01,118561.86,559.0447
2025-10-02T08:00:00,118561.86,118999.00,118416.01,118835.99,397.8496
2025-10-02T12:00:00,118836.00,119997.98,118581.00,119997.97,2139.1778
2025-10-02T16:00:00,119997.98,121111.00,119435.97,120932.04,2868.4725
2025-10-02T20:00:00,120924.19,121016.90,120151.20,120621.32,1593.3628
2025-10-03T00:00:00,120621.33,120655.68,119922.02,120332.06,1239.4061
2025-10-03T04:00:00,120330.55,120428.50,119700.00,119727.67,992.0623
2025-10-03T08:00:00,119727.68,120623.75,119327.83,120421.46,1154.4743
2025-10-03T12:00:00,120421.46,122484.78,119971.71,122372.75,2620.6154
2025-10-03T16:00:00,122377.74,123996.81,121530.00,122778.00,5006.3864
2025-10-03T20:00:00,122768.42,122830.99,122090.09,122318.40,822.1428
2025-10-04T00:00:00,122318.39,122415.99,121756.93,122331.63,623.0316
2025-10-04T04:00:00,122331.63,122896.00,122303.78,122390.37,416.2482
2025-10-04T08:00:00,122390.37,122611.30,122026.85,122042.17,255.6275
2025-10-04T12:00:00,122042.18,122577.90,121773.25,121866.79,443.1797
2025-10-04T16:00:00,121869.82,122040.12,121572.64,122040.11,654.3945
2025-10-04T20:00:00,122040.12,122475.00,121890.98,122458.56,312.8067
2025-10-05T00:00:00,122458.55,124400.00,122195.28,123811.24,1149.1095
2025-10-05T04:00:00,123811.25,125750.00,123776.02,124736.13,1857.6514
2025-10-05T08:00:00,124737.61,124850.00,122504.03,123474.75,1088.3688
2025-10-05T12:00:00,123474.75,123474.75,122694.00,122835.87,413.3345
2025-10-05T16:00:00,122835.87,123508.01,122340.03,122625.04,724.2197
2025-10-05T20:00:00,122625.04,123608.33,122502.12,123520.79,588.0863
2025-10-06T00:00:00,123520.80,124432.61,123115.77,123892.22,971.8873
2025-10-06T04:00:00,123886.85,124200.00,123325.01,123429.52,568.0629
2025-10-06T08:00:00,123429.52,124581.09,123429.51,124264.70,544.3966
2025-10-06T12:00:00,124264.70,125480.00,124230.00,125060.76,2381.7616
2025-10-06T16:00:00,125060.76,126296.00,124859.00,125474.93,3108.4560
2025-10-06T20:00:00,125474.93,125605.99,124576.15,124720.09,1560.7441
2025-10-07T00:00:00,124723.57,125150.00,124173.16,124387.25,953.3163
2025-10-07T04:00:00,124387.25,124724.16,123639.00,123750.87,730.2935
2025-10-07T08:00:00,123751.33,124617.87,123395.00,124555.52,900.1101
2025-10-07T12:00:00,124552.12,125226.34,121261.84,121914.66,2762.2123
2025-10-07T16:00:00,121911.44,122156.30,120636.00,121695.48,2581.1993
2025-10-07T20:00:00,121701.10,122363.06,121335.80,121393.95,772.7092
2025-10-08T00:00:00,121393.96,122297.99,121262.74,121430.13,974.2302
2025-10-08T04:00:00,121430.13,121959.29,121090.06,121633.51,985.3759
2025-10-08T08:00:00,121633.52,123256.49,121546.00,122910.51,724.9841
2025-10-08T12:00:00,122910.50,123390.00,121681.92,122225.01,1306.9488
2025-10-08T16:00:00,122225.01,124254.31,122146.58,123467.99,2037.5118
2025-10-08T20:00:00,123468.17,123754.00,122842.30,123343.25,698.8977
2025-10-09T00:00:00,123343.24,123388.56,121500.00,122069.36,685.3369
2025-10-09T04:00:00,122069.38,122300.00,121750.01,121952.03,517.7974
2025-10-09T08:00:00,121952.03,122907.69,121175.76,122783.30,712.3056
2025-10-09T12:00:00,122783.29,123822.08,120728.19,121213.41,2185.0729
2025-10-09T16:00:00,121206.00,121532.51,119713.65,121040.00,2247.9925
2025-10-09T20:00:00,121046.97,121833.98,120918.42,121714.51,631.6467
2025-10-10T00:00:00,121714.51,121948.77,120963.86,121078.09,679.3182
2025-10-10T04:00:00,121078.10,121798.75,120884.52,120991.04,658.7067
2025-10-10T08:00:00,120992.63,121830.29,120963.85,121600.00,681.4143
2025-10-10T12:00:00,121600.01,122600.00,118490.75,119064.09,3348.5001
2025-10-10T16:00:00,119064.08,119489.37,115946.13,116670.01,4136.4463
2025-10-10T20:00:00,116673.01,117224.22,107000.00,112980.28,12927.9582
2025-10-11T00:00:00,112976.01,113439.99,111165.07,112417.34,3108.1570
2025-10-11T04:00:00,112415.11,113105.86,110215.00,110518.61,1817.3870
2025-10-11T08:00:00,110515.02,112465.61,110280.33,112390.37,1159.2790
2025-10-11T12:00:00,112390.34,112636.70,111900.00,111907.99,1151.0979
2025-10-11T16:00:00,111907.45,112310.70,110967.03,111301.55,1110.7735
2025-10-11T20:00:00,111301.57,111484.10,109683.96,110768.89,1695.1877
2025-10-12T00:00:00,110768.90,111489.00,109687.46,110790.00,1576.7813
2025-10-12T04:00:00,110794.05,112218.04,110717.31,111618.00,875.7214
2025-10-12T08:00:00,111615.97,112161.85,111195.50,111887.54,632.1134
2025-10-12T12:00:00,111886.03,113800.00,111210.00,113246.19,2513.0258
2025-10-12T16:00:00,113246.19,114780.57,113246.19,114420.86,1936.7042
2025-10-12T20:00:00,114420.85,115847.00,114350.92,115067.98,2164.6896
2025-10-13T00:00:00,115067.96,116077.51,114719.37,114928.58,1229.2724
2025-10-13T04:00:00,114928.57,115632.45,114500.00,115481.11,857.1405
2025-10-13T08:00:00,115474.65,115522.15,113700.27,114278.99,769.1923
2025-10-13T12:00:00,114278.98,115646.00,113898.97,114425.77,2619.0574
2025-10-13T16:00:00,114425.77,115995.74,114308.44,115899.11,1830.2144
2025-10-13T20:00:00,115899.12,115994.00,115087.66,115274.03,842.8840
2025-10-14T00:00:00,115274.03,115514.91,113343.30,113574.95,1778.8510
2025-10-14T04:00:00,113574.95,113768.23,111444.00,111799.44,1850.4684
2025-10-14T08:00:00,111794.00,112228.01,110127.00,111394.48,1773.1803
2025-10-14T12:00:00,111395.66,112979.99,109945.86,112960.11,2792.5847
2025-10-14T16:00:00,112954.84,113611.36,111756.05,112664.75,2690.5409
2025-10-14T20:00:00,112660.02,113639.19,112265.02,113068.00,1069.7292
2025-10-15T00:00:00,113072.18,113671.99,111868.20,112073.90,1107.0087
2025-10-15T04:00:00,112075.40,112755.54,111793.73,112642.34,839.6819
2025-10-15T08:00:00,112633.69,113564.00,111747.77,112000.01,835.5856
2025-10-15T12:00:00,112000.00,112322.49,110429.41,110867.71,2201.7815
2025-10-15T16:00:00,110864.01,111613.54,110185.87,111318.21,1369.5687
2025-10-15T20:00:00,111313.45,111615.99,110530.36,110804.12,1086.4115
2025-10-16T00:00:00,110804.11,111905.84,110400.02,111383.51,937.8107
2025-10-16T04:00:00,111383.76,111810.02,110499.99,110575.99,2290.8744
2025-10-16T08:00:00,110578.02,111750.00,108500.00,111443.19,2225.0903
2025-10-16T12:00:00,111446.59,112021.07,108379.85,108591.19,3073.5456
2025-10-16T16:00:00,108586.00,109322.49,107600.37,108246.33,4728.7259
2025-10-16T20:00:00,108249.40,108534.00,107464.53,108198.00,1536.7409
2025-10-17T00:00:00,108197.99,109262.17,107915.07,109211.22,1030.1062
2025-10-17T04:00:00,109207.13,109269.97,105510.13,105614.00,1845.9442
2025-10-17T08:00:00,105614.33,106647.01,103516.75,105681.29,3654.7561
2025-10-17T12:00:00,105681.89,106862.04,104553.98,106800.00,4012.6003
2025-10-17T16:00:00,106800.01,107576.94,106086.00,106484.00,2209.2142
2025-10-17T20:00:00,106490.41,107480.00,106360.38,106463.30,1071.7238
2025-10-18T00:00:00,106462.09,107363.84,106357.69,107119.46,788.8929
2025-10-18T04:00:00,107119.46,107535.68,106476.72,106725.61,801.4140
2025-10-18T08:00:00,106727.98,107265.50,106659.24,107251.98,434.8793
2025-10-18T12:00:00,107251.99,107350.26,106769.80,106989.94,544.4604
2025-10-18T16:00:00,106989.95,107136.94,106511.53,107115.29,532.1245
2025-10-18T20:00:00,107115.29,107394.62,106872.03,107208.91,450.8384
2025-10-19T00:00:00,107208.91,107398.69,106747.45,107300.01,543.6456
2025-10-19T04:00:00,107300.00,107316.08,106581.41,106808.56,369.8630
2025-10-19T08:00:00,106808.56,108278.93,106091.25,107817.99,1237.0426
2025-10-19T12:00:00,107818.31,108660.00,107394.17,108521.99,840.0756
2025-10-19T16:00:00,108522.00,109499.00,108278.19,108948.70,1203.2421
2025-10-19T20:00:00,108948.01,109415.58,108500.98,108676.78,647.7692
2025-10-20T00:00:00,108676.77,110451.88,107449.91,110181.41,1212.5752
2025-10-20T04:00:00,110179.76,111447.30,109962.08,111234.70,1164.4080
2025-10-20T08:00:00,111232.98,111685.23,110641.63,111049.41,498.5437
2025-10-20T12:00:00,111049.41,111748.60,110610.91,111167.39,1352.7940
2025-10-20T16:00:00,111178.45,111351.54,109875.47,110840.00,1345.7358
2025-10-20T20:00:00,110836.00,111303.44,110422.01,110568.06,712.3787
2025-10-21T00:00:00,110568.05,110570.00,109100.00,109100.02,1214.3932
2025-10-21T04:00:00,109100.03,109100.03,107444.60,108103.61,1420.3314
2025-10-21T08:00:00,108098.00,108854.96,107500.02,108604.02,1102.0550
2025-10-21T12:00:00,108604.02,113611.24,107915.90,113484.00,4230.9930
2025-10-21T16:00:00,113483.83,114082.29,111389.81,111841.00,2966.8836
2025-10-21T20:00:00,111845.83,111870.15,108100.00,108362.27,1955.7956
2025-10-22T00:00:00,108357.99,108730.92,107891.00,108273.42,1171.4502
2025-10-22T04:00:00,108272.83,108695.57,107657.81,108368.57,765.4230
2025-10-22T08:00:00,108368.56,108429.64,106800.00,107592.92,1049.2759
2025-10-22T12:00:00,107592.92,109188.27,107491.00,108426.40,2737.6660
2025-10-22T16:00:00,108426.43,108810.40,107461.49,107846.83,2187.7686
2025-10-22T20:00:00,107857.98,108075.59,106639.00,107585.98,1399.7563
2025-10-23T00:00:00,107588.02,108748.97,107511.46,108391.59,774.6275
2025-10-23T04:00:00,108391.59,110340.17,108375.99,109289.99,926.0738
2025-10-23T08:00:00,109290.00,109933.19,109137.99,109284.22,497.6765
2025-10-23T12:00:00,109284.21,110148.76,108703.61,109944.02,1597.8545
2025-10-23T16:00:00,109944.02,111342.60,109669.19,110247.60,1719.2875
2025-10-23T20:00:00,110244.52,110258.53,109394.61,110116.03,1365.8386
2025-10-24T00:00:00,110116.02,110861.20,110024.06,110486.58,733.1275
2025-10-24T04:00:00,110487.96,111578.25,110374.01,111096.85,917.3922
2025-10-24T08:00:00,111096.84,111534.36,110629.93,111100.64,633.7430
2025-10-24T12:00:00,111100.97,112158.39,109725.51,110070.09,2089.1244
2025-10-24T16:00:00,110070.08,110980.70,109804.93,110624.14,886.0389
2025-10-24T20:00:00,110624.01,111174.00,110485.40,111042.13,655.6688
2025-10-25T00:00:00,111042.13,111261.22,110693.01,111049.76,347.5775
2025-10-25T04:00:00,111049.76,111850.00,111049.76,111518.22,408.8031
2025-10-25T08:00:00,111520.00,111864.00,111409.92,111599.11,325.3066
2025-10-25T12:00:00,111599.11,111968.52,111405.30,111466.20,188.4683
2025-10-25T20:00:00,111460.39,111709.55,111364.50,111666.21,208.7924
2025-10-26T00:00:00,111666.22,112000.00,111268.01,111289.95,410.7425
2025-10-26T04:00:00,111289.13,111749.98,111260.33,111749.98,151.8084
2025-10-26T08:00:00,111749.88,113500.00,111733.62,113303.16,738.5588
2025-10-26T12:00:00,113303.15,114054.85,113276.00,113701.92,965.3230
2025-10-26T16:00:00,113700.00,113760.88,113279.24,113607.99,502.7244
2025-10-26T20:00:00,113605.01,115542.00,112860.00,114548.09,1039.0149
2025-10-27T00:00:00,114561.69,115472.67,114362.43,114982.00,935.3561
2025-10-27T04:00:00,114985.49,116410.06,114925.00,115565.97,950.1327
2025-10-27T08:00:00,115565.88,115623.48,114800.00,115351.41,528.2800
2025-10-27T12:00:00,115348.01,115432.00,114477.00,114966.00,966.1931
2025-10-27T16:00:00,114965.69,115808.76,114773.82,114950.00,1025.4750
2025-10-27T20:00:00,114940.00,114940.00,113833.12,114087.06,1086.0887
2025-10-28T00:00:00,114087.06,114553.83,113570.73,113912.05,671.4068
2025-10-28T04:00:00,113912.04,114364.00,113483.34,114178.20,421.1467
2025-10-28T08:00:00,114178.20,114666.66,114102.96,114340.00,357.3922
2025-10-28T12:00:00,114340.00,116114.13,114128.30,114639.86,1507.0864
2025-10-28T16:00:00,114632.01,115598.59,113534.01,113687.51,1271.2554
2025-10-28T20:00:00,113686.52,113707.09,112203.00,112906.75,1114.5739
2025-10-29T00:00:00,112906.75,112980.06,112075.00,112529.30,716.8464
2025-10-29T04:00:00,112532.49,113611.21,112510.86,113580.68,409.6044
2025-10-29T08:00:00,113580.68,113642.03,112749.08,113146.58,461.1655
2025-10-29T12:00:00,113146.58,113690.17,111400.00,111519.46,1167.3147
2025-10-29T16:00:00,111512.00,112020.00,109000.00,110644.31,2452.9510
2025-10-29T20:00:00,110645.64,111865.64,109751.63,110032.13,902.5989
2025-10-30T00:00:00,110031.65,111000.00,109731.52,110763.96,818.9964
2025-10-30T04:00:00,110763.96,111629.20,107924.01,111367.43,1425.7218
2025-10-30T08:00:00,111360.88,111438.00,109667.47,109707.35,665.8693
2025-10-30T12:00:00,109707.35,109773.33,107294.16,107707.98,2363.6380
2025-10-30T16:00:00,107702.00,108217.54,106283.11,106491.99,1951.1207
2025-10-30T20:00:00,106490.00,108342.09,106279.33,108308.18,1256.0013
2025-10-31T00:00:00,108308.02,110000.00,108266.11,109201.98,1118.8738
2025-10-31T04:00:00,109201.99,110229.86,109045.43,109383.27,1175.6896
2025-10-31T08:00:00,109383.27,110499.89,109153.83,110365.92,741.4966
2025-10-31T12:00:00,110371.99,111066.10,109305.53,110137.07,1967.9594
2025-10-31T16:00:00,110132.76,110249.37,108514.07,109756.29,1474.7966
2025-10-31T20:00:00,109756.00,109762.37,109262.16,109555.27,379.6592
2025-11-01T00:00:00,109555.63,110240.00,109342.47,110174.08,344.5293
2025-11-01T04:00:00,110174.08,110500.00,109882.08,110016.68,238.0687
2025-11-01T08:00:00,110016.68,110209.47,109771.54,110065.37,209.4464
2025-11-01T12:00:00,110065.36,110297.73,109608.28,110256.93,361.1416
2025-11-01T16:00:00,110256.92,110493.52,109998.45,110252.53,324.0009
2025-11-01T20:00:00,110252.53,110471.62,109805.02,110052.25,230.2602
2025-11-02T00:00:00,110052.25,110222.11,109834.04,110007.99,215.5862
2025-11-02T04:00:00,110007.99,110997.51,109983.63,110871.92,726.3210
2025-11-02T08:00:00,110868.13,111187.66,110302.51,111150.96,606.2019
2025-11-02T12:00:00,111150.97,111221.99,110061.01,110095.99,731.8662
2025-11-02T16:00:00,110095.99,110338.12,108800.00,110178.02,980.3388
2025-11-02T20:00:00,110178.02,110729.40,109424.93,110536.01,517.2642
2025-11-03T00:00:00,110533.83,110749.00,107900.00,107934.01,1278.5765
2025-11-03T04:00:00,107934.01,108030.91,107000.00,107444.01,1002.8061
2025-11-03T08:00:00,107444.01,107906.46,106726.69,107779.99,962.5009
2025-11-03T12:00:00,107780.45,108317.24,105469.57,105727.95,2006.0711
2025-11-03T16:00:00,105729.28,107728.73,105271.67,107053.50,2149.4707
2025-11-03T20:00:00,107057.88,107146.34,105793.99,106557.98,1257.8815
2025-11-04T00:00:00,106557.98,107268.63,105820.36,107120.04,1082.1748
2025-11-04T04:00:00,107120.04,107269.85,104139.52,104444.27,1771.9246
2025-11-04T08:00:00,104444.27,104666.77,103535.15,104549.78,1590.6749
2025-11-04T12:00:00,104548.01,104803.32,102852.60,103150.00,3047.7999
2025-11-04T16:00:00,103149.99,103465.94,99908.00,100464.88,5769.0973
2025-11-04T20:00:00,100464.89,101849.11,98892.97,101468.15,3791.1506
2025-11-05T00:00:00,101468.16,102270.63,98950.00,102126.00,2698.6338
2025-11-05T04:00:00,102126.00,102343.95,101480.00,101988.04,992.6062
2025-11-05T08:00:00,101983.75,102195.82,101157.77,102062.00,854.8809
2025-11-05T12:00:00,102067.20,103783.99,101910.44,103706.65,2234.4173
2025-11-05T16:00:00,103706.65,104550.00,103052.26,103996.00,2507.9161
2025-11-05T20:00:00,103996.01,104537.69,103255.50,103869.00,1556.3914
2025-11-06T00:00:00,103866.67,103928.63,102700.00,103632.01,984.6502
2025-11-06T04:00:00,103632.02,104191.19,102898.36,103170.40,723.6677
2025-11-06T08:00:00,103164.60,103428.91,102618.07,103198.70,882.1696
2025-11-06T12:00:00,103198.71,103577.60,101562.52,101961.75,2537.9456
2025-11-06T16:00:00,101964.69,102339.06,100235.02,101325.58,2809.6127
2025-11-06T20:00:00,101325.58,101591.46,100482.01,101290.50,1550.5232
2025-11-07T00:00:00,101290.50,102339.07,100685.51,101855.57,1188.5558
2025-11-07T04:00:00,101855.57,102472.27,101515.00,101959.83,766.7866
2025-11-07T08:00:00,101959.83,102000.00,99740.99,100350.26,1170.3638
2025-11-07T12:00:00,100350.25,101190.23,99170.00,100722.66,2830.5482
2025-11-07T16:00:00,100722.66,103351.02,100423.40,103349.98,2433.9289
2025-11-07T20:00:00,103349.98,104041.99,102893.71,103284.27,1591.5245
2025-11-08T00:00:00,103281.79,103350.00,102479.65,102526.24,1020.6129
2025-11-08T04:00:00,102526.24,102780.00,101856.30,102295.78,589.2320
2025-11-08T08:00:00,102295.78,102628.60,101680.00,101811.83,534.4794
2025-11-08T12:00:00,101814.59,102155.98,101422.74,101684.54,829.7563
2025-11-08T16:00:00,101684.54,102196.23,101485.20,101950.03,934.0211
2025-11-08T20:00:00,101953.44,102465.49,101920.22,102285.57,457.1184
2025-11-09T00:00:00,102285.58,102315.15,101372.58,101642.00,761.7565
2025-11-09T04:00:00,101642.00,102113.45,101610.88,101919.36,658.3077
2025-11-09T08:00:00,101919.36,102308.73,101482.16,102232.01,684.2368
2025-11-09T12:00:00,102223.04,104200.00,102031.86,103735.45,1228.4826
2025-11-09T16:00:00,103735.45,104800.00,103285.01,104795.00,1099.8601
2025-11-09T20:00:00,104795.00,105471.04,104053.38,104694.95,1112.7777
2025-11-10T00:00:00,104694.23,106653.00,104240.76,106010.61,1834.9503
2025-11-10T04:00:00,106016.03,106521.02,105828.33,106435.98,735.4229
2025-11-10T08:00:00,106435.98,106599.00,105825.00,106159.58,655.4696
2025-11-10T12:00:00,106159.57,106575.05,104627.49,105051.63,2270.0926
2025-11-10T16:00:00,105050.65,106048.00,104753.97,105797.98,1287.4733
2025-11-10T20:00:00,105797.98,106261.91,105222.66,105979.38,953.6529
2025-11-11T00:00:00,105979.38,107482.00,105464.34,106429.99,1434.3391
2025-11-11T04:00:00,106429.99,106523.64,104709.92,104757.65,820.2875
2025-11-11T08:00:00,104763.20,105493.50,104734.84,105298.47,427.4126
2025-11-11T12:00:00,105300.37,105504.83,103164.01,103447.76,1388.0227
2025-11-11T16:00:00,103447.76,103718.66,102805.28,103105.70,1478.3840
2025-11-11T20:00:00,103105.69,103211.44,102422.43,103009.35,1026.3478
2025-11-12T00:00:00,103017.21,103410.89,102638.97,103282.62,788.8199
2025-11-12T04:00:00,103282.63,103649.97,102985.57,103102.51,421.0505
2025-11-12T08:00:00,103102.51,105203.22,103102.51,105015.60,698.6647
2025-11-12T12:00:00,105015.60,105316.64,101955.83,102165.30,1451.6443
2025-11-12T16:00:00,102160.62,102270.23,100803.20,101270.01,1753.7360
2025-11-12T20:00:00,101270.01,101992.99,101118.77,101639.01,939.1706
2025-11-13T00:00:00,101636.03,102603.12,100901.00,102106.16,1060.8147
2025-11-13T04:00:00,102106.17,104050.00,101629.21,103449.93,1289.6648
2025-11-13T08:00:00,103449.72,103784.30,102516.94,102906.53,636.1656
2025-11-13T12:00:00,102906.53,103466.69,101150.65,101352.00,1572.3381
2025-11-13T16:00:00,101351.99,101512.00,98050.00,98629.96,4598.5266
2025-11-13T20:00:00,98632.84,100447.00,97870.00,99614.54,3553.1575
2025-11-14T00:00:00,99610.49,99836.10,98658.02,99095.36,1965.9025
2025-11-14T04:00:00,99095.39,99133.94,95900.94,97093.95,2845.2721
2025-11-14T08:00:00,97093.94,97487.85,95666.00,96124.00,1502.1278
2025-11-14T12:00:00,96124.00,97234.53,94455.98,96730.95,5893.3053
2025-11-14T16:00:00,96730.95,97345.33,94700.39,95707.73,3774.2051
2025-11-14T20:00:00,95707.76,95865.30,93951.32,94503.96,3664.5876
2025-11-15T00:00:00,94501.08,96747.02,94222.20,96347.93,1468.3336
2025-11-15T04:00:00,96349.53,96525.36,95860.96,96267.55,649.6388
2025-11-15T08:00:00,96267.54,96290.88,95500.00,95626.39,615.7442
2025-11-15T12:00:00,95627.99,96434.25,95503.74,96200.00,911.5234
2025-11-15T16:00:00,96200.00,96325.99,95659.53,95946.03,729.3411
2025-11-15T20:00:00,95946.04,95960.56,95058.73,95544.94,782.4392
2025-11-16T00:00:00,95544.94,95916.00,94770.00,95749.72,810.0677
2025-11-16T04:00:00,95749.73,96124.11,95554.94,96018.10,439.4142
2025-11-16T08:00:00,96018.09,96559.61,95439.81,95569.49,488.9589
2025-11-16T12:00:00,95569.50,95839.19,94301.49,94513.71,771.6168
2025-11-16T16:00:00,94516.79,95504.58,93687.01,93976.00,2702.7839
2025-11-16T20:00:00,93975.98,94682.07,92943.83,94183.97,1948.2960
2025-11-17T00:00:00,94182.03,95486.00,93663.32,95434.02,1625.2698
2025-11-17T04:00:00,95434.02,95800.04,94808.03,95569.51,761.4329
2025-11-17T08:00:00,95569.51,95945.47,95234.79,95490.45,1006.6186
2025-11-17T12:00:00,95490.44,95950.00,93472.09,93866.91,2653.6099
2025-11-17T16:00:00,93872.01,94330.78,91397.09,91554.77,4159.3644
2025-11-17T20:00:00,91554.80,92294.98,91158.35,92100.60,3113.6608
2025-11-18T00:00:00,92100.60,92247.94,89575.01,90735.92,3708.2448
2025-11-18T04:00:00,90732.00,90756.00,89183.48,90391.98,2601.8868
2025-11-18T08:00:00,90391.98,91509.73,90391.97,91413.99,1443.7550
2025-11-18T12:00:00,91415.59,92950.00,90805.01,92827.96,3371.1856
2025-11-18T16:00:00,92827.95,93775.00,92499.45,93123.99,3369.8642
2025-11-18T20:00:00,93123.99,93372.25,92396.01,92914.46,1687.5309
2025-11-19T00:00:00,92914.45,92948.00,91588.79,91805.53,1890.3816
2025-11-19T04:00:00,91802.62,91955.47,89955.55,91807.64,2128.8346
2025-11-19T08:00:00,91804.14,91900.23,91016.94,91342.79,1112.9353
2025-11-19T12:00:00,91339.36,92358.27,89793.00,89876.91,3136.7852
2025-11-19T16:00:00,89870.62,90165.02,88520.00,88783.08,4340.3077
2025-11-19T20:00:00,88783.07,91516.29,88483.12,91461.60,3032.9889
2025-11-20T00:00:00,91465.04,92728.85,91098.01,92358.00,1795.8263
2025-11-20T04:00:00,92355.98,93080.91,91601.90,92224.46,1335.7626
2025-11-20T08:00:00,92224.46,92315.53,91356.88,91834.69,895.6194
2025-11-20T12:00:00,91834.69,92462.85,89701.00,89746.57,2931.4227
2025-11-20T16:00:00,89746.73,89804.00,85980.70,86796.05,7760.2373
2025-11-20T20:00:00,86796.03,88152.18,86195.95,86536.88,4138.9331
2025-11-21T00:00:00,86531.87,87395.93,85266.03,85718.02,3226.2866
2025-11-21T04:00:00,85718.02,86250.00,81385.97,83914.25,4139.2415
2025-11-21T08:00:00,83914.25,84589.30,81548.32,82204.53,4925.3389
2025-11-21T12:00:00,82204.00,85449.99,80524.65,82846.00,8659.2464
2025-11-21T16:00:00,82842.00,85490.57,82233.99,84135.70,6909.8037
2025-11-21T20:00:00,84135.69,85357.75,83373.93,85068.88,3351.6434
2025-11-22T00:00:00,85068.85,85547.11,84141.12,84379.26,2107.0467
2025-11-22T04:00:00,84380.07,84732.02,83744.48,84522.20,1002.0396
2025-11-22T08:00:00,84522.20,84524.01,83441.91,84033.62,1124.3434
2025-11-22T12:00:00,84033.60,84699.95,83569.45,84228.15,1095.4476
2025-11-22T16:00:00,84228.15,84850.00,84159.61,84552.40,962.1577
2025-11-22T20:00:00,84552.41,85208.00,84181.96,84684.00,1039.4868
2025-11-23T00:00:00,84683.99,86295.98,84614.11,86264.01,2126.6870
2025-11-23T04:00:00,86262.72,86814.82,85353.12,85724.07,1385.4728
2025-11-23T08:00:00,85721.45,86425.08,85717.08,86293.12,764.2530
2025-11-23T12:00:00,86292.69,87200.00,86229.93,87046.01,1442.6708
2025-11-23T16:00:00,87046.02,87649.05,86460.34,87290.42,2056.7735
2025-11-23T20:00:00,87290.41,88100.00,86692.00,86808.28,2010.2067
2025-11-24T00:00:00,86808.28,88019.06,85906.83,87408.00,2120.6408
2025-11-24T04:00:00,87408.00,87797.64,86401.00,87009.32,1483.3757
2025-11-24T08:00:00,87009.32,87009.32,85633.38,86210.03,1969.5330
2025-11-24T12:00:00,86210.02,86699.60,85213.17,86564.16,2629.8705
2025-11-24T16:00:00,86564.16,88836.00,86563.73,88308.42,3813.2662
2025-11-24T20:00:00,88308.42,89225.60,88211.01,88266.20,2851.9286
2025-11-25T00:00:00,88264.00,88264.00,87420.73,87786.04,1379.8351
2025-11-25T04:00:00,87786.04,88486.82,87314.56,87375.34,907.8470
2025-11-25T08:00:00,87375.34,87590.50,86654.96,87334.41,1178.8947
2025-11-25T12:00:00,87334.41,87748.08,86067.02,86946.00,2454.0237
2025-11-25T16:00:00,86945.99,88108.00,86129.00,86834.43,2307.5690
2025-11-25T20:00:00,86834.43,87855.98,86546.56,87325.01,2254.8914
2025-11-26T00:00:00,87325.00,88188.00,87028.41,87084.48,1368.0057
2025-11-26T04:00:00,87084.47,87938.83,86851.92,87903.99,1094.9828
2025-11-26T08:00:00,87904.00,87915.94,86631.01,87077.36,1056.4599
2025-11-26T12:00:00,87077.35,87670.85,86266.95,86945.14,1728.1345
2025-11-26T16:00:00,86945.14,90399.74,86928.82,89948.00,3671.0385
2025-11-26T20:00:00,89948.01,90628.53,89476.35,90468.84,2433.2494
2025-11-27T00:00:00,90468.83,91880.00,90067.81,91072.91,2692.5754
2025-11-27T04:00:00,91072.91,91538.42,90856.62,91396.51,1210.9427
2025-11-27T08:00:00,91396.51,91925.40,91203.65,91364.45,944.1640
2025-11-27T12:00:00,91364.44,91447.83,90443.24,90947.07,1276.3533
2025-11-27T16:00:00,90940.77,91826.56,90836.04,91521.61,1421.3814
2025-11-27T20:00:00,91521.60,91589.20,91061.10,91316.70,656.3136
2025-11-28T00:00:00,91316.70,91398.36,90600.01,91187.99,949.2487
2025-11-28T04:00:00,91187.99,91699.81,90841.00,90887.40,835.5990
2025-11-28T08:00:00,90887.40,91999.00,90885.55,91420.04,936.1346
2025-11-28T12:00:00,91420.00,93161.86,91353.94,92366.58,2969.3849
2025-11-28T16:00:00,92366.58,92392.60,90220.50,91158.85,2806.7507
2025-11-28T20:00:00,91158.85,91272.46,90704.16,90902.70,1083.2527
2025-11-29T00:00:00,90902.69,91134.80,90549.87,90683.00,516.4334
2025-11-29T04:00:00,90683.01,90936.11,90323.68,90585.39,449.8889
2025-11-29T08:00:00,90585.39,90753.50,90400.00,90698.18,440.5672
2025-11-29T12:00:00,90698.17,91147.22,90556.70,91100.00,447.7475
2025-11-29T16:00:00,91100.00,91199.99,90200.00,90676.53,739.1301
2025-11-29T20:00:00,90668.71,91082.80,90428.65,90828.06,549.8174
2025-11-30T00:00:00,90829.68,91090.18,90480.01,90935.44,319.0936
2025-11-30T04:00:00,90935.44,91060.29,90690.06,90988.11,206.9801
2025-11-30T08:00:00,90988.11,91644.40,90950.70,91059.38,561.2870
2025-11-30T12:00:00,91059.38,91980.80,91013.87,91455.99,718.0969
2025-11-30T16:00:00,91454.61,91886.12,91167.61,91466.34,641.1839
2025-11-30T20:00:00,91466.35,91625.54,90353.96,90369.51,1066.8440
2025-12-01T00:00:00,90364.00,90433.70,86161.32,86349.27,3998.6673
2025-12-01T04:00:00,86349.26,86561.39,85595.76,86539.21,1642.6759
2025-12-01T08:00:00,86534.60,86929.19,86114.00,86119.98,1034.8511
2025-12-01T12:00:00,86121.98,86666.67,83800.00,84668.05,4040.8018
2025-12-01T16:00:00,84668.05,85546.56,84026.00,85022.14,3305.2813
2025-12-01T20:00:00,85021.56,86877.82,84996.54,86282.36,2642.0846
2025-12-02T00:00:00,86282.35,87360.00,86181.38,86978.43,1755.1630
2025-12-02T04:00:00,86977.80,87290.99,86819.93,87013.33,816.6862
2025-12-02T08:00:00,87013.32,87604.85,86350.00,87375.20,1220.1081
2025-12-02T12:00:00,87375.21,91199.99,87042.00,90854.04,3610.8988
2025-12-02T16:00:00,90854.04,92342.00,90214.75,91920.76,3606.5785
2025-12-02T20:00:00,91920.76,92027.99,90740.49,91308.05,2153.4223
2025-12-03T00:00:00,91308.05,93100.00,91024.47,92644.18,1442.8491
2025-12-03T04:00:00,92644.18,93978.53,92633.00,93026.22,1670.3630
2025-12-03T08:00:00,93026.04,93412.48,92687.54,93022.75,744.0765
2025-12-03T12:00:00,93022.74,93716.63,91702.36,92393.47,2542.7332
2025-12-03T16:00:00,92393.47,93536.87,91795.12,93045.99,1645.4744
2025-12-03T20:00:00,93048.42,94181.41,92830.49,93453.84,1696.4860
2025-12-04T00:00:00,93452.02,94087.05,92686.58,93552.18,1202.3783
2025-12-04T04:00:00,93552.18,93600.29,92764.49,93406.33,637.6996
2025-12-04T08:00:00,93406.33,93641.58,92746.87,92952.84,450.6771
2025-12-04T12:00:00,92952.84,93291.02,91800.00,92992.00,1261.5422
2025-12-04T16:00:00,92991.99,93222.18,90904.73,92003.65,1814.9075
2025-12-04T20:00:00,91993.78,92748.52,91701.01,92093.54,831.0023
2025-12-05T00:00:00,92093.70,92716.42,91983.92,92168.16,629.6431
2025-12-05T04:00:00,92168.26,92533.29,91827.00,92287.60,702.4916
2025-12-05T08:00:00,92285.99,92286.00,91000.00,91371.57,646.4077
2025-12-05T12:00:00,91371.57,91488.20,88303.41,90478.42,2718.2496
2025-12-05T16:00:00,90468.89,90524.14,88099.05,89660.05,2606.2988
2025-12-05T20:00:00,89661.31,89782.00,88928.77,89345.29,1007.8510
2025-12-06T00:00:00,89345.29,89829.99,89047.51,89699.99,553.2082
2025-12-06T04:00:00,89701.44,89782.00,89477.97,89602.89,403.6673
2025-12-06T08:00:00,89612.40,89743.44,89174.70,89646.44,377.5065
2025-12-06T12:00:00,89646.44,90296.32,89506.00,89778.85,627.3021
2025-12-06T16:00:00,89778.85,90010.40,89256.07,89427.99,544.7973
2025-12-06T20:00:00,89431.98,89648.57,88932.00,89267.97,510.6872
2025-12-07T00:00:00,89262.80,89786.97,89161.27,89746.99,330.0448
2025-12-07T04:00:00,89746.98,89811.68,89213.84,89385.25,260.4239
2025-12-07T08:00:00,89386.47,89546.06,89028.03,89165.90,302.2717
2025-12-07T12:00:00,89165.90,89736.54,87733.18,89552.00,932.7448
2025-12-07T16:00:00,89556.13,91779.99,89123.38,91435.57,1136.2889
2025-12-07T20:00:00,91435.57,91534.51,88964.34,90402.29,1108.8028
2025-12-08T00:00:00,90402.30,91730.38,89865.00,91085.51,970.2579
2025-12-08T04:00:00,91084.22,91893.15,91032.80,91571.36,584.4779
2025-12-08T08:00:00,91571.27,92291.96,91482.26,91980.87,588.7963
2025-12-08T12:00:00,91980.86,92146.09,89599.00,89972.00,1679.0697
2025-12-08T16:00:00,89966.01,90533.23,89678.23,90130.76,1594.0725
2025-12-08T20:00:00,90130.77,91404.94,90130.77,90653.86,1245.3134
2025-12-09T00:00:00,90653.86,90871.24,89816.60,90421.79,1020.1273
2025-12-09T04:00:00,90428.56,90540.11,89537.55,90498.96,785.9184
2025-12-09T08:00:00,90502.92,90620.17,89913.50,90397.72,357.4560
2025-12-09T12:00:00,90396.14,92888.88,90007.13,92722.04,1714.6608
2025-12-09T16:00:00,92709.99,94640.66,92688.13,93821.52,4453.2409
2025-12-09T20:00:00,93821.98,93867.69,92259.09,92690.00,1531.2675
2025-12-10T00:00:00,92690.00,92809.00,91974.00,92423.53,894.4907
2025-12-10T04:00:00,92423.52,92814.37,92400.00,92812.44,478.4632
2025-12-10T08:00:00,92804.01,93246.80,91767.59,92125.65,947.0442
2025-12-10T12:00:00,92127.55,92232.67,91556.64,92073.72,1360.1067
2025-12-10T16:00:00,92073.72,93277.72,91750.00,92992.05,2339.8886
2025-12-10T20:00:00,92992.05,94500.00,91893.24,92035.99,2884.6997
2025-12-11T00:00:00,92035.85,92100.00,89418.12,89898.02,1651.0999
2025-12-11T04:00:00,89898.45,90510.07,89702.48,90291.84,948.5751
2025-12-11T08:00:00,90286.12,90534.61,90000.00,90252.80,491.4555
2025-12-11T12:00:00,90252.80,90660.06,89257.98,89874.66,1630.7837
2025-12-11T16:00:00,89874.65,91570.55,89328.96,90853.99,1913.0635
2025-12-11T20:00:00,90853.97,93594.76,90807.29,92542.00,2485.0161
2025-12-12T00:00:00,92539.63,92791.26,91439.58,92300.42,868.3218
2025-12-12T04:00:00,92300.41,92738.20,92092.93,92455.55,427.6479
2025-12-12T08:00:00,92455.55,92658.88,92087.75,92432.00,376.8095
2025-12-12T12:00:00,92431.99,92690.02,89770.78,89951.05,1884.6547
2025-12-12T16:00:00,89922.82,90693.66,89500.00,90203.88,1873.0464
2025-12-12T20:00:00,90203.88,90423.04,89876.43,90278.00,707.4099
2025-12-13T00:00:00,90278.00,90479.88,90080.09,90351.96,268.9602
2025-12-13T04:00:00,90351.96,90437.26,90273.02,90341.73,137.4363
2025-12-13T08:00:00,90342.00,90657.00,90295.89,90360.60,207.1281
2025-12-13T12:00:00,90358.02,90504.10,89909.16,90108.00,448.8984
2025-12-13T16:00:00,90108.00,90295.89,90000.00,90200.01,253.2021
2025-12-13T20:00:00,90204.01,90307.97,89777.79,90255.32,226.5203
2025-12-14T00:00:00,90255.32,90496.16,90138.57,90272.02,214.7473
2025-12-14T04:00:00,90272.01,90351.39,90060.96,90256.00,259.2855
2025-12-14T08:00:00,90253.78,90299.24,88700.00,89375.99,522.4879
2025-12-14T12:00:00,89378.30,89682.94,88888.00,89035.96,559.6420
2025-12-14T16:00:00,89034.88,89412.36,88500.02,88655.85,897.8099
2025-12-14T20:00:00,88655.86,88861.01,87565.38,88171.61,1189.3927
2025-12-15T00:00:00,88174.37,90064.74,88065.44,89295.70,1481.1536
2025-12-15T04:00:00,89295.70,89930.03,89274.31,89748.26,523.7603
2025-12-15T08:00:00,89748.26,89990.24,89581.96,89656.06,392.3285
2025-12-15T12:00:00,89656.06,89874.00,86594.07,87027.98,2222.2975
2025-12-15T16:00:00,87027.99,87220.84,85129.63,86130.02,3049.1673
2025-12-15T20:00:00,86130.01,86454.42,85500.00,86417.50,2199.5977
2025-12-16T00:00:00,86417.50,86504.34,85354.00,85856.00,955.5595
2025-12-16T04:00:00,85858.00,86600.57,85250.00,86002.20,677.5849
2025-12-16T08:00:00,86003.24,87326.95,85911.55,87242.88,581.1940
2025-12-16T12:00:00,87244.00,88148.00,86091.29,87956.43,2716.9845
2025-12-16T16:00:00,87950.88,88047.17,87041.86,87565.12,1917.4036
2025-12-16T20:00:00,87565.11,87923.25,87314.48,87854.01,885.4061
2025-12-17T00:00:00,87854.00,87939.67,87123.00,87189.02,633.8161
2025-12-17T04:00:00,87189.23,87401.91,86174.21,87017.40,817.9809
2025-12-17T08:00:00,87015.87,87114.49,86200.01,86961.86,515.3913
2025-12-17T12:00:00,86956.02,90336.36,86778.45,87197.29,3973.6910
2025-12-17T16:00:00,87192.13,87734.00,85267.69,85980.00,2542.5238
2025-12-17T20:00:00,85981.99,86397.33,85610.50,86209.77,1538.0279
2025-12-18T00:00:00,86209.79,86852.00,85823.16,86578.00,1071.7805
2025-12-18T04:00:00,86578.00,86869.79,86346.38,86798.00,636.0569
2025-12-18T08:00:00,86798.01,87421.00,86652.54,87228.34,420.8298
2025-12-18T12:00:00,87233.12,89447.75,87067.41,88451.99,2886.7072
2025-12-18T16:00:00,88448.63,88485.60,84432.20,84433.02,3105.4556
2025-12-18T20:00:00,84433.01,85791.41,84400.00,85460.02,1719.9142
2025-12-19T00:00:00,85460.85,87516.51,85052.78,86824.07,1267.9666
2025-12-19T04:00:00,86830.89,88333.66,86605.00,87895.12,1043.2743
2025-12-19T08:00:00,87892.69,88335.02,87675.29,88146.46,622.1646
2025-12-19T12:00:00,88150.02,89365.85,87460.48,87896.58,2101.8777
2025-12-19T16:00:00,87896.13,88846.47,86784.83,87779.29,1904.2288
2025-12-19T20:00:00,87779.29,88375.35,87531.01,88092.65,1107.4059
2025-12-20T00:00:00,88092.65,88318.83,87919.18,88174.63,353.0199
2025-12-20T04:00:00,88174.63,88530.60,88077.48,88245.89,321.0380
2025-12-20T08:00:00,88244.01,88399.15,88063.00,88238.01,169.3241
2025-12-20T12:00:00,88238.00,88312.91,87780.00,88138.00,373.5502
2025-12-20T16:00:00,88140.00,88389.00,88058.58,88197.16,292.6784
2025-12-20T20:00:00,88197.01,88414.20,88112.10,88324.00,298.1346
2025-12-21T00:00:00,88322.01,88409.99,87830.01,88050.00,360.5545
2025-12-21T04:00:00,88050.00,88178.91,88014.01,88150.02,180.0583
2025-12-21T08:00:00,88149.17,89046.44,88111.80,88569.99,359.7315
2025-12-21T12:00:00,88570.00,88897.66,87501.01,88035.59,611.7451
2025-12-21T16:00:00,88035.59,88576.17,87908.48,88460.88,417.3459
2025-12-21T20:00:00,88462.01,88791.99,88073.60,88639.95,432.4756
2025-12-22T00:00:00,88639.87,89600.00,87846.17,88750.01,1184.9268
2025-12-22T04:00:00,88750.00,89175.40,88686.01,89134.76,558.2417
2025-12-22T08:00:00,89130.10,90070.74,89054.24,89900.32,900.2927
2025-12-22T12:00:00,89900.32,90541.80,89142.55,89691.94,2390.5300
2025-12-22T16:00:00,89698.56,90092.18,87914.59,87996.17,2406.8051
2025-12-22T20:00:00,87996.17,88778.85,87853.86,88556.77,1460.9088
2025-12-23T00:00:00,88555.03,88896.63,87745.67,88114.40,1066.6139
2025-12-23T04:00:00,88117.41,88327.04,86997.14,87505.98,910.3252
2025-12-23T08:00:00,87505.97,87838.30,87239.24,87806.84,503.7094
2025-12-23T12:00:00,87808.49,87903.49,86533.86,87390.51,1628.6108
2025-12-23T16:00:00,87390.51,88235.00,87094.01,87690.84,1600.2088
2025-12-23T20:00:00,87693.42,88321.65,87123.43,87429.32,1341.6597
2025-12-24T00:00:00,87429.32,87775.00,86801.72,87278.10,814.8239
2025-12-24T04:00:00,87278.10,87407.51,86717.72,86843.96,676.0727
2025-12-24T08:00:00,86843.97,87300.00,86653.99,87144.36,438.7109
2025-12-24T12:00:00,87144.36,87436.16,86350.00,86978.71,1281.7144
2025-12-24T16:00:00,86980.02,87617.19,86843.99,87498.87,1244.4214
2025-12-24T20:00:00,87498.85,88001.20,87458.91,87609.03,552.2401
2025-12-25T00:00:00,87609.02,87908.71,87447.05,87782.85,404.5220
2025-12-25T04:00:00,87782.85,87811.46,87592.28,87774.01,337.8636
2025-12-25T08:00:00,87778.25,87842.78,87193.64,87459.42,286.2504
2025-12-25T12:00:00,87461.97,88534.40,87338.44,88313.03,451.8175
2025-12-25T16:00:00,88316.01,88426.38,87928.12,88091.64,503.8200
2025-12-25T20:00:00,88091.64,88115.56,86899.00,87171.68,835.0534
2025-12-26T00:00:00,87171.46,89354.87,86829.00,88752.00,1554.9711
2025-12-26T04:00:00,88758.00,89496.07,88271.48,88377.39,1096.3269
2025-12-26T08:00:00,88377.39,88855.77,88329.28,88471.93,647.8230
2025-12-26T12:00:00,88470.02,89004.01,86569.53,87060.01,2763.3221
2025-12-26T16:00:00,87065.04,87495.42,86716.31,87421.94,1617.4328
2025-12-26T20:00:00,87421.95,87715.00,87241.96,87296.01,993.7659
2025-12-27T00:00:00,87296.17,87485.99,86944.24,87449.67,516.5142
2025-12-27T04:00:00,87449.67,87644.16,87347.26,87470.54,168.7701
2025-12-27T08:00:00,87470.54,87618.56,87310.16,87422.73,155.1247
2025-12-27T12:00:00,87422.73,87541.96,87262.00,87503.85,204.3884
2025-12-27T16:00:00,87503.87,87549.99,87300.00,87518.98,464.4009
2025-12-27T20:00:00,87518.97,87914.62,87436.54,87808.00,445.8135
2025-12-28T00:00:00,87806.75,87889.49,87639.65,87664.71,257.2168
2025-12-28T04:00:00,87664.71,87767.04,87538.25,87668.32,203.0562
2025-12-28T08:00:00,87668.33,87943.02,87650.00,87821.17,167.1449
2025-12-28T12:00:00,87821.17,88000.00,87712.13,87770.32,215.1676
2025-12-28T16:00:00,87770.32,87865.99,87424.38,87449.26,447.2489
2025-12-28T20:00:00,87449.26,87977.38,87349.52,87877.29,569.7881
2025-12-29T00:00:00,87877.28,90071.04,87712.20,90018.79,2201.9655
2025-12-29T04:00:00,90014.07,90325.00,89385.40,89502.71,1326.2889
2025-12-29T08:00:00,89502.71,89719.00,87443.65,87448.83,1532.9478
2025-12-29T12:00:00,87448.82,88109.96,86675.00,87577.99,2524.6044
2025-12-29T16:00:00,87577.99,87910.89,87204.12,87243.73,1471.9810
2025-12-29T20:00:00,87243.73,87488.40,86935.80,87110.78,1357.8786
2025-12-30T00:00:00,87110.77,87315.40,86704.98,87259.68,1017.8759
2025-12-30T04:00:00,87259.69,87499.99,87031.98,87380.70,566.8958
2025-12-30T08:00:00,87380.71,88109.31,87371.98,87791.99,882.6712
2025-12-30T12:00:00,87791.98,89066.24,87716.60,88954.99,2809.7244
2025-12-30T16:00:00,88957.09,89343.52,87876.72,88145.74,2368.4902
2025-12-30T20:00:00,88145.74,88498.15,87780.82,88397.50,1079.3593
2025-12-31T00:00:00,88397.24,88715.75,88068.44,88344.71,802.1685
2025-12-31T04:00:00,88344.72,88528.20,88217.01,88503.98,397.5886
2025-12-31T08:00:00,88503.97,88937.01,88285.55,88906.29,521.5920
2025-12-31T12:00:00,88906.28,89100.00,87654.46,87837.80,1771.4650
2025-12-31T16:00:00,87830.03,87932.17,87259.01,87391.02,2281.5979
2025-12-31T20:00:00,87391.02,87739.29,87082.64,87497.94,1486.7692
2026-01-01T00:00:00,87497.95,87950.53,87456.10,87696.53,860.9980
2026-01-01T04:00:00,87696.53,87704.00,87361.74,87471.99,1125.9655
2026-01-01T08:00:00,87471.98,87889.19,87466.37,87883.74,362.0362
2026-01-01T12:00:00,87883.75,88000.00,87694.66,87915.23,370.1270
2026-01-01T16:00:00,87915.24,88398.00,87761.06,88275.99,614.3330
2026-01-01T20:00:00,88276.00,88798.99,88126.82,88738.34,664.9167
2026-01-02T00:00:00,88742.00,89024.49,88272.08,88840.02,1066.6371
2026-01-02T04:00:00,88840.02,88978.22,88458.50,88758.22,638.5471
2026-01-02T08:00:00,88758.23,89831.42,88673.49,89411.99,1444.9145
2026-01-02T12:00:00,89411.98,90100.00,88375.00,89352.02,2858.5672
2026-01-02T16:00:00,89352.03,90935.22,88761.00,89844.04,4373.5721
2026-01-02T20:00:00,89854.00,90412.81,89573.04,89957.99,1060.2425
2026-01-03T00:00:00,89958.00,90389.99,89917.21,90293.58,637.4635
2026-01-03T04:00:00,90293.58,90465.00,89284.13,89545.64,600.9035
2026-01-03T08:00:00,89545.64,89954.71,89386.65,89700.01,390.2602
2026-01-03T12:00:00,89700.01,90189.72,89607.59,89921.79,360.1643
2026-01-03T16:00:00,89926.00,90176.40,89868.59,90080.13,423.0592
2026-01-03T20:00:00,90080.13,90697.00,89974.00,90598.02,539.8037
2026-01-04T00:00:00,90598.01,91568.08,90598.01,91193.98,884.5961
2026-01-04T04:00:00,91193.98,91764.64,91152.00,91490.83,554.5667
2026-01-04T08:00:00,91490.82,91580.78,91127.40,91274.00,348.2271
2026-01-04T12:00:00,91269.08,91386.28,91000.00,91291.42,343.4882
2026-01-04T16:00:00,91291.42,91419.12,90827.30,91101.90,504.4405
2026-01-04T20:00:00,91101.89,91563.62,91088.88,91494.00,563.5758
2026-01-05T00:00:00,91489.03,93343.89,91479.28,92841.41,1807.2033
2026-01-05T04:00:00,92841.41,92945.24,92100.88,92478.02,721.9341
2026-01-05T08:00:00,92478.03,93127.36,92274.00,93094.00,908.4400
2026-01-05T12:00:00,93094.01,93999.99,92338.00,93947.60,3090.0390
2026-01-05T16:00:00,93947.60,94529.99,93242.97,94296.02,3924.8429
2026-01-05T20:00:00,94296.02,94825.27,93809.40,93870.06,1897.1161
2026-01-06T00:00:00,93870.06,94175.38,93520.01,93747.38,966.2721
2026-01-06T04:00:00,93747.38,94000.00,93100.01,93212.74,676.4564
2026-01-06T08:00:00,93212.74,93881.51,93134.94,93830.00,749.9874
2026-01-06T12:00:00,93830.01,94439.63,93305.06,93621.84,1994.3260
2026-01-06T16:00:00,93621.84,93754.35,91203.13,92040.91,3277.3534
2026-01-06T20:00:00,92040.91,93793.92,92040.91,93722.01,1986.8008
2026-01-07T00:00:00,93722.01,93722.01,92181.99,92760.01,1147.3143
2026-01-07T04:00:00,92760.02,92890.58,92440.81,92822.38,509.2797
2026-01-07T08:00:00,92822.38,92917.20,91518.63,92013.08,880.4508
2026-01-07T12:00:00,92007.20,92209.68,90924.85,91258.01,2504.0685
2026-01-07T16:00:00,91264.00,91715.99,90576.24,91065.29,3126.8339
2026-01-07T20:00:00,91075.41,91391.30,90653.83,91279.73,1149.2228
2026-01-08T00:00:00,91279.73,91580.01,90500.76,90702.00,960.8855
2026-01-08T04:00:00,90702.00,91080.00,89515.78,90408.00,1208.8218
2026-01-08T08:00:00,90415.50,90657.70,89656.50,90097.80,1048.3237
2026-01-08T12:00:00,90097.80,90766.14,89200.00,90690.00,2567.8681
2026-01-08T16:00:00,90690.02,91403.97,90193.01,90856.97,2599.7369
2026-01-08T20:00:00,90856.96,91425.00,90481.66,91026.00,1947.5995
2026-01-09T00:00:00,91024.01,91551.78,90750.04,91119.49,1083.9310
2026-01-09T04:00:00,91119.50,91141.50,90626.82,90642.00,1127.2633
2026-01-09T08:00:00,90640.58,90741.08,89583.58,90348.09,876.6092
2026-01-09T12:00:00,90348.09,91944.52,89735.11,91096.00,2463.8622
2026-01-09T16:00:00,91094.51,91745.55,90064.43,90217.89,2779.3816
2026-01-09T20:00:00,90217.88,90587.83,90000.00,90515.45,941.5969
2026-01-10T00:00:00,90515.12,90650.00,90375.99,90503.51,398.2748
2026-01-10T04:00:00,90503.49,90557.68,90280.00,90543.77,177.3579
2026-01-10T08:00:00,90543.77,90698.00,90489.77,90614.02,378.9997
2026-01-10T12:00:00,90614.03,90672.03,90415.77,90536.87,216.4901
2026-01-10T16:00:00,90536.87,90620.56,90380.53,90509.92,260.7343
2026-01-10T20:00:00,90509.93,90545.57,90251.43,90385.54,302.0005
2026-01-11T00:00:00,90387.36,90624.99,90324.80,90618.85,259.8633
2026-01-11T04:00:00,90618.85,90734.42,90472.74,90585.96,235.4307
2026-01-11T08:00:00,90585.96,90695.48,90491.93,90621.85,147.5087
2026-01-11T12:00:00,90626.99,91067.94,90582.00,90751.56,491.1373
2026-01-11T16:00:00,90751.56,91173.12,90537.01,90553.91,413.8313
2026-01-11T20:00:00,90554.00,90923.52,90109.00,90872.01,715.0811
2026-01-12T00:00:00,90878.51,92406.30,90562.92,91677.99,2066.4378
2026-01-12T04:00:00,91678.00,92166.46,91255.00,91277.59,723.5645
2026-01-12T08:00:00,91277.58,91505.64,90234.00,90495.27,982.8408
2026-01-12T12:00:00,90495.20,91596.42,90003.46,91579.72,1923.0659
2026-01-12T16:00:00,91577.04,92257.47,90944.26,91784.13,2845.5096
2026-01-12T20:00:00,91784.13,91981.10,90852.79,91188.09,1142.3256
2026-01-13T00:00:00,91188.08,91453.66,90925.17,91310.01,687.7476
2026-01-13T04:00:00,91310.01,92188.00,91236.00,91837.19,815.0731
2026-01-13T08:00:00,91842.01,92590.00,91831.08,91895.69,904.7771
2026-01-13T12:00:00,91900.00,93432.69,91681.16,93425.99,3822.8259
2026-01-13T16:00:00,93425.94,94242.89,93037.87,94230.54,5363.1771
2026-01-13T20:00:00,94232.94,96250.00,93926.09,95384.23,5559.9594
2026-01-14T00:00:00,95385.59,95691.95,95085.51,95683.13,1693.6253
2026-01-14T04:00:00,95683.14,95759.80,94518.63,95186.89,1567.5707
2026-01-14T08:00:00,95186.90,95298.66,94687.22,94756.03,964.7140
2026-01-14T12:00:00,94755.02,97112.51,94634.00,96770.01,6333.5445
2026-01-14T16:00:00,96772.01,97843.91,96211.99,97273.44,7117.3170
2026-01-14T20:00:00,97275.78,97963.62,96793.20,96955.16,3021.5199
2026-01-15T00:00:00,96954.02,97015.41,95742.00,95950.00,1466.8224
2026-01-15T04:00:00,95950.00,96737.34,95915.45,96616.13,1032.7583
2026-01-15T08:00:00,96617.70,97176.42,96272.00,96562.02,1005.7269
2026-01-15T12:00:00,96562.01,97139.70,95400.01,96690.95,3025.4594
2026-01-15T16:00:00,96682.49,97041.95,95165.01,95464.90,2437.8032
2026-01-15T20:00:00,95470.00,95838.00,95066.19,95587.65,1650.7577
2026-01-16T00:00:00,95578.20,95830.49,95302.40,95319.18,568.7621
2026-01-16T04:00:00,95319.17,95801.96,95117.10,95628.93,661.3026
2026-01-16T08:00:00,95628.93,95821.67,95217.40,95388.00,435.6041
2026-01-16T12:00:00,95388.00,95799.96,94229.04,94531.87,1728.7690
2026-01-16T16:00:00,94531.87,95187.80,94450.92,94947.55,1293.5841
2026-01-16T20:00:00,94947.55,95581.61,94627.80,95504.00,1598.3384
2026-01-17T00:00:00,95503.99,95542.25,95163.86,95326.18,423.6678
2026-01-17T04:00:00,95326.18,95347.80,95007.50,95060.09,213.4387
2026-01-17T08:00:00,95060.08,95287.13,94995.00,95279.82,148.2470
2026-01-17T12:00:00,95279.56,95600.00,95158.84,95541.15,287.1144
2026-01-17T16:00:00,95541.16,95546.22,95180.01,95260.17,346.5980
2026-01-17T20:00:00,95260.17,95377.80,94980.12,95109.99,335.0050
2026-01-18T00:00:00,95109.99,95197.70,94821.01,95154.01,294.4589
2026-01-18T04:00:00,95154.00,95221.99,94985.10,94991.52,182.5846
2026-01-18T08:00:00,94991.52,95249.93,94978.13,95123.98,129.9597
2026-01-18T12:00:00,95123.98,95326.01,94858.81,95074.10,312.3886
2026-01-18T16:00:00,95074.11,95482.90,95012.89,95336.00,337.5148
2026-01-18T20:00:00,95336.00,95485.00,93559.78,93633.53,1350.8628
2026-01-19T00:00:00,93630.00,93630.00,91935.30,92656.01,1782.2025
2026-01-19T04:00:00,92656.02,92811.58,92300.49,92787.38,726.4541
2026-01-19T08:00:00,92787.37,93327.89,92636.27,93133.08,591.9058
2026-01-19T12:00:00,93133.08,93169.49,92640.01,93009.65,662.0868
2026-01-19T16:00:00,93009.65,93359.00,92872.58,93048.01,584.8074
2026-01-19T20:00:00,93048.01,93289.87,92079.93,92559.66,646.1090
2026-01-20T00:00:00,92559.65,92807.99,92190.13,92360.27,620.4098
2026-01-20T04:00:00,92360.27,92405.54,90676.73,91068.00,1227.1895
2026-01-20T08:00:00,91072.10,91360.77,90558.99,91134.95,598.0777
2026-01-20T12:00:00,91134.90,91286.99,89750.00,90585.89,2506.3581
2026-01-20T16:00:00,90585.89,90888.60,89162.00,89594.00,3242.6281
2026-01-20T20:00:00,89595.96,89722.00,87767.53,88310.60,2940.2268
2026-01-21T00:00:00,88310.60,89495.99,88130.01,89319.06,1073.4104
2026-01-21T04:00:00,89319.06,90009.70,88908.91,89092.77,1327.3246
2026-01-21T08:00:00,89088.73,89387.16,88600.00,88691.80,628.7937
2026-01-21T12:00:00,88691.73,90500.00,88107.16,90208.16,2510.1938
2026-01-21T16:00:00,90208.15,90368.70,87156.00,90281.80,4921.4065
2026-01-21T20:00:00,90281.80,90313.78,89269.65,89363.71,2078.3108
2026-01-22T00:00:00,89363.71,90273.35,89363.71,89801.93,735.5020
2026-01-22T04:00:00,89801.93,90129.40,89698.08,89728.30,598.6864
2026-01-22T08:00:00,89728.30,90062.00,89663.21,89837.84,784.7783
2026-01-22T12:00:00,89837.84,90250.00,88408.65,88907.99,2084.0848
2026-01-22T16:00:00,88903.97,89850.00,88570.00,89676.01,1955.8521
2026-01-22T20:00:00,89677.58,89868.00,89044.04,89463.50,916.2651
2026-01-23T00:00:00,89463.51,89887.98,89345.67,89831.13,532.8708
2026-01-23T04:00:00,89831.13,89972.90,89272.39,89415.47,749.3194
2026-01-23T08:00:00,89415.47,89506.75,88737.98,89094.89,511.0141
2026-01-23T12:00:00,89094.88,89767.99,88440.65,89641.84,1441.4164
2026-01-23T16:00:00,89641.85,91147.01,89346.05,89874.00,3044.1080
2026-01-23T20:00:00,89872.95,90052.21,89089.60,89474.93,1102.4942
2026-01-24T00:00:00,89474.94,89832.72,89289.74,89637.43,348.2471
2026-01-24T04:00:00,89637.42,89732.38,89426.21,89477.08,252.7709
2026-01-24T08:00:00,89474.47,89549.79,89435.00,89450.01,216.3616
2026-01-24T12:00:00,89450.00,89450.01,89042.00,89131.90,309.8461
2026-01-24T16:00:00,89131.90,89320.80,89007.01,89183.91,396.0045
2026-01-24T20:00:00,89183.91,89358.02,89065.40,89082.17,278.5909
2026-01-25T00:00:00,89082.16,89177.95,88691.92,88819.61,333.5940
2026-01-25T04:00:00,88819.61,88958.03,88488.00,88521.35,330.1829
2026-01-25T08:00:00,88521.35,88621.26,88000.00,88430.00,318.5417
2026-01-25T12:00:00,88430.00,88847.56,88248.63,88323.61,492.8923
2026-01-25T16:00:00,88323.60,88328.79,86100.00,86391.94,1985.6022
2026-01-25T20:00:00,86391.94,86921.57,86000.13,86561.94,1967.7681
2026-01-26T00:00:00,86561.94,87863.84,86411.70,87147.24,1398.6211
2026-01-26T04:00:00,87147.24,87986.04,87111.78,87906.01,695.5037
2026-01-26T08:00:00,87906.00,88289.32,87492.24,87754.38,515.3687
2026-01-26T12:00:00,87754.38,88787.97,87223.00,87558.14,2448.0912
2026-01-26T16:00:00,87558.22,88465.00,86922.04,87915.99,1791.9418
2026-01-26T20:00:00,87914.02,88565.49,87425.93,88250.01,1370.3741
2026-01-27T00:00:00,88250.00,88789.51,88100.00,88672.02,746.4669
2026-01-27T04:00:00,88672.01,88888.00,88169.09,88212.00,527.5783
2026-01-27T08:00:00,88212.00,88289.20,87615.00,87861.93,426.7945
2026-01-27T12:00:00,87860.61,88339.99,87431.47,87916.43,1311.1495
2026-01-27T16:00:00,87916.42,88723.57,87180.01,88286.33,2071.9451
2026-01-27T20:00:00,88286.34,89447.21,88238.50,89116.96,1391.1629
2026-01-28T00:00:00,89116.96,89384.41,88855.51,88991.98,518.3290
2026-01-28T04:00:00,88991.98,89289.34,88706.32,89009.79,572.1429
2026-01-28T08:00:00,89009.78,90031.43,88733.54,89961.14,896.7199
2026-01-28T12:00:00,89961.14,90361.90,88760.00,89360.02,1778.2971
2026-01-28T16:00:00,89365.69,90476.81,88872.59,89268.48,1709.1304
2026-01-28T20:00:00,89268.48,89778.38,88721.11,89162.40,1161.5168
2026-01-29T00:00:00,89162.40,89210.16,87548.86,87906.07,1276.1493
2026-01-29T04:00:00,87906.07,88297.88,87753.80,88218.02,660.4721
2026-01-29T08:00:00,88218.02,88349.20,87599.16,87675.87,767.8787
2026-01-29T12:00:00,87675.87,88029.00,84206.00,84781.27,4144.6216
2026-01-29T16:00:00,84780.01,85493.80,83216.21,83835.02,5978.5031
2026-01-29T20:00:00,83834.96,84600.00,83620.00,84513.20,2033.3155
2026-01-30T00:00:00,84513.19,84599.00,81000.12,82541.70,3385.5448
2026-01-30T04:00:00,82547.07,83202.96,81904.28,82650.01,1970.5827
2026-01-30T08:00:00,82652.63,83164.31,82013.90,83004.91,1177.6400
2026-01-30T12:00:00,83004.91,83673.24,82235.01,82740.33,2550.5718
2026-01-30T16:00:00,82740.33,84509.20,81722.33,84115.00,3689.1298
2026-01-30T20:00:00,84115.01,84355.99,83381.23,84110.99,2459.3429
2026-01-31T00:00:00,84110.99,84138.00,83648.79,83868.88,788.0181
2026-01-31T04:00:00,83868.89,83992.41,83240.00,83391.37,963.2006
2026-01-31T08:00:00,83391.37,83477.55,82420.21,82866.23,1041.1173
2026-01-31T12:00:00,82866.25,83000.00,80705.67,81168.00,1970.6030
2026-01-31T16:00:00,81174.71,82055.36,75644.15,77656.14,7209.4506
2026-01-31T20:00:00,77646.50,79135.99,76970.41,78648.00,2882.6838
2026-02-01T00:00:00,78648.00,79337.99,78210.04,78785.69,1657.0577
2026-02-01T04:00:00,78785.69,79039.07,77875.00,78269.98,1159.4984
2026-02-01T08:00:00,78269.97,79158.06,78066.60,78688.99,950.9468
2026-02-01T12:00:00,78689.00,78705.07,76717.00,77532.55,1977.9053
2026-02-01T16:00:00,77532.55,78367.00,76892.17,77092.00,1805.0813
2026-02-01T20:00:00,77092.00,77698.00,75612.75,76895.53,3995.4976
2026-02-02T00:00:00,76895.99,78113.54,74502.21,76211.71,4623.0941
2026-02-02T04:00:00,76212.40,76866.37,74825.08,76560.00,3233.6518
2026-02-02T08:00:00,76559.99,77893.65,76523.09,77679.00,1361.4917
2026-02-02T12:00:00,77679.00,79339.00,77501.59,78833.37,4962.9603
2026-02-02T16:00:00,78833.38,79270.68,78212.67,78280.98,5454.9225
2026-02-02T20:00:00,78269.52,78906.23,77827.19,78666.85,1557.2533
2026-02-03T00:00:00,78666.84,79123.75,77576.42,78684.00,1351.9636
2026-02-03T04:00:00,78680.32,78926.19,77874.46,78712.02,1013.7534
2026-02-03T08:00:00,78712.02,79005.95,77861.50,78000.00,1031.6194
2026-02-03T12:00:00,78000.00,78374.59,76975.06,78064.01,2342.8167
2026-02-03T16:00:00,78064.01,78074.01,72859.00,74846.00,7167.2524
2026-02-03T20:00:00,74842.00,76865.28,74484.00,75661.49,3559.7914
2026-02-04T00:00:00,75661.49,76876.54,75355.15,76611.34,2204.5809
2026-02-04T04:00:00,76611.34,76731.09,76005.53,76415.01,969.6662
2026-02-04T08:00:00,76415.00,76500.00,75530.21,75898.83,1314.6252
2026-02-04T12:00:00,75901.46,76163.81,73431.08,74015.35,3661.4303
2026-02-04T16:00:00,74015.36,74118.24,72010.00,73757.15,7535.7353
2026-02-04T20:00:00,73756.99,73980.03,71703.72,72998.00,4078.5864
2026-02-05T00:00:00,72999.00,73173.96,71002.22,71081.55,3431.4243
2026-02-05T04:00:00,71085.99,71494.37,70002.53,70584.80,4440.5846
2026-02-05T08:00:00,70584.80,71840.07,69802.32,70195.21,2558.8006
2026-02-05T12:00:00,70195.21,70784.93,66555.00,67368.96,12026.1613
2026-02-05T16:00:00,67370.00,68547.52,65046.60,65119.05,12926.1655
2026-02-05T20:00:00,65119.04,65567.05,62181.65,62791.00,13988.0696
2026-02-06T00:00:00,62788.28,65934.81,60001.00,64081.99,11272.6892
2026-02-06T04:00:00,64080.81,66725.76,63866.32,64760.64,4229.3881
2026-02-06T08:00:00,64760.03,66676.63,64383.38,66546.03,2975.5859
2026-02-06T12:00:00,66546.02,69175.29,66017.60,68643.99,9243.6597
2026-02-06T16:00:00,68641.33,71496.34,68427.38,70668.79,11400.5304
2026-02-06T20:00:00,70663.73,71707.18,69785.35,70527.70,4689.0300
2026-02-07T00:00:00,70521.08,70890.59,69676.55,70881.70,2524.2581
2026-02-07T04:00:00,70880.37,71648.05,67293.26,68056.88,2705.4757
2026-02-07T08:00:00,68055.02,68783.10,67557.65,67917.39,1586.2424
2026-02-07T12:00:00,67916.43,69919.25,67855.99,69088.12,2133.6113
2026-02-07T16:00:00,69088.13,69830.52,68526.98,69318.18,1402.7833
2026-02-07T20:00:00,69318.18,69681.62,68735.64,69244.74,899.4730
2026-02-08T00:00:00,69250.00,69657.46,68840.83,69047.16,918.5922
2026-02-08T04:00:00,69047.16,69657.00,68913.52,69650.96,560.3361
2026-02-08T08:00:00,69646.06,71150.00,69477.33,70937.94,1376.3013
2026-02-08T12:00:00,70937.94,71508.00,70632.00,71137.43,1547.3302
2026-02-08T16:00:00,71134.02,71479.90,70200.40,71380.16,1254.7995
2026-02-08T20:00:00,71380.62,72232.17,69933.02,70279.33,2433.0892
2026-02-09T00:00:00,70279.32,71380.13,70012.81,71241.43,1844.7187
2026-02-09T04:00:00,71239.85,71305.03,70254.00,70358.02,1285.5693
2026-02-09T08:00:00,70358.02,70554.99,68351.40,68868.80,2297.6741
2026-02-09T12:00:00,68868.79,69841.00,68233.01,69533.85,3836.2300
2026-02-09T16:00:00,69529.36,71042.44,69051.00,70922.12,3718.7169
2026-02-09T20:00:00,70922.98,71101.35,69783.48,70101.99,2563.5850
2026-02-10T00:00:00,70101.98,70489.99,69153.00,69450.74,1396.7988
2026-02-10T04:00:00,69450.74,69853.25,68630.65,68859.02,1163.4441
2026-02-10T08:00:00,68859.02,69348.31,68403.03,68457.44,1161.5779
2026-02-10T12:00:00,68466.00,69538.03,67857.00,69256.02,3478.7032
2026-02-10T16:00:00,69253.15,69970.59,68582.00,69030.13,2817.6740
2026-02-10T20:00:00,69030.13,69100.00,68290.99,68803.65,1548.2151
2026-02-11T00:00:00,68803.65,69248.00,67950.21,68132.94,1309.4542
2026-02-11T04:00:00,68132.93,68280.66,66502.30,66986.18,1820.3086
2026-02-11T08:00:00,66988.33,67084.97,66340.00,67026.84,1352.0894
2026-02-11T12:00:00,67025.43,68788.00,65702.95,66490.00,5001.2354
2026-02-11T16:00:00,66487.72,67819.56,65809.79,67540.29,3486.8082
2026-02-11T20:00:00,67540.28,68296.88,66729.19,67024.93,2151.5354
2026-02-12T00:00:00,67032.71,67994.94,66993.75,67533.13,1280.9909
2026-02-12T04:00:00,67533.13,67631.00,66614.15,67167.96,1236.3754
2026-02-12T08:00:00,67164.39,68300.00,66827.41,68041.99,1095.3764
2026-02-12T12:00:00,68040.00,68382.90,66969.69,67091.99,2304.2416
2026-02-12T16:00:00,67097.28,67196.68,65065.47,65730.00,5698.4671
2026-02-12T20:00:00,65732.99,66427.00,65139.87,66208.00,2208.0094
2026-02-13T00:00:00,66207.99,66755.00,65799.71,66504.02,1166.2917
2026-02-13T04:00:00,66505.40,66623.99,65954.31,66142.00,1089.9255
2026-02-13T08:00:00,66142.00,67170.85,66124.04,67109.69,1282.7122
2026-02-13T12:00:00,67106.00,69274.01,66810.00,68650.00,4341.0985
2026-02-13T16:00:00,68644.01,69434.20,68489.56,68898.67,2729.8628
2026-02-13T20:00:00,68896.29,69039.39,68640.65,68812.00,1494.3960
2026-02-14T00:00:00,68812.00,69101.17,68723.15,68941.67,631.5171
2026-02-14T04:00:00,68941.67,69308.00,68697.63,69179.90,409.7203
2026-02-14T08:00:00,69179.90,70531.53,69171.12,70469.17,847.5286
2026-02-14T12:00:00,70469.17,70499.99,69190.96,69767.28,1970.6881
2026-02-14T16:00:00,69767.29,69895.60,69263.02,69845.55,842.0760
2026-02-14T20:00:00,69845.21,70218.54,69636.01,69786.96,885.4513
2026-02-15T00:00:00,69786.96,69980.61,69212.82,69925.01,676.2904
2026-02-15T04:00:00,69925.01,70897.57,69834.53,70790.31,898.9514
2026-02-15T08:00:00,70793.99,70941.65,70144.47,70262.70,541.8248
2026-02-15T12:00:00,70262.70,70377.99,68750.00,69067.09,1293.7650
2026-02-15T16:00:00,69067.08,69068.00,68020.00,68244.49,1502.6506
2026-02-15T20:00:00,68244.48,69043.41,68082.10,68792.00,1052.0310
2026-02-16T00:00:00,68792.00,69025.99,68112.44,68386.83,776.2818
2026-02-16T04:00:00,68385.48,68863.96,68190.08,68549.82,502.1863
2026-02-16T08:00:00,68549.82,69025.99,68283.01,68771.82,871.5711
2026-02-16T12:00:00,68771.82,70089.99,67251.81,67502.00,2223.8707
2026-02-16T16:00:00,67504.36,68208.33,67460.65,67880.63,1237.6635
2026-02-16T20:00:00,67880.62,68963.26,67790.80,68858.13,1015.2865
2026-02-17T00:00:00,68859.55,69199.51,68341.05,68432.65,993.1331
2026-02-17T04:00:00,68432.64,68668.23,67850.01,68357.51,616.7042
2026-02-17T08:00:00,68356.01,68445.00,67638.75,67808.30,613.6724
2026-02-17T12:00:00,67808.30,68319.80,66569.58,67362.33,3197.4274
2026-02-17T16:00:00,67355.41,68206.90,66832.01,67755.70,2748.4377
2026-02-17T20:00:00,67756.22,67894.31,67343.86,67466.70,953.2513
2026-02-18T00:00:00,67466.70,67676.00,66835.98,67586.40,852.6977
2026-02-18T04:00:00,67586.41,68184.67,67463.55,68081.41,654.8544
2026-02-18T08:00:00,68081.41,68438.84,67042.87,67334.90,957.9529
2026-02-18T12:00:00,67337.99,68333.93,66666.00,67663.28,2651.5161
2026-02-18T16:00:00,67663.66,67677.09,65812.57,66135.94,2798.5542
2026-02-18T20:00:00,66137.51,66516.12,66052.51,66419.79,1771.5940
2026-02-19T00:00:00,66419.78,66962.01,66300.43,66944.99,861.4079
2026-02-19T04:00:00,66944.98,67288.22,66643.62,67171.96,657.6283
2026-02-19T08:00:00,67171.95,67171.95,66426.01,66457.45,555.2380
2026-02-19T12:00:00,66457.44,66734.93,65604.63,66367.99,2818.5276
2026-02-19T16:00:00,66367.98,67179.95,65850.00,67025.61,2494.6110
2026-02-19T20:00:00,67025.60,67161.05,66613.89,66972.50,1117.8835
2026-02-20T00:00:00,66972.49,67478.38,66910.35,67332.43,950.6063
2026-02-20T04:00:00,67335.09,67997.81,67076.00,67809.28,905.4636
2026-02-20T08:00:00,67809.27,68294.86,67257.38,67303.50,1280.6151
2026-02-20T12:00:00,67301.25,68069.75,66427.23,67578.79,3447.3610
2026-02-20T16:00:00,67578.79,68000.00,66938.32,67625.99,3725.9887
2026-02-20T20:00:00,67625.98,68207.44,67500.00,67984.42,1039.5149
2026-02-21T00:00:00,67984.42,68085.57,67516.93,67648.88,623.5497
2026-02-21T04:00:00,67648.88,67903.17,67567.90,67835.99,277.3590
2026-02-21T08:00:00,67835.99,68285.00,67790.00,68076.47,373.0151
2026-02-21T12:00:00,68076.47,68683.27,67894.60,68595.16,612.0478
2026-02-21T16:00:00,68595.16,68647.42,68080.00,68533.24,773.1365
2026-02-21T20:00:00,68533.24,68587.61,67865.00,67955.78,627.9567
2026-02-22T00:00:00,67955.78,68200.00,67778.48,68024.46,579.8691
2026-02-22T04:00:00,68025.88,68152.46,67860.70,67996.01,369.7346
2026-02-22T08:00:00,67996.01,68241.40,67891.52,68200.00,230.9796
2026-02-22T12:00:00,68199.99,68221.92,67289.36,67673.72,929.5796
2026-02-22T16:00:00,67673.72,67704.92,67132.81,67390.14,515.5772
2026-02-22T20:00:00,67390.14,67723.38,67314.67,67617.98,637.7933
2026-02-23T00:00:00,67616.01,67656.42,64298.71,64918.00,3857.4564
2026-02-23T04:00:00,64918.00,65999.39,64662.00,65941.91,1211.1603
2026-02-23T08:00:00,65941.90,66588.17,65560.90,66204.04,1076.5081
2026-02-23T12:00:00,66204.05,66512.75,65502.00,65631.02,2900.7470
2026-02-23T16:00:00,65631.01,65717.44,64079.44,64275.40,3899.2926
2026-02-23T20:00:00,64275.39,64999.98,63855.00,64625.78,2252.8474
2026-02-24T00:00:00,64625.78,64988.32,63321.69,63568.60,1893.4780
2026-02-24T04:00:00,63571.40,63600.00,62676.78,63167.02,1906.5941
2026-02-24T08:00:00,63170.00,63425.00,62917.86,63211.99,989.9540
2026-02-24T12:00:00,63211.97,64044.99,62534.61,63979.20,3392.9300
2026-02-24T16:00:00,63979.21,64749.86,63703.33,64442.79,2884.7530
2026-02-24T20:00:00,64442.79,64600.24,63841.33,64068.33,1449.6984
2026-02-25T00:00:00,64068.33,66313.68,63912.25,65387.99,2558.8213
2026-02-25T04:00:00,65388.00,65648.27,64751.55,65028.35,1002.7960
2026-02-25T08:00:00,65028.35,65695.93,64960.71,65413.11,924.5244
2026-02-25T12:00:00,65412.38,67598.99,65317.71,67420.00,3682.9125
2026-02-25T16:00:00,67418.01,69573.99,67414.28,69060.20,6413.3199
2026-02-25T20:00:00,69062.52,70020.00,67590.68,67992.68,2740.1746
2026-02-26T00:00:00,67992.68,68716.78,67717.55,68214.01,1533.6048
2026-02-26T04:00:00,68215.77,68866.86,67826.32,67840.04,911.7935
2026-02-26T08:00:00,67840.04,68720.82,67782.74,68044.19,905.9859
2026-02-26T12:00:00,68044.20,68299.09,66764.26,67392.00,2770.3735
2026-02-26T16:00:00,67395.00,67910.60,66500.92,67580.98,3179.7162
2026-02-26T20:00:00,67580.98,67842.99,67135.01,67490.51,1376.7995
2026-02-27T00:00:00,67490.50,67738.69,66877.91,67609.05,1078.7838
2026-02-27T04:00:00,67608.04,68223.07,67462.98,67686.01,1207.4090
2026-02-27T08:00:00,67686.00,68158.58,65962.77,66123.71,1812.1950
2026-02-27T12:00:00,66119.09,66358.12,65656.29,66095.88,2870.2554
2026-02-27T16:00:00,66095.32,66131.00,65108.23,65385.31,2030.1265
2026-02-27T20:00:00,65385.31,65950.19,64942.87,65859.94,1278.0265
2026-02-28T00:00:00,65859.93,66019.49,65715.20,65791.45,562.8463
2026-02-28T04:00:00,65791.44,65822.67,63019.60,63821.02,1988.6364
2026-02-28T08:00:00,63819.02,64304.08,63363.40,63844.30,1192.5400
2026-02-28T12:00:00,63846.04,65367.00,63831.84,64841.99,1646.2749
2026-02-28T16:00:00,64841.99,66666.66,64676.77,66357.26,1669.5393
2026-02-28T20:00:00,66357.26,67761.55,66194.73,66967.85,2033.4123
2026-03-01T00:00:00,66971.54,68200.00,66051.86,67506.20,1783.4398
2026-03-01T04:00:00,67506.19,67617.55,66777.00,67140.44,880.1025
2026-03-01T08:00:00,67140.44,67297.07,66213.49,66467.32,777.0062
2026-03-01T12:00:00,66467.32,67361.66,66143.23,66850.00,1319.4438
2026-03-01T16:00:00,66850.76,67119.96,65726.13,65963.94,1631.2181
2026-03-01T20:00:00,65963.94,66486.24,65008.38,65769.00,2120.6775
2026-03-02T00:00:00,65771.56,67071.88,65748.85,66825.19,1544.3940
2026-03-02T04:00:00,66825.20,67006.95,65544.00,66016.80,1110.1211
2026-03-02T08:00:00,66021.48,66734.37,65649.20,66363.54,1055.2650
2026-03-02T12:00:00,66363.54,69635.97,65250.12,69152.45,5686.2560
2026-03-02T16:00:00,69152.44,70128.74,68585.23,68975.38,5594.5481
2026-03-02T20:00:00,68975.38,69553.89,68598.00,68832.01,2781.8846
2026-03-03T00:00:00,68832.00,69255.36,68217.01,68366.38,1090.1641
2026-03-03T04:00:00,68368.32,68564.00,67788.00,68164.02,1355.8395
2026-03-03T08:00:00,68164.03,68305.51,66339.76,67008.74,1724.5201
2026-03-03T12:00:00,67008.75,67944.84,66138.20,67724.00,2754.9735
2026-03-03T16:00:00,67722.01,69000.07,67489.85,68437.92,4258.8383
2026-03-03T20:00:00,68438.67,68854.99,67820.95,68335.99,1639.3921
2026-03-04T00:00:00,68335.99,68926.71,67391.17,67730.25,1747.2503
2026-03-04T04:00:00,67728.00,69669.72,67455.89,69496.32,1625.7937
2026-03-04T08:00:00,69496.32,71928.30,69142.76,71113.99,3214.0485
2026-03-04T12:00:00,71113.99,73533.00,70592.00,73428.00,5467.1659
2026-03-04T16:00:00,73426.55,74100.00,72568.78,73673.05,5736.6682
2026-03-04T20:00:00,73673.05,73778.02,72332.45,72683.26,3351.8442
2026-03-05T00:00:00,72683.26,73316.73,72349.22,72516.02,1259.9924
2026-03-05T04:00:00,72514.09,73099.99,71786.77,72069.81,1163.2762
2026-03-05T08:00:00,72072.87,73588.24,71755.20,72930.50,1356.2320
2026-03-05T12:00:00,72930.50,73087.98,71168.90,71670.39,2716.9260
2026-03-05T16:00:00,71673.29,71676.20,70639.01,70910.88,2952.6024
2026-03-05T20:00:00,70908.06,71575.75,70782.85,70887.60,1442.6894
2026-03-06T00:00:00,70887.61,71428.40,70357.49,71082.01,1141.5161
2026-03-06T04:00:00,71082.78,71190.85,70130.52,71069.75,1176.7078
2026-03-06T08:00:00,71069.75,71078.89,70185.25,70211.49,733.4871
2026-03-06T12:00:00,70213.97,70336.71,68164.23,68499.99,4158.0263
2026-03-06T16:00:00,68498.35,68803.42,67725.14,68114.50,2441.6291
2026-03-06T20:00:00,68114.51,68444.53,67752.71,68108.24,1393.8480
2026-03-07T00:00:00,68108.23,68544.79,68050.00,68090.87,623.7889
2026-03-07T04:00:00,68090.88,68148.18,67417.50,67840.82,597.2381
2026-03-07T08:00:00,67840.82,68240.61,67714.62,68010.31,344.2325
2026-03-07T12:00:00,68010.31,68088.07,67602.69,67874.75,474.2708
2026-03-07T16:00:00,67874.75,67939.73,66921.33,67080.78,661.9510
2026-03-07T20:00:00,67080.79,67481.56,67067.63,67259.62,543.5699
2026-03-08T00:00:00,67259.62,67485.99,66818.70,67001.16,589.0155
2026-03-08T04:00:00,66997.82,67454.99,66541.97,67314.86,511.4060
2026-03-08T08:00:00,67314.85,68201.16,67157.06,67514.12,479.0274
2026-03-08T12:00:00,67514.12,67645.34,66813.23,67201.03,670.2705
2026-03-08T16:00:00,67201.02,67463.44,66731.02,67333.26,775.9099
2026-03-08T20:00:00,67333.25,67535.60,65618.51,65970.56,2479.5500
2026-03-09T00:00:00,65970.56,67668.72,65820.93,67201.76,1803.0373
2026-03-09T04:00:00,67200.76,68055.63,66871.39,67533.14,1265.7392
2026-03-09T08:00:00,67535.77,68457.47,67326.48,67755.33,1004.5896
2026-03-09T12:00:00,67755.33,69500.00,67741.44,68885.47,4515.1025
2026-03-09T16:00:00,68887.07,69543.00,68238.72,69012.12,3363.4440
2026-03-09T20:00:00,69012.13,69179.32,68375.01,68432.17,1352.0436
2026-03-10T00:00:00,68432.16,70603.99,68383.50,69430.34,1419.1406
2026-03-10T04:00:00,69429.42,70534.67,69429.42,70413.22,912.2468
2026-03-10T08:00:00,70415.27,71305.04,70379.99,70605.18,1354.9987
2026-03-10T12:00:00,70605.17,71800.00,69275.01,71370.62,4042.4040
2026-03-10T16:00:00,71370.62,71730.94,69729.87,70055.27,3760.7571
2026-03-10T20:00:00,70055.28,70433.35,69459.84,69960.83,1832.8868
2026-03-11T00:00:00,69960.83,70187.74,69500.00,69556.00,945.4047
2026-03-11T04:00:00,69561.84,70279.02,69426.01,69659.45,649.7958
2026-03-11T08:00:00,69660.72,69783.66,69155.74,69179.97,601.3563
2026-03-11T12:00:00,69179.96,71104.96,68980.74,70252.80,3167.1646
2026-03-11T16:00:00,70252.80,71358.48,70176.00,70670.11,2865.9590
2026-03-11T20:00:00,70672.95,70843.78,70154.84,70208.00,1622.0483
2026-03-12T00:00:00,70208.03,70364.97,69224.09,69449.46,941.3165
2026-03-12T04:00:00,69449.90,69858.06,69180.01,69826.22,562.9397
2026-03-12T08:00:00,69826.21,70819.84,69588.26,70439.47,1022.4268
2026-03-12T12:00:00,70441.94,70694.00,69359.19,70353.53,3369.1659
2026-03-12T16:00:00,70353.52,70591.97,69778.00,70462.00,2535.8417
2026-03-12T20:00:00,70458.00,70750.00,70014.79,70531.56,1276.7297
2026-03-13T00:00:00,70530.02,72023.92,70398.01,71411.23,1811.7520
2026-03-13T04:00:00,71410.17,71685.55,71186.39,71632.03,983.7172
2026-03-13T08:00:00,71632.02,72609.30,71389.01,72246.30,1468.2031
2026-03-13T12:00:00,72246.29,73968.00,71743.88,71849.53,4436.5775
2026-03-13T16:00:00,71849.53,72272.91,70836.25,71190.64,2614.5095
2026-03-13T20:00:00,71190.64,71500.96,70555.59,70944.33,989.4570
2026-03-14T00:00:00,70944.32,71182.72,70490.02,71087.41,675.0856
2026-03-14T04:00:00,71087.41,71316.00,70236.02,70617.28,768.1556
2026-03-14T08:00:00,70617.27,70789.62,70372.99,70754.52,399.4777
2026-03-14T12:00:00,70754.51,70969.99,70503.41,70597.33,493.2632
2026-03-14T16:00:00,70597.32,70751.60,70509.25,70717.99,335.4359
2026-03-14T20:00:00,70717.98,71263.99,70661.09,71232.02,502.6653
2026-03-15T00:00:00,71232.01,71633.44,70868.41,71364.60,921.0647
2026-03-15T04:00:00,71364.60,71802.00,71334.74,71464.07,538.3222
2026-03-15T08:00:00,71464.07,71957.56,71464.07,71856.99,460.2932
2026-03-15T12:00:00,71856.98,71856.99,71274.01,71484.91,672.5987
2026-03-15T16:00:00,71484.92,71999.50,71328.01,71565.09,702.0555
2026-03-15T20:00:00,71565.09,73220.80,71437.53,72830.01,2491.2850
2026-03-16T00:00:00,72830.01,74295.46,72276.24,73575.57,2204.0512
2026-03-16T04:00:00,73575.56,74444.00,73384.32,73465.30,1859.0588
2026-03-16T08:00:00,73466.69,73844.93,72877.64,73563.79,1338.2317
2026-03-16T12:00:00,73564.66,74547.50,72992.12,73279.90,3170.5198
2026-03-16T16:00:00,73279.90,74420.00,73172.43,73969.53,2182.6927
2026-03-16T20:00:00,73969.99,74913.69,73863.64,74886.47,1902.8774
2026-03-17T00:00:00,74886.46,76022.60,74265.01,74468.66,2645.1698
2026-03-17T04:00:00,74468.66,74695.40,73779.92,74252.10,958.9472
2026-03-17T08:00:00,74252.09,74466.00,73588.25,74045.40,1042.3639
2026-03-17T12:00:00,74045.40,74934.42,73400.01,73941.45,3038.2135
2026-03-17T16:00:00,73941.46,74851.08,73886.99,74542.28,2637.4286
2026-03-17T20:00:00,74540.71,74834.45,73900.00,73934.11,1036.9050
2026-03-18T00:00:00,73934.11,74700.00,73547.51,74478.75,958.8612
2026-03-18T04:00:00,74478.75,74524.08,73700.12,73895.30,505.3422
2026-03-18T08:00:00,73895.30,74317.56,72805.34,72962.74,892.6446
2026-03-18T12:00:00,72962.74,72995.23,70863.85,71470.96,3173.9615
2026-03-18T16:00:00,71470.96,72031.14,70917.11,71065.73,2346.6658
2026-03-18T20:00:00,71065.73,71435.56,70474.83,71245.02,1370.6392
2026-03-19T00:00:00,71245.01,71628.00,70906.52,71215.89,624.2727
2026-03-19T04:00:00,71215.88,71215.89,69500.00,70199.73,1068.2130
2026-03-19T08:00:00,70199.73,70570.55,69902.52,69950.00,695.7153
2026-03-19T12:00:00,69950.00,70153.32,68772.78,69402.15,2885.4869
2026-03-19T16:00:00,69408.90,70600.00,69101.81,70265.41,1678.9385
2026-03-19T20:00:00,70262.93,70699.99,69718.45,69918.30,841.3991
2026-03-20T00:00:00,69917.19,70823.73,69831.00,70729.69,767.3957
2026-03-20T04:00:00,70722.63,70967.35,70206.01,70850.25,580.7828
2026-03-20T08:00:00,70850.25,71384.62,70202.74,70472.89,1019.3313
2026-03-20T12:00:00,70472.89,70679.96,69462.28,69849.86,2292.3490
2026-03-20T16:00:00,69849.86,70188.82,69360.00,70169.39,1482.8687
2026-03-20T20:00:00,70169.39,70913.08,69736.17,70497.01,1173.1661
2026-03-21T00:00:00,70497.01,70813.26,70423.80,70654.10,290.2647
2026-03-21T04:00:00,70654.09,70870.18,70587.64,70713.49,282.2643
2026-03-21T08:00:00,70713.49,70752.45,70471.23,70637.76,366.1444
2026-03-21T12:00:00,70637.76,71075.92,70422.89,70616.70,396.3853
2026-03-21T16:00:00,70616.71,70648.19,70198.01,70376.86,568.0788
2026-03-21T20:00:00,70376.87,70500.00,68562.13,68912.02,953.5706
2026-03-22T00:00:00,68912.02,69577.00,68226.04,69335.71,1063.8430
2026-03-22T04:00:00,69335.70,69517.16,68872.06,68904.52,377.4909
2026-03-22T08:00:00,68904.52,68972.40,68120.00,68209.80,445.0891
2026-03-22T12:00:00,68209.80,69000.00,68184.91,68844.55,564.0572
2026-03-22T16:00:00,68844.55,68877.90,68125.01,68199.18,497.0473
2026-03-22T20:00:00,68199.18,68499.11,67332.05,67844.94,1942.3711
2026-03-23T00:00:00,67844.94,68577.14,67425.00,68063.13,1118.7749
2026-03-23T04:00:00,68063.13,68903.87,67485.61,68317.20,1118.3832
2026-03-23T08:00:00,68317.20,71491.46,67898.07,70103.40,2403.8867
2026-03-23T12:00:00,70103.40,71811.00,69649.65,70104.00,3561.0729
2026-03-23T16:00:00,70104.00,71229.50,70100.74,70660.88,1437.8784
2026-03-23T20:00:00,70655.95,70986.13,70379.65,70874.23,714.7210
2026-03-24T00:00:00,70874.22,71074.99,70250.01,70521.97,655.5966
2026-03-24T04:00:00,70521.97,71389.00,70097.43,71272.00,708.1763
2026-03-24T08:00:00,71278.91,71357.51,70824.00,71139.99,538.2640
2026-03-24T12:00:00,71139.99,71168.00,69472.03,69842.11,2148.0008
2026-03-24T16:00:00,69839.40,69982.00,68889.00,69334.00,1911.2737
2026-03-24T20:00:00,69334.00,70812.36,69247.81,70533.49,1277.4336
2026-03-25T00:00:00,70533.48,71007.00,70357.10,70683.10,790.5930
2026-03-25T04:00:00,70683.09,71320.72,70660.00,70910.68,647.1563
2026-03-25T08:00:00,70910.68,72030.29,70773.37,71673.97,1499.7218
2026-03-25T12:00:00,71673.96,71954.83,70545.67,70806.44,2081.9810
2026-03-25T16:00:00,70804.58,71735.53,70644.75,70859.88,1678.1157
2026-03-25T20:00:00,70859.88,71543.31,70616.00,71301.53,967.8004
2026-03-26T00:00:00,71301.52,71414.33,70638.22,70875.60,587.3988
2026-03-26T04:00:00,70875.73,70881.99,69728.04,70060.01,1027.4051
2026-03-26T08:00:00,70060.01,70110.73,69156.16,69238.42,863.4625
2026-03-26T12:00:00,69241.42,69832.15,68637.12,69035.84,2502.3180
2026-03-26T16:00:00,69032.51,69127.92,68102.36,68479.59,2114.6396
2026-03-26T20:00:00,68480.99,69412.85,68369.02,68769.02,1129.9699
2026-03-27T00:00:00,68769.02,69128.75,68476.85,68721.70,657.1090
2026-03-27T04:00:00,68721.70,68915.52,68250.00,68478.65,1263.1007
2026-03-27T08:00:00,68480.00,68580.33,66210.00,66671.97,2024.9188
2026-03-27T12:00:00,66671.98,66735.35,65656.60,66070.30,5028.8194
2026-03-27T16:00:00,66072.40,66238.63,65498.75,65975.02,3648.4147
2026-03-27T20:00:00,65977.24,66368.00,65749.11,66353.34,1059.0630
2026-03-28T00:00:00,66353.33,66465.91,65876.61,66181.29,643.3890
2026-03-28T04:00:00,66181.29,66520.02,66061.75,66504.90,411.4159
2026-03-28T08:00:00,66504.89,66514.56,66071.87,66267.24,467.8160
2026-03-28T12:00:00,66268.00,67249.65,66181.65,66961.62,1030.9450
2026-03-28T16:00:00,66961.67,67047.99,66649.24,66861.09,648.1032
2026-03-28T20:00:00,66861.08,66960.00,66216.55,66320.15,809.7273
2026-03-29T00:00:00,66320.16,67076.07,66225.51,66853.60,662.1851
2026-03-29T04:00:00,66853.60,66885.63,66495.00,66606.04,371.7955
2026-03-29T08:00:00,66606.04,66942.10,66353.91,66755.17,523.1757
2026-03-29T12:00:00,66755.17,66818.39,66270.46,66469.98,621.1960
2026-03-29T16:00:00,66469.98,66608.63,66099.62,66291.94,667.7188
2026-03-29T20:00:00,66291.94,66728.01,64938.66,65956.94,1742.2442
2026-03-30T00:00:00,65957.95,67390.74,65736.63,67107.99,2142.4258
2026-03-30T04:00:00,67107.99,67760.79,67094.42,67566.00,1318.4640
2026-03-30T08:00:00,67565.99,67956.95,67294.48,67624.66,1572.0094
2026-03-30T12:00:00,67624.28,68129.33,67035.41,67573.32,2560.0539
2026-03-30T16:00:00,67572.31,67593.91,66168.98,66488.00,2221.2404
2026-03-30T20:00:00,66482.82,66944.02,66344.96,66737.18,893.3372
2026-03-31T00:00:00,66737.08,68346.72,66476.57,67647.83,1482.5405
2026-03-31T04:00:00,67647.84,67808.58,67041.21,67305.00,1340.3031
2026-03-31T08:00:00,67305.00,67435.20,65924.82,66624.91,1564.5065
2026-03-31T12:00:00,66624.91,67709.59,66362.57,66676.78,2708.6712
2026-03-31T16:00:00,66676.78,68518.10,66665.39,67772.92,3427.2888
2026-03-31T20:00:00,67772.92,68346.63,67762.70,68221.85,1308.2735
2026-04-01T00:00:00,68221.84,68299.00,67525.59,68097.76,1435.3825
2026-04-01T04:00:00,68104.66,69285.99,67945.78,68660.97,1472.4474
2026-04-01T08:00:00,68660.96,68824.16,68359.04,68690.42,712.7197
2026-04-01T12:00:00,68687.29,68948.33,67900.01,68901.73,2659.1242
2026-04-01T16:00:00,68900.32,69156.30,67920.00,68162.03,2366.2677
2026-04-01T20:00:00,68160.00,68525.00,67951.05,68112.35,1158.7128
2026-04-02T00:00:00,68112.34,68652.00,66500.00,66569.30,2339.7447
2026-04-02T04:00:00,66571.92,66927.32,66208.07,66912.56,993.5100
2026-04-02T08:00:00,66912.57,66912.57,66140.71,66197.50,781.2124
2026-04-02T12:00:00,66197.50,67100.00,65696.96,66842.50,2237.6543
2026-04-02T16:00:00,66842.50,67450.75,66583.47,66976.06,1673.4989
2026-04-02T20:00:00,66975.98,67097.80,66720.00,66894.48,788.3500
2026-04-03T00:00:00,66899.11,66995.00,66275.01,66577.66,835.1230
2026-04-03T04:00:00,66577.66,67259.00,66410.01,67039.49,599.9242
2026-04-03T08:00:00,67039.50,67287.90,66674.76,67023.63,396.8188
2026-04-03T12:00:00,67023.63,67375.70,66510.00,66816.13,1008.8126
2026-04-03T16:00:00,66816.13,67066.63,66754.17,66879.68,869.7726
2026-04-03T20:00:00,66879.67,66969.00,66820.01,66959.99,470.5886
2026-04-04T00:00:00,66959.98,66961.50,66804.11,66830.06,293.9574
2026-04-04T04:00:00,66830.06,67045.00,66770.64,67009.28,370.4907
2026-04-04T08:00:00,67009.27,67217.12,66898.10,67147.92,324.0551
2026-04-04T12:00:00,67147.92,67528.20,67020.01,67374.49,559.4399
2026-04-04T16:00:00,67374.49,67535.20,67245.37,67281.99,415.2228
2026-04-04T20:00:00,67281.99,67463.75,67170.60,67291.73,449.6971
2026-04-05T00:00:00,67291.72,67300.25,66953.51,67138.55,350.5201
2026-04-05T04:00:00,67138.55,67181.99,66600.00,66808.57,344.4394
2026-04-05T08:00:00,66808.56,67127.76,66802.69,66990.35,241.5303
2026-04-05T12:00:00,66990.34,67812.00,66669.24,67291.57,630.2358
2026-04-05T16:00:00,67291.53,67538.48,67144.51,67350.84,532.6503
2026-04-05T20:00:00,67350.84,69117.60,67314.25,69005.00,1711.0016
2026-04-06T00:00:00,69005.00,69561.00,68738.74,69107.00,1220.4624
2026-04-06T04:00:00,69107.02,69337.67,68790.97,69100.00,486.6522
2026-04-06T08:00:00,69101.74,70271.25,69064.94,69619.77,1448.8741
2026-04-06T12:00:00,69620.00,69989.99,69150.37,69975.89,2965.7818
2026-04-06T16:00:00,69975.90,70378.48,69269.62,69732.99,3379.7997
2026-04-06T20:00:00,69727.98,69997.76,68332.00,68853.61,1680.7834
2026-04-07T00:00:00,68853.60,69133.19,68270.41,68777.67,1341.3912
2026-04-07T04:00:00,68777.68,68987.22,68434.41,68610.29,556.3650
2026-04-07T08:00:00,68610.28,69256.41,68061.76,68328.81,1087.9023
2026-04-07T12:00:00,68332.52,68633.63,67710.01,68152.71,1916.3407
2026-04-07T16:00:00,68152.71,69083.82,68060.31,68993.62,1724.3021
2026-04-07T20:00:00,68998.45,72753.97,68998.45,71910.20,4530.4260
2026-04-08T00:00:00,71910.21,72113.93,71233.98,71286.00,1388.1899
2026-04-08T04:00:00,71285.99,71942.29,71272.38,71641.01,739.8515
2026-04-08T08:00:00,71641.02,71962.24,71404.95,71690.40,848.6169
2026-04-08T12:00:00,71693.10,72861.38,70684.65,71309.99,3675.5707
2026-04-08T16:00:00,71310.00,71972.26,71008.53,71331.51,3295.2949
2026-04-08T20:00:00,71333.00,71766.61,70903.50,71085.99,1135.7170
2026-04-09T00:00:00,71083.99,71200.00,70468.74,70999.17,788.5525
2026-04-09T04:00:00,70999.18,71128.50,70690.95,70992.56,439.7985
2026-04-09T08:00:00,70992.56,71585.22,70877.16,71152.80,720.4468
2026-04-09T12:00:00,71152.80,72369.99,70511.78,72158.09,3159.5272
2026-04-09T16:00:00,72158.09,72568.12,71720.00,72136.37,3519.0071
2026-04-09T20:00:00,72146.26,73147.81,71558.46,71798.01,2080.4560
2026-04-10T00:00:00,71798.01,72421.88,71587.36,71882.19,1070.1418
2026-04-10T04:00:00,71882.19,72284.72,71437.39,71493.99,686.7876
2026-04-10T08:00:00,71495.04,72284.00,71431.55,72147.83,558.2374
2026-04-10T12:00:00,72149.16,73339.39,71899.60,72482.98,3375.9219
2026-04-10T16:00:00,72482.99,73314.59,72410.00,73286.01,2982.1933
2026-04-10T20:00:00,73286.01,73477.87,72802.00,72997.88,1393.2651
2026-04-11T00:00:00,72997.88,73150.19,72667.55,72909.53,436.5943
2026-04-11T04:00:00,72909.53,72998.13,72650.00,72791.84,368.9643
2026-04-11T08:00:00,72791.85,72958.06,72668.04,72947.62,267.3548
2026-04-11T12:00:00,72947.93,73023.19,72564.35,72893.41,472.5155
2026-04-11T16:00:00,72893.41,73822.95,72846.91,73720.25,694.2625
2026-04-11T20:00:00,73718.55,73727.26,72952.33,73086.00,556.2447
2026-04-12T00:00:00,73085.99,73172.14,71294.05,71621.55,1028.8560
2026-04-12T04:00:00,71621.55,71816.30,71442.91,71707.58,289.9929
2026-04-12T08:00:00,71707.58,71818.16,71389.00,71495.41,204.8835
2026-04-12T12:00:00,71495.04,71537.65,70631.46,70922.08,887.1224
2026-04-12T16:00:00,70922.07,71255.45,70835.54,71121.13,565.0942
2026-04-12T20:00:00,71121.12,71478.37,70512.70,70755.35,1467.0929
2026-04-13T00:00:00,70755.35,71288.00,70616.81,70998.24,674.9085
2026-04-13T04:00:00,70995.48,71163.84,70689.12,70842.01,597.7905
2026-04-13T08:00:00,70842.01,71011.35,70576.27,70942.98,448.6074
2026-04-13T12:00:00,70943.03,72515.42,70762.64,71894.19,5890.9295
2026-04-13T16:00:00,71894.19,73529.27,71705.63,73373.20,5678.4070
2026-04-13T20:00:00,73368.47,74936.90,73054.24,74446.00,4162.0214
2026-04-14T00:00:00,74448.00,74614.52,73982.94,74474.67,1591.0965
2026-04-14T04:00:00,74474.68,74952.00,74193.01,74590.80,821.4791
2026-04-14T08:00:00,74590.80,74959.00,74332.00,74409.96,901.4960
2026-04-14T12:00:00,74409.97,76127.18,74302.04,75361.81,8878.5553
2026-04-14T16:00:00,75361.22,75745.59,73874.42,74299.83,7223.0318
2026-04-14T20:00:00,74301.99,74499.99,73854.50,74179.04,1670.5483
2026-04-15T00:00:00,74176.09,74828.61,74149.45,74376.75,971.2804
2026-04-15T04:00:00,74376.75,74478.06,73545.00,73771.35,753.9005
2026-04-15T08:00:00,73771.35,74287.82,73706.00,74232.72,736.3636
2026-04-15T12:00:00,74232.73,74541.06,73604.79,73861.45,1673.9430
2026-04-15T16:00:00,73861.45,75316.55,73776.84,75048.06,2200.5817
2026-04-15T20:00:00,75045.99,75458.81,74536.02,74836.31,1396.0476
2026-04-16T00:00:00,74839.97,75299.67,74478.66,74901.17,942.8709
2026-04-16T04:00:00,74901.16,75198.07,74636.62,74721.55,644.8371
2026-04-16T08:00:00,74721.55,74927.84,74288.50,74593.33,774.7718
2026-04-16T12:00:00,74593.33,75042.33,73298.01,74720.99,2692.8422
2026-04-16T16:00:00,74721.00,75436.56,73903.48,75378.00,2106.6461
2026-04-16T20:00:00,75378.32,75539.91,74810.00,75163.09,976.9848
2026-04-17T00:00:00,75163.09,75179.85,74558.21,74633.16,547.9979
2026-04-17T04:00:00,74633.16,75122.61,74575.00,75094.02,545.6755
2026-04-17T08:00:00,75094.02,76386.68,75011.31,75622.58,1644.0637
2026-04-17T12:00:00,75622.59,78170.00,75557.99,77843.27,8116.5755
2026-04-17T16:00:00,77843.17,78390.00,77045.52,77453.07,3354.0308
2026-04-17T20:00:00,77453.08,77651.24,76931.00,77098.01,1206.5572
2026-04-18T00:00:00,77098.01,77450.15,77000.00,77043.74,655.6058
2026-04-18T04:00:00,77043.74,77308.84,76923.08,77020.01,430.7655
2026-04-18T08:00:00,77020.02,77070.98,75793.85,76069.46,852.8971
2026-04-18T12:00:00,76069.46,76391.85,75822.46,76191.72,736.7158
2026-04-18T16:00:00,76191.72,76249.99,75473.81,75678.90,925.4659
2026-04-18T20:00:00,75678.91,75934.12,75628.41,75736.82,643.8928
2026-04-19T00:00:00,75736.00,75884.01,75388.96,75546.49,485.8897
2026-04-19T04:00:00,75546.49,75817.74,74922.47,75291.12,610.6620
2026-04-19T08:00:00,75291.11,75662.75,74961.83,75637.52,475.5839
2026-04-19T12:00:00,75637.52,76278.36,75450.47,75885.62,1130.7221
2026-04-19T16:00:00,75885.61,75910.61,74626.17,74985.04,1172.0455
2026-04-19T20:00:00,74985.04,74989.22,73777.86,73823.14,1602.4378
2026-04-20T00:00:00,73823.27,74781.95,73741.53,74667.90,969.4461
2026-04-20T04:00:00,74667.90,75600.00,74128.51,74857.39,856.9359
2026-04-20T08:00:00,74860.01,75439.86,74646.93,75223.96,865.7229
2026-04-20T12:00:00,75220.26,75816.18,74730.01,75747.08,2507.5578
2026-04-20T16:00:00,75747.07,76528.01,75322.00,76337.42,2758.9316
2026-04-20T20:00:00,76337.48,76600.00,75653.71,75864.86,1020.7408
2026-04-21T00:00:00,75864.86,76290.00,75514.00,75740.58,614.4541
2026-04-21T04:00:00,75740.58,76326.37,75633.28,76118.09,627.9677
2026-04-21T08:00:00,76118.09,76926.37,76092.01,76485.82,1167.6202
2026-04-21T12:00:00,76486.41,76632.97,75438.70,75844.02,2186.0778
2026-04-21T16:00:00,75846.68,76205.59,74817.27,75030.96,1984.8930
2026-04-21T20:00:00,75031.09,76453.02,74989.53,76348.58,975.9051
2026-04-22T00:00:00,76355.73,77747.98,76145.00,77541.55,1641.4066
2026-04-22T04:00:00,77541.55,78444.00,77369.03,78025.80,1654.0243
2026-04-22T08:00:00,78025.80,78422.84,77960.00,78327.98,1050.2677
2026-04-22T12:00:00,78327.98,79455.95,78137.19,79323.61,3764.5097
2026-04-22T16:00:00,79323.62,79523.00,78660.62,78878.30,2500.1056
2026-04-22T20:00:00,78878.31,78953.15,78182.00,78208.52,1147.6056
2026-04-23T00:00:00,78208.52,78608.94,77500.00,77766.90,1231.7264
2026-04-23T04:00:00,77766.90,78370.49,77698.70,78086.14,804.3891
2026-04-23T08:00:00,78086.15,78204.31,77200.00,77722.29,931.7857
2026-04-23T12:00:00,77722.29,78722.96,77404.02,78410.43,2781.3988
2026-04-23T16:00:00,78410.44,78550.00,76979.99,77743.16,2808.4452
2026-04-23T20:00:00,77742.50,78369.99,77656.44,78281.32,809.0099
2026-04-24T00:00:00,78281.32,78607.38,77590.51,77755.39,919.3495
2026-04-24T04:00:00,77755.39,78071.27,77465.30,77676.96,626.8464
2026-04-24T08:00:00,77676.95,78400.00,77423.86,78256.13,1073.2627
2026-04-24T12:00:00,78256.15,78500.00,77596.52,78066.88,3056.5254
2026-04-24T16:00:00,78065.03,78090.24,77381.74,77659.72,1327.4213
2026-04-24T20:00:00,77657.01,77787.40,77289.00,77461.80,763.3668
2026-04-25T00:00:00,77461.79,77739.80,77329.29,77699.91,335.2610
2026-04-25T04:00:00,77699.92,77726.16,77470.00,77521.97,376.4275
2026-04-25T08:00:00,77520.00,77911.09,77510.94,77709.94,431.2626
2026-04-25T12:00:00,77711.31,77774.27,77332.98,77354.06,491.1591
2026-04-25T16:00:00,77354.05,77500.00,77179.20,77339.77,812.1215
2026-04-25T20:00:00,77339.77,77680.30,77324.57,77650.72,425.4428
2026-04-26T00:00:00,77650.72,77666.29,77346.44,77408.01,299.7210
2026-04-26T04:00:00,77408.01,78221.43,77394.88,78126.31,616.5445
2026-04-26T08:00:00,78126.32,78237.34,77940.69,78118.01,361.3016
2026-04-26T12:00:00,78118.01,78189.65,77782.36,78073.83,497.5264
2026-04-26T16:00:00,78073.83,78527.65,77867.20,78258.01,1012.0125
2026-04-26T20:00:00,78258.00,78943.00,77873.76,78673.83,1154.9512
2026-04-27T00:00:00,78673.84,79496.00,78417.72,79120.02,1719.3652
2026-04-27T04:00:00,79120.02,79175.92,77481.00,77613.58,1454.3973
2026-04-27T08:00:00,77613.58,77992.86,77563.02,77847.89,617.2139
2026-04-27T12:00:00,77847.88,78278.39,76555.00,76775.89,2657.7580
2026-04-27T16:00:00,76775.90,76925.80,76447.51,76886.00,1985.0824
2026-04-27T20:00:00,76886.00,77444.41,76735.00,77364.42,854.9457
2026-04-28T00:00:00,77364.48,77478.99,76664.99,76809.35,813.5483
2026-04-28T04:00:00,76809.35,77155.99,76425.00,76872.94,833.0078
2026-04-28T08:00:00,76872.94,77003.39,76106.88,76224.71,916.3002
2026-04-28T12:00:00,76224.72,76423.44,75646.84,76052.69,1839.4440
2026-04-28T16:00:00,76052.69,76379.97,75861.97,76308.13,1294.2407
2026-04-28T20:00:00,76308.97,76483.80,76174.80,76317.99,929.2903
2026-04-29T00:00:00,76317.99,77117.03,76163.99,76987.27,1028.3502
2026-04-29T04:00:00,76987.27,77447.18,76866.67,77034.04,949.9326
2026-04-29T08:00:00,77034.05,77906.84,76942.27,77580.73,1158.0790
2026-04-29T12:00:00,77580.73,77597.63,75670.21,75897.98,2563.3892
2026-04-29T16:00:00,75896.01,76236.65,74914.00,75526.00,2906.3058
2026-04-29T20:00:00,75529.60,76059.30,75454.18,75752.88,1059.5262
2026-04-30T00:00:00,75752.87,76448.83,75464.99,75898.86,989.6222
2026-04-30T04:00:00,75898.86,76147.30,75290.10,76134.32,799.3017
2026-04-30T08:00:00,76134.33,76321.98,75843.18,76039.60,582.1339
2026-04-30T12:00:00,76039.60,76655.95,75982.30,76436.38,1664.1219
2026-04-30T16:00:00,76436.38,76495.34,76068.00,76375.39,1327.3587
2026-04-30T20:00:00,76374.49,76543.47,76161.54,76305.78,919.9189
2026-05-01T00:00:00,76305.78,77427.41,76275.01,77091.85,975.4264
2026-05-01T04:00:00,77091.84,77175.54,76852.56,77108.02,652.4806
2026-05-01T08:00:00,77108.02,77588.39,77022.55,77452.72,685.5101
2026-05-01T12:00:00,77452.73,78961.14,77392.01,78438.20,3612.4120
2026-05-01T16:00:00,78438.20,78691.41,78120.00,78374.85,1729.7114
2026-05-01T20:00:00,78373.61,78435.90,77721.81,78234.05,1130.9401
2026-05-02T00:00:00,78234.05,78517.77,78168.00,78409.63,420.0905
2026-05-02T04:00:00,78409.64,78448.57,78034.28,78220.21,317.4057
2026-05-02T08:00:00,78220.21,78394.26,78093.09,78147.04,270.0736
2026-05-02T12:00:00,78147.05,78486.49,78098.93,78483.53,354.2300
2026-05-02T16:00:00,78483.53,78594.99,78308.00,78484.47,383.6587
2026-05-02T20:00:00,78487.74,79155.00,78415.02,78682.31,698.7558
2026-05-03T00:00:00,78682.31,78759.97,78098.33,78196.02,438.5838
2026-05-03T04:00:00,78196.00,78464.06,78073.01,78357.63,222.0166
2026-05-03T08:00:00,78357.62,78840.24,78336.66,78657.99,306.5286
2026-05-03T12:00:00,78658.00,78873.00,78575.00,78656.83,525.7026
2026-05-03T16:00:00,78656.83,78846.90,78552.39,78753.17,315.0217
2026-05-03T20:00:00,78753.16,79428.60,78478.43,78558.89,959.0225
2026-05-04T00:00:00,78558.88,80435.00,78269.41,80305.37,2374.1857
2026-05-04T04:00:00,80305.37,80613.00,79473.29,79690.03,1104.7138
2026-05-04T08:00:00,79690.04,79911.09,78205.00,78782.95,1752.2829
2026-05-04T12:00:00,78782.95,80567.00,78491.00,80026.01,3281.4699
2026-05-04T16:00:00,80026.01,80750.00,79615.17,80052.20,2243.3364
2026-05-04T20:00:00,80050.99,80396.15,79733.52,79852.37,783.4269
2026-05-05T00:00:00,79852.37,81080.06,79789.50,80870.89,1041.4939
2026-05-05T04:00:00,80870.50,81324.59,80715.03,80850.04,1120.7178
2026-05-05T08:00:00,80850.05,81130.53,80511.34,81026.17,790.0119
2026-05-05T12:00:00,81026.16,81735.30,80934.88,81553.68,2673.3742
2026-05-05T16:00:00,81555.47,81698.08,81046.45,81611.95,1949.8194
2026-05-05T20:00:00,81614.80,81799.60,80778.00,80907.72,1554.0835
2026-05-06T00:00:00,80907.72,81750.00,80699.66,81579.16,978.6756
2026-05-06T04:00:00,81579.16,81640.84,81048.50,81370.00,593.5090
2026-05-06T08:00:00,81370.00,82814.23,81318.10,82520.75,2089.4592
2026-05-06T12:00:00,82520.75,82541.88,81122.00,81699.07,2172.8452
2026-05-06T16:00:00,81699.08,81902.31,81183.08,81457.38,1523.4067
2026-05-06T20:00:00,81457.39,81705.34,81000.00,81438.10,918.6353
2026-05-07T00:00:00,81438.11,81488.98,80829.54,80841.99,891.0509
2026-05-07T04:00:00,80842.00,81709.17,80724.74,81517.80,552.8198
2026-05-07T08:00:00,81517.80,81591.91,80562.00,80857.33,612.7118
2026-05-07T12:00:00,80857.33,81199.73,79679.78,79888.48,2687.8241
2026-05-07T16:00:00,79888.40,80282.00,79456.00,80142.85,1568.1002
2026-05-07T20:00:00,80143.31,80375.21,79566.87,80005.38,725.6443
2026-05-08T00:00:00,80005.38,80136.45,79589.37,79593.10,106.2474
2026-05-08T04:00:00,79590.67,79719.63,79589.38,79673.89,27.1960
2026-05-08T08:00:00,79673.88,80324.34,79655.37,80223.49,660.7796
2026-05-08T12:00:00,80223.14,80487.39,79520.44,80125.63,942.8142
2026-05-08T16:00:00,80126.19,80297.22,79712.11,80149.99,827.3324
2026-05-08T20:00:00,80150.00,80419.99,80075.42,80188.82,522.3720
2026-05-09T00:00:00,80188.82,80548.04,80115.33,80380.30,308.0361
2026-05-09T04:00:00,80380.30,80666.16,80124.50,80214.87,247.1967
2026-05-09T08:00:00,80214.86,80434.62,80160.00,80315.98,371.0561
2026-05-09T12:00:00,80315.98,80595.00,80214.33,80523.95,345.2375
2026-05-09T16:00:00,80523.96,81065.32,80469.40,80939.02,501.6786
2026-05-09T20:00:00,80939.01,80939.02,80603.22,80655.96,283.3839
2026-05-10T00:00:00,80655.97,80876.05,80552.73,80752.23,264.0716
2026-05-10T04:00:00,80752.23,80836.00,80619.59,80725.85,163.2907
2026-05-10T08:00:00,80725.84,80959.04,80676.00,80794.00,363.0355
2026-05-10T12:00:00,80790.00,81437.77,80761.32,81408.11,647.3712
2026-05-10T16:00:00,81408.11,81567.99,81140.58,81425.13,820.3804
2026-05-10T20:00:00,81425.14,82450.00,80273.86,82199.99,1712.9387
2026-05-11T00:00:00,82199.99,82379.00,80504.01,80717.00,1247.0932
2026-05-11T04:00:00,80717.00,81030.00,80619.84,80722.19,456.8861
2026-05-11T08:00:00,80722.18,81191.87,80595.35,81186.04,429.6851
2026-05-11T12:00:00,81187.50,81438.10,80417.72,81422.94,1417.0961
2026-05-11T16:00:00,81422.95,82131.55,81319.92,81956.00,2772.8600
2026-05-11T20:00:00,81956.99,82080.01,81575.00,81727.06,707.9971
2026-05-12T00:00:00,81727.09,81778.00,80728.30,81037.06,513.2359
2026-05-12T04:00:00,81037.06,81288.83,80785.00,80829.94,397.2121
2026-05-12T08:00:00,80829.02,80940.98,80464.44,80756.24,608.5444
2026-05-12T12:00:00,80755.31,80986.02,80136.00,80298.10,1740.2149
2026-05-12T16:00:00,80298.11,80862.51,79802.51,80820.63,1452.0965
2026-05-12T20:00:00,80820.62,80872.37,80420.10,80484.72,536.0644
2026-05-13T00:00:00,80484.72,81278.76,80389.95,81240.78,505.3361
2026-05-13T04:00:00,81240.79,81266.38,80861.20,80996.01,252.8102
2026-05-13T08:00:00,80996.01,81293.93,80458.66,80468.97,525.3173
2026-05-13T12:00:00,80468.97,80570.30,78748.76,78783.04,2551.4782
2026-05-13T16:00:00,78783.05,79949.75,78699.83,79612.00,3524.1688
2026-05-13T20:00:00,79611.36,79732.00,79182.72,79288.26,601.0013
2026-05-14T00:00:00,79288.26,79664.82,78885.42,79012.48,674.7412
2026-05-14T04:00:00,79014.78,79962.39,78945.82,79706.10,620.1056
2026-05-14T08:00:00,79706.12,79906.50,79186.00,79212.02,360.4354
2026-05-14T12:00:00,79212.01,81339.20,79194.06,81317.28,3872.2955
2026-05-14T16:00:00,81434.01,82066.22,81086.00,81439.17,6584.1261
2026-05-14T20:00:00,81436.99,81625.08,81028.56,81079.39,1110.5311
2026-05-15T00:00:00,81078.04,81650.00,80728.19,81052.96,632.5067
2026-05-15T04:00:00,81052.95,81099.71,80300.00,80817.36,449.3956
2026-05-15T08:00:00,80817.37,80826.24,80361.36,80616.05,421.5322
2026-05-15T12:00:00,80617.67,80637.99,78591.99,79113.39,3204.8216
2026-05-15T16:00:00,79113.38,79533.91,79001.31,79089.14,1474.2802
2026-05-15T20:00:00,79093.63,79181.88,78870.69,79058.51,607.1973
2026-05-16T00:00:00,79058.50,79182.02,78956.90,79016.70,658.9515
2026-05-16T04:00:00,79016.69,79088.09,78016.61,78335.00,636.9196
2026-05-16T08:00:00,78335.00,78493.24,77608.95,78047.68,565.8148
2026-05-16T12:00:00,78047.68,78319.08,77798.00,78201.44,493.4497
2026-05-16T16:00:00,78203.38,78328.88,78088.33,78234.40,380.9586
2026-05-16T20:00:00,78234.41,78290.00,78085.49,78105.45,317.3441
2026-05-17T00:00:00,78105.46,78207.07,77681.95,77993.24,415.0205
2026-05-17T04:00:00,77993.24,78289.00,77969.26,78152.10,176.7727
2026-05-17T08:00:00,78151.91,78570.00,78000.09,78382.00,242.2957
2026-05-17T12:00:00,78382.00,78513.95,77807.64,78012.90,277.5008
2026-05-17T16:00:00,78012.91,78429.58,77816.48,78368.73,367.8265
2026-05-17T20:00:00,78368.73,78455.00,76673.54,77407.59,1021.2225
2026-05-18T00:00:00,77406.57,77431.00,76658.23,76877.97,839.3332
2026-05-18T04:00:00,76877.97,77038.22,76537.76,77021.47,505.1207
2026-05-18T08:00:00,77021.48,77356.43,76607.43,77238.51,669.3056
2026-05-18T12:00:00,77238.52,77764.28,75992.00,76348.01,3939.7327
2026-05-18T16:00:00,76348.01,76934.01,76074.71,76859.05,2129.8833
2026-05-18T20:00:00,76861.52,77285.00,76733.68,76943.98,742.0014
2026-05-19T00:00:00,76943.96,77350.08,76421.09,76721.99,576.4763
2026-05-19T04:00:00,76721.99,77221.91,76573.91,77168.92,331.7045
2026-05-19T08:00:00,77169.94,77250.89,76566.36,76641.30,438.2950
2026-05-19T12:00:00,76641.30,76991.27,76061.12,76444.52,1868.3020
2026-05-19T16:00:00,76444.59,77002.56,76315.50,76758.13,1139.9818
2026-05-19T20:00:00,76756.67,76982.94,76570.00,76767.48,519.6541
2026-05-20T00:00:00,76767.48,76851.55,76433.52,76637.61,686.1096
2026-05-20T04:00:00,76637.62,77401.24,76596.31,77195.48,674.7978
2026-05-20T08:00:00,77195.49,77583.85,77121.45,77291.88,513.8557
2026-05-20T12:00:00,77297.44,77782.61,76794.91,77376.67,2105.5995
2026-05-20T16:00:00,77377.03,77650.00,76924.87,77598.00,1371.4359
2026-05-20T20:00:00,77597.50,77690.19,77142.29,77475.99,664.2979
2026-05-21T00:00:00,77475.98,78100.00,77437.01,78001.65,687.1755
2026-05-21T04:00:00,78001.65,78103.76,77435.03,77807.67,862.4765
2026-05-21T08:00:00,77807.68,78123.68,77050.27,77111.09,808.8112
2026-05-21T12:00:00,77111.10,77325.00,76619.02,77175.40,1394.5815
2026-05-21T16:00:00,77175.40,78016.84,76913.99,77613.34,1858.5514
2026-05-21T20:00:00,77615.99,77745.00,77450.00,77547.62,427.1542
2026-05-22T00:00:00,77547.25,77738.31,77233.35,77705.25,530.5637
2026-05-22T04:00:00,77705.26,77833.02,77186.42,77320.63,512.7642
2026-05-22T08:00:00,77320.64,77462.48,77081.94,77342.06,504.4941
2026-05-22T12:00:00,77342.06,77493.92,76465.47,76695.53,1156.6127
2026-05-22T16:00:00,76695.53,77006.99,75557.40,75769.44,1405.0327
2026-05-22T20:00:00,75769.45,76000.00,75266.73,75443.91,1022.9386
2026-05-23T00:00:00,75446.99,75574.00,75120.00,75545.71,632.1165
2026-05-23T04:00:00,75545.71,75565.75,74197.11,74516.73,790.0527
2026-05-23T08:00:00,74516.72,74789.55,74253.95,74710.31,576.3906
2026-05-23T12:00:00,74710.31,75598.91,74567.49,75432.03,957.1912
2026-05-23T16:00:00,75432.23,75914.62,75274.36,75887.59,1105.8039
2026-05-23T20:00:00,75887.60,77305.00,75849.86,76650.00,1557.4971
2026-05-24T00:00:00,76648.65,76909.80,76532.22,76638.49,530.7467
2026-05-24T04:00:00,76641.95,76960.71,76541.41,76710.29,426.8081
2026-05-24T08:00:00,76710.30,77412.32,76619.50,77219.29,537.8441
2026-05-24T12:00:00,77219.28,77229.85,76100.00,76278.72,645.4885
2026-05-24T16:00:00,76278.72,76696.36,76278.72,76677.77,466.7161
2026-05-24T20:00:00,76677.77,77132.46,76000.00,76975.99,1087.4653
2026-05-25T00:00:00,76975.99,77397.52,76807.04,76933.10,621.1116
2026-05-25T04:00:00,76933.10,77551.87,76899.39,77315.80,435.7914
2026-05-25T08:00:00,77315.80,77617.56,77184.54,77284.13,372.6601
2026-05-25T12:00:00,77284.13,77834.55,77204.36,77549.95,781.6705
2026-05-25T16:00:00,77549.96,77740.56,77274.15,77369.05,553.2431
2026-05-25T20:00:00,77369.05,77434.99,76965.02,77249.07,570.9050
2026-05-26T00:00:00,77249.07,77278.00,76385.00,76571.73,786.5560
2026-05-26T04:00:00,76571.73,76969.55,76512.45,76629.90,537.9298
2026-05-26T08:00:00,76629.90,77543.46,76488.01,77097.98,701.5650
2026-05-26T12:00:00,77097.99,78015.46,76155.00,76397.69,3295.1808
2026-05-26T16:00:00,76397.68,76604.00,75645.54,75919.93,2592.9399
2026-05-26T20:00:00,75921.00,76071.68,75555.00,75826.10,700.0734
2026-05-27T00:00:00,75826.10,75995.45,75479.04,75540.51,708.5439
2026-05-27T04:00:00,75540.52,75861.03,75161.63,75849.47,469.2325
2026-05-27T08:00:00,75849.47,75955.41,75583.55,75637.79,421.4094
2026-05-27T12:00:00,75637.79,76033.66,74613.43,75187.95,2172.9780
2026-05-27T16:00:00,75187.96,75263.57,74513.64,74920.54,1273.6676
2026-05-27T20:00:00,74923.16,75279.92,74113.95,74315.98,1339.3715
2026-05-28T00:00:00,74316.71,74462.40,72942.61,73130.01,1495.4574
2026-05-28T04:00:00,73130.01,73368.77,72618.58,73356.11,1220.9766
2026-05-28T08:00:00,73356.12,73493.24,73074.18,73375.62,576.2889
2026-05-28T12:00:00,73375.62,73453.42,72445.11,72791.40,2875.2130
2026-05-28T16:00:00,72782.76,73639.25,72586.12,73318.39,1709.7595
2026-05-28T20:00:00,73318.38,73842.00,73126.81,73512.56,701.3908
2026-05-29T00:00:00,73512.55,73766.99,73068.25,73187.99,677.8110
2026-05-29T04:00:00,73187.99,73836.83,73088.01,73405.44,856.4345
2026-05-29T08:00:00,73405.43,73800.56,73225.01,73369.79,864.3730
2026-05-29T12:00:00,73369.79,74094.75,72364.13,73694.51,2901.2733
2026-05-29T16:00:00,73694.51,74224.84,73065.93,73404.10,2744.5191
2026-05-29T20:00:00,73404.10,73744.16,73215.00,73366.77,1012.7537
2026-05-30T00:00:00,73366.77,73702.26,73303.35,73426.56,849.0306
2026-05-30T04:00:00,73426.56,73612.59,73107.24,73450.02,621.2417
2026-05-30T08:00:00,73450.01,73583.99,73392.04,73495.40,652.3652
2026-05-30T12:00:00,73495.40,73989.05,73480.00,73811.80,725.2702
2026-05-30T16:00:00,73811.80,74029.01,73695.62,73904.00,575.3506
2026-05-30T20:00:00,73904.00,73945.00,73657.40,73770.69,591.7670
2026-05-31T00:00:00,73770.69,74156.59,73739.77,74032.06,539.4944
2026-05-31T04:00:00,74032.06,74113.49,73707.95,73752.83,331.6091
2026-05-31T08:00:00,73752.83,73918.79,73603.75,73818.71,285.6142
2026-05-31T12:00:00,73818.71,73909.56,73394.72,73542.76,585.6388
2026-05-31T16:00:00,73542.76,73637.77,73288.00,73442.49,713.4520
2026-05-31T20:00:00,73445.29,74092.08,73400.00,73575.17,863.0702
2026-06-01T00:00:00,73575.18,73978.52,73112.00,73661.74,648.4462
2026-06-01T04:00:00,73661.74,73742.00,72599.60,72701.95,615.7523
2026-06-01T08:00:00,72701.95,72999.98,72205.86,72388.76,911.9241
2026-06-01T12:00:00,72388.76,72523.32,70925.28,70992.10,4802.3033
2026-06-01T16:00:00,70992.10,71707.56,70555.00,71488.84,2603.6051
2026-06-01T20:00:00,71488.84,71603.49,70733.39,71314.42,1253.8332
2026-06-02T00:00:00,71314.43,71315.67,70011.01,70839.51,1328.8782
2026-06-02T04:00:00,70839.50,70946.90,69635.00,70009.25,1451.1692
2026-06-02T08:00:00,70009.16,70073.74,69216.84,69349.99,1181.2840
2026-06-02T12:00:00,69350.00,69438.80,66940.00,67158.38,5060.0641
2026-06-02T16:00:00,67158.38,68002.86,66320.16,67213.59,4009.7406
2026-06-02T20:00:00,67213.60,67824.46,66100.01,66658.35,2710.1869
2026-06-03T00:00:00,66658.45,67106.04,65353.08,65754.13,2689.5279
2026-06-03T04:00:00,65754.14,67416.50,65727.51,67128.75,1778.4321
2026-06-03T08:00:00,67124.70,67375.49,66546.37,66969.63,1210.8816
2026-06-03T12:00:00,66969.63,67149.71,65963.40,65969.53,3574.8355
2026-06-03T16:00:00,65970.62,66266.16,65158.00,65356.01,2979.5383
2026-06-03T20:00:00,65357.33,65766.83,63985.01,64040.00,3556.8139
2026-06-04T00:00:00,64039.99,64453.37,61309.25,64283.38,5882.7591
2026-06-04T04:00:00,64283.38,64695.00,63427.00,63531.01,2238.8636
2026-06-04T08:00:00,63531.01,63833.24,62132.43,62478.12,3640.1119
2026-06-04T12:00:00,62477.28,64443.41,62311.15,63813.58,5068.9002
2026-06-04T16:00:00,63813.58,64081.78,62857.79,63541.28,5252.6575
2026-06-04T20:00:00,63541.27,63850.00,63049.24,63806.02,3450.2942
2026-06-05T00:00:00,63806.02,63906.02,62260.00,62658.31,1961.4948
2026-06-05T04:00:00,62662.89,63616.06,61082.33,63049.15,4120.9782
2026-06-05T08:00:00,63044.53,63202.70,61897.60,61898.07,2020.0070
2026-06-05T12:00:00,61897.60,62392.49,60010.01,60387.87,6592.8963
2026-06-05T16:00:00,60387.86,61509.44,59073.01,60264.11,8920.5695
2026-06-05T20:00:00,60264.11,61971.74,59904.72,61032.00,5116.7691
2026-06-06T00:00:00,61031.98,61499.41,60484.65,60663.77,1331.0928
2026-06-06T04:00:00,60663.77,61240.35,59448.45,60974.23,2621.0318
2026-06-06T08:00:00,60974.26,61458.59,60171.96,60775.55,1263.4489
2026-06-06T12:00:00,60774.68,61150.00,60356.84,60748.13,1459.8340
2026-06-06T16:00:00,60748.14,60939.35,60364.01,60562.06,1318.6964
2026-06-06T20:00:00,60562.05,60973.04,60400.00,60850.48,1079.3114
2026-06-07T00:00:00,60850.48,61747.73,60706.40,61670.73,1276.1794
2026-06-07T04:00:00,61670.73,62389.17,61454.43,62374.50,1268.5193
2026-06-07T08:00:00,62374.50,62937.69,62227.53,62600.04,1271.9626
2026-06-07T12:00:00,62600.03,62622.96,61544.84,62068.82,1689.9440
2026-06-07T16:00:00,62071.01,62300.57,61146.42,61297.99,1637.4740
2026-06-07T20:00:00,61297.99,64234.45,61182.42,63302.73,2649.0935
2026-06-08T00:00:00,63302.03,63836.00,62685.54,63090.02,1867.0115
2026-06-08T04:00:00,63091.59,63298.00,62365.43,63240.00,1212.7760
2026-06-08T08:00:00,63240.25,63827.35,62939.58,63429.85,1513.3950
2026-06-08T12:00:00,63429.84,64200.02,62650.78,63742.93,3601.6382
2026-06-08T16:00:00,63742.94,64013.40,63237.00,63352.53,1960.9670
2026-06-08T20:00:00,63352.99,63835.79,62711.03,63062.98,1599.8688
2026-06-09T00:00:00,63062.97,63163.78,62391.60,62842.08,1042.2888
2026-06-09T04:00:00,62842.86,63490.49,62714.49,63158.51,731.7477
2026-06-09T08:00:00,63158.51,63176.99,62455.96,62673.30,1137.8824
2026-06-09T12:00:00,62673.29,62862.87,60970.02,61069.07,3504.5961
2026-06-09T16:00:00,61073.68,62055.89,60713.50,62044.83,2918.9703
2026-06-09T20:00:00,62044.84,62227.59,61489.50,61685.80,1882.8434
2026-06-10T00:00:00,61685.81,61936.64,61190.65,61503.97,902.2603
2026-06-10T04:00:00,61503.97,61750.69,61030.09,61641.08,666.2709
2026-06-10T08:00:00,61641.08,61684.89,60708.92,60977.48,1187.8543
2026-06-10T12:00:00,60977.47,62809.04,60900.90,62580.66,2988.5180
2026-06-10T16:00:00,62580.66,62594.28,61528.79,61882.00,2067.4297
2026-06-10T20:00:00,61882.62,61892.18,61028.22,61449.46,1228.6248
2026-06-11T00:00:00,61449.47,62761.33,61449.47,62601.00,1230.2239
2026-06-11T04:00:00,62600.00,62924.00,62466.14,62639.88,607.2711
2026-06-11T08:00:00,62639.87,63200.00,62634.30,63043.98,1026.9255
2026-06-11T12:00:00,63043.99,63200.93,62437.51,62680.49,2871.1162
2026-06-11T16:00:00,62680.48,63866.82,62255.87,63548.00,2736.6881
2026-06-11T20:00:00,63541.49,63634.10,63202.84,63563.42,977.0262
2026-06-12T00:00:00,63563.44,63727.40,63216.55,63430.50,808.0179
2026-06-12T04:00:00,63430.50,63775.99,62739.81,63014.82,828.6837
2026-06-12T08:00:00,63016.91,63882.85,63012.02,63685.17,943.6286
2026-06-12T12:00:00,63685.17,64347.32,62964.00,63550.46,2939.4936
2026-06-12T16:00:00,63552.00,64082.80,63460.13,63552.05,1754.8770
2026-06-12T20:00:00,63552.05,63667.54,63342.03,63538.43,905.1661
2026-06-13T00:00:00,63538.44,63804.99,63400.92,63494.14,713.2414
2026-06-13T04:00:00,63494.14,63849.74,63445.63,63806.37,520.1597
2026-06-13T08:00:00,63806.37,63937.47,63681.83,63923.41,449.7155
2026-06-13T12:00:00,63923.41,64310.00,63877.60,64258.02,614.8317
2026-06-13T16:00:00,64258.02,64300.00,63871.78,64268.92,1029.6164
2026-06-13T20:00:00,64264.51,64727.27,64189.19,64429.99,818.8807
2026-06-14T00:00:00,64424.98,64682.00,64345.50,64513.58,450.0799
2026-06-14T04:00:00,64513.59,64536.58,64190.00,64396.52,539.8139
2026-06-14T08:00:00,64396.53,64627.34,64279.50,64513.83,435.9509
2026-06-14T12:00:00,64513.84,64530.08,63829.65,63986.18,688.4237
2026-06-14T16:00:00,63986.19,64179.09,63640.00,63768.28,484.0946
2026-06-14T20:00:00,63768.27,65764.16,63750.00,65706.62,2120.8480
2026-06-15T00:00:00,65704.23,65960.00,65302.08,65894.03,1134.0080
2026-06-15T04:00:00,65894.03,65970.26,65574.36,65633.83,572.5900
2026-06-15T08:00:00,65633.83,66348.40,65464.20,66190.01,995.0915
2026-06-15T12:00:00,66190.00,67264.00,66058.06,67252.01,2487.8602
2026-06-15T16:00:00,67252.00,67255.54,66322.60,66577.42,2160.5429
2026-06-15T20:00:00,66582.95,66657.26,66053.75,66276.80,721.4682
2026-06-16T00:00:00,66276.79,66424.92,65607.54,66111.75,679.0428
2026-06-16T04:00:00,66111.76,66522.40,65761.91,66334.18,542.4992
2026-06-16T08:00:00,66334.19,66944.00,66295.93,66440.49,679.7475
2026-06-16T12:00:00,66440.49,66774.05,65300.03,65807.01,1782.1552
2026-06-16T16:00:00,65807.97,66202.79,65487.74,65622.49,1851.0430
2026-06-16T20:00:00,65618.89,65882.44,65523.90,65616.64,813.3258
2026-06-17T00:00:00,65616.64,66073.34,65417.05,65794.05,650.8040
2026-06-17T04:00:00,65794.06,65990.71,65179.71,65463.42,606.1664
2026-06-17T08:00:00,65463.42,65505.32,64491.88,64749.51,858.5242
2026-06-17T12:00:00,64749.52,65802.01,64529.74,65696.96,1320.5134
2026-06-17T16:00:00,65696.96,66384.01,63985.00,64241.65,3159.9079
2026-06-17T20:00:00,64241.65,64470.99,63851.02,64446.04,1048.2802
2026-06-18T00:00:00,64446.05,64752.51,64191.85,64215.05,564.2195
2026-06-18T04:00:00,64215.05,64448.79,63619.96,64438.53,947.7516
2026-06-18T08:00:00,64438.54,64586.15,63816.10,63901.92,666.5140
2026-06-18T12:00:00,63901.93,64382.31,62212.88,62290.58,2438.2978
2026-06-18T16:00:00,62283.58,62931.99,62159.76,62872.80,1909.1387
2026-06-18T20:00:00,62872.01,63205.11,62671.80,62879.01,949.5653
2026-06-19T00:00:00,62879.01,63045.20,62303.37,62702.08,695.1804
2026-06-19T04:00:00,62702.07,62856.47,62346.18,62561.21,559.6211
2026-06-19T08:00:00,62561.21,62716.00,62246.24,62570.52,487.7560
2026-06-19T12:00:00,62570.52,63351.30,62288.50,63150.22,741.4330
2026-06-19T16:00:00,63153.12,63325.07,62807.41,62969.39,626.5841
2026-06-19T20:00:00,62969.40,63595.93,62895.15,63475.20,481.6740
2026-06-20T00:00:00,63475.08,63718.80,63250.00,63418.16,681.4771
2026-06-20T04:00:00,63418.16,63840.00,63336.35,63593.09,413.7026
2026-06-20T08:00:00,63593.10,63734.85,63323.70,63617.41,545.0420
2026-06-20T12:00:00,63617.41,64312.73,63131.38,64086.07,960.6311
2026-06-20T16:00:00,64091.25,64103.39,63670.01,63867.36,711.2384
2026-06-20T20:00:00,63867.37,64279.63,63777.15,64222.99,554.2729
2026-06-21T00:00:00,64223.00,64397.10,64120.00,64339.42,567.4182
2026-06-21T04:00:00,64342.97,64508.40,64089.70,64102.01,270.4310
2026-06-21T08:00:00,64109.72,64398.98,63820.91,64095.30,483.5433
2026-06-21T12:00:00,64095.29,64273.50,63872.56,64143.98,411.1363
2026-06-21T16:00:00,64143.99,64220.85,63866.94,64119.97,553.1089
2026-06-21T20:00:00,64119.98,64192.50,63171.19,63235.63,1455.5724
2026-06-22T00:00:00,63235.63,64733.00,63235.61,63886.56,1255.0686
2026-06-22T04:00:00,63886.56,64314.96,63783.87,64131.40,531.2606
2026-06-22T08:00:00,64131.40,64699.99,63959.99,64583.24,648.0787
2026-06-22T12:00:00,64583.24,65553.39,64501.99,64764.02,2628.6924
2026-06-22T16:00:00,64765.38,64788.46,64187.25,64408.02,1810.1096
2026-06-22T20:00:00,64401.49,64603.78,63726.78,63950.61,1070.9174
2026-06-23T00:00:00,63950.61,64211.95,63755.00,63987.82,666.8450
2026-06-23T04:00:00,63987.83,64017.96,62500.00,62805.50,1026.4241
2026-06-23T08:00:00,62805.51,62869.59,61862.27,62432.78,1182.0430
2026-06-23T12:00:00,62432.78,62778.89,61871.56,62404.01,1782.3003
2026-06-23T16:00:00,62404.01,62745.13,62005.00,62310.83,1652.5195
2026-06-23T20:00:00,62311.32,62715.35,62300.00,62644.86,621.4802
2026-06-24T00:00:00,62644.86,63040.99,62374.50,62649.71,838.1536
2026-06-24T04:00:00,62649.71,62982.01,62437.68,62561.40,719.6152
2026-06-24T08:00:00,62564.70,63156.34,62218.90,62835.29,728.6496
2026-06-24T12:00:00,62835.29,62891.39,60156.01,60176.73,4410.8196
2026-06-24T16:00:00,60176.73,60585.38,59010.74,59858.28,6564.1509
2026-06-24T20:00:00,59860.58,61175.42,59756.13,60983.13,2373.7220
2026-06-25T00:00:00,60983.14,61064.00,60581.44,60782.25,971.6197
2026-06-25T04:00:00,60782.25,61868.39,60682.00,61816.79,1020.0941
2026-06-25T08:00:00,61816.79,61826.28,60965.40,61179.08,852.4267
2026-06-25T12:00:00,61179.08,61666.20,58000.00,59462.99,6614.2286
2026-06-25T16:00:00,59462.99,59966.00,59027.40,59220.01,3709.9694
2026-06-25T20:00:00,59225.05,60166.55,59209.34,59703.65,1859.5328
2026-06-26T00:00:00,59703.66,60033.18,58243.36,59936.99,2171.8684
2026-06-26T04:00:00,59936.98,60660.00,59608.80,60422.76,1877.6619
2026-06-26T08:00:00,60421.44,60461.98,59144.56,59328.02,1195.6085
2026-06-26T12:00:00,59328.02,60413.99,58409.58,60226.92,4730.1828
2026-06-26T16:00:00,60226.92,60492.32,59448.68,59655.50,3136.8624
2026-06-26T20:00:00,59668.50,60028.02,59480.78,60002.53,1232.7129
2026-06-27T00:00:00,60002.97,60318.02,59783.22,60211.57,1201.4950
2026-06-27T04:00:00,60209.77,60480.53,60008.17,60451.64,509.1533
2026-06-27T08:00:00,60451.64,60451.65,60098.40,60264.73,424.7268
2026-06-27T12:00:00,60264.74,60838.92,60153.48,60740.31,588.2357
2026-06-27T16:00:00,60741.00,60752.99,59972.72,60077.65,837.5057
2026-06-27T20:00:00,60077.65,60386.03,59765.10,59934.84,702.2989
2026-06-28T00:00:00,59934.84,60252.00,59896.44,60105.91,505.8607
2026-06-28T04:00:00,60105.91,60173.81,59655.40,60127.84,344.1084
2026-06-28T08:00:00,60127.84,60455.00,59976.02,60251.97,369.4773
2026-06-28T12:00:00,60251.97,60367.15,59731.29,59806.75,501.7278
2026-06-28T16:00:00,59806.75,59856.65,59172.74,59389.27,876.8272
2026-06-28T20:00:00,59389.26,59835.00,58810.11,59474.01,1647.9610
2026-06-29T00:00:00,59473.99,60126.01,58800.00,59942.83,1081.5511
2026-06-29T04:00:00,59942.83,60248.52,59284.08,59932.61,612.8814
2026-06-29T08:00:00,59932.60,60227.75,59642.23,59864.53,770.0683
2026-06-29T12:00:00,59864.53,60702.63,58880.39,59704.77,4951.1475
2026-06-29T16:00:00,59704.76,60582.85,59469.04,60332.00,2278.8575
2026-06-29T20:00:00,60327.87,60493.62,60084.86,60162.73,912.6269
2026-06-30T00:00:00,60162.73,60191.99,59488.00,59515.14,751.6406
2026-06-30T04:00:00,59515.15,59617.51,59250.00,59427.02,674.2693
2026-06-30T08:00:00,59427.02,59460.35,59010.35,59076.82,794.7117
2026-06-30T12:00:00,59076.82,59159.15,58056.00,58267.51,3687.0776
2026-06-30T16:00:00,58267.51,58741.76,58133.79,58716.53,2562.2992
2026-06-30T20:00:00,58714.04,58787.03,58404.65,58523.93,995.9338
2026-07-01T00:00:00,58523.93,59224.11,57717.55,59101.49,1938.9688
2026-07-01T04:00:00,59101.49,59373.30,58435.80,58686.91,835.1549
2026-07-01T08:00:00,58686.91,59008.95,58407.31,58536.74,645.8865
2026-07-01T12:00:00,58536.74,60473.99,58242.82,60087.70,3226.9880
2026-07-01T16:00:00,60087.71,60289.64,59716.09,59971.68,1729.3842
2026-07-01T20:00:00,59972.63,61287.33,59797.67,59961.45,2308.3807
2026-07-02T00:00:00,59961.46,61056.19,59520.02,60985.77,1351.6131
2026-07-02T04:00:00,60984.01,60984.01,60014.94,60058.91,949.9476
2026-07-02T08:00:00,60058.92,61339.46,60043.95,61283.64,1599.8928
2026-07-02T12:00:00,61279.90,62147.89,61067.81,61543.76,3060.1245
2026-07-02T16:00:00,61543.79,61900.00,61074.21,61424.29,1738.8621
2026-07-02T20:00:00,61424.30,61594.59,61266.79,61484.02,1226.4819
2026-07-03T00:00:00,61484.02,61657.49,61162.79,61350.93,712.4300
2026-07-03T04:00:00,61350.93,61790.94,61245.00,61679.99,552.5912
2026-07-03T08:00:00,61679.99,62031.97,61440.70,61943.92,555.3742
2026-07-03T12:00:00,61943.92,62345.50,61620.03,61864.26,1551.0419
2026-07-03T16:00:00,61864.28,62261.18,61838.10,62153.87,762.1276
2026-07-03T20:00:00,62153.87,62899.99,62126.69,62520.22,1124.6156
2026-07-04T00:00:00,62520.22,62885.00,62342.28,62560.56,719.1096
2026-07-04T04:00:00,62560.55,62688.41,62274.16,62511.63,376.3914
2026-07-04T08:00:00,62511.63,62611.33,62351.73,62428.52,162.6585
2026-07-04T12:00:00,62428.52,63018.00,62426.10,62881.22,502.4926
2026-07-04T16:00:00,62881.21,63410.00,62730.36,63233.98,844.0380
2026-07-04T20:00:00,63233.97,63404.86,62879.83,63086.45,541.1259
2026-07-05T00:00:00,63086.46,63088.00,62532.70,62711.21,531.1151
2026-07-05T04:00:00,62711.21,63001.39,62600.00,62958.44,452.4863
2026-07-05T08:00:00,62958.44,63049.99,62384.08,62610.01,339.9235
2026-07-05T12:00:00,62609.96,62890.51,62512.98,62686.17,345.4283
2026-07-05T16:00:00,62686.17,62831.91,62540.00,62710.99,782.4050
2026-07-05T20:00:00,62711.00,63940.79,62552.30,63580.44,1481.5706
2026-07-06T00:00:00,63580.45,63860.00,63068.10,63232.34,792.7639
2026-07-06T04:00:00,63232.34,63337.12,62822.04,63024.27,492.0911
2026-07-06T08:00:00,63024.27,63177.93,62421.85,62421.85,723.8693
2026-07-06T12:00:00,62420.01,63516.00,61250.00,63501.46,3720.1911
2026-07-06T16:00:00,63499.87,63938.39,63338.46,63692.70,2725.3764
2026-07-06T20:00:00,63694.27,64658.85,63536.68,64001.84,1442.7444
2026-07-07T00:00:00,64001.85,64272.92,63100.00,63140.03,1027.9908
2026-07-07T04:00:00,63140.03,63390.08,62740.47,63035.46,689.8605
2026-07-07T08:00:00,63035.47,63403.71,62923.26,63345.26,937.1687
2026-07-07T12:00:00,63345.26,64060.59,62583.00,63887.99,3104.3599
2026-07-07T16:00:00,63883.88,64199.93,63333.00,63776.81,1761.5832
2026-07-07T20:00:00,63776.81,63863.69,63177.61,63323.27,1171.3499
2026-07-08T00:00:00,63322.07,63720.88,62447.04,62718.59,1036.6626
2026-07-08T04:00:00,62718.59,62857.64,62421.75,62834.44,573.1532
2026-07-08T08:00:00,62834.43,62895.35,61663.40,62249.32,1231.0375
2026-07-08T12:00:00,62249.32,62369.97,61453.09,61630.90,2160.1825
2026-07-08T16:00:00,61627.21,62343.04,61622.51,62223.70,1331.6425
2026-07-08T20:00:00,62226.01,62302.21,61905.45,62237.70,905.1099
2026-07-09T00:00:00,62237.70,62596.59,61636.05,61913.99,882.2567
2026-07-09T04:00:00,61913.99,63226.20,61897.46,62947.26,816.1685
2026-07-09T08:00:00,62947.26,63032.33,62540.46,62718.96,673.6404
2026-07-09T12:00:00,62718.97,63210.33,62403.42,62802.98,1654.9489
2026-07-09T16:00:00,62802.97,63448.46,62500.00,63193.84,1413.4930
2026-07-09T20:00:00,63199.27,63371.21,62999.67,63175.25,565.8455
2026-07-10T00:00:00,63175.25,64000.00,62865.01,63899.99,1003.9097
2026-07-10T04:00:00,63899.99,64152.57,63752.03,63932.72,507.6313
2026-07-10T08:00:00,63932.73,64449.99,63931.00,64378.15,847.0104
2026-07-10T12:00:00,64378.18,64669.42,63686.04,63987.00,2772.3608
2026-07-10T16:00:00,63986.38,64174.08,63689.08,63878.41,1165.6439
2026-07-10T20:00:00,63878.40,64175.79,63608.54,64128.49,1107.9689
2026-07-11T00:00:00,64128.49,64270.80,63938.73,64107.68,426.4367
2026-07-11T04:00:00,64107.68,64230.99,64036.84,64111.60,303.5603
2026-07-11T08:00:00,64111.59,64262.33,64083.07,64145.27,363.7742
2026-07-11T12:00:00,64145.27,64458.70,63856.52,64120.18,663.6982
2026-07-11T16:00:00,64120.18,64353.57,64037.26,64245.99,383.0495
2026-07-11T20:00:00,64245.99,64417.00,63769.84,63773.04,476.7783
2026-07-12T00:00:00,63773.05,64182.00,63654.01,64179.36,626.0716
2026-07-12T04:00:00,64179.36,64202.31,63588.20,63843.70,490.4457
2026-07-12T08:00:00,63843.70,64060.98,63722.75,63966.54,507.3592
2026-07-12T12:00:00,63966.53,64250.56,63917.39,64136.52,314.6877
2026-07-12T16:00:00,64136.53,64232.49,63972.55,64193.87,251.9822
2026-07-12T20:00:00,64193.87,64219.68,63625.00,63740.32,442.7714
2026-07-13T00:00:00,63740.32,64388.01,62686.15,62758.58,1294.7131
2026-07-13T04:00:00,62758.57,63009.49,62461.00,62935.57,714.0871
2026-07-13T08:00:00,62935.58,63226.00,62790.00,62842.97,832.4860
2026-07-13T12:00:00,62842.97,62928.00,62033.00,62540.62,2800.0199
2026-07-13T16:00:00,62538.66,62567.99,61750.90,62210.67,2709.6938
2026-07-13T20:00:00,62212.52,62271.83,61799.30,62264.94,1240.1895
2026-07-14T00:00:00,62264.94,62592.71,62190.40,62500.00,719.0073
2026-07-14T04:00:00,62500.00,62806.00,62427.27,62467.62,408.5581
2026-07-14T08:00:00,62467.63,62849.99,62400.35,62769.76,420.0265
2026-07-14T12:00:00,62769.77,64918.00,62710.88,64703.12,2981.4903
2026-07-14T16:00:00,64703.12,64859.83,64249.47,64542.41,1675.6244
2026-07-14T20:00:00,64546.35,65055.04,64373.09,64988.64,1299.8316
2026-07-15T00:00:00,64988.65,65018.79,64431.11,64736.67,616.8287
2026-07-15T04:00:00,64736.67,65235.25,64435.20,64501.79,695.1881
2026-07-15T08:00:00,64501.80,64870.76,64501.79,64679.32,330.3038
2026-07-15T12:00:00,64679.33,65559.50,64538.00,65369.98,1904.0307
2026-07-15T16:00:00,65369.99,65415.50,64697.49,64941.86,1380.1415
2026-07-15T20:00:00,64940.23,65015.84,64646.68,64716.63,830.7872
2026-07-16T00:00:00,64712.04,64809.98,64345.38,64562.14,581.7346
2026-07-16T04:00:00,64562.15,64946.07,64030.41,64172.64,745.6036
2026-07-16T08:00:00,64174.25,64308.71,63827.42,64200.00,690.8607
2026-07-16T12:00:00,64200.00,64847.44,63798.96,64660.54,1325.1776
2026-07-16T16:00:00,64660.55,64672.52,63940.36,64217.54,1029.0196
2026-07-16T20:00:00,64217.54,64233.19,63690.78,63770.60,729.1516
2026-07-17T00:00:00,63770.60,64013.40,63330.30,63508.14,711.2180
2026-07-17T04:00:00,63508.14,63524.44,62641.19,62770.80,998.2146
2026-07-17T08:00:00,62770.80,63303.38,62588.00,63237.74,557.9604
2026-07-17T12:00:00,63237.74,63459.93,62452.52,63403.18,2029.7474
2026-07-17T16:00:00,63403.17,64353.56,63257.69,64113.20,2580.8094
2026-07-17T20:00:00,64116.72,64186.05,63840.64,63894.00,577.1089
2026-07-18T00:00:00,63893.99,63992.77,63842.35,63970.77,791.5182
2026-07-18T04:00:00,63970.76,63987.48,63873.07,63950.92,342.9090
2026-07-18T08:00:00,63950.92,64044.96,63895.64,64016.19,145.4002
2026-07-18T12:00:00,64016.19,64212.00,63921.60,64076.88,383.8410
2026-07-18T16:00:00,64076.88,64628.39,64040.00,64512.19,897.9158
2026-07-18T20:00:00,64512.20,64827.93,64469.92,64796.36,559.3976
2026-07-19T00:00:00,64796.36,64918.70,64585.54,64670.12,335.2069
2026-07-19T04:00:00,64670.12,64767.18,64569.29,64678.00,214.5425
2026-07-19T08:00:00,64678.00,64699.49,64396.48,64426.70,344.3247
2026-07-19T12:00:00,64426.70,64625.62,64238.08,64544.15,459.4533
2026-07-19T16:00:00,64544.15,64701.90,64248.00,64410.00,351.1832
2026-07-19T20:00:00,64410.00,64855.93,64298.99,64681.78,632.5449
2026-07-20T00:00:00,64681.79,65050.87,64363.18,64814.39,1386.2355
2026-07-20T04:00:00,64814.40,64820.98,63702.01,64214.24,1009.9725
2026-07-20T08:00:00,64214.24,65015.80,63815.31,64944.01,996.2611
2026-07-20T12:00:00,64944.01,65626.04,64010.00,65550.00,2341.8295
2026-07-20T16:00:00,65550.00,65756.09,64986.60,65099.39,1899.5621
2026-07-20T20:00:00,65101.02,65400.00,65006.94,65213.05,725.7441
2026-07-21T00:00:00,65213.05,65619.30,65106.79,65522.31,662.5462
2026-07-21T04:00:00,65522.31,66214.00,65426.93,66140.36,854.9668
2026-07-21T08:00:00,66138.18,66387.40,66086.23,66309.46,947.0965
2026-07-21T12:00:00,66309.46,66923.95,66227.76,66648.40,2402.3629
2026-07-21T16:00:00,66648.40,66734.58,66018.97,66424.00,1510.7586
2026-07-21T20:00:00,66424.00,66537.38,66150.59,66516.18,906.3666
2026-07-22T00:00:00,66516.17,66698.55,66133.80,66160.44,566.2113
2026-07-22T04:00:00,66160.44,66380.85,65653.46,65797.99,743.6219
2026-07-22T08:00:00,65806.08,66113.98,65797.34,65972.50,774.4509
2026-07-22T12:00:00,65972.50,66182.56,65484.00,66013.78,1352.4609
2026-07-22T16:00:00,66013.78,66373.57,65645.07,65894.99,1773.3166
2026-07-22T20:00:00,65894.99,66113.99,65755.16,66086.61,649.3583
2026-07-23T00:00:00,66086.60,66287.74,65544.08,65624.51,601.9530
2026-07-23T04:00:00,65624.51,65785.72,65312.36,65394.82,392.3579
2026-07-23T08:00:00,65394.82,65761.02,65374.66,65525.22,367.8324
2026-07-23T12:00:00,65525.22,65558.01,64666.96,64905.04,2284.2939
2026-07-23T16:00:00,64906.50,64906.51,64564.09,64778.48,2119.5605
2026-07-23T20:00:00,64781.42,65178.42,64740.32,65051.23,1194.2137
2026-07-24T00:00:00,65051.24,65416.49,64691.74,65408.00,740.8357
2026-07-24T04:00:00,65408.01,65762.78,65182.84,65454.48,705.7070
2026-07-24T08:00:00,65456.41,65464.22,64800.00,65021.19,495.3079
2026-07-24T12:00:00,65023.96,65079.49,63641.00,64025.89,3489.6547
2026-07-24T16:00:00,64026.99,64237.20,63806.01,64163.76,1367.5022
2026-07-24T20:00:00,64163.76,64223.73,64060.99,64083.32,528.4907
2026-07-25T00:00:00,64083.31,64114.55,63935.53,64021.41,267.5245
2026-07-25T04:00:00,64021.42,64143.76,63894.01,63941.42,334.3629
2026-07-25T08:00:00,63941.41,64048.00,63732.00,64005.73,350.3857
2026-07-25T12:00:00,64005.73,64214.43,63964.65,64117.69,302.3662
2026-07-25T16:00:00,64117.70,64387.43,64056.91,64328.71,370.6731
2026-07-25T20:00:00,64328.71,64371.63,64192.62,64295.61,555.1562
2026-07-26T00:00:00,64295.61,64524.50,64288.71,64490.46,276.6684
2026-07-26T04:00:00,64490.47,64538.00,64229.60,64309.43,231.4250
2026-07-26T08:00:00,64310.72,64518.04,64288.51,64450.48,175.8482
2026-07-26T12:00:00,64450.47,64775.00,64353.01,64710.27,337.8595
2026-07-26T16:00:00,64710.28,64878.00,64609.01,64641.10,560.9502
2026-07-26T20:00:00,64641.10,65511.36,64570.58,65341.07,807.8166
2026-07-27T00:00:00,65341.07,65360.03,64837.98,65227.73,559.3427
2026-07-27T04:00:00,65227.73,65705.08,65157.64,65165.10,498.3097
2026-07-27T08:00:00,65166.93,65373.88,65023.39,65040.33,459.2681
2026-07-27T12:00:00,65040.32,65655.98,64342.00,64475.17,1759.5345
2026-07-27T16:00:00,64475.17,65023.49,64435.53,64915.15,820.5065
2026-07-27T20:00:00,64915.15,64997.99,63545.00,63694.43,972.6427
2026-07-28T00:00:00,63693.44,63767.72,63006.14,63279.32,775.0124
2026-07-28T04:00:00,63279.32,63592.53,63153.10,63435.80,439.3650
2026-07-28T08:00:00,63435.80,63530.04,63222.19,63393.51,543.5323
2026-07-28T12:00:00,63393.50,63957.06,62645.39,63857.59,2008.9115
2026-07-28T16:00:00,63857.58,64041.02,63428.29,63825.78,1520.5713
2026-07-28T20:00:00,63825.78,63984.78,63469.62,63847.12,944.7880
2026-07-29T00:00:00,63847.12,64111.75,63568.20,63659.95,919.2309
2026-07-29T04:00:00,63659.95,64499.99,63500.63,64487.22,1023.8611
2026-07-29T08:00:00,64487.21,64665.30,64197.85,64437.00,823.8936
2026-07-29T12:00:00,64436.99,64657.85,63787.75,63867.93,2101.7344
2026-07-29T16:00:00,63867.94,64600.00,63441.00,63515.60,2141.4501
2026-07-29T20:00:00,63518.42,64055.31,63194.45,63896.14,1082.5354
2026-07-30T00:00:00,63896.14,64333.75,63502.91,64077.74,1286.9972
2026-07-30T04:00:00,64077.74,64095.36,63822.01,63918.31,455.7489
2026-07-30T08:00:00,63918.31,64798.94,63885.32,64707.18,1285.3996
2026-07-30T12:00:00,64707.18,65118.08,64535.87,64661.64,2523.2924
2026-07-30T16:00:00,64661.64,64925.65,64619.92,64741.54,1628.6941
2026-07-30T20:00:00,64742.61,65031.06,64601.44,64721.90,845.7392
2026-07-31T00:00:00,64721.90,65360.00,64104.87,64296.76,1255.1683
2026-07-31T04:00:00,64296.76,64429.15,63800.00,63870.02,616.0124
2026-07-31T08:00:00,63870.02,63952.00,63541.53,63738.74,554.1321
2026-07-31T12:00:00,63738.74,63767.47,62358.96,62625.76,3498.1769
2026-07-31T16:00:00,62625.76,63237.00,62615.76,62903.64,1293.4129
2026-07-31T20:00:00,62903.66,63025.60,62781.86,62825.90,1043.4683
2026-08-01T00:00:00,62826.69,63035.57,62824.76,62938.54,363.4111
2026-08-01T04:00:00,62938.54,63075.00,62908.66,62991.46,382.6911
2026-08-01T08:00:00,62991.50,63093.00,62925.01,63016.47,541.9244
2026-08-01T12:00:00,63016.47,63068.96,62933.00,62938.82,443.4497
2026-08-01T16:00:00,62938.82,62966.69,62209.81,62471.53,859.3619
2026-08-01T20:00:00,62471.53,62813.99,62432.56,62764.20,469.7159
2026-08-02T00:00:00,62764.20,63481.76,62743.87,63392.87,584.4309
2026-08-02T04:00:00,63392.87,63569.21,63345.03,63441.34,475.3011
2026-08-02T08:00:00,63441.34,63464.99,62921.09,62964.22,359.7704
2026-08-02T12:00:00,62964.60,63162.94,62933.47,63041.43,605.0552
2026-08-02T16:00:00,63041.43,63537.33,63000.00,63380.18,628.6894
2026-08-02T20:00:00,63380.18,63730.49,63260.04,63499.49,630.7002
2026-08-03T00:00:00,63499.49,63522.18,62698.86,62781.48,543.7582
2026-08-03T04:00:00,62781.48,62918.85,62467.63,62537.58,509.7633
2026-08-03T08:00:00,62537.59,62790.86,62210.14,62481.29,691.5079
2026-08-03T12:00:00,62481.29,63920.21,62359.27,63624.97,2421.9224
2026-08-03T16:00:00,63626.97,64032.43,63591.15,63813.48,1893.8338
2026-08-03T20:00:00,63813.49,63977.63,63333.49,63466.51,1025.9176
2026-08-04T00:00:00,63466.51,63916.00,63250.00,63727.78,643.7899
2026-08-04T04:00:00,63727.52,64188.16,63433.04,63617.41,628.0056
2026-08-04T08:00:00,63617.41,63889.81,63382.32,63853.32,529.5112
2026-08-04T12:00:00,63853.32,64200.00,63537.00,64070.92,1602.4868
2026-08-04T16:00:00,64070.92,64369.46,63836.37,64197.18,1855.8719
2026-08-04T20:00:00,64198.39,64497.24,63955.54,64050.51,968.1280
2026-08-05T00:00:00,64050.51,64465.45,63884.14,64128.00,940.7227
2026-08-05T04:00:00,64128.00,64480.49,63934.64,64106.74,417.9988
2026-08-05T08:00:00,64106.75,64217.11,63960.06,64018.29,423.5391
2026-08-05T12:00:00,64018.29,64716.00,63814.80,64327.09,2204.5176
2026-08-05T16:00:00,64327.09,64893.55,64327.09,64794.63,1870.5469
2026-08-05T20:00:00,64794.64,64988.78,64515.90,64603.03,1075.0189
2026-08-06T00:00:00,64603.02,64665.30,64383.41,64470.01,493.0987
2026-08-06T04:00:00,64470.00,64944.16,64433.90,64743.11,542.6053
2026-08-06T08:00:00,64743.11,64935.72,64438.39,64552.62,583.7345
2026-08-06T12:00:00,64552.37,64932.11,64087.41,64570.94,1448.3661
2026-08-06T16:00:00,64570.93,64787.11,64304.50,64390.13,946.0715
2026-08-06T20:00:00,64390.05,64483.72,64130.09,64267.30,506.5558
2026-08-07T00:00:00,64267.30,64489.00,64170.41,64234.48,378.1028
2026-08-07T04:00:00,64234.48,64416.10,64099.35,64264.20,273.2879
2026-08-07T08:00:00,64264.19,65167.10,64237.77,64975.63,796.1957
2026-08-07T12:00:00,64975.64,65348.97,64732.51,64860.22,2229.9728
2026-08-07T16:00:00,64861.25,65038.89,64470.01,64914.79,1727.5317
2026-08-07T20:00:00,64914.80,65076.06,64815.79,64891.61,776.3921
2026-08-08T00:00:00,64891.60,65035.56,64789.89,64989.86,615.1587
2026-08-08T04:00:00,64989.86,65029.68,64900.00,64928.80,208.2250
2026-08-08T08:00:00,64928.80,65018.54,64910.27,64922.84,300.9579
2026-08-08T12:00:00,64921.87,65150.16,64880.00,65029.67,352.1867
2026-08-08T16:00:00,65029.67,65107.98,64963.51,65025.41,506.7957
2026-08-08T20:00:00,65025.41,65045.40,64880.02,64908.72,510.9404
2026-08-09T00:00:00,64908.71,64957.62,64675.22,64734.97,527.5398
2026-08-09T04:00:00,64734.97,64813.90,64676.69,64770.87,517.1277
2026-08-09T08:00:00,64770.87,64957.16,64736.46,64898.63,320.2347
2026-08-09T12:00:00,64898.44,65252.99,64863.16,65174.99,543.7901
2026-08-09T16:00:00,65174.99,65218.84,65130.01,65130.74,414.6730
2026-08-09T20:00:00,65130.74,65426.00,64788.67,64848.69,720.8461
2026-08-10T00:00:00,64848.68,65341.83,64772.66,64921.08,634.8743
2026-08-10T04:00:00,64921.08,65319.27,64863.16,65149.84,501.3635
2026-08-10T08:00:00,65149.85,65277.29,64897.52,65069.45,555.3872
2026-08-10T12:00:00,65069.45,65182.27,64135.00,64235.85,1779.8848
2026-08-10T16:00:00,64235.85,64299.99,63733.03,63977.90,1741.0194
2026-08-10T20:00:00,63978.70,64146.04,63849.96,63911.88,984.5002
2026-08-11T00:00:00,63911.88,64118.95,63816.65,64074.72,520.8457
2026-08-11T04:00:00,64074.71,64095.91,63783.21,63999.16,346.3233
2026-08-11T08:00:00,63999.17,64347.56,63975.00,64327.17,373.1420
2026-08-11T12:00:00,64327.18,64439.38,63376.82,63547.37,1874.8103
2026-08-11T16:00:00,63545.18,63601.50,63158.00,63468.75,2064.3264
2026-08-11T20:00:00,63468.76,63710.98,63468.59,63531.75,840.8456
2026-08-12T00:00:00,63531.75,63847.97,63457.04,63762.02,626.2085
2026-08-12T04:00:00,63762.02,63830.00,63531.76,63767.58,775.1305
2026-08-12T08:00:00,63767.58,64189.41,63698.40,64179.67,923.6776
2026-08-12T12:00:00,64179.67,64416.30,63240.38,63367.42,2123.4041
2026-08-12T16:00:00,63367.43,63512.83,63235.88,63344.07,1309.0962
2026-08-12T20:00:00,63344.07,63588.56,63296.51,63411.72,812.5653
2026-08-13T00:00:00,63411.71,63649.21,63300.06,63580.27,572.7674
2026-08-13T04:00:00,63580.26,63949.90,63526.60,63803.12,547.7302
2026-08-13T08:00:00,63803.13,63853.20,63273.92,63414.90,519.0705
2026-08-13T12:00:00,63414.90,63936.45,63348.48,63348.48,984.0705
2026-08-13T16:00:00,63348.49,63508.53,62772.84,63339.67,1823.3416
2026-08-13T20:00:00,63339.64,63635.97,63298.38,63425.35,672.6872
2026-08-14T00:00:00,63425.35,63561.45,63224.15,63246.69,374.3932
2026-08-14T04:00:00,63246.69,63405.88,62847.00,62848.68,358.5457
2026-08-14T08:00:00,62848.67,62927.11,62623.10,62800.60,595.9599
2026-08-14T12:00:00,62800.59,63010.38,62468.21,62913.04,1416.8508
2026-08-14T16:00:00,62913.04,63183.08,62748.00,62892.03,1284.4181
2026-08-14T20:00:00,62893.08,62998.99,62726.14,62975.19,1086.6997
2026-08-15T00:00:00,62975.18,63123.68,62923.67,62988.39,223.3646
2026-08-15T04:00:00,62988.40,63091.79,62965.31,63005.66,156.2307
2026-08-15T08:00:00,63005.66,63018.89,62830.01,62949.22,165.5070
2026-08-15T12:00:00,62949.22,63051.74,62876.67,63022.95,245.3545
2026-08-15T16:00:00,63022.95,63055.00,62970.92,63051.39,230.9267
2026-08-15T20:00:00,63051.38,63107.34,62999.99,63018.75,212.1946
2026-08-16T00:00:00,63018.75,63087.09,62938.16,63059.43,182.6434
2026-08-16T04:00:00,63059.43,63082.50,62966.91,62991.23,121.2835
2026-08-16T08:00:00,62991.23,63008.61,62891.07,62945.33,144.6913
2026-08-16T12:00:00,62945.33,63072.49,62921.17,63072.49,214.7603
2026-08-16T16:00:00,63072.49,63318.09,63025.20,63040.17,498.5205
2026-08-16T20:00:00,63040.08,63074.11,62631.18,62836.66,632.2950
2026-08-17T00:00:00,62836.67,63461.47,62679.42,63367.81,746.5659
2026-08-17T04:00:00,63367.82,63658.48,63367.82,63461.46,559.7588
2026-08-17T08:00:00,63461.46,63717.64,63213.82,63557.05,480.4302
2026-08-17T12:00:00,63557.04,64175.59,63351.01,64141.46,1259.8765
2026-08-17T16:00:00,64141.47,64588.00,63921.00,64262.00,2026.7065
2026-08-17T20:00:00,64262.00,64530.04,64209.81,64484.18,996.3086
2026-08-18T00:00:00,64477.26,64506.96,63979.36,64117.20,726.2140
2026-08-18T04:00:00,64117.20,64397.39,64018.69,64139.78,425.4029
2026-08-18T08:00:00,64139.78,64342.44,64027.41,64286.58,378.9828
2026-08-18T12:00:00,64286.58,65020.00,63981.00,64811.69,2039.4962
2026-08-18T16:00:00,64811.70,64859.95,64600.56,64610.51,954.4351
2026-08-18T20:00:00,64610.50,64744.56,64510.80,64681.33,575.0484
2026-08-19T00:00:00,64681.33,64705.56,64218.40,64269.36,491.8085
2026-08-19T04:00:00,64269.36,64361.47,64112.04,64236.76,356.4899
2026-08-19T08:00:00,64236.76,64488.70,64190.70,64459.10,369.3096
2026-08-19T12:00:00,64459.11,69698.00,64417.14,68513.85,6768.4583
2026-08-19T16:00:00,68511.94,68964.62,67793.88,68418.55,4922.5634
2026-08-19T20:00:00,68420.00,70022.44,68367.04,69300.01,4009.2036
2026-08-20T00:00:00,69300.01,69865.02,68853.22,69139.99,1931.5083
2026-08-20T04:00:00,69139.99,69982.00,69104.42,69783.61,1629.5360
2026-08-20T08:00:00,69783.62,72427.20,69735.72,71870.11,2677.7839
2026-08-20T12:00:00,71870.67,72801.32,71065.00,72429.27,4722.5320
2026-08-20T16:00:00,72429.27,72950.00,72175.13,72669.36,3091.8602
2026-08-20T20:00:00,72672.84,73391.43,72481.19,73011.87,2101.8228
2026-08-21T00:00:00,73010.86,75750.00,73004.70,74478.95,3133.6206
2026-08-21T04:00:00,74478.96,76868.69,74478.96,76288.20,2301.2559
2026-08-21T08:00:00,76287.21,79500.00,76237.37,76709.62,4392.1275
2026-08-21T12:00:00,76709.63,77860.39,76202.06,77191.80,5111.0955
2026-08-21T16:00:00,77190.74,77730.00,76594.11,77003.92,3231.2351
2026-08-21T20:00:00,77003.92,78750.00,76822.20,78325.54,2075.8344
2026-08-22T00:00:00,78325.54,78828.37,77670.04,78402.62,1134.3983
2026-08-22T04:00:00,78402.62,78806.60,76471.70,77288.55,1476.3133
2026-08-22T08:00:00,77288.55,77433.05,76522.25,77120.87,807.7538
2026-08-22T12:00:00,77120.86,77386.48,76868.00,76970.55,633.6968
2026-08-22T16:00:00,76970.56,77559.46,76941.00,77417.02,679.9362
2026-08-22T20:00:00,77417.01,77473.45,76767.01,77054.44,668.1024
2026-08-23T00:00:00,77054.44,77408.73,76824.02,76914.73,526.8712
2026-08-23T04:00:00,76914.73,77028.04,75538.12,75991.26,1009.2521
2026-08-23T08:00:00,75991.26,77382.00,75932.97,77288.16,576.9429
2026-08-23T12:00:00,77288.16,77747.00,76778.19,77133.45,805.0927
2026-08-23T16:00:00,77133.44,77477.00,77100.00,77328.30,541.5055
2026-08-23T20:00:00,77328.30,78055.25,77176.53,77729.36,1141.0102
2026-08-24T00:00:00,77729.36,77748.46,76862.25,76933.46,799.3782
2026-08-24T04:00:00,76933.46,77808.93,76652.00,77297.87,1110.8768
2026-08-24T08:00:00,77297.87,78589.00,76813.50,78430.25,1381.7334
2026-08-24T12:00:00,78430.25,79999.99,77828.35,79081.06,4379.9394
2026-08-24T16:00:00,79080.75,79879.02,78429.56,78746.35,2729.8315
2026-08-24T20:00:00,78746.35,79038.44,78544.76,78981.59,814.8521
2026-08-25T00:00:00,78981.59,81265.30,78708.32,80468.97,2215.0353
2026-08-25T04:00:00,80468.97,80891.43,79339.00,79663.37,1624.2424
2026-08-25T08:00:00,79663.37,80235.98,78849.50,79119.22,979.0724
2026-08-25T12:00:00,79117.64,79544.85,78100.00,79507.16,2724.4896
2026-08-25T16:00:00,79507.16,79575.00,78713.05,78928.78,1853.2244
2026-08-25T20:00:00,78929.84,78991.43,77832.00,78526.80,1424.7070
2026-08-26T00:00:00,78526.79,79239.09,78301.00,79075.52,704.4040
2026-08-26T04:00:00,79075.52,79199.99,78633.09,78915.97,423.1574
2026-08-26T08:00:00,78915.98,79110.91,78239.10,78467.42,563.8972
2026-08-26T12:00:00,78467.42,78693.17,77601.02,78013.37,1958.5756
2026-08-26T16:00:00,78013.36,78658.34,77854.56,78475.06,1761.2028
2026-08-26T20:00:00,78475.06,79178.91,78200.00,79026.18,1086.2345
2026-08-27T00:00:00,79026.18,79026.18,78551.99,78820.83,693.0474
2026-08-27T04:00:00,78820.83,79095.01,78587.24,79067.35,381.1006
2026-08-27T08:00:00,79067.35,80529.99,79013.03,79476.34,1156.1718
2026-08-27T12:00:00,79476.34,80808.08,78910.99,80316.59,3485.8959
2026-08-27T16:00:00,80317.61,80835.82,79759.51,79910.05,2623.8877
2026-08-27T20:00:00,79919.87,80454.36,79881.18,80275.34,1259.5984
2026-08-28T00:00:00,80275.35,81479.50,79750.00,79824.71,2464.8160
2026-08-28T04:00:00,79824.70,80000.00,79559.95,79684.34,545.2291
2026-08-28T08:00:00,79684.34,79857.95,79007.22,79606.02,623.5778
2026-08-28T12:00:00,79606.02,79865.53,78306.22,78324.23,3634.0860
2026-08-28T16:00:00,78324.22,78400.00,76845.71,77559.99,3559.2873
2026-08-28T20:00:00,77558.06,77843.02,77244.00,77839.19,923.9321
2026-08-29T00:00:00,77839.19,77953.48,77485.00,77502.62,530.5008
2026-08-29T04:00:00,77502.62,77717.57,77348.65,77619.00,377.2734
2026-08-29T08:00:00,77619.00,77752.51,77469.95,77581.75,367.4113
2026-08-29T12:00:00,77581.74,78164.00,77495.40,77855.58,531.6822
2026-08-29T16:00:00,77855.57,78334.44,77845.97,78193.60,588.9136
2026-08-29T20:00:00,78193.60,78302.37,78034.77,78233.93,369.3319
2026-08-30T00:00:00,78233.92,78323.32,77969.24,78135.10,360.5865
2026-08-30T04:00:00,78135.10,78300.00,77984.30,78103.02,185.7065
2026-08-30T08:00:00,78105.16,78235.19,77944.93,78163.42,255.5077
2026-08-30T12:00:00,78163.41,78964.00,78163.41,78821.69,971.4822
2026-08-30T16:00:00,78819.72,79394.55,78694.19,78854.14,864.5275
2026-08-30T20:00:00,78854.14,78922.60,77000.00,77665.14,1369.3552
2026-08-31T00:00:00,77672.10,78169.56,77369.59,77744.84,895.6032
2026-08-31T04:00:00,77744.83,78300.00,77432.56,78178.98,944.8820
2026-08-31T08:00:00,78178.99,78790.35,77966.16,78281.21,758.0932
2026-08-31T12:00:00,78281.21,78756.81,77662.53,78561.63,2357.2849
2026-08-31T16:00:00,78561.64,79257.14,78462.47,78893.63,2053.4099
2026-08-31T20:00:00,78893.91,79171.21,78379.23,78562.74,707.1537
2026-09-01T00:00:00,78562.74,78889.49,78150.71,78653.93,712.7056
2026-09-01T04:00:00,78653.94,79195.32,78480.60,78609.92,800.4123
2026-09-01T08:00:00,78609.92,78635.01,77737.36,78061.72,828.5084
2026-09-01T12:00:00,78061.72,78400.59,77468.00,77881.43,2089.7076
2026-09-01T16:00:00,77881.43,77948.70,76366.12,77277.15,2165.8244
2026-09-01T20:00:00,77277.16,77599.67,76872.20,77398.69,926.8203
2026-09-02T00:00:00,77398.70,77750.00,76663.54,77512.45,841.1699
2026-09-02T04:00:00,77512.45,77739.99,77237.00,77436.24,509.8780
2026-09-02T08:00:00,77436.24,77510.91,76219.18,76778.49,804.0198
2026-09-02T12:00:00,76778.49,77449.09,76560.00,77253.04,1225.0930
2026-09-02T16:00:00,77253.05,77546.93,76911.91,77316.03,971.5949
2026-09-02T20:00:00,77317.51,77511.29,76976.55,77307.36,631.8779
2026-09-03T00:00:00,77307.36,77877.20,76929.29,77673.96,664.3124
2026-09-03T04:00:00,77673.96,78149.99,77056.84,77633.36,477.0257
2026-09-03T08:00:00,77631.36,78037.44,77436.28,77910.27,493.6828
2026-09-03T12:00:00,77910.26,81391.96,77850.49,81364.13,4589.6423
2026-09-03T16:00:00,81366.51,81812.31,80611.08,81768.48,3200.4706
2026-09-03T20:00:00,81771.62,82283.00,80913.20,81263.99,1625.2673
2026-09-04T00:00:00,81263.99,81438.01,80667.94,80850.50,743.0246
2026-09-04T04:00:00,80850.51,81283.00,80562.60,80650.84,652.7048
2026-09-04T08:00:00,80650.85,81412.08,80497.01,81221.20,849.1042
2026-09-04T12:00:00,81221.19,81365.00,78626.00,79422.96,2979.9235
2026-09-04T16:00:00,79422.95,79875.32,79374.50,79807.37,935.5349
2026-09-04T20:00:00,79808.55,79890.00,79526.24,79675.12,541.0164
2026-09-05T00:00:00,79675.12,79754.48,79500.00,79596.27,264.2269
2026-09-05T04:00:00,79596.27,79775.78,79458.74,79726.80,229.3406
2026-09-05T08:00:00,79726.80,79744.48,79575.49,79621.92,194.4101
2026-09-05T12:00:00,79621.93,79826.46,79554.58,79802.01,448.5188
2026-09-05T16:00:00,79802.01,80200.67,79715.69,79753.21,599.1978
2026-09-05T20:00:00,79753.21,79947.38,79687.39,79831.57,412.2827
2026-09-06T00:00:00,79833.86,80113.49,79829.84,80031.87,313.8283
2026-09-06T04:00:00,80031.88,80122.00,79570.00,79810.07,337.5220
2026-09-06T08:00:00,79810.06,80027.00,79760.16,79922.99,183.9885
2026-09-06T12:00:00,79922.98,80020.17,79250.00,79706.35,390.5268
2026-09-06T16:00:00,79706.26,79975.00,79573.96,79829.98,256.0673
2026-09-06T20:00:00,79829.98,80564.24,79632.82,80339.13,518.4589
2026-09-07T00:00:00,80339.13,80462.23,79560.20,79580.53,768.1769
2026-09-07T04:00:00,79580.52,79913.15,78992.01,79384.47,439.6882
2026-09-07T08:00:00,79384.49,79539.97,79267.10,79409.13,314.2833
2026-09-07T12:00:00,79409.14,79640.38,78666.00,78812.79,733.0260
2026-09-07T16:00:00,78815.05,79401.87,78778.11,79352.21,565.8611
2026-09-07T20:00:00,79347.83,79388.39,78764.68,79091.97,471.9440
2026-09-08T00:00:00,79091.97,79477.07,78700.00,78875.21,566.8153
2026-09-08T04:00:00,78875.22,78907.49,78146.00,78451.08,599.3315
2026-09-08T08:00:00,78451.07,78971.16,78259.75,78401.88,478.8734
2026-09-08T12:00:00,78401.89,78900.00,77589.00,78900.00,1816.5845
2026-09-08T16:00:00,78900.00,78976.21,78250.00,78434.47,995.2272
2026-09-08T20:00:00,78429.72,78629.66,78387.28,78447.11,692.3095
2026-09-09T00:00:00,78449.28,78923.40,78447.11,78619.71,433.1995
2026-09-09T04:00:00,78619.71,79385.00,78619.71,79258.79,491.3745
2026-09-09T08:00:00,79258.80,79752.73,78720.50,79294.26,689.8947
2026-09-09T12:00:00,79295.66,79664.24,78025.00,78582.07,2187.1676
2026-09-09T16:00:00,78582.07,78916.64,78133.03,78212.95,847.5184
2026-09-09T20:00:00,78211.64,78325.00,77727.00,78283.98,606.6880
2026-09-10T00:00:00,78283.98,78518.33,77901.39,78297.16,553.1714
2026-09-10T04:00:00,78297.15,78554.18,77876.66,78079.51,399.7006
2026-09-10T08:00:00,78079.51,78199.74,77663.56,77810.35,454.1857
2026-09-10T12:00:00,77810.35,77931.00,76630.13,77218.74,2712.4915
2026-09-10T16:00:00,77218.74,77518.00,76757.11,77123.60,1319.6733
2026-09-10T20:00:00,77128.07,77325.53,76440.00,76536.55,951.5387
2026-09-11T00:00:00,76536.55,76987.90,76509.04,76866.34,704.0413
2026-09-11T04:00:00,76865.74,77405.99,76857.42,77199.53,480.5380
2026-09-11T08:00:00,77199.53,77477.32,76711.07,76999.27,540.8910
2026-09-11T12:00:00,76999.27,79852.22,76030.00,77694.35,3368.4580
2026-09-11T16:00:00,77691.97,78042.65,76850.00,77257.36,1313.1502
2026-09-11T20:00:00,77266.12,77505.57,76948.83,77208.55,903.9207
2026-09-12T00:00:00,77208.55,77372.86,77184.96,77259.23,318.9548
2026-09-12T04:00:00,77259.24,77348.39,77152.54,77257.00,249.1117
2026-09-12T08:00:00,77257.00,77387.28,77244.00,77339.80,216.9168
2026-09-12T12:00:00,77339.80,77495.00,77231.61,77363.97,341.8387
2026-09-12T16:00:00,77363.97,77403.70,77049.56,77105.44,287.1375
2026-09-12T20:00:00,77105.44,77290.00,77105.44,77262.85,255.2193
2026-09-13T00:00:00,77262.85,77320.12,77128.93,77176.07,386.6411
2026-09-13T04:00:00,77176.07,77300.00,77028.84,77100.18,153.2414
2026-09-13T08:00:00,77098.82,77152.35,76457.09,76759.13,505.5633
2026-09-13T12:00:00,76760.54,77225.00,76521.39,77105.27,431.9448
2026-09-13T16:00:00,77105.27,77394.95,77104.84,77253.72,247.8277
2026-09-13T20:00:00,77253.73,77425.43,76592.32,76799.85,493.1693
2026-09-14T00:00:00,76799.85,77823.52,76347.27,77566.50,838.4349
2026-09-14T04:00:00,77566.50,77862.41,77334.00,77855.50,401.8656
2026-09-14T08:00:00,77855.51,78343.92,77567.09,77745.43,595.1629
2026-09-14T12:00:00,77745.42,78687.69,77420.04,78552.45,1483.5571
2026-09-14T16:00:00,78552.45,79336.77,78402.22,78982.77,1869.3357
2026-09-14T20:00:00,78982.77,79591.17,78110.00,78175.01,1359.0751
2026-09-15T00:00:00,78175.00,78242.76,77629.99,77660.32,773.2342
2026-09-15T04:00:00,77660.32,77724.43,76828.02,76878.62,652.5646
2026-09-15T08:00:00,76877.81,77182.74,76647.52,76895.19,1301.2633
2026-09-15T12:00:00,76895.59,77100.00,75538.01,76466.09,3089.7105
2026-09-15T16:00:00,76464.95,77297.04,74887.50,76126.33,2925.6397
2026-09-15T20:00:00,76126.35,76187.20,75064.47,75584.17,1412.7890
2026-09-16T00:00:00,75584.17,76054.53,75394.31,75755.41,673.8879
2026-09-16T04:00:00,75755.41,76040.00,75610.34,75690.46,496.9593
2026-09-16T08:00:00,75690.46,76250.00,75271.81,76182.14,542.9771
2026-09-16T12:00:00,76182.14,76232.38,75349.25,75730.90,1557.7097
2026-09-16T16:00:00,75730.91,76499.99,74911.53,76000.00,2940.0846
2026-09-16T20:00:00,75992.80,76345.00,75573.67,76144.99,734.0844
2026-09-17T00:00:00,76144.99,76714.68,75969.49,76364.57,765.5537
2026-09-17T04:00:00,76364.58,76603.15,76100.78,76388.12,444.2119
2026-09-17T08:00:00,76388.14,76695.00,76090.00,76398.74,510.2557
2026-09-17T12:00:00,76398.60,77105.42,75921.88,76702.31,1972.1234
2026-09-17T16:00:00,76704.34,76911.12,76388.47,76524.57,1036.9686
2026-09-17T20:00:00,76524.55,76676.28,76182.88,76348.74,624.1895
2026-09-18T00:00:00,76348.74,77528.05,76205.46,77312.13,1153.8518
2026-09-18T04:00:00,77312.13,77787.27,77143.09,77734.78,745.5528
2026-09-18T08:00:00,77734.78,78409.69,77581.31,77995.19,990.8253
2026-09-18T12:00:00,77995.71,81127.80,77900.00,80700.62,5042.7267
2026-09-18T16:00:00,80700.63,81388.47,80552.76,81193.47,3231.7739
2026-09-18T20:00:00,81199.62,81364.50,80844.12,80875.04,1195.5218
2026-09-19T00:00:00,80875.04,81720.00,80822.48,81105.04,696.0840
2026-09-19T04:00:00,81105.04,81217.52,80843.61,81073.15,368.7286
2026-09-19T08:00:00,81073.15,81499.81,81039.00,81280.00,438.2944
2026-09-19T12:00:00,81280.00,81925.00,81145.88,81626.45,707.3842
2026-09-19T16:00:00,81626.45,81889.17,81281.20,81345.02,595.6275
2026-09-19T20:00:00,81342.96,81414.01,80869.60,81233.91,519.1956
2026-09-20T00:00:00,81233.91,81302.35,80085.00,80458.82,595.2038
2026-09-20T04:00:00,80459.85,80613.94,80178.85,80284.56,338.7886
2026-09-20T08:00:00,80284.56,80544.67,80119.20,80442.98,385.8127
2026-09-20T12:00:00,80437.36,80941.15,80285.78,80874.20,596.5812
2026-09-20T16:00:00,80874.20,81472.04,80776.51,81162.44,890.3365
2026-09-20T20:00:00,81162.45,81320.00,80570.77,81159.64,805.5521
2026-09-21T00:00:00,81160.33,82087.11,80837.42,81411.50,1270.6646
2026-09-21T04:00:00,81411.50,81870.79,81210.00,81704.88,618.6525
2026-09-21T08:00:00,81707.14,85257.00,81698.83,84878.78,3147.9365
2026-09-21T12:00:00,84878.78,86354.94,84753.25,85933.17,3745.9272
2026-09-21T16:00:00,85933.17,86895.00,85606.51,86494.97,3021.2557
2026-09-21T20:00:00,86490.34,87397.00,86266.36,86594.94,2273.1036
2026-09-22T00:00:00,86594.94,86610.96,85265.26,85667.84,1245.8387
2026-09-22T04:00:00,85667.84,85721.91,85059.28,85339.85,784.4159
2026-09-22T08:00:00,85341.44,86384.73,85307.72,85969.07,887.1815
2026-09-22T12:00:00,85969.07,86734.00,85450.00,86417.80,2610.9733
2026-09-22T16:00:00,86416.54,86675.10,86050.00,86211.14,2495.2145
2026-09-22T20:00:00,86213.28,86518.64,86001.00,86198.05,920.2520
2026-09-23T00:00:00,86198.05,86959.30,86130.00,86696.41,738.4876
2026-09-23T04:00:00,86696.41,87282.81,85982.00,86128.20,927.1501
2026-09-23T08:00:00,86128.20,86273.82,85431.08,85637.71,899.4114
2026-09-23T12:00:00,85637.71,85932.51,83799.24,83998.33,2659.6753
2026-09-23T16:00:00,84000.01,84572.01,83513.00,84515.87,1869.7016
2026-09-23T20:00:00,84520.66,84665.24,84200.00,84378.31,741.6746
2026-09-24T00:00:00,84378.31,84479.92,83725.37,83928.16,1052.8335
2026-09-24T04:00:00,83928.17,84595.84,83736.40,84503.45,539.7299
2026-09-24T08:00:00,84503.45,84610.60,82708.96,83468.76,1355.5248
2026-09-24T12:00:00,83467.89,84929.78,83315.01,84401.36,1780.2733
2026-09-24T16:00:00,84406.43,84917.51,83850.38,84395.47,1456.4784
2026-09-24T20:00:00,84388.00,84488.50,83927.66,84385.46,654.5357
2026-09-25T00:00:00,84385.47,84882.18,84037.70,84216.00,1222.4834
2026-09-25T04:00:00,84216.01,84340.54,83720.00,84023.50,781.1746
2026-09-25T08:00:00,84023.51,85250.00,84011.28,84575.04,746.0208
2026-09-25T12:00:00,84575.04,84700.14,83091.19,83783.99,2982.6004
2026-09-25T16:00:00,83784.00,84110.00,83588.63,84003.55,1043.9503
2026-09-25T20:00:00,84005.59,84184.65,83615.00,84093.13,501.6521
2026-09-26T00:00:00,84093.13,84135.11,83777.77,83931.18,377.7480
2026-09-26T04:00:00,83931.19,84124.87,83830.11,84103.92,226.4646
2026-09-26T08:00:00,84103.92,84325.00,83942.09,84155.13,203.7620
2026-09-26T12:00:00,84156.82,84190.47,83810.69,84146.86,480.1868
2026-09-26T16:00:00,84146.86,84156.49,83946.70,84000.65,355.6455
2026-09-26T20:00:00,84000.65,84470.44,83811.99,84416.65,346.5379
2026-09-27T00:00:00,84416.64,84560.48,84233.72,84375.31,238.3037
2026-09-27T04:00:00,84375.31,84791.21,84274.01,84773.26,247.1017
2026-09-27T08:00:00,84773.26,85112.37,84575.04,84877.02,524.0982
2026-09-27T12:00:00,84877.03,85158.50,84336.85,84449.48,693.5349
2026-09-27T16:00:00,84449.48,84830.84,84317.28,84717.81,656.9331
2026-09-27T20:00:00,84717.82,84801.87,84113.56,84462.14,598.0830
2026-09-28T00:00:00,84463.08,84992.00,83190.32,83325.16,1220.0552
2026-09-28T04:00:00,83325.16,83532.81,82675.14,82915.33,981.8780
2026-09-28T08:00:00,82915.34,83113.93,82550.00,83058.92,777.0937
2026-09-28T12:00:00,83058.92,83804.76,82510.37,83239.68,1518.8799
