ts,open,high,low,close,volume
2015-07-20T00:00:00,277.98,280.00,277.37,280.00,782.8834
2015-07-21T00:00:00,279.96,281.27,276.85,277.32,4943.5594
2015-07-22T00:00:00,277.33,278.54,275.01,277.89,4687.9094
2015-07-23T00:00:00,277.96,279.75,276.28,277.39,5306.9196
2015-07-24T00:00:00,277.23,291.52,276.43,289.12,7362.4691
2015-07-25T00:00:00,289.12,291.67,286.82,289.70,4102.4530
2015-07-26T00:00:00,289.68,294.49,288.65,293.89,3735.2466
2015-07-27T00:00:00,293.88,297.00,287.24,294.21,6461.0331
2015-07-28T00:00:00,294.22,298.00,293.65,295.76,5761.8696
2015-07-29T00:00:00,295.74,296.58,289.01,290.19,5223.5072
2015-07-30T00:00:00,290.26,291.56,286.56,288.49,5138.9815
2015-07-31T00:00:00,288.49,290.00,282.79,285.19,5676.6185
2015-08-01T00:00:00,285.20,285.60,277.26,281.53,3932.4498
2015-08-02T00:00:00,281.53,282.62,277.33,282.62,3361.0867
2015-08-03T00:00:00,282.62,285.86,280.27,280.95,4741.7291
2015-08-04T00:00:00,280.95,286.47,280.11,285.51,5580.2205
2015-08-05T00:00:00,285.60,286.25,282.01,282.77,5765.4878
2015-08-06T00:00:00,282.44,282.61,278.95,279.65,5027.8556
2015-08-07T00:00:00,279.37,281.17,277.05,279.94,5212.4569
2015-08-08T00:00:00,280.06,280.16,260.07,262.02,6085.4494
2015-08-09T00:00:00,262.02,268.80,260.97,267.63,5046.9769
2015-08-10T00:00:00,267.60,268.89,263.17,265.15,5478.5821
2015-08-11T00:00:00,265.15,271.99,264.91,271.99,5796.1448
2015-08-12T00:00:00,271.99,272.40,265.79,266.94,6350.2560
2015-08-13T00:00:00,266.81,267.82,262.94,264.67,5343.4230
2015-08-14T00:00:00,264.48,267.98,262.50,266.17,6859.0770
2015-08-15T00:00:00,266.21,267.69,261.77,262.46,4116.0618
2015-08-16T00:00:00,262.45,263.10,255.67,259.20,5493.6375
2015-08-17T00:00:00,259.20,261.57,255.58,257.31,6966.7997
2015-08-18T00:00:00,257.56,258.04,200.00,221.99,11541.7973
2015-08-19T00:00:00,221.99,238.99,214.91,227.34,13329.6903
2015-08-20T00:00:00,227.46,238.20,227.45,235.56,8819.5251
2015-08-21T00:00:00,235.56,236.99,231.15,232.85,8328.5779
2015-08-22T00:00:00,232.85,235.53,222.68,231.15,7197.3495
2015-08-23T00:00:00,231.16,233.25,226.15,229.21,4312.6377
2015-08-24T00:00:00,229.23,229.24,210.00,211.16,16523.7894
2015-08-25T00:00:00,211.16,229.49,198.02,223.73,19685.2058
2015-08-26T00:00:00,223.73,231.97,220.16,226.81,9756.2626
2015-08-27T00:00:00,226.72,229.99,224.00,225.80,7891.1465
2015-08-28T00:00:00,225.62,236.18,221.20,231.55,9155.3489
2015-08-29T00:00:00,231.55,233.95,228.00,230.61,4469.2511
2015-08-30T00:00:00,230.61,233.47,226.59,229.39,4975.9907
2015-08-31T00:00:00,229.40,233.00,225.23,230.75,6986.5157
2015-09-01T00:00:00,230.76,233.50,226.42,228.22,8599.2830
2015-09-02T00:00:00,228.22,231.43,226.43,229.97,7461.0942
2015-09-03T00:00:00,229.95,230.79,226.48,227.25,6669.7216
2015-09-04T00:00:00,227.24,232.49,227.24,231.39,7070.6314
2015-09-05T00:00:00,231.43,237.24,230.12,236.01,5615.3198
2015-09-06T00:00:00,236.17,244.82,235.54,241.29,5273.5397
2015-09-07T00:00:00,241.26,242.98,239.21,241.31,4902.5812
2015-09-08T00:00:00,241.31,247.82,240.31,244.14,8297.9839
2015-09-09T00:00:00,244.24,244.69,238.60,238.75,6819.4363
2015-09-10T00:00:00,238.74,241.40,236.69,238.52,5812.3982
2015-09-11T00:00:00,238.55,241.54,238.50,240.90,5856.6428
2015-09-12T00:00:00,240.90,241.12,235.26,236.50,5480.2047
2015-09-13T00:00:00,236.50,236.91,229.72,230.82,5004.4300
2015-09-14T00:00:00,230.83,233.99,228.01,231.01,7984.5625
2015-09-15T00:00:00,231.02,232.43,230.26,230.60,7118.3079
2015-09-16T00:00:00,230.67,232.00,226.85,229.73,7655.6530
2015-09-17T00:00:00,229.72,235.93,229.01,233.34,7527.9983
2015-09-18T00:00:00,233.31,234.96,231.75,233.78,4688.4508
2015-09-19T00:00:00,233.78,234.31,232.00,232.88,3604.5719
2015-09-20T00:00:00,232.88,234.00,231.84,232.24,3683.5540
2015-09-21T00:00:00,232.26,233.64,226.87,227.31,7599.8048
2015-09-22T00:00:00,227.31,232.50,224.45,231.28,8900.9666
2015-09-23T00:00:00,231.31,233.00,229.27,230.26,6357.6760
2015-09-24T00:00:00,230.26,235.99,230.09,235.27,9375.0941
2015-09-25T00:00:00,235.35,237.62,234.02,235.89,6186.8628
2015-09-26T00:00:00,235.88,236.20,233.50,234.69,4167.9525
2015-09-27T00:00:00,234.67,235.03,233.20,233.58,3302.8545
2015-09-28T00:00:00,233.53,240.52,233.53,239.99,8114.3222
2015-09-29T00:00:00,239.96,241.05,236.65,236.89,6984.7466
2015-09-30T00:00:00,236.88,238.75,236.26,237.14,5479.4328
2015-10-01T00:00:00,237.10,239.86,236.90,238.34,5676.9389
2015-10-02T00:00:00,238.34,239.40,236.97,238.28,5907.5493
2015-10-03T00:00:00,238.31,240.62,237.73,239.92,4332.2703
2015-10-04T00:00:00,239.93,240.28,239.07,239.87,3794.1209
2015-10-05T00:00:00,239.87,240.98,237.50,240.95,7487.5617
2015-10-06T00:00:00,240.93,248.00,240.31,246.64,9578.7215
2015-10-07T00:00:00,246.70,247.96,240.20,244.00,8822.0548
2015-10-08T00:00:00,244.00,245.38,242.20,242.94,5622.4516
2015-10-09T00:00:00,242.94,244.88,241.10,244.35,4935.0255
2015-10-10T00:00:00,244.44,246.10,243.80,246.07,3688.5334
2015-10-11T00:00:00,246.06,250.00,245.63,249.02,4323.2661
2015-10-12T00:00:00,249.01,249.14,245.89,246.39,5402.1861
2015-10-13T00:00:00,246.43,251.50,244.86,250.99,6502.1853
2015-10-14T00:00:00,250.98,255.00,250.25,253.27,7587.5267
2015-10-15T00:00:00,253.25,256.77,253.18,254.99,6678.9212
2015-10-16T00:00:00,254.98,267.60,254.86,263.43,9215.9734
2015-10-17T00:00:00,263.45,274.81,263.05,272.87,11034.2273
2015-10-18T00:00:00,272.88,273.50,262.94,265.00,5660.0181
2015-10-19T00:00:00,265.00,268.23,262.05,265.17,5364.3318
2015-10-20T00:00:00,265.09,272.95,264.38,271.14,4648.3669
2015-10-21T00:00:00,271.16,272.85,265.00,268.77,6195.0665
2015-10-22T00:00:00,268.77,280.00,268.75,275.84,8695.8839
2015-10-23T00:00:00,275.76,281.17,275.40,278.76,7072.8947
2015-10-24T00:00:00,278.76,284.49,278.75,284.29,5508.0167
2015-10-25T00:00:00,284.29,295.93,283.28,284.97,10695.7084
2015-10-26T00:00:00,284.97,287.68,282.04,287.10,7477.9242
2015-10-27T00:00:00,287.10,297.99,286.89,295.61,11123.6818
2015-10-28T00:00:00,295.68,308.93,295.65,304.09,16047.5108
2015-10-29T00:00:00,304.10,320.99,301.80,316.08,12247.9811
2015-10-30T00:00:00,316.07,336.97,315.90,329.11,16830.2001
2015-10-31T00:00:00,329.11,334.28,306.29,314.85,15213.7503
2015-11-01T00:00:00,314.84,332.00,311.44,329.46,10727.7181
2015-11-02T00:00:00,329.45,371.82,326.07,365.21,19750.0352
2015-11-03T00:00:00,365.14,422.30,362.07,404.10,40167.7566
2015-11-04T00:00:00,404.06,499.99,368.15,410.00,50604.1189
2015-11-05T00:00:00,410.00,450.00,366.66,387.21,27228.2331
2015-11-06T00:00:00,387.21,395.00,351.00,374.09,20036.2291
2015-11-07T00:00:00,374.26,392.00,371.43,384.81,8396.1246
2015-11-08T00:00:00,384.80,389.00,363.58,373.83,7459.0346
2015-11-09T00:00:00,373.84,386.96,360.80,379.53,11225.6457
2015-11-10T00:00:00,379.55,382.23,322.00,337.14,16694.8223
2015-11-11T00:00:00,337.14,341.75,293.32,313.20,18099.0383
2015-11-12T00:00:00,313.20,344.99,312.24,336.49,15784.2682
2015-11-13T00:00:00,336.49,343.00,325.00,338.07,10203.5664
2015-11-14T00:00:00,338.08,339.57,329.40,334.71,6008.7102
2015-11-15T00:00:00,334.67,336.46,319.89,322.93,6329.3028
2015-11-16T00:00:00,322.94,334.10,316.12,332.89,7295.3965
2015-11-17T00:00:00,332.85,340.72,330.10,336.49,7262.4570
2015-11-18T00:00:00,336.49,338.00,330.00,335.49,5204.3101
2015-11-19T00:00:00,335.50,336.38,324.90,326.41,6720.6959
2015-11-20T00:00:00,326.53,327.04,311.23,322.39,9324.4408
2015-11-21T00:00:00,322.39,328.00,316.33,327.00,5125.9588
2015-11-22T00:00:00,326.99,327.00,321.00,323.71,3426.1786
2015-11-23T00:00:00,323.72,326.00,322.00,323.00,4797.3646
2015-11-24T00:00:00,323.01,323.17,318.00,321.00,5234.7026
2015-11-25T00:00:00,320.96,330.06,316.26,328.98,7870.7142
2015-11-26T00:00:00,328.99,368.18,328.98,352.57,14023.7477
2015-11-27T00:00:00,352.56,364.46,347.96,358.19,7234.8307
2015-11-28T00:00:00,358.20,359.63,351.09,357.24,5553.3315
2015-11-29T00:00:00,357.24,373.63,354.26,372.24,5537.9231
2015-11-30T00:00:00,372.25,382.87,367.50,376.86,11425.7747
2015-12-01T00:00:00,376.88,378.94,354.60,362.68,9267.0921
2015-12-02T00:00:00,362.68,363.06,347.55,360.00,8966.9882
2015-12-03T00:00:00,360.00,369.99,356.52,361.77,7242.5044
2015-12-04T00:00:00,361.89,364.85,355.43,363.98,5864.7056
2015-12-05T00:00:00,363.98,390.00,363.97,387.99,8731.8523
2015-12-06T00:00:00,388.03,401.01,375.22,387.55,9639.7048
2015-12-07T00:00:00,387.53,397.57,383.00,394.73,7578.1403
2015-12-08T00:00:00,394.73,418.94,386.69,418.94,8264.8246
2015-12-09T00:00:00,417.84,425.00,401.00,418.39,13828.5063
2015-12-10T00:00:00,418.39,419.50,408.00,415.68,7117.8382
2015-12-11T00:00:00,415.68,453.13,415.67,452.95,13643.5624
2015-12-12T00:00:00,452.95,469.34,403.00,436.87,29525.3710
2015-12-13T00:00:00,436.90,443.83,419.42,433.83,6721.4886
2015-12-14T00:00:00,433.38,450.00,429.12,444.01,165542.8110
2015-12-15T00:00:00,444.03,464.95,443.76,464.27,11008.1669
2015-12-16T00:00:00,464.50,464.73,440.00,453.97,35979.1246
2015-12-17T00:00:00,453.96,456.33,446.01,455.50,6291.4039
2015-12-18T00:00:00,455.50,465.10,453.28,463.17,5045.1100
2015-12-19T00:00:00,463.14,465.60,451.58,461.29,6991.3844
2015-12-20T00:00:00,461.29,461.30,430.00,442.22,8376.4334
2015-12-21T00:00:00,442.36,444.44,424.66,436.81,6845.9412
2015-12-22T00:00:00,436.85,442.00,432.58,433.92,6659.3020
2015-12-23T00:00:00,433.94,445.11,428.29,442.43,7571.5307
2015-12-24T00:00:00,442.43,460.00,442.42,455.74,6860.2375
2015-12-25T00:00:00,455.74,458.99,450.01,455.84,3482.6605
2015-12-26T00:00:00,455.82,458.29,410.00,419.41,13505.2326
2015-12-27T00:00:00,419.41,429.85,410.02,424.72,5568.9768
2015-12-28T00:00:00,424.73,429.90,418.00,421.94,6929.6180
2015-12-29T00:00:00,421.94,433.90,419.31,433.89,6387.0971
2015-12-30T00:00:00,433.89,434.99,422.35,427.95,4884.6157
2015-12-31T00:00:00,427.90,434.00,419.04,430.35,6480.6936
2016-01-01T00:00:00,430.35,437.15,427.92,435.66,3863.2775
2016-01-02T00:00:00,435.67,437.56,432.41,435.40,3276.7096
2016-01-03T00:00:00,435.40,435.75,425.02,431.91,3904.3353
2016-01-04T00:00:00,431.90,435.79,431.37,433.85,5894.4457
2016-01-05T00:00:00,433.84,435.64,430.00,433.34,5150.1095
2016-01-06T00:00:00,433.32,433.46,428.15,430.87,5476.9600
2016-01-07T00:00:00,430.66,460.15,430.64,459.07,13907.2017
2016-01-08T00:00:00,459.07,464.40,447.53,454.44,8347.0950
2016-01-09T00:00:00,454.41,456.00,447.66,450.38,4247.6397
2016-01-10T00:00:00,450.39,451.39,442.96,449.99,3954.3224
2016-01-11T00:00:00,449.99,452.65,445.88,449.19,5597.6372
2016-01-12T00:00:00,449.26,449.44,431.83,434.01,6596.9455
2016-01-13T00:00:00,434.01,437.50,425.00,432.77,9009.1507
2016-01-14T00:00:00,432.70,435.27,428.00,430.03,5673.6330
2016-01-15T00:00:00,430.04,430.29,357.30,357.53,28641.6736
2016-01-16T00:00:00,357.59,391.00,350.92,388.70,17985.2388
2016-01-17T00:00:00,388.70,391.00,372.00,378.46,8278.4018
2016-01-18T00:00:00,378.47,386.10,370.10,384.89,8711.4598
2016-01-19T00:00:00,384.79,385.50,370.00,375.27,8133.3670
2016-01-20T00:00:00,375.28,425.10,369.00,418.54,13874.6917
2016-01-21T00:00:00,418.89,424.78,403.21,409.38,8739.1634
2016-01-22T00:00:00,409.02,413.99,373.86,382.90,13430.1030
2016-01-23T00:00:00,382.93,398.72,382.55,387.50,6310.0300
2016-01-24T00:00:00,387.50,406.93,387.49,403.05,3550.8318
2016-01-25T00:00:00,403.04,403.04,386.41,391.40,6491.9998
2016-01-26T00:00:00,391.40,397.00,387.78,391.54,6981.0099
2016-01-27T00:00:00,391.70,397.18,390.70,394.79,6324.1642
2016-01-28T00:00:00,394.60,395.00,377.12,379.61,9103.7155
2016-01-29T00:00:00,379.63,385.05,363.25,378.68,12105.3104
2016-01-30T00:00:00,378.68,382.04,375.00,378.46,4154.2964
2016-01-31T00:00:00,378.46,382.50,365.00,367.95,5506.7768
2016-02-01T00:00:00,367.89,379.00,366.26,371.33,7931.2292
2016-02-02T00:00:00,371.33,374.41,371.17,372.93,6856.2182
2016-02-03T00:00:00,372.93,373.01,365.63,368.87,7147.9566
2016-02-04T00:00:00,368.87,390.63,368.74,387.99,8887.7572
2016-02-05T00:00:00,387.99,389.36,382.99,384.50,7443.9293
2016-02-06T00:00:00,384.44,384.54,370.05,375.44,6276.6647
2016-02-07T00:00:00,375.44,379.81,373.24,377.49,4164.5091
2016-02-08T00:00:00,377.47,379.35,370.50,371.14,7094.2086
2016-02-09T00:00:00,371.02,374.93,370.13,372.68,8424.5942
2016-02-10T00:00:00,372.76,383.34,371.87,378.44,9736.0368
2016-02-11T00:00:00,378.49,379.50,360.00,378.23,10413.0637
2016-02-12T00:00:00,378.23,382.05,377.46,382.05,6162.2176
2016-02-13T00:00:00,382.05,396.00,381.99,391.00,5978.8565
2016-02-14T00:00:00,391.00,406.92,391.00,406.59,7557.2549
2016-02-15T00:00:00,406.62,409.09,394.03,398.95,6568.4854
2016-02-16T00:00:00,398.94,407.50,390.00,407.42,5649.4356
2016-02-17T00:00:00,407.41,420.13,405.69,415.20,8707.1340
2016-02-18T00:00:00,415.18,423.20,415.01,421.19,6518.6376
2016-02-19T00:00:00,421.18,422.00,416.00,420.72,5800.2175
2016-02-20T00:00:00,420.72,444.03,420.09,437.46,9368.5951
2016-02-21T00:00:00,438.04,448.70,426.01,438.56,7111.1446
2016-02-22T00:00:00,438.56,439.00,430.95,437.55,5131.7999
2016-02-23T00:00:00,437.45,440.90,414.16,419.97,9159.0322
2016-02-24T00:00:00,420.32,425.60,410.00,423.94,7232.2824
2016-02-25T00:00:00,423.87,426.44,418.60,423.54,6049.8181
2016-02-26T00:00:00,423.51,430.85,419.53,430.85,6782.0375
2016-02-27T00:00:00,430.84,434.97,430.14,433.12,5520.6553
2016-02-28T00:00:00,433.09,436.07,423.00,433.73,5149.9301
2016-02-29T00:00:00,433.73,442.00,431.13,436.44,7578.8901
2016-03-01T00:00:00,436.41,437.78,427.50,433.08,7580.2331
2016-03-02T00:00:00,433.03,435.36,418.36,420.39,7437.6084
2016-03-03T00:00:00,420.44,422.80,408.63,418.80,11833.7209
2016-03-04T00:00:00,418.76,422.21,405.50,407.35,8961.1096
2016-03-05T00:00:00,407.38,408.83,381.09,396.08,14903.3378
2016-03-06T00:00:00,396.13,409.27,385.01,403.24,7676.2932
2016-03-07T00:00:00,403.24,418.74,395.00,412.21,9910.7442
2016-03-08T00:00:00,412.21,416.33,407.40,411.18,7501.4765
2016-03-09T00:00:00,411.18,414.00,408.75,412.80,5399.3614
2016-03-10T00:00:00,412.64,416.52,410.71,415.98,7909.1759
2016-03-11T00:00:00,415.98,421.00,414.97,419.39,7041.4581
2016-03-12T00:00:00,419.48,421.30,406.52,410.58,6897.1051
2016-03-13T00:00:00,410.56,416.38,410.01,412.52,4663.3288
2016-03-14T00:00:00,412.51,415.84,411.61,415.02,6672.7127
2016-03-15T00:00:00,415.02,416.94,412.48,415.41,7355.0796
2016-03-16T00:00:00,415.41,416.39,413.00,416.07,6274.8088
2016-03-17T00:00:00,416.06,419.75,415.70,418.41,6108.4433
2016-03-18T00:00:00,418.42,418.66,399.21,409.65,8597.5868
2016-03-19T00:00:00,409.66,411.00,404.72,410.20,4840.1336
2016-03-20T00:00:00,410.09,415.34,409.36,411.27,4726.1072
2016-03-21T00:00:00,411.25,412.13,406.89,412.00,6020.5181
2016-03-22T00:00:00,411.98,417.79,411.00,416.66,6124.6919
2016-03-23T00:00:00,416.66,418.99,413.95,417.53,5506.9195
2016-03-24T00:00:00,417.53,417.72,410.00,412.95,5064.5894
2016-03-25T00:00:00,412.86,416.87,411.00,416.41,4598.6610
2016-03-26T00:00:00,416.42,417.77,414.37,416.97,3641.0029
2016-03-27T00:00:00,416.96,426.50,416.35,425.30,4658.0980
2016-03-28T00:00:00,425.29,425.36,419.63,423.00,5717.8601
2016-03-29T00:00:00,422.92,424.62,407.75,416.39,7361.8553
2016-03-30T00:00:00,416.40,416.41,407.56,412.79,5831.4936
2016-03-31T00:00:00,412.97,417.60,412.74,416.03,5235.5428
2016-04-01T00:00:00,416.03,417.68,414.12,417.68,5353.9232
2016-04-02T00:00:00,417.68,420.50,417.04,419.95,3952.0183
2016-04-03T00:00:00,419.95,420.80,418.33,420.16,3266.9738
2016-04-04T00:00:00,420.08,421.00,417.58,419.47,5323.8353
2016-04-05T00:00:00,419.48,423.43,418.01,422.36,5727.6863
2016-04-06T00:00:00,422.40,423.00,420.61,421.46,5211.9614
2016-04-07T00:00:00,421.36,422.74,419.41,421.99,5026.3112
2016-04-08T00:00:00,421.99,424.65,415.71,419.48,6437.9760
2016-04-09T00:00:00,419.48,419.79,415.51,419.46,3519.9891
2016-04-10T00:00:00,419.46,423.99,419.46,423.40,2990.0366
2016-04-11T00:00:00,423.29,424.00,420.15,423.94,5093.2183
2016-04-12T00:00:00,423.95,429.77,423.14,427.80,6997.0636
2016-04-13T00:00:00,427.80,429.44,423.59,425.58,5885.0751
2016-04-14T00:00:00,425.58,428.00,424.52,426.32,4732.2267
2016-04-15T00:00:00,426.35,431.10,425.72,430.93,4184.0094
2016-04-16T00:00:00,430.82,434.89,429.89,433.39,4133.9860
2016-04-17T00:00:00,433.69,434.93,429.15,431.00,3299.7340
2016-04-18T00:00:00,431.08,434.46,428.44,430.97,5277.3212
2016-04-19T00:00:00,430.90,438.20,429.22,437.06,6226.6053
2016-04-20T00:00:00,437.06,444.07,436.17,442.96,7150.9567
2016-04-21T00:00:00,442.87,453.80,441.99,452.25,7693.4310
2016-04-22T00:00:00,452.25,452.95,445.07,448.41,6814.7817
2016-04-23T00:00:00,448.57,455.84,447.03,455.69,4618.3082
2016-04-24T00:00:00,455.68,465.00,454.55,464.46,6188.4908
2016-04-25T00:00:00,464.47,472.38,454.65,466.17,9493.3278
2016-04-26T00:00:00,466.17,472.11,464.01,470.59,7471.2406
2016-04-27T00:00:00,470.30,470.79,434.00,445.31,11629.4977
2016-04-28T00:00:00,445.30,451.88,434.79,451.68,7644.6921
2016-04-29T00:00:00,451.67,459.44,448.50,458.82,5965.0974
2016-04-30T00:00:00,458.80,459.33,450.13,454.02,4710.2895
2016-05-01T00:00:00,454.02,457.07,451.55,456.98,2941.6759
2016-05-02T00:00:00,456.98,457.63,440.02,446.42,7694.2082
2016-05-03T00:00:00,446.53,453.29,443.61,452.21,5892.4814
2016-05-04T00:00:00,452.21,453.23,446.76,448.68,4883.5400
2016-05-05T00:00:00,448.59,451.56,447.00,449.98,5336.2199
2016-05-06T00:00:00,449.99,463.73,448.84,462.31,6193.7772
2016-05-07T00:00:00,462.31,464.00,459.55,461.91,3463.8802
2016-05-08T00:00:00,461.91,465.00,457.50,462.79,3275.5779
2016-05-09T00:00:00,462.60,465.90,459.41,464.16,5882.9406
2016-05-10T00:00:00,464.15,465.00,448.20,452.78,6814.2571
2016-05-11T00:00:00,452.77,458.65,452.50,454.37,5746.4055
2016-05-12T00:00:00,454.56,456.57,449.27,456.48,6119.0446
2016-05-13T00:00:00,456.48,458.03,453.84,457.98,5404.2070
2016-05-14T00:00:00,457.97,459.83,456.00,458.90,3295.1997
2016-05-15T00:00:00,458.90,463.62,458.49,461.47,3269.9825
2016-05-16T00:00:00,461.48,461.59,451.48,455.66,6019.1724
2016-05-17T00:00:00,455.64,457.49,452.20,454.19,6033.9084
2016-05-18T00:00:00,454.19,457.88,453.60,455.56,5512.4238
2016-05-19T00:00:00,455.56,456.41,435.00,438.38,8412.5861
2016-05-20T00:00:00,437.91,445.85,435.50,445.65,7178.7354
2016-05-21T00:00:00,445.52,446.99,441.88,446.28,3945.7182
2016-05-22T00:00:00,446.27,446.45,440.89,442.48,3779.5827
2016-05-23T00:00:00,442.45,446.30,440.79,445.67,5659.4294
2016-05-24T00:00:00,445.56,448.50,440.50,446.99,6536.8125
2016-05-25T00:00:00,446.98,452.42,446.86,451.49,6167.9558
2016-05-26T00:00:00,451.45,454.99,449.00,454.97,5843.8820
2016-05-27T00:00:00,454.97,476.75,454.35,471.27,9888.0265
2016-05-28T00:00:00,471.21,539.49,470.13,523.25,12107.4566
2016-05-29T00:00:00,523.35,549.99,491.01,525.22,9957.5272
2016-05-30T00:00:00,525.22,541.00,519.00,532.55,5960.3333
2016-05-31T00:00:00,532.56,544.90,520.01,531.34,8491.9727
2016-06-01T00:00:00,531.25,541.50,524.39,534.84,5736.6528
2016-06-02T00:00:00,534.85,541.20,531.86,537.87,6329.8787
2016-06-03T00:00:00,538.06,578.00,535.96,571.25,10203.7255
2016-06-04T00:00:00,571.09,594.64,564.29,576.31,6932.0754
2016-06-05T00:00:00,576.31,585.00,570.22,575.17,4984.2494
2016-06-06T00:00:00,575.17,588.15,575.00,586.77,6791.2645
2016-06-07T00:00:00,586.75,590.95,475.00,579.71,10079.8368
2016-06-08T00:00:00,579.72,583.99,572.96,583.21,5661.7492
2016-06-09T00:00:00,583.19,583.48,574.00,577.46,4979.6304
2016-06-10T00:00:00,577.47,581.00,573.50,580.31,5659.4866
2016-06-11T00:00:00,580.31,610.00,580.31,609.50,5542.2253
2016-06-12T00:00:00,609.50,687.71,605.00,677.86,18004.0174
2016-06-13T00:00:00,677.45,720.00,663.55,706.01,15497.4031
2016-06-14T00:00:00,706.02,706.45,650.02,684.95,12443.0956
2016-06-15T00:00:00,684.99,699.30,673.00,698.78,7913.0355
2016-06-16T00:00:00,698.76,777.68,698.76,769.76,16806.8587
2016-06-17T00:00:00,769.71,778.50,709.01,752.26,14007.7990
2016-06-18T00:00:00,752.00,785.15,734.80,758.99,9594.9236
2016-06-19T00:00:00,759.00,771.92,744.77,768.76,5442.6388
2016-06-20T00:00:00,768.94,768.94,701.01,703.12,9837.2438
2016-06-21T00:00:00,706.47,718.26,628.60,667.66,26110.6889
2016-06-22T00:00:00,667.88,679.99,568.11,604.50,15592.4364
2016-06-23T00:00:00,606.13,637.89,544.13,631.10,20474.0036
2016-06-24T00:00:00,631.10,700.00,631.01,669.98,19078.8453
2016-06-25T00:00:00,669.98,699.00,650.00,673.71,7691.5632
2016-06-26T00:00:00,673.71,675.19,625.01,638.56,5678.3860
2016-06-27T00:00:00,638.56,659.98,630.00,657.87,6624.3398
2016-06-28T00:00:00,657.86,663.53,638.00,648.43,5696.7468
2016-06-29T00:00:00,648.43,648.43,630.02,639.42,6485.1269
2016-06-30T00:00:00,639.41,675.00,635.14,673.49,7764.2465
2016-07-01T00:00:00,673.50,688.99,667.00,678.19,6839.6885
2016-07-02T00:00:00,678.09,705.21,676.92,704.95,4977.9805
2016-07-03T00:00:00,705.25,705.25,651.00,663.55,6495.7085
2016-07-04T00:00:00,664.09,683.69,653.16,681.98,4327.4108
2016-07-05T00:00:00,681.98,682.37,662.51,669.87,5043.8118
2016-07-06T00:00:00,669.75,680.79,665.00,678.79,5668.2381
2016-07-07T00:00:00,678.79,683.44,611.94,641.97,12281.4806
2016-07-08T00:00:00,641.97,667.33,638.04,667.33,11055.3657
2016-07-09T00:00:00,667.07,667.30,608.00,657.61,9607.6959
2016-07-10T00:00:00,657.60,657.61,641.00,652.44,3705.8941
2016-07-11T00:00:00,652.43,664.27,648.11,650.97,4815.4370
2016-07-12T00:00:00,651.25,675.50,648.60,666.56,10666.0897
2016-07-13T00:00:00,666.25,671.45,654.86,655.34,21882.0092
2016-07-14T00:00:00,655.30,663.99,640.00,661.65,4649.6437
2016-07-15T00:00:00,661.40,669.98,660.68,667.48,4725.7436
2016-07-16T00:00:00,667.48,669.99,662.01,666.32,2908.0298
2016-07-17T00:00:00,666.30,680.99,665.95,680.00,3944.4240
2016-07-18T00:00:00,680.00,684.94,670.00,675.50,4547.7218
2016-07-19T00:00:00,675.51,676.87,666.17,673.98,3799.7712
2016-07-20T00:00:00,673.98,674.99,664.60,666.92,3603.8628
2016-07-21T00:00:00,667.15,668.40,661.19,667.28,3967.8718
2016-07-22T00:00:00,667.27,669.94,647.59,654.67,7371.9647
2016-07-23T00:00:00,654.70,662.35,653.92,657.50,4379.5114
2016-07-24T00:00:00,657.68,666.37,655.01,661.00,3423.0812
2016-07-25T00:00:00,660.92,664.13,653.77,657.79,4101.5377
2016-07-26T00:00:00,657.99,658.99,645.00,654.06,6470.7402
2016-07-27T00:00:00,654.06,658.99,646.56,657.35,5175.1414
2016-07-28T00:00:00,657.00,659.97,654.10,657.40,3832.9884
2016-07-29T00:00:00,657.40,659.00,651.00,657.00,4246.2127
2016-07-30T00:00:00,657.18,658.98,652.95,655.87,2980.0854
2016-07-31T00:00:00,655.95,657.00,621.37,626.97,6299.6414
2016-08-01T00:00:00,626.97,629.34,599.00,605.20,7981.7179
2016-08-02T00:00:00,604.87,613.38,483.00,537.47,14839.3462
2016-08-03T00:00:00,538.80,576.00,519.30,573.36,20292.8597
2016-08-04T00:00:00,573.35,599.95,562.11,587.50,9514.3284
2016-08-05T00:00:00,587.50,592.87,570.39,583.00,5478.3888
2016-08-06T00:00:00,583.00,591.72,574.50,591.71,3907.8728
2016-08-07T00:00:00,591.70,598.65,587.20,595.14,3288.6574
2016-08-08T00:00:00,595.14,595.99,590.00,591.48,3852.0306
2016-08-09T00:00:00,591.58,594.04,585.38,586.45,4817.6262
2016-08-10T00:00:00,586.75,601.09,583.29,594.94,9439.7260
2016-08-11T00:00:00,594.94,599.99,585.60,587.91,5062.5828
2016-08-12T00:00:00,587.90,590.09,583.62,587.74,3870.8907
2016-08-13T00:00:00,587.68,589.50,586.00,586.45,2839.7045
2016-08-14T00:00:00,586.45,586.49,565.19,574.99,4154.4770
2016-08-15T00:00:00,574.97,574.97,561.56,567.79,4403.1617
2016-08-16T00:00:00,567.85,581.99,566.09,579.02,4692.4618
2016-08-17T00:00:00,579.02,581.99,569.67,574.45,4509.7744
2016-08-18T00:00:00,574.45,576.99,573.00,574.09,3964.9990
2016-08-19T00:00:00,574.05,576.99,572.68,573.67,4038.3030
2016-08-20T00:00:00,573.68,583.92,572.38,581.87,3581.2243
2016-08-21T00:00:00,581.72,583.99,579.34,581.29,2442.6337
2016-08-22T00:00:00,581.34,586.99,579.22,585.20,4493.4411
2016-08-23T00:00:00,585.19,586.77,577.47,582.39,5092.2746
2016-08-24T00:00:00,582.39,582.68,575.29,578.47,3857.0232
2016-08-25T00:00:00,578.68,579.00,573.12,575.58,4109.1126
2016-08-26T00:00:00,575.57,579.86,574.85,579.29,3354.1832
2016-08-27T00:00:00,579.29,579.45,568.95,570.84,3059.4931
2016-08-28T00:00:00,570.83,575.41,569.65,575.41,2587.4543
2016-08-29T00:00:00,575.41,577.73,571.24,573.21,4569.5625
2016-08-30T00:00:00,573.21,576.83,572.53,574.95,4175.8465
2016-08-31T00:00:00,574.95,575.15,569.21,572.89,4439.6238
2016-09-01T00:00:00,572.89,573.31,568.12,573.02,5203.4007
2016-09-02T00:00:00,572.94,577.97,570.00,576.21,4827.4346
2016-09-03T00:00:00,576.41,600.99,574.67,600.91,4707.9045
2016-09-04T00:00:00,600.93,617.13,597.52,611.92,4592.8510
2016-09-05T00:00:00,611.94,611.99,601.63,605.69,3010.7500
2016-09-06T00:00:00,605.93,612.99,605.47,612.99,4169.6979
2016-09-07T00:00:00,612.99,618.53,609.21,615.21,4680.9577
2016-09-08T00:00:00,615.22,631.30,613.43,627.97,5225.0368
2016-09-09T00:00:00,627.97,628.69,618.25,622.07,4502.8656
2016-09-10T00:00:00,622.07,626.54,620.59,623.74,2819.1315
2016-09-11T00:00:00,623.58,630.11,591.80,607.94,4289.6248
2016-09-12T00:00:00,607.94,609.45,603.00,606.74,3986.1647
2016-09-13T00:00:00,606.86,609.99,605.16,608.63,3888.0705
2016-09-14T00:00:00,608.39,611.99,608.00,608.43,3744.7432
2016-09-15T00:00:00,608.47,609.49,603.33,605.44,3965.6920
2016-09-16T00:00:00,605.43,608.10,603.15,607.93,4171.0056
2016-09-17T00:00:00,607.95,608.99,604.00,607.92,2942.6491
2016-09-18T00:00:00,607.92,611.93,607.22,611.40,3091.4551
2016-09-19T00:00:00,611.40,612.46,607.40,608.60,3096.4685
2016-09-20T00:00:00,608.60,609.92,605.60,605.60,4601.6997
2016-09-21T00:00:00,605.60,605.60,592.63,597.00,4885.8970
2016-09-22T00:00:00,597.00,598.54,594.78,596.21,3998.4060
2016-09-23T00:00:00,595.99,603.30,595.14,602.96,3759.0237
2016-09-24T00:00:00,602.96,605.94,601.08,603.68,2646.4976
2016-09-25T00:00:00,603.69,605.99,599.42,601.67,2577.1787
2016-09-26T00:00:00,601.67,607.99,600.02,607.08,4292.3272
2016-09-27T00:00:00,607.04,607.54,601.38,605.71,4345.5189
2016-09-28T00:00:00,605.71,606.00,603.18,605.04,3710.0121
2016-09-29T00:00:00,604.96,606.89,603.56,605.99,4106.8321
2016-09-30T00:00:00,605.99,608.99,605.00,608.99,4626.8194
2016-10-01T00:00:00,608.99,617.19,608.98,615.65,3480.0159
2016-10-02T00:00:00,615.65,615.90,608.66,612.40,2911.8919
2016-10-03T00:00:00,612.42,615.24,610.70,612.99,4436.7828
2016-10-04T00:00:00,612.99,613.23,606.93,610.34,5060.8631
2016-10-05T00:00:00,610.33,614.24,609.22,613.16,4454.4037
2016-10-06T00:00:00,613.16,613.39,610.30,611.88,3920.0753
2016-10-07T00:00:00,611.78,618.70,609.89,617.98,5119.9889
2016-10-08T00:00:00,618.11,620.00,617.55,619.50,2793.9554
2016-10-09T00:00:00,619.46,619.59,617.00,617.42,2329.8621
2016-10-10T00:00:00,617.43,619.20,615.46,618.72,3896.5958
2016-10-11T00:00:00,618.72,647.03,618.13,642.12,6316.5026
2016-10-12T00:00:00,642.30,643.58,631.91,635.79,4334.7387
2016-10-13T00:00:00,635.90,639.85,632.00,635.66,3845.2146
2016-10-14T00:00:00,635.80,639.99,624.08,638.03,4365.8670
2016-10-15T00:00:00,638.03,639.99,636.00,638.16,683.7981
2016-10-16T00:00:00,638.16,643.91,637.87,641.92,2547.6497
2016-10-17T00:00:00,642.10,643.47,636.27,639.56,3950.2417
2016-10-18T00:00:00,639.56,640.00,632.15,635.11,4126.8060
2016-10-19T00:00:00,635.12,636.99,625.60,629.79,4465.1483
2016-10-20T00:00:00,629.79,629.99,626.01,628.05,4170.4663
2016-10-21T00:00:00,628.19,633.41,627.50,630.83,4162.7699
2016-10-22T00:00:00,630.67,658.00,629.32,652.75,4586.7845
2016-10-23T00:00:00,653.03,655.80,645.33,651.04,3075.7396
2016-10-24T00:00:00,651.05,652.93,645.81,649.98,3670.4914
2016-10-25T00:00:00,649.98,657.50,648.99,654.30,4814.8884
2016-10-26T00:00:00,654.30,678.00,652.51,674.00,5843.5014
2016-10-27T00:00:00,674.00,692.41,673.54,691.21,6771.8537
2016-10-28T00:00:00,691.01,691.19,683.20,689.95,4409.9865
2016-10-29T00:00:00,689.95,725.64,689.39,714.28,6583.4990
2016-10-30T00:00:00,714.28,714.98,692.04,697.41,3799.5224
2016-10-31T00:00:00,697.39,709.68,681.01,696.90,4474.8671
2016-11-01T00:00:00,697.07,737.50,695.74,730.70,6909.1820
2016-11-02T00:00:00,730.70,744.60,720.00,744.60,5096.8409
2016-11-03T00:00:00,744.61,746.16,672.06,690.00,10331.3496
2016-11-04T00:00:00,690.00,708.33,683.80,706.32,5229.2199
2016-11-05T00:00:00,706.05,707.99,697.72,706.99,2999.2146
2016-11-06T00:00:00,706.98,719.83,705.86,717.02,3013.1763
2016-11-07T00:00:00,717.04,717.32,701.35,706.42,4168.7874
2016-11-08T00:00:00,706.41,716.45,704.16,711.15,4361.5196
2016-11-09T00:00:00,711.30,747.26,710.05,720.97,12022.2332
2016-11-10T00:00:00,721.00,723.61,705.84,712.91,4441.8839
2016-11-11T00:00:00,713.00,718.99,712.50,716.90,3363.9158
2016-11-12T00:00:00,716.56,716.99,702.42,704.53,3130.2206
2016-11-13T00:00:00,704.63,705.94,685.70,704.01,4207.7759
2016-11-14T00:00:00,704.01,708.57,695.07,708.32,4818.7533
2016-11-15T00:00:00,708.40,716.30,671.23,712.29,4793.8125
2016-11-16T00:00:00,711.92,743.80,710.00,739.85,6194.5029
2016-11-17T00:00:00,738.07,750.01,729.01,730.71,4171.5035
2016-11-18T00:00:00,729.61,751.00,728.89,748.54,4633.6371
2016-11-19T00:00:00,748.55,752.30,738.00,750.77,2953.7111
2016-11-20T00:00:00,750.77,753.81,715.00,731.99,4322.1250
2016-11-21T00:00:00,731.72,738.47,730.00,736.40,2984.9437
2016-11-22T00:00:00,736.39,748.77,726.38,746.66,4276.8416
2016-11-23T00:00:00,746.66,747.12,734.00,741.52,3626.9565
2016-11-24T00:00:00,741.51,743.99,727.00,737.99,3472.6009
2016-11-25T00:00:00,737.99,739.99,729.00,739.74,3157.8061
2016-11-26T00:00:00,739.51,739.98,726.00,735.70,2706.7753
2016-11-27T00:00:00,735.69,737.95,728.01,729.24,2682.6617
2016-11-28T00:00:00,729.24,736.44,729.00,729.77,3864.8936
2016-11-29T00:00:00,730.18,734.36,728.20,732.37,3807.4626
2016-11-30T00:00:00,732.44,745.00,729.17,742.69,3949.9029
2016-12-01T00:00:00,742.51,754.90,741.59,754.00,4190.1899
2016-12-02T00:00:00,754.00,780.00,753.53,769.25,6041.0345
2016-12-03T00:00:00,769.78,771.92,759.00,766.98,3180.0821
2016-12-04T00:00:00,766.86,769.76,762.83,767.99,2759.9126
2016-12-05T00:00:00,767.94,767.99,748.60,752.00,4823.7310
2016-12-06T00:00:00,752.01,761.58,752.00,759.80,4499.0736
2016-12-07T00:00:00,759.93,768.90,750.26,764.34,4572.3201
2016-12-08T00:00:00,764.34,772.82,761.71,767.89,4839.3283
2016-12-09T00:00:00,767.90,773.22,765.97,773.22,3932.4979
2016-12-10T00:00:00,773.15,776.99,770.00,775.87,3365.8993
2016-12-11T00:00:00,776.05,776.08,765.00,771.05,3105.0920
2016-12-12T00:00:00,771.05,782.00,770.88,778.94,4390.0369
2016-12-13T00:00:00,779.26,790.34,772.76,776.18,5414.7407
2016-12-14T00:00:00,776.65,781.80,773.20,777.66,4486.5846
2016-12-15T00:00:00,777.66,780.00,775.00,776.16,5927.4879
2016-12-16T00:00:00,776.16,785.00,774.80,780.98,5719.6624
2016-12-17T00:00:00,780.85,791.97,779.50,788.57,4364.3304
2016-12-18T00:00:00,788.98,791.96,787.19,790.72,2847.0458
2016-12-19T00:00:00,790.71,794.99,789.00,790.81,5496.3838
2016-12-20T00:00:00,791.00,799.21,788.58,798.99,5925.2006
2016-12-21T00:00:00,798.98,834.50,798.88,834.50,8442.9466
2016-12-22T00:00:00,834.15,875.75,832.38,856.02,8778.2106
2016-12-23T00:00:00,856.45,918.50,855.45,917.26,12735.1842
2016-12-24T00:00:00,917.28,918.19,880.10,891.50,6458.0298
2016-12-25T00:00:00,891.59,897.40,851.11,896.12,5380.1475
2016-12-26T00:00:00,895.94,908.24,890.00,902.09,3297.9224
2016-12-27T00:00:00,902.08,943.36,895.00,925.20,6719.9492
2016-12-28T00:00:00,925.28,983.46,923.95,982.17,9792.3468
2016-12-29T00:00:00,982.25,988.88,950.50,970.72,8997.8590
2016-12-30T00:00:00,970.51,970.51,930.30,960.81,7945.7630
2016-12-31T00:00:00,961.52,973.37,949.00,973.37,3837.2879
2017-01-01T00:00:00,973.37,1000.00,964.37,992.95,4421.5029
2017-01-02T00:00:00,992.96,1034.39,990.52,1011.45,7723.6358
2017-01-03T00:00:00,1011.52,1036.99,1006.71,1020.67,8615.2601
2017-01-04T00:00:00,1020.69,1147.00,1018.00,1130.30,16222.2303
2017-01-05T00:00:00,1131.10,1175.00,880.00,1007.00,20446.4056
2017-01-06T00:00:00,1007.00,1033.85,875.01,895.71,14274.2592
2017-01-07T00:00:00,895.78,910.00,802.07,909.00,11217.1786
2017-01-08T00:00:00,908.99,953.80,899.16,923.33,5410.0035
2017-01-09T00:00:00,922.04,923.58,886.42,902.66,5909.5781
2017-01-10T00:00:00,902.66,915.10,899.01,907.00,7226.0404
2017-01-11T00:00:00,906.81,923.98,765.00,795.77,19443.6353
2017-01-12T00:00:00,795.80,840.00,734.64,812.25,13200.4629
2017-01-13T00:00:00,812.25,835.01,782.85,831.42,10492.6737
2017-01-14T00:00:00,831.42,847.52,822.34,828.00,4774.3338
2017-01-15T00:00:00,828.00,835.00,819.00,833.31,2941.9150
2017-01-16T00:00:00,833.43,840.00,826.03,834.41,3428.8919
2017-01-17T00:00:00,834.40,909.00,830.10,906.00,7253.4886
2017-01-18T00:00:00,906.09,916.70,850.00,887.99,6937.9865
2017-01-19T00:00:00,887.98,907.00,883.08,902.92,5070.1846
2017-01-20T00:00:00,902.92,904.59,890.00,894.31,3110.5897
2017-01-21T00:00:00,894.31,930.00,891.28,925.06,4666.6609
2017-01-22T00:00:00,925.06,946.25,902.00,931.22,5044.1535
2017-01-23T00:00:00,929.45,931.33,910.63,910.70,4142.9323
2017-01-24T00:00:00,911.78,923.00,880.00,887.00,6401.7352
2017-01-25T00:00:00,887.00,903.98,886.99,896.00,4535.1046
2017-01-26T00:00:00,896.75,921.95,896.00,917.02,4718.0825
2017-01-27T00:00:00,917.02,924.47,911.00,922.63,3719.0655
2017-01-28T00:00:00,922.89,925.50,921.81,924.98,2634.5380
2017-01-29T00:00:00,924.69,927.47,915.00,916.54,2592.3437
2017-01-30T00:00:00,916.56,923.95,914.69,923.23,3622.2767
2017-01-31T00:00:00,923.26,972.30,922.94,970.01,6733.3432
2017-02-01T00:00:00,970.01,992.75,963.84,992.75,5993.6260
2017-02-02T00:00:00,992.75,1010.00,978.74,1008.38,5728.2124
2017-02-03T00:00:00,1008.40,1024.50,994.34,1018.00,6776.2697
2017-02-04T00:00:00,1018.48,1044.12,1001.80,1035.54,4793.8052
2017-02-05T00:00:00,1035.54,1036.30,1003.02,1016.32,4621.3917
2017-02-06T00:00:00,1016.32,1027.70,1014.64,1022.58,4367.2583
2017-02-07T00:00:00,1022.65,1058.26,1021.75,1053.96,5492.4088
2017-02-08T00:00:00,1053.95,1069.95,1016.49,1056.70,6979.9723
2017-02-09T00:00:00,1057.22,1079.00,925.00,994.24,16569.6509
2017-02-10T00:00:00,993.58,1008.00,961.00,1001.99,7943.7263
2017-02-11T00:00:00,1001.88,1023.89,995.49,1018.65,4321.9706
2017-02-12T00:00:00,1018.63,1018.88,1008.00,1010.00,1315.7296
2017-02-13T00:00:00,1009.99,1021.50,985.68,1002.82,4721.7506
2017-02-14T00:00:00,1002.88,1018.97,992.27,1013.92,5910.4903
2017-02-15T00:00:00,1013.92,1016.00,1007.66,1014.53,4494.3502
2017-02-16T00:00:00,1014.58,1041.88,1013.02,1038.94,5996.2932
2017-02-17T00:00:00,1038.95,1064.60,1036.29,1057.30,6334.6985
2017-02-18T00:00:00,1057.29,1073.80,1055.60,1062.15,3934.7479
2017-02-19T00:00:00,1062.14,1067.78,1051.26,1059.88,3025.4142
2017-02-20T00:00:00,1059.88,1095.00,1051.36,1089.82,4434.4420
2017-02-21T00:00:00,1089.98,1132.95,1081.95,1128.29,7487.5240
2017-02-22T00:00:00,1129.67,1140.00,1104.90,1128.71,6035.8235
2017-02-23T00:00:00,1129.87,1197.00,1128.22,1186.90,7574.4600
2017-02-24T00:00:00,1185.81,1221.93,1103.32,1186.91,12746.9474
2017-02-25T00:00:00,1186.91,1189.49,1110.00,1158.00,6033.9024
2017-02-26T00:00:00,1157.98,1187.33,1130.88,1184.91,4454.4440
2017-02-27T00:00:00,1184.91,1198.99,1176.00,1195.81,5776.4562
2017-02-28T00:00:00,1195.84,1214.94,1179.64,1195.08,6720.3824
2017-03-01T00:00:00,1194.53,1230.00,1085.71,1230.00,8122.9357
2017-03-02T00:00:00,1230.00,1298.61,1220.00,1269.17,8940.2834
2017-03-03T00:00:00,1269.17,1294.99,1255.61,1292.86,8290.6382
2017-03-04T00:00:00,1293.06,1294.48,1226.41,1273.97,6385.0309
2017-03-05T00:00:00,1273.94,1278.99,1247.11,1278.98,3996.8172
2017-03-06T00:00:00,1278.63,1288.00,1268.78,1284.99,4763.5733
2017-03-07T00:00:00,1284.99,1288.00,1050.00,1237.36,10811.1348
2017-03-08T00:00:00,1237.36,1246.00,1128.00,1150.22,13024.9729
2017-03-09T00:00:00,1150.22,1214.95,1131.11,1197.30,8524.4651
2017-03-10T00:00:00,1197.30,1360.00,956.85,1109.01,25699.7075
2017-03-11T00:00:00,1111.92,1219.00,1107.00,1188.11,10281.2381
2017-03-12T00:00:00,1188.11,1244.00,1150.00,1235.58,6729.1513
2017-03-13T00:00:00,1235.27,1249.00,1206.00,1245.49,9584.4160
2017-03-14T00:00:00,1245.50,1262.00,1213.55,1247.42,7464.2597
2017-03-15T00:00:00,1247.43,1264.55,1240.00,1263.00,7273.3090
2017-03-16T00:00:00,1263.55,1277.27,1117.77,1175.11,16599.2897
2017-03-17T00:00:00,1175.11,1175.11,1065.74,1069.57,19222.8956
2017-03-18T00:00:00,1068.78,1096.00,919.44,970.00,23968.7713
2017-03-19T00:00:00,970.00,1062.92,961.59,1019.49,13518.3895
2017-03-20T00:00:00,1019.10,1051.97,1011.00,1044.96,8919.4154
2017-03-21T00:00:00,1046.75,1120.00,1042.68,1114.42,12493.1583
2017-03-22T00:00:00,1114.42,1114.96,985.17,1034.57,14577.9100
2017-03-23T00:00:00,1038.94,1057.41,1013.00,1025.14,7782.5874
2017-03-24T00:00:00,1025.13,1030.30,920.10,934.87,19003.4053
2017-03-25T00:00:00,933.93,973.99,890.05,963.72,16665.0997
2017-03-26T00:00:00,963.72,1005.00,943.90,973.08,9504.7586
2017-03-27T00:00:00,973.97,1045.90,961.10,1042.08,10235.8906
2017-03-28T00:00:00,1042.27,1069.39,1016.25,1045.40,9055.3520
2017-03-29T00:00:00,1045.54,1058.16,1005.77,1043.27,8676.3028
2017-03-30T00:00:00,1043.09,1052.94,1022.00,1042.34,8312.8137
2017-03-31T00:00:00,1042.32,1094.49,1038.11,1088.99,11274.0991
2017-04-01T00:00:00,1088.99,1110.95,1071.45,1092.00,6726.9704
2017-04-02T00:00:00,1092.00,1119.00,1080.00,1113.99,7882.3543
2017-04-03T00:00:00,1113.23,1168.72,1112.24,1152.60,12694.0786
2017-04-04T00:00:00,1152.09,1164.14,1124.98,1143.99,8960.5534
2017-04-05T00:00:00,1143.98,1144.99,1114.90,1132.99,8705.9202
2017-04-06T00:00:00,1132.99,1206.97,1132.98,1192.30,11233.4967
2017-04-07T00:00:00,1192.29,1203.00,1175.26,1194.00,6984.3680
2017-04-08T00:00:00,1194.00,1198.00,1170.00,1184.50,4423.1076
2017-04-09T00:00:00,1184.50,1221.00,1175.80,1210.97,5819.8713
2017-04-10T00:00:00,1210.99,1219.78,1201.00,1210.00,5644.9615
2017-04-11T00:00:00,1210.00,1234.00,1200.00,1223.99,5481.0833
2017-04-12T00:00:00,1224.00,1227.86,1209.61,1214.17,6494.1516
2017-04-13T00:00:00,1214.68,1219.49,1148.98,1177.05,9426.5375
2017-04-14T00:00:00,1177.05,1196.92,1170.14,1173.74,5666.3149
2017-04-15T00:00:00,1173.13,1190.99,0.06,1178.85,3972.0031
2017-04-16T00:00:00,1178.84,1189.93,1171.70,1177.99,3084.5250
2017-04-17T00:00:00,1177.63,1197.60,1170.85,1189.91,6548.0666
2017-04-18T00:00:00,1190.95,1206.65,1189.76,1201.94,6269.9093
2017-04-19T00:00:00,1201.88,1215.32,1191.09,1214.21,6273.6154
2017-04-20T00:00:00,1214.22,1240.60,1212.01,1236.15,7747.2251
2017-04-21T00:00:00,1236.15,1258.77,1236.15,1249.99,6669.1452
2017-04-22T00:00:00,1249.98,1253.00,1221.51,1247.00,6147.3477
2017-04-23T00:00:00,1246.79,1254.00,1236.20,1251.98,5023.5260
2017-04-24T00:00:00,1251.91,1261.16,1246.31,1257.29,5906.2590
2017-04-25T00:00:00,1256.65,1287.00,1256.16,1281.16,8117.8679
2017-04-26T00:00:00,1281.18,1320.00,1279.50,1298.44,9597.5808
2017-04-27T00:00:00,1297.56,1360.00,1295.39,1349.26,10484.9236
2017-04-28T00:00:00,1349.77,1381.01,1300.20,1353.34,14008.4774
2017-04-29T00:00:00,1352.96,1369.50,1335.64,1365.43,9669.2658
2017-04-30T00:00:00,1364.98,1394.51,1334.02,1384.55,10543.1835
2017-05-01T00:00:00,1384.55,1466.69,1370.98,1436.50,16992.3010
2017-05-02T00:00:00,1436.50,1492.93,1426.51,1471.99,12031.5842
2017-05-03T00:00:00,1471.79,1533.00,1453.68,1533.00,16319.0051
2017-05-04T00:00:00,1533.00,1665.00,1482.06,1563.39,26721.2059
2017-05-05T00:00:00,1561.47,1630.00,1535.11,1551.30,16888.1881
2017-05-06T00:00:00,1551.30,1598.89,1551.30,1585.39,9367.7050
2017-05-07T00:00:00,1585.49,1618.31,1563.87,1609.57,11737.5700
2017-05-08T00:00:00,1611.10,1713.00,1608.00,1713.00,15894.9201
2017-05-09T00:00:00,1712.99,1794.70,1630.00,1720.43,19878.9688
2017-05-10T00:00:00,1720.24,1799.99,1691.30,1794.99,13458.2472
2017-05-11T00:00:00,1794.95,1889.00,1770.95,1837.93,15726.1046
2017-05-12T00:00:00,1837.98,1838.00,1651.01,1695.61,16527.8038
2017-05-13T00:00:00,1695.56,1792.96,1610.00,1792.73,12379.9937
2017-05-14T00:00:00,1791.70,1829.00,1763.33,1799.99,6806.4851
2017-05-15T00:00:00,1799.98,1802.99,1702.42,1747.81,10191.8542
2017-05-16T00:00:00,1747.81,1777.76,1690.14,1777.48,11414.5087
2017-05-17T00:00:00,1777.49,1840.00,1745.05,1813.23,13813.2214
2017-05-18T00:00:00,1813.23,1900.00,1800.00,1899.16,11391.0094
2017-05-19T00:00:00,1899.47,1980.00,1890.73,1976.23,18971.7707
2017-05-20T00:00:00,1976.22,2059.00,1970.04,2058.91,13176.2827
2017-05-21T00:00:00,2058.89,2102.68,1988.60,2057.00,17762.4844
2017-05-22T00:00:00,2056.99,2298.00,1975.00,2123.29,29431.5363
2017-05-23T00:00:00,2123.29,2283.00,2100.86,2272.75,17640.9485
2017-05-24T00:00:00,2272.74,2474.69,2266.51,2432.97,24659.7343
2017-05-25T00:00:00,2432.96,2806.00,2226.86,2355.00,37194.8376
2017-05-26T00:00:00,2362.17,2683.18,2052.01,2272.70,31755.9026
2017-05-27T00:00:00,2276.46,2353.35,1913.19,2099.99,32466.1712
2017-05-28T00:00:00,2099.99,2342.99,2099.86,2232.78,18342.6820
2017-05-29T00:00:00,2237.00,2357.86,2141.12,2279.48,16926.3446
2017-05-30T00:00:00,2279.18,2336.88,2112.31,2191.58,20916.0000
2017-05-31T00:00:00,2191.60,2338.91,2173.80,2303.29,21726.9309
2017-06-01T00:00:00,2303.61,2488.00,2302.00,2419.99,21390.3350
2017-06-02T00:00:00,2419.98,2478.99,2379.44,2478.99,12890.6588
2017-06-03T00:00:00,2478.99,2599.00,2448.00,2548.05,13441.8888
2017-06-04T00:00:00,2548.30,2556.10,2469.98,2521.36,13820.7931
2017-06-05T00:00:00,2521.43,2698.00,2517.02,2698.00,13599.7689
2017-06-06T00:00:00,2698.00,2938.55,2674.69,2871.29,28609.6470
2017-06-07T00:00:00,2871.29,2885.00,2598.70,2685.64,19476.1837
2017-06-08T00:00:00,2690.02,2808.78,2611.41,2799.73,13453.6892
2017-06-09T00:00:00,2799.76,2861.58,2786.20,2811.39,11440.3356
2017-06-10T00:00:00,2811.37,2942.04,2801.25,2931.15,18734.8519
2017-06-11T00:00:00,2931.16,2998.99,2881.00,2998.98,16295.4930
2017-06-12T00:00:00,2998.98,2999.99,2463.89,2655.71,38941.1821
2017-06-13T00:00:00,2654.36,2798.99,2649.47,2709.01,19716.9742
2017-06-14T00:00:00,2709.02,2827.00,2330.00,2432.21,28257.1349
2017-06-15T00:00:00,2432.21,2525.00,2050.00,2409.98,42025.0419
2017-06-16T00:00:00,2409.98,2524.65,2287.84,2480.43,21891.9577
2017-06-17T00:00:00,2480.44,2679.24,2413.96,2634.94,17601.3141
2017-06-18T00:00:00,2634.94,2670.00,2455.01,2515.25,13831.6086
2017-06-19T00:00:00,2515.25,2597.00,2481.92,2596.98,13928.5587
2017-06-20T00:00:00,2596.99,2776.95,2585.42,2725.08,19230.1262
2017-06-21T00:00:00,2725.11,2781.59,2559.51,2643.35,18065.0920
2017-06-22T00:00:00,2643.33,2724.69,2598.00,2679.99,12179.5538
2017-06-23T00:00:00,2679.93,2743.00,2665.00,2690.76,9674.1401
2017-06-24T00:00:00,2690.76,2718.37,2503.05,2574.84,12808.4780
2017-06-25T00:00:00,2574.86,2625.00,2430.05,2505.61,13739.1713
2017-06-26T00:00:00,2505.61,2563.90,2258.34,2407.91,20262.7622
2017-06-27T00:00:00,2407.91,2575.75,2264.00,2575.75,22151.5196
2017-06-28T00:00:00,2573.22,2605.00,2457.00,2553.12,16240.9546
2017-06-29T00:00:00,2553.13,2591.98,2506.10,2530.00,9048.1610
2017-06-30T00:00:00,2531.16,2554.01,2446.20,2455.19,11860.9594
2017-07-01T00:00:00,2455.19,2515.00,2400.00,2423.63,8448.0888
2017-07-02T00:00:00,2424.08,2545.00,2385.00,2516.66,9098.2892
2017-07-03T00:00:00,2515.37,2584.78,2479.75,2542.41,10045.8328
2017-07-04T00:00:00,2542.41,2636.10,2542.18,2602.00,10680.5652
2017-07-05T00:00:00,2602.00,2630.24,2551.06,2616.96,10183.6301
2017-07-06T00:00:00,2616.96,2623.54,2580.69,2604.84,8207.9966
2017-07-07T00:00:00,2604.89,2607.61,2472.00,2501.15,11640.7816
2017-07-08T00:00:00,2501.15,2563.50,2471.22,2561.11,7869.8813
2017-07-09T00:00:00,2560.84,2579.84,2500.00,2508.99,5647.4343
2017-07-10T00:00:00,2508.00,2523.00,2250.00,2331.05,15554.0051
2017-07-11T00:00:00,2330.93,2410.00,2265.00,2310.01,15670.5506
2017-07-12T00:00:00,2310.00,2415.00,2250.00,2383.42,13834.4720
2017-07-13T00:00:00,2384.35,2416.79,2308.14,2340.00,9541.5394
2017-07-14T00:00:00,2340.00,2349.28,2150.00,2217.24,13549.1778
2017-07-15T00:00:00,2217.02,2224.82,1964.31,1964.31,16334.6886
2017-07-16T00:00:00,1964.33,2043.94,1758.20,1911.78,21740.8927
2017-07-17T00:00:00,1911.79,2238.07,1909.58,2235.19,21436.7645
2017-07-18T00:00:00,2235.14,2393.43,2134.37,2308.15,23795.5941
2017-07-19T00:00:00,2307.48,2396.00,2216.00,2258.99,18567.4761
2017-07-20T00:00:00,2258.99,2957.00,2258.99,2873.48,36509.3059
2017-07-21T00:00:00,2873.45,2880.00,2608.27,2657.45,23062.1854
2017-07-22T00:00:00,2661.05,2869.88,2646.95,2825.27,12225.6176
2017-07-23T00:00:00,2825.27,2848.00,2691.00,2754.28,10194.9748
2017-07-24T00:00:00,2755.19,2799.20,2726.80,2762.26,8105.6451
2017-07-25T00:00:00,2761.68,2782.44,2449.69,2564.00,19195.8226
2017-07-26T00:00:00,2564.00,2614.00,2403.00,2525.99,13019.0345
2017-07-27T00:00:00,2525.98,2686.20,2514.10,2664.99,10034.5271
2017-07-28T00:00:00,2664.99,2825.11,2655.55,2786.07,17189.2467
2017-07-29T00:00:00,2786.07,2790.99,2656.00,2700.21,9860.1322
2017-07-30T00:00:00,2700.20,2739.98,2500.00,2723.99,8460.1828
2017-07-31T00:00:00,2723.99,2900.00,2700.00,2856.88,11462.1802
2017-08-01T00:00:00,2856.89,2925.00,2676.01,2732.59,9772.9695
2017-08-02T00:00:00,2731.60,2758.06,2650.00,2699.90,8422.2754
2017-08-03T00:00:00,2699.90,2799.00,2699.89,2787.02,7425.9575
2017-08-04T00:00:00,2787.05,2877.79,2760.00,2857.34,7714.9805
2017-08-05T00:00:00,2857.34,3335.00,2857.34,3243.49,21614.6006
2017-08-06T00:00:00,3243.50,3278.42,3150.00,3222.22,8666.2008
2017-08-07T00:00:00,3222.22,3416.00,3190.00,3398.23,11325.4162
2017-08-08T00:00:00,3398.23,3489.00,3349.91,3422.43,16014.0064
2017-08-09T00:00:00,3423.28,3428.29,3232.62,3342.80,13076.1463
2017-08-10T00:00:00,3342.80,3448.00,3317.00,3444.98,9348.3591
2017-08-11T00:00:00,3444.98,3725.00,3416.86,3656.15,15315.7524
2017-08-12T00:00:00,3656.14,3974.00,3622.87,3874.00,18972.1434
2017-08-13T00:00:00,3874.00,4200.00,3850.00,4060.47,23522.1420
2017-08-14T00:00:00,4060.47,4328.00,3985.01,4320.60,20059.9620
2017-08-15T00:00:00,4320.53,4434.42,3807.14,4159.93,32018.1616
2017-08-16T00:00:00,4159.93,4385.50,3928.82,4370.01,17969.6262
2017-08-17T00:00:00,4370.01,4469.00,4180.00,4280.01,19980.8916
2017-08-18T00:00:00,4280.01,4350.00,3960.47,4101.72,20823.0514
2017-08-19T00:00:00,4101.72,4186.10,4000.00,4157.41,10502.7408
2017-08-20T00:00:00,4157.41,4190.21,4044.52,4050.99,8331.8724
2017-08-21T00:00:00,4050.99,4089.99,3950.88,4002.00,12417.6571
2017-08-22T00:00:00,4002.00,4145.00,3583.46,4092.00,21922.4973
2017-08-23T00:00:00,4092.00,4247.88,4058.26,4143.49,11746.0041
2017-08-24T00:00:00,4142.50,4349.99,4112.76,4312.03,10247.9842
2017-08-25T00:00:00,4312.03,4453.90,4284.01,4360.00,10918.7797
2017-08-26T00:00:00,4360.00,4374.39,4260.01,4344.32,6146.4788
2017-08-27T00:00:00,4344.32,4392.00,4309.87,4340.11,7041.3442
2017-08-28T00:00:00,4343.50,4396.00,4200.00,4384.99,10452.6038
2017-08-29T00:00:00,4384.99,4656.83,4350.00,4599.00,14509.9581
2017-08-30T00:00:00,4599.01,4635.21,4500.55,4581.98,10383.4343
2017-08-31T00:00:00,4581.98,4769.03,4580.84,4743.94,13628.4678
2017-09-01T00:00:00,4743.94,4948.00,4706.00,4947.99,16762.8058
2017-09-02T00:00:00,4948.00,4980.00,4500.00,4649.99,19577.1887
2017-09-03T00:00:00,4642.39,4749.99,4524.00,4626.05,11569.3608
2017-09-04T00:00:00,4626.05,4628.05,4234.16,4498.25,20518.8845
2017-09-05T00:00:00,4498.46,4514.95,4242.38,4432.51,17315.4302
2017-09-06T00:00:00,4432.51,4692.00,4431.00,4616.18,16174.3043
2017-09-07T00:00:00,4616.18,4665.44,4475.01,4624.18,8455.0415
2017-09-08T00:00:00,4624.18,4679.99,4140.00,4350.00,22102.7185
2017-09-09T00:00:00,4350.00,4449.95,4180.00,4334.36,10073.8956
2017-09-10T00:00:00,4334.36,4349.99,4139.00,4251.36,10078.6999
2017-09-11T00:00:00,4251.36,4365.00,4111.14,4210.72,9068.2551
2017-09-12T00:00:00,4210.72,4375.37,4080.00,4164.52,12373.3986
2017-09-13T00:00:00,4164.52,4174.53,3726.00,3855.32,22842.5323
2017-09-14T00:00:00,3855.61,3923.00,3230.05,3250.40,36363.9250
2017-09-15T00:00:00,3249.99,3894.48,2975.01,3740.02,54488.4824
2017-09-16T00:00:00,3740.02,4042.98,3600.00,3726.51,19031.6860
2017-09-17T00:00:00,3726.51,3841.00,3475.64,3719.97,11718.8802
2017-09-18T00:00:00,3719.98,4130.00,3717.56,4100.00,16906.7234
2017-09-19T00:00:00,4100.00,4125.22,3850.44,3910.11,13781.1554
2017-09-20T00:00:00,3910.11,4044.00,3850.01,3872.06,9910.4011
2017-09-21T00:00:00,3872.07,3903.57,3571.00,3617.47,14978.4854
2017-09-22T00:00:00,3617.47,3767.77,3509.79,3619.01,12649.0213
2017-09-23T00:00:00,3619.01,3818.89,3580.00,3787.33,6595.9353
2017-09-24T00:00:00,3787.33,3789.36,3630.01,3669.01,4692.7909
2017-09-25T00:00:00,3669.01,3969.37,3669.01,3919.78,9583.7376
2017-09-26T00:00:00,3919.98,3960.00,3854.29,3885.09,5893.2235
2017-09-27T00:00:00,3885.09,4228.39,3880.36,4200.00,12072.6687
2017-09-28T00:00:00,4200.00,4269.95,4122.00,4189.42,7903.9469
2017-09-29T00:00:00,4189.42,4212.99,4015.17,4156.99,10360.8339
2017-09-30T00:00:00,4156.99,4356.28,4143.52,4339.00,6235.0785
2017-10-01T00:00:00,4339.01,4396.99,4256.92,4394.81,5366.9120
2017-10-02T00:00:00,4394.81,4470.00,4354.23,4392.71,8647.7580
2017-10-03T00:00:00,4392.71,4419.95,4240.00,4307.99,10606.1062
2017-10-04T00:00:00,4307.99,4344.00,4175.30,4214.84,6555.2710
2017-10-05T00:00:00,4214.84,4365.21,4150.01,4320.04,6482.3278
2017-10-06T00:00:00,4320.02,4407.00,4299.99,4362.99,6441.7256
2017-10-07T00:00:00,4363.00,4449.42,4320.00,4425.00,4178.2509
2017-10-08T00:00:00,4425.00,4612.00,4420.01,4603.49,7159.7718
2017-10-09T00:00:00,4603.50,4875.39,4561.00,4769.55,14273.8683
2017-10-10T00:00:00,4769.55,4925.65,4701.53,4750.00,13709.7081
2017-10-11T00:00:00,4750.00,4869.97,4720.21,4814.99,7238.8788
2017-10-12T00:00:00,4814.99,5440.92,4809.59,5440.00,20097.6885
2017-10-13T00:00:00,5440.00,5867.00,5390.00,5624.80,26597.9753
2017-10-14T00:00:00,5624.87,5839.80,5567.86,5819.13,8999.2037
2017-10-15T00:00:00,5819.13,5849.83,5455.50,5693.70,11817.3283
2017-10-16T00:00:00,5693.70,5785.30,5575.55,5754.90,8820.6604
2017-10-17T00:00:00,5754.90,5769.99,5525.00,5594.00,9121.4068
2017-10-18T00:00:00,5593.97,5600.00,5102.00,5574.44,17620.4915
2017-10-19T00:00:00,5574.02,5750.00,5529.44,5704.01,8908.5565
2017-10-20T00:00:00,5704.00,6063.99,5630.00,5989.10,16708.9816
2017-10-21T00:00:00,5989.10,6189.10,5868.26,6024.86,14614.7353
2017-10-22T00:00:00,6024.85,6082.30,5755.95,6005.05,10770.4295
2017-10-23T00:00:00,6005.05,6057.02,5650.98,5905.99,16446.7833
2017-10-24T00:00:00,5906.00,5906.00,5462.19,5525.43,18281.5401
2017-10-25T00:00:00,5525.43,5765.00,5376.71,5739.97,14136.5813
2017-10-26T00:00:00,5739.97,6000.00,5701.00,5891.61,11850.8272
2017-10-27T00:00:00,5891.61,5998.00,5708.80,5780.00,9337.8441
2017-10-28T00:00:00,5780.00,5894.00,5715.00,5752.01,5453.7980
2017-10-29T00:00:00,5752.01,6298.99,5728.00,6140.01,12509.8552
2017-10-30T00:00:00,6140.01,6200.00,6028.00,6124.16,8341.5324
2017-10-31T00:00:00,6124.16,6472.13,6095.96,6445.01,15024.4956
2017-11-01T00:00:00,6445.01,6784.00,6363.59,6783.69,20571.5819
2017-11-02T00:00:00,6783.69,7445.00,6759.00,7039.98,35889.3882
2017-11-03T00:00:00,7039.99,7449.99,6955.89,7170.01,24759.3313
2017-11-04T00:00:00,7170.01,7498.00,7011.10,7412.55,13668.9233
2017-11-05T00:00:00,7412.35,7630.00,7310.00,7392.00,16504.9576
2017-11-06T00:00:00,7391.95,7432.49,6900.73,6969.76,24287.5209
2017-11-07T00:00:00,6969.76,7232.84,6968.49,7126.63,14505.7943
2017-11-08T00:00:00,7128.99,7898.00,7031.66,7467.96,38184.6376
2017-11-09T00:00:00,7467.97,7470.01,7079.00,7156.00,18059.3617
2017-11-10T00:00:00,7156.00,7350.00,6426.00,6577.62,34072.9324
2017-11-11T00:00:00,6577.63,6894.99,6201.01,6346.70,25651.2941
2017-11-12T00:00:00,6346.64,6486.00,5511.11,5886.35,52487.4325
2017-11-13T00:00:00,5886.35,6841.45,5850.00,6535.87,36435.4563
2017-11-14T00:00:00,6535.87,6748.00,6450.00,6605.00,20256.4330
2017-11-15T00:00:00,6605.00,7349.00,6605.00,7294.00,27878.7763
2017-11-16T00:00:00,7294.00,7985.37,7130.00,7838.53,29352.7762
2017-11-17T00:00:00,7838.54,7988.50,7536.00,7714.71,25045.6530
2017-11-18T00:00:00,7714.70,7847.98,7502.00,7777.01,14707.5368
2017-11-19T00:00:00,7777.01,8098.62,7700.00,8031.82,14765.9696
2017-11-20T00:00:00,8031.83,8293.25,7969.00,8256.01,15693.2606
2017-11-21T00:00:00,8256.01,8375.00,7802.99,8109.00,31256.2620
2017-11-22T00:00:00,8109.00,8298.98,8103.13,8250.00,13690.8318
2017-11-23T00:00:00,8250.00,8274.98,8031.16,8031.16,11919.9167
2017-11-24T00:00:00,8031.16,8324.00,7900.00,8215.01,14748.7132
2017-11-25T00:00:00,8215.01,8795.50,8203.98,8795.50,16482.3279
2017-11-26T00:00:00,8795.50,9596.00,8795.50,9401.11,28641.6976
2017-11-27T00:00:00,9401.11,9795.00,9401.00,9768.71,25683.3262
2017-11-28T00:00:00,9768.71,9989.95,9705.99,9949.00,18960.4267
2017-11-29T00:00:00,9949.00,11485.00,8595.55,9935.98,70224.9970
2017-11-30T00:00:00,9920.81,10850.00,9135.60,9903.00,42536.3136
2017-12-01T00:00:00,9903.01,10937.00,9517.00,10869.84,33257.5737
2017-12-02T00:00:00,10869.85,11100.00,10701.00,10930.24,20197.0181
2017-12-03T00:00:00,10930.24,11891.00,10601.00,11290.00,31415.8054
2017-12-04T00:00:00,11290.00,11650.00,10950.00,11643.98,20180.8865
2017-12-05T00:00:00,11643.99,11875.00,11532.00,11718.35,17711.4908
2017-12-06T00:00:00,11718.34,14425.00,11717.50,14090.00,51358.7459
2017-12-07T00:00:00,14090.00,19697.00,13500.00,17390.01,84528.1024
2017-12-08T00:00:00,17390.01,17777.69,13788.99,16367.03,68522.7036
2017-12-09T00:00:00,16367.03,16499.00,13550.00,15309.98,41170.5076
2017-12-10T00:00:00,15309.99,16300.00,13501.00,15290.01,52882.8159
2017-12-11T00:00:00,15290.01,17493.00,15200.00,16885.76,41169.6924
2017-12-12T00:00:00,16885.76,18149.99,16375.00,17730.12,38219.4074
2017-12-13T00:00:00,17730.12,17900.00,15700.00,16689.61,31867.1817
2017-12-14T00:00:00,16689.62,17199.60,16256.00,16749.78,16329.8759
2017-12-15T00:00:00,16749.79,17899.00,16745.00,17738.67,28605.3275
2017-12-16T00:00:00,17738.68,19797.00,17630.00,19650.01,24853.6836
2017-12-17T00:00:00,19650.02,19891.99,19010.00,19378.99,21476.2351
2017-12-18T00:00:00,19378.99,19385.00,18200.00,19039.01,26385.5235
2017-12-19T00:00:00,19039.01,19099.00,16800.00,17838.73,32148.3475
2017-12-20T00:00:00,17838.73,17890.00,14001.00,16496.89,47992.4442
2017-12-21T00:00:00,16496.90,17364.57,15151.00,15758.80,28740.8937
2017-12-22T00:00:00,15758.80,15974.95,10400.00,14210.57,103039.9342
2017-12-23T00:00:00,14229.47,16261.00,13750.00,15075.89,30795.8880
2017-12-24T00:00:00,15075.89,15109.27,13210.00,14221.94,24834.8336
2017-12-25T00:00:00,14221.93,14774.00,13450.00,14171.98,15425.3536
2017-12-26T00:00:00,14171.99,16148.00,14171.98,15790.88,22462.7056
2017-12-27T00:00:00,15790.88,16490.00,14524.37,15367.08,24957.6282
2017-12-28T00:00:00,15360.01,15489.00,13500.00,14450.01,31273.5783
2017-12-29T00:00:00,14450.01,15105.34,14041.81,14565.05,18476.0520
2017-12-30T00:00:00,14565.04,14639.79,12500.00,12839.99,28787.7376
2017-12-31T00:00:00,12839.98,14280.26,12633.80,13863.13,18604.2858
2018-01-01T00:00:00,13863.14,13889.00,12952.50,13480.01,12295.0065
2018-01-02T00:00:00,13480.00,15275.00,13005.00,14781.51,26387.9349
2018-01-03T00:00:00,14781.52,15400.00,14628.00,15098.14,17877.4953
2018-01-04T00:00:00,15098.23,15400.00,14230.00,15144.99,20010.4363
2018-01-05T00:00:00,15145.00,17178.00,14819.78,16960.01,22917.7807
2018-01-06T00:00:00,16960.01,17174.00,16251.01,17098.99,14104.2139
2018-01-07T00:00:00,17099.00,17115.01,15755.01,16174.22,12341.0808
2018-01-08T00:00:00,16174.22,16275.00,14000.00,14993.74,23151.9646
2018-01-09T00:00:00,14993.73,15384.00,14230.00,14480.99,15384.6246
2018-01-10T00:00:00,14481.00,14875.18,13550.01,14875.18,22664.5451
2018-01-11T00:00:00,14875.17,14970.00,12800.01,13308.06,28889.1213
2018-01-12T00:00:00,13308.06,14080.83,12900.00,13820.00,14816.7724
2018-01-13T00:00:00,13820.00,14500.00,13792.25,14187.95,10491.1049
2018-01-14T00:00:00,14187.94,14332.85,13110.00,13656.23,10783.3931
2018-01-15T00:00:00,13656.23,14253.00,13416.00,13590.00,10511.8404
2018-01-16T00:00:00,13590.00,13643.66,9928.62,11570.01,62207.8330
2018-01-17T00:00:00,11570.01,12358.89,9005.00,11200.01,63957.2328
2018-01-18T00:00:00,11204.64,12123.10,10687.21,11305.53,30134.6477
2018-01-19T00:00:00,11305.53,11973.99,11050.00,11498.99,15959.3088
2018-01-20T00:00:00,11499.00,12985.55,11498.99,12762.80,18749.9564
2018-01-21T00:00:00,12762.80,12762.80,11118.00,11518.17,16426.1778
2018-01-22T00:00:00,11518.17,11849.00,10025.00,10766.70,24352.5705
2018-01-23T00:00:00,10766.70,11370.00,9945.00,10824.94,21897.0295
2018-01-24T00:00:00,10824.95,11450.00,10450.00,11356.79,15159.7462
2018-01-25T00:00:00,11356.80,11690.00,10851.00,11118.00,13803.3995
2018-01-26T00:00:00,11118.00,11570.00,10305.00,11086.89,19343.2820
2018-01-27T00:00:00,11086.88,11494.08,10850.00,11319.00,12301.1873
2018-01-28T00:00:00,11319.00,11697.24,11234.38,11536.00,13684.8720
2018-01-29T00:00:00,11536.00,11570.00,10840.00,11123.01,11166.0598
2018-01-30T00:00:00,11123.01,11150.00,9711.11,9995.00,27589.8734
2018-01-31T00:00:00,9995.00,10299.95,9601.02,10099.99,19533.7381
2018-02-01T00:00:00,10099.99,10166.25,8400.00,9014.23,38171.9700
2018-02-02T00:00:00,9014.22,9090.08,7540.00,8787.52,52039.2681
2018-02-03T00:00:00,8787.52,9499.00,8115.48,9240.00,23700.9851
2018-02-04T00:00:00,9227.80,9350.00,7859.00,8167.91,24062.1820
2018-02-05T00:00:00,8167.90,8349.16,6425.75,6905.19,59578.6982
2018-02-06T00:00:00,6905.20,7948.89,5873.00,7688.46,91895.1106
2018-02-07T00:00:00,7688.47,8650.00,7212.82,7575.75,50916.5789
2018-02-08T00:00:00,7575.76,8625.00,7550.00,8218.10,31649.5766
2018-02-09T00:00:00,8218.07,8700.00,7750.00,8671.01,27558.5161
2018-02-10T00:00:00,8671.00,9090.00,8155.00,8547.49,24910.6925
2018-02-11T00:00:00,8547.48,8547.49,7851.00,8072.99,16804.1134
2018-02-12T00:00:00,8073.00,8950.00,8072.99,8872.28,19718.2862
2018-02-13T00:00:00,8872.27,8925.00,8393.10,8520.01,13952.5575
2018-02-14T00:00:00,8520.01,9482.50,8520.00,9472.98,24374.6443
2018-02-15T00:00:00,9472.98,10249.81,9342.46,10031.23,32372.7974
2018-02-16T00:00:00,10031.23,10307.68,9729.58,10167.49,17843.5469
2018-02-17T00:00:00,10167.49,11149.00,10057.00,11121.50,20781.5617
2018-02-18T00:00:00,11121.50,11299.10,10159.00,10380.04,26975.9358
2018-02-19T00:00:00,10380.03,11274.11,10297.39,11140.00,17634.4351
2018-02-20T00:00:00,11140.00,11775.00,11000.00,11235.57,28425.1209
2018-02-21T00:00:00,11235.57,11279.99,10250.00,10454.27,30042.0309
2018-02-22T00:00:00,10453.83,10900.00,9715.27,9830.00,28095.9085
2018-02-23T00:00:00,9830.00,10390.77,9576.43,10144.99,20779.9432
2018-02-24T00:00:00,10144.99,10494.14,9372.72,9688.62,19729.3857
2018-02-25T00:00:00,9688.61,9850.00,9324.75,9597.99,11707.1617
2018-02-26T00:00:00,9600.00,10447.74,9404.00,10300.00,19118.9938
2018-02-27T00:00:00,10300.00,10845.07,10133.33,10566.57,18240.5294
2018-02-28T00:00:00,10556.30,11044.00,10263.00,10307.27,19688.0696
2018-03-01T00:00:00,10307.26,11075.00,10213.99,10895.92,15390.5511
2018-03-02T00:00:00,10895.93,11149.00,10765.00,11000.00,13838.0391
2018-03-03T00:00:00,11000.01,11494.57,11000.00,11432.50,13198.5534
2018-03-04T00:00:00,11432.51,11487.00,11041.00,11469.90,8635.8425
2018-03-05T00:00:00,11469.90,11645.74,11339.00,11377.54,11051.4486
2018-03-06T00:00:00,11371.50,11395.63,10565.85,10700.00,18565.8880
2018-03-07T00:00:00,10700.00,10894.00,9400.00,9925.00,32486.5662
2018-03-08T00:00:00,9925.00,10098.00,9050.00,9304.89,23426.7950
2018-03-09T00:00:00,9304.90,9410.00,8370.00,9255.00,42041.3576
2018-03-10T00:00:00,9255.00,9518.77,8720.08,8795.44,17254.8564
2018-03-11T00:00:00,8795.45,9760.00,8516.00,9533.88,21816.1545
2018-03-12T00:00:00,9533.88,9890.00,8780.49,9120.00,21281.5941
2018-03-13T00:00:00,9120.00,9472.88,8855.00,9145.41,17207.4020
2018-03-14T00:00:00,9145.42,9340.00,7931.00,8207.02,28010.5883
2018-03-15T00:00:00,8207.02,8400.00,7666.00,8259.99,28014.2339
2018-03-16T00:00:00,8260.00,8600.00,7911.00,8275.00,16967.9291
2018-03-17T00:00:00,8274.09,8349.82,7751.00,7857.60,13639.7331
2018-03-18T00:00:00,7857.59,8302.73,7310.00,8192.00,30536.5446
2018-03-19T00:00:00,8192.00,8757.50,8108.31,8589.00,25598.6732
2018-03-20T00:00:00,8589.00,9046.26,8316.15,8900.00,20469.3415
2018-03-21T00:00:00,8900.00,9174.00,8745.00,8891.81,16007.1170
2018-03-22T00:00:00,8891.81,9073.93,8467.27,8715.09,14990.2380
2018-03-23T00:00:00,8715.09,8927.81,8280.04,8927.10,15266.8255
2018-03-24T00:00:00,8927.80,8999.00,8508.00,8531.34,11863.3106
2018-03-25T00:00:00,8531.96,8670.00,8359.45,8453.00,9048.8524
2018-03-26T00:00:00,8453.00,8498.00,7854.00,8145.00,19389.8513
2018-03-27T00:00:00,8144.99,8219.99,7757.00,7793.61,14987.7303
2018-03-28T00:00:00,7793.61,8088.00,7727.76,7942.72,10966.6976
2018-03-29T00:00:00,7942.73,7957.00,6905.00,7080.00,27812.0056
2018-03-30T00:00:00,7080.00,7275.35,6600.00,6848.01,29312.7497
2018-03-31T00:00:00,6848.01,7200.00,6780.00,6928.50,14951.4968
2018-04-01T00:00:00,6928.50,7044.46,6450.00,6816.01,15434.5228
2018-04-02T00:00:00,6816.01,7100.00,6777.28,7045.01,14317.1457
2018-04-03T00:00:00,7045.01,7520.00,7016.80,7424.90,18923.1924
2018-04-04T00:00:00,7424.91,7424.91,6708.46,6791.68,15332.5532
2018-04-05T00:00:00,6791.68,6933.11,6568.64,6785.85,14454.2942
2018-04-06T00:00:00,6785.86,6847.00,6518.88,6619.01,10756.5497
2018-04-07T00:00:00,6619.01,7064.64,6605.08,6894.01,10351.3737
2018-04-08T00:00:00,6894.01,7099.99,6880.00,7020.01,6296.8494
2018-04-09T00:00:00,7020.01,7169.53,6617.00,6771.13,13950.5196
2018-04-10T00:00:00,6771.14,6893.29,6661.19,6824.99,7491.8230
2018-04-11T00:00:00,6825.00,6974.00,6806.01,6942.99,8182.9960
2018-04-12T00:00:00,6943.00,8050.00,6767.77,7916.00,31205.9332
2018-04-13T00:00:00,7915.99,8220.00,7760.00,7893.19,22123.2101
2018-04-14T00:00:00,7893.19,8150.00,7830.00,8003.11,9338.0609
2018-04-15T00:00:00,8003.12,8392.56,8003.11,8355.25,9899.5546
2018-04-16T00:00:00,8355.24,8398.98,7905.99,8048.93,13429.2662
2018-04-17T00:00:00,8048.92,8162.50,7822.00,7892.10,10700.3575
2018-04-18T00:00:00,7892.11,8243.99,7879.80,8152.05,10973.8592
2018-04-19T00:00:00,8152.05,8300.00,8101.47,8274.00,11936.2362
2018-04-20T00:00:00,8274.00,8932.57,8216.21,8866.27,16415.3076
2018-04-21T00:00:00,8866.27,9038.87,8610.70,8915.42,12305.0657
2018-04-22T00:00:00,8915.42,9015.00,8754.01,8795.01,7805.7671
2018-04-23T00:00:00,8795.00,8991.00,8775.10,8931.30,8040.3356
2018-04-24T00:00:00,8931.31,9728.56,8930.00,9645.10,20843.2701
2018-04-25T00:00:00,9645.00,9763.49,8602.43,8865.98,31814.1288
2018-04-26T00:00:00,8865.98,9318.00,8660.00,9272.11,15216.8497
2018-04-27T00:00:00,9272.12,9369.00,8910.00,8922.55,12087.2864
2018-04-28T00:00:00,8922.56,9447.00,8863.42,9329.99,8849.5137
2018-04-29T00:00:00,9329.99,9512.50,9179.99,9389.01,7937.9881
2018-04-30T00:00:00,9389.01,9447.00,9110.88,9243.83,8862.2732
2018-05-01T00:00:00,9243.83,9245.37,8831.21,9072.29,11372.3505
2018-05-02T00:00:00,9072.29,9251.05,8990.00,9190.48,8825.6246
2018-05-03T00:00:00,9190.47,9800.00,9131.00,9725.74,14956.4544
2018-05-04T00:00:00,9725.74,9745.00,9451.50,9685.00,10837.9026
2018-05-05T00:00:00,9685.00,9948.12,9660.28,9800.00,9391.1011
2018-05-06T00:00:00,9799.99,9880.00,9390.00,9600.00,7651.2150
2018-05-07T00:00:00,9600.00,9619.55,9162.85,9353.00,9909.9825
2018-05-08T00:00:00,9356.25,9463.13,9050.00,9177.82,9561.9800
2018-05-09T00:00:00,9177.81,9370.00,8960.00,9300.08,8628.9508
2018-05-10T00:00:00,9300.08,9386.32,9001.01,9010.51,7596.4613
2018-05-11T00:00:00,9010.51,9010.51,8351.00,8403.33,17512.9270
2018-05-12T00:00:00,8403.33,8658.57,8223.43,8475.00,11392.0765
2018-05-13T00:00:00,8474.31,8774.32,8345.00,8686.10,6678.5943
2018-05-14T00:00:00,8686.10,8880.01,8289.79,8670.00,14127.7787
2018-05-15T00:00:00,8670.00,8847.00,8420.45,8477.46,10892.2681
2018-05-16T00:00:00,8477.47,8500.00,8103.33,8344.00,10858.3939
2018-05-17T00:00:00,8344.01,8483.48,8001.00,8059.00,8477.7430
2018-05-18T00:00:00,8059.00,8280.00,7927.21,8238.51,8239.2759
2018-05-19T00:00:00,8238.51,8390.00,8152.54,8235.60,4198.4205
2018-05-20T00:00:00,8235.60,8600.00,8172.00,8516.86,4486.8307
2018-05-21T00:00:00,8516.86,8584.39,8309.23,8393.44,5125.8784
2018-05-22T00:00:00,8393.43,8400.00,7950.00,7987.70,6905.2660
2018-05-23T00:00:00,7987.70,8030.06,7433.19,7505.00,15892.4668
2018-05-24T00:00:00,7505.01,7734.99,7269.00,7584.15,11375.3583
2018-05-25T00:00:00,7584.15,7661.85,7326.94,7459.11,8681.3800
2018-05-26T00:00:00,7459.11,7640.46,7287.23,7337.95,4572.2916
2018-05-27T00:00:00,7337.94,7392.70,7229.01,7346.64,4568.2159
2018-05-28T00:00:00,7346.64,7444.80,7087.00,7107.94,7785.6668
2018-05-29T00:00:00,7107.94,7524.99,7058.00,7460.00,10350.0917
2018-05-30T00:00:00,7460.00,7557.78,7272.71,7380.01,6250.2048
2018-05-31T00:00:00,7380.00,7609.99,7340.00,7485.00,6067.8280
2018-06-01T00:00:00,7485.00,7599.99,7351.01,7514.32,6936.8230
2018-06-02T00:00:00,7514.32,7697.09,7440.00,7636.42,5070.8649
2018-06-03T00:00:00,7636.41,7777.00,7583.24,7706.37,5206.8635
2018-06-04T00:00:00,7706.37,7747.57,7447.61,7487.37,6034.2823
2018-06-05T00:00:00,7487.37,7677.50,7355.00,7612.51,5740.0723
2018-06-06T00:00:00,7612.51,7691.00,7484.00,7655.00,5736.8873
2018-06-07T00:00:00,7655.00,7747.00,7635.00,7684.93,5041.5228
2018-06-08T00:00:00,7684.93,7690.00,7536.58,7618.80,3945.5428
2018-06-09T00:00:00,7616.00,7680.00,7468.00,7496.40,2775.2470
2018-06-10T00:00:00,7496.41,7496.41,6652.00,6770.31,18788.7768
2018-06-11T00:00:00,6770.31,6913.83,6666.66,6881.00,11620.5395
2018-06-12T00:00:00,6881.00,6885.84,6450.00,6545.00,10820.9230
2018-06-13T00:00:00,6549.47,6618.95,6135.00,6302.31,17373.4149
2018-06-14T00:00:00,6302.32,6750.00,6269.00,6638.49,14548.2553
2018-06-15T00:00:00,6638.49,6660.00,6370.00,6391.22,7028.6389
2018-06-16T00:00:00,6391.21,6549.99,6330.00,6484.29,4521.3296
2018-06-17T00:00:00,6484.30,6570.01,6428.14,6447.16,3275.0979
2018-06-18T00:00:00,6447.15,6807.64,6385.00,6709.02,8046.0559
2018-06-19T00:00:00,6709.19,6829.06,6670.01,6736.41,6155.1819
2018-06-20T00:00:00,6736.41,6817.00,6557.66,6759.18,6683.2936
2018-06-21T00:00:00,6759.54,6787.00,6682.30,6719.01,4385.0028
2018-06-22T00:00:00,6719.01,6725.00,5921.21,6059.82,18193.2510
2018-06-23T00:00:00,6059.82,6250.00,6040.01,6178.29,6070.2079
2018-06-24T00:00:00,6178.29,6255.80,5777.00,6149.99,13211.3195
2018-06-25T00:00:00,6150.00,6340.01,6070.13,6246.01,9237.2884
2018-06-26T00:00:00,6246.01,6271.00,6006.39,6074.00,6680.6817
2018-06-27T00:00:00,6074.01,6175.43,5983.56,6132.17,7061.4362
2018-06-28T00:00:00,6132.16,6161.47,5816.60,5851.66,7769.8116
2018-06-29T00:00:00,5850.25,6300.00,5790.01,6202.36,11065.1225
2018-06-30T00:00:00,6202.36,6520.15,6185.00,6383.19,6783.3845
2018-07-01T00:00:00,6383.19,6424.14,6256.76,6349.50,4069.0570
2018-07-02T00:00:00,6349.50,6669.99,6270.01,6611.79,8287.9653
2018-07-03T00:00:00,6611.79,6673.99,6465.00,6502.62,6501.2658
2018-07-04T00:00:00,6502.62,6796.62,6411.51,6587.47,6847.8555
2018-07-05T00:00:00,6587.46,6700.00,6449.50,6532.95,6985.1231
2018-07-06T00:00:00,6532.96,6639.00,6452.20,6600.00,5215.2931
2018-07-07T00:00:00,6599.99,6843.26,6512.00,6753.28,4496.2659
2018-07-08T00:00:00,6753.29,6778.31,6671.00,6701.97,3321.5253
2018-07-09T00:00:00,6701.97,6815.82,6625.00,6664.01,5254.1296
2018-07-10T00:00:00,6664.01,6679.47,6279.00,6303.70,8177.8668
2018-07-11T00:00:00,6303.69,6400.00,6281.01,6390.04,5038.3035
2018-07-12T00:00:00,6390.04,6390.04,6075.01,6249.75,9411.4579
2018-07-13T00:00:00,6246.68,6335.09,6121.53,6216.29,5975.7104
2018-07-14T00:00:00,6216.29,6323.68,6187.00,6248.65,3044.8181
2018-07-15T00:00:00,6248.65,6385.35,6233.26,6348.73,3882.9695
2018-07-16T00:00:00,6348.73,6750.00,6330.30,6728.81,9147.4060
2018-07-17T00:00:00,6728.80,7472.50,6663.51,7315.01,15644.4097
2018-07-18T00:00:00,7315.00,7584.85,7229.89,7378.99,15774.3991
2018-07-19T00:00:00,7378.99,7581.00,7281.42,7470.01,9985.4979
2018-07-20T00:00:00,7470.01,7687.00,7259.76,7334.46,10406.3190
2018-07-21T00:00:00,7334.46,7444.77,7204.32,7408.00,5079.3392
2018-07-22T00:00:00,7408.00,7569.69,7327.75,7397.80,5599.2191
2018-07-23T00:00:00,7400.00,7809.00,7378.26,7720.09,12449.9235
2018-07-24T00:00:00,7720.08,8488.00,7695.99,8385.50,19636.0092
2018-07-25T00:00:00,8390.04,8482.84,8042.00,8157.15,14713.9108
2018-07-26T00:00:00,8157.15,8290.00,7840.00,7931.99,11869.5208
2018-07-27T00:00:00,7932.00,8276.55,7787.29,8184.21,11991.3521
2018-07-28T00:00:00,8182.64,8230.00,8065.00,8228.90,4141.0504
2018-07-29T00:00:00,8227.38,8289.96,8127.87,8216.34,4239.7603
2018-07-30T00:00:00,8216.33,8274.92,7850.00,8170.01,10568.9649
2018-07-31T00:00:00,8170.00,8173.57,7629.48,7727.27,12604.3748
2018-08-01T00:00:00,7727.28,7750.00,7437.00,7603.99,11853.4901
2018-08-02T00:00:00,7603.99,7707.54,7462.00,7533.92,6917.3984
2018-08-03T00:00:00,7533.92,7538.53,7285.00,7414.08,11084.8522
2018-08-04T00:00:00,7414.08,7495.00,6940.00,7005.00,9933.7503
2018-08-05T00:00:00,7005.00,7086.52,6880.00,7030.01,6243.5999
2018-08-06T00:00:00,7030.00,7163.00,6840.00,6938.00,8956.0494
2018-08-07T00:00:00,6938.00,7152.00,6647.07,6718.22,11165.1416
2018-08-08T00:00:00,6718.22,6718.22,6121.04,6282.50,22145.3506
2018-08-09T00:00:00,6282.50,6633.21,6177.51,6546.45,13980.7006
2018-08-10T00:00:00,6546.46,6584.80,6015.00,6146.01,8064.7094
2018-08-11T00:00:00,6146.01,6485.76,6003.00,6235.56,10153.2342
2018-08-12T00:00:00,6236.00,6482.00,6169.46,6316.01,8324.0910
2018-08-13T00:00:00,6316.00,6544.99,6139.57,6253.67,10604.1228
2018-08-14T00:00:00,6253.67,6258.32,5900.00,6195.01,17742.6828
2018-08-15T00:00:00,6195.00,6636.00,6189.00,6269.01,17786.5458
2018-08-16T00:00:00,6269.01,6475.01,6200.00,6315.90,8976.0411
2018-08-17T00:00:00,6315.90,6585.50,6290.39,6585.49,10776.8544
2018-08-18T00:00:00,6585.50,6613.23,6312.00,6396.64,6974.4419
2018-08-19T00:00:00,6396.63,6547.34,6328.45,6489.53,4472.1762
2018-08-20T00:00:00,6489.53,6525.00,6227.71,6258.74,7905.4230
2018-08-21T00:00:00,6258.74,6490.00,6249.12,6475.89,6860.9000
2018-08-22T00:00:00,6475.89,6890.65,6250.00,6359.99,17611.2259
2018-08-23T00:00:00,6359.99,6568.37,6348.69,6526.36,6998.9732
2018-08-24T00:00:00,6526.36,6725.00,6451.55,6690.88,7427.5446
2018-08-25T00:00:00,6690.88,6790.00,6668.00,6737.52,4930.1661
2018-08-26T00:00:00,6737.52,6773.00,6572.00,6709.98,5009.1027
2018-08-27T00:00:00,6709.98,6947.60,6654.13,6911.90,7307.5852
2018-08-28T00:00:00,6911.90,7128.00,6864.96,7071.01,11880.4561
2018-08-29T00:00:00,7071.01,7119.00,6907.42,7030.90,7712.7585
2018-08-30T00:00:00,7030.92,7048.66,6790.00,6983.00,8327.3455
2018-08-31T00:00:00,6983.00,7090.46,6884.49,7015.01,7857.2984
2018-09-01T00:00:00,7015.01,7275.00,7010.98,7191.08,6276.1856
2018-09-02T00:00:00,7191.07,7328.99,7130.00,7295.00,5891.9698
2018-09-03T00:00:00,7294.99,7339.52,7192.99,7256.98,6133.0773
2018-09-04T00:00:00,7256.48,7402.50,7229.94,7360.00,7999.7696
2018-09-05T00:00:00,7359.99,7384.00,6664.07,6687.96,16381.4725
2018-09-06T00:00:00,6687.96,6703.73,6272.73,6495.00,18836.7791
2018-09-07T00:00:00,6495.00,6530.00,6325.00,6395.01,8369.2294
2018-09-08T00:00:00,6395.01,6460.00,6116.00,6188.00,7581.6878
2018-09-09T00:00:00,6188.00,6450.00,6147.00,6235.01,6356.6738
2018-09-10T00:00:00,6235.02,6375.13,6221.49,6300.00,7028.6545
2018-09-11T00:00:00,6300.00,6405.00,6176.76,6282.53,7512.7909
2018-09-12T00:00:00,6282.53,6340.94,6191.10,6326.00,7428.9913
2018-09-13T00:00:00,6326.00,6530.00,6323.64,6485.99,9800.7513
2018-09-14T00:00:00,6485.99,6580.00,6378.05,6478.04,7691.8105
2018-09-15T00:00:00,6478.05,6565.00,6470.00,6518.68,3404.1175
2018-09-16T00:00:00,6518.68,6521.75,6323.68,6498.00,3520.8036
2018-09-17T00:00:00,6498.00,6529.75,6207.55,6250.70,9335.4498
2018-09-18T00:00:00,6250.71,6384.04,6228.00,6335.70,6137.3679
2018-09-19T00:00:00,6335.69,6511.00,6106.37,6386.94,10754.0969
2018-09-20T00:00:00,6386.95,6530.00,6337.00,6493.11,6819.6035
2018-09-21T00:00:00,6493.11,6777.10,6492.50,6750.00,11391.7032
2018-09-22T00:00:00,6750.00,6823.00,6628.01,6707.33,5315.7868
2018-09-23T00:00:00,6707.34,6777.00,6660.05,6696.99,3506.5122
2018-09-24T00:00:00,6696.99,6716.16,6555.99,6582.09,5562.2017
2018-09-25T00:00:00,6582.09,6582.10,6320.50,6436.89,9533.9997
2018-09-26T00:00:00,6435.00,6537.26,6380.62,6455.66,5910.0440
2018-09-27T00:00:00,6455.65,6734.79,6430.00,6680.01,7878.8741
2018-09-28T00:00:00,6680.01,6786.73,6528.13,6620.01,9039.1290
2018-09-29T00:00:00,6620.01,6620.01,6452.02,6581.00,4371.9154
2018-09-30T00:00:00,6581.00,6642.28,6523.00,6605.00,3698.7211
2018-10-01T00:00:00,6605.00,6639.33,6474.90,6572.83,7146.8108
2018-10-02T00:00:00,6572.83,6591.37,6452.00,6498.46,5444.0364
2018-10-03T00:00:00,6498.47,6507.95,6398.96,6466.03,6264.4195
2018-10-04T00:00:00,6466.03,6603.01,6454.38,6547.45,6676.8028
2018-10-05T00:00:00,6547.45,6641.00,6510.58,6593.94,5347.2644
2018-10-06T00:00:00,6593.94,6594.39,6536.00,6552.43,2725.2565
2018-10-07T00:00:00,6552.42,6585.01,6491.81,6570.00,2625.4982
2018-10-08T00:00:00,6569.99,6681.19,6545.63,6608.07,5447.8755
2018-10-09T00:00:00,6607.53,6612.86,6552.50,6589.48,4580.9097
2018-10-10T00:00:00,6589.48,6591.32,6445.48,6524.56,6387.6720
2018-10-11T00:00:00,6524.56,6524.56,6033.34,6154.69,20730.7635
2018-10-12T00:00:00,6154.68,6235.20,6111.97,6188.01,5574.6474
2018-10-13T00:00:00,6188.01,6212.00,6178.00,6196.00,3842.8593
2018-10-14T00:00:00,6196.01,6288.45,6151.00,6183.49,3763.1183
2018-10-15T00:00:00,6183.52,6810.00,6151.58,6440.42,21436.3366
2018-10-16T00:00:00,6440.43,6493.11,6375.00,6457.11,10080.9914
2018-10-17T00:00:00,6457.10,6459.99,6411.19,6443.70,5507.2666
2018-10-18T00:00:00,6443.69,6489.83,6355.00,6394.96,7212.2139
2018-10-19T00:00:00,6394.96,6409.61,6353.86,6382.99,3816.4854
2018-10-20T00:00:00,6382.99,6420.00,6369.00,6414.00,3425.8427
2018-10-21T00:00:00,6413.99,6452.87,6405.57,6415.88,2611.7907
2018-10-22T00:00:00,6415.87,6427.63,6377.77,6407.65,4004.8260
2018-10-23T00:00:00,6407.64,6411.50,6360.00,6395.14,4036.6257
2018-10-24T00:00:00,6395.13,6471.00,6395.13,6415.98,5193.9169
2018-10-25T00:00:00,6415.97,6422.00,6377.50,6395.58,3747.2449
2018-10-26T00:00:00,6395.58,6450.00,6383.54,6404.87,4134.9101
2018-10-27T00:00:00,6404.87,6421.76,6390.00,6409.12,2332.7915
2018-10-28T00:00:00,6409.11,6415.00,6380.01,6403.62,2142.0133
2018-10-29T00:00:00,6403.63,6414.99,6211.00,6266.00,6986.9958
2018-10-30T00:00:00,6266.00,6289.00,6240.54,6267.63,4101.0713
2018-10-31T00:00:00,6267.63,6353.24,6201.67,6304.18,5229.2451
2018-11-01T00:00:00,6304.18,6360.00,6293.44,6344.00,4490.9780
2018-11-02T00:00:00,6344.00,6378.77,6333.94,6349.80,4182.9037
2018-11-03T00:00:00,6349.80,6351.70,6315.91,6331.96,2572.9331
2018-11-04T00:00:00,6331.96,6464.15,6313.17,6423.28,4055.7691
2018-11-05T00:00:00,6423.29,6439.99,6372.00,6404.00,4088.6669
2018-11-06T00:00:00,6404.00,6449.65,6387.82,6448.50,5512.3472
2018-11-07T00:00:00,6448.50,6540.00,6448.50,6503.12,5832.9362
2018-11-08T00:00:00,6503.12,6511.88,6388.00,6406.24,5335.8108
2018-11-09T00:00:00,6406.24,6415.00,6305.00,6334.89,4588.2164
2018-11-10T00:00:00,6334.89,6374.00,6327.46,6347.42,2421.6240
2018-11-11T00:00:00,6347.42,6360.00,6271.15,6357.60,2363.5286
2018-11-12T00:00:00,6357.60,6383.59,6305.95,6327.87,3731.2228
2018-11-13T00:00:00,6327.87,6328.22,6252.50,6259.34,4686.9147
2018-11-14T00:00:00,6259.35,6293.38,5280.93,5605.46,32734.2371
2018-11-15T00:00:00,5605.01,5645.00,5188.00,5579.52,21893.7559
2018-11-16T00:00:00,5579.50,5609.91,5410.00,5512.24,9359.8228
2018-11-17T00:00:00,5512.26,5544.00,5450.83,5504.17,4784.3972
2018-11-18T00:00:00,5503.34,5665.00,5503.34,5560.00,4724.5345
2018-11-19T00:00:00,5560.00,5560.00,4670.05,4733.50,41591.9223
2018-11-20T00:00:00,4736.67,4889.00,4035.00,4349.23,66596.8780
2018-11-21T00:00:00,4349.24,4627.55,4239.01,4545.11,28516.3704
2018-11-22T00:00:00,4545.12,4589.00,4238.69,4265.36,13038.2406
2018-11-23T00:00:00,4268.18,4366.05,4085.73,4283.80,19589.9409
2018-11-24T00:00:00,4283.80,4370.78,3650.84,3774.99,22955.3101
2018-11-25T00:00:00,3775.00,4120.00,3456.78,3936.69,39067.0408
2018-11-26T00:00:00,3936.70,4076.25,3508.00,3731.32,36455.2237
2018-11-27T00:00:00,3731.01,3830.00,3562.90,3775.00,23788.7519
2018-11-28T00:00:00,3775.01,4365.00,3775.00,4225.03,35951.1494
2018-11-29T00:00:00,4224.86,4414.89,4077.88,4248.00,20589.2992
2018-11-30T00:00:00,4247.99,4297.71,3869.00,3976.00,20010.3869
2018-12-01T00:00:00,3976.01,4277.00,3910.08,4142.01,10546.5152
2018-12-02T00:00:00,4142.01,4266.00,4036.00,4103.19,11311.3306
2018-12-03T00:00:00,4102.80,4119.98,3741.95,3833.47,17040.9244
2018-12-04T00:00:00,3833.47,4035.10,3732.43,3901.84,16954.8572
2018-12-05T00:00:00,3901.84,3912.53,3660.00,3694.39,14945.0424
2018-12-06T00:00:00,3694.39,3849.00,3400.00,3433.26,28942.8821
2018-12-07T00:00:00,3433.30,3550.00,3212.00,3380.01,37833.3064
2018-12-08T00:00:00,3380.00,3495.00,3253.66,3401.00,13700.6405
2018-12-09T00:00:00,3401.00,3642.51,3367.79,3531.18,11758.1253
2018-12-10T00:00:00,3531.18,3590.71,3354.97,3410.15,13513.9121
2018-12-11T00:00:00,3410.15,3424.92,3293.49,3349.36,11090.9813
2018-12-12T00:00:00,3350.27,3486.16,3325.58,3430.24,10524.1879
2018-12-13T00:00:00,3430.24,3439.63,3227.96,3265.00,14265.2612
2018-12-14T00:00:00,3265.00,3294.90,3135.00,3195.71,14656.5385
2018-12-15T00:00:00,3195.71,3228.69,3128.89,3183.00,9343.2724
2018-12-16T00:00:00,3183.01,3258.00,3181.24,3195.00,7211.2421
2018-12-17T00:00:00,3194.99,3585.95,3184.28,3496.82,21857.1184
2018-12-18T00:00:00,3497.10,3688.00,3436.50,3667.77,16980.1694
2018-12-19T00:00:00,3667.76,3928.15,3637.17,3682.51,28456.2437
2018-12-20T00:00:00,3682.51,4175.00,3661.50,4075.34,30698.0049
2018-12-21T00:00:00,4075.33,4162.27,3775.00,3839.06,23496.8626
2018-12-22T00:00:00,3839.26,4005.00,3790.16,3980.46,9902.7676
2018-12-23T00:00:00,3981.24,4050.00,3903.60,3944.93,10282.4571
2018-12-24T00:00:00,3944.92,4239.37,3944.92,4034.00,19713.6419
2018-12-25T00:00:00,4034.00,4045.41,3675.86,3780.00,13871.7545
2018-12-26T00:00:00,3780.00,3849.20,3685.02,3809.88,9409.6256
2018-12-27T00:00:00,3809.88,3841.21,3567.00,3589.89,13433.2355
2018-12-28T00:00:00,3589.89,3971.58,3576.12,3888.06,16776.6657
2018-12-29T00:00:00,3887.58,3944.33,3706.00,3729.31,9781.0183
2018-12-30T00:00:00,3729.31,3863.06,3691.01,3829.00,8725.8385
2018-12-31T00:00:00,3829.00,3835.40,3625.00,3691.86,12799.9426
2019-01-01T00:00:00,3691.87,3841.17,3651.02,3826.10,10812.8850
2019-01-02T00:00:00,3826.10,3916.57,3770.07,3890.79,9982.4708
2019-01-03T00:00:00,3890.80,3893.80,3758.07,3787.57,9327.6471
2019-01-04T00:00:00,3787.57,3849.00,3730.00,3820.82,9225.1505
2019-01-05T00:00:00,3820.82,3874.12,3775.00,3798.62,6451.0078
2019-01-06T00:00:00,3799.99,4088.00,3756.01,4040.99,10057.4537
2019-01-07T00:00:00,4040.98,4070.00,3968.79,4006.01,9973.6654
2019-01-08T00:00:00,4005.97,4114.80,3943.36,3993.86,13959.3965
2019-01-09T00:00:00,3993.85,4042.20,3962.12,4004.12,10704.1281
2019-01-10T00:00:00,4004.13,4035.21,3560.00,3626.12,21869.1838
2019-01-11T00:00:00,3626.12,3699.99,3576.00,3635.69,14489.6887
2019-01-12T00:00:00,3634.73,3649.18,3557.29,3619.41,5793.5990
2019-01-13T00:00:00,3619.38,3641.86,3481.54,3514.24,8288.7007
2019-01-14T00:00:00,3514.24,3711.11,3509.24,3664.19,11241.4368
2019-01-15T00:00:00,3664.18,3684.38,3538.63,3580.76,10894.5149
2019-01-16T00:00:00,3580.19,3666.73,3572.52,3609.71,8894.4598
2019-01-17T00:00:00,3609.71,3657.00,3541.00,3640.65,8924.8647
2019-01-18T00:00:00,3640.64,3643.69,3580.16,3607.85,5977.2370
2019-01-19T00:00:00,3607.85,3765.90,3604.90,3682.65,6068.6462
2019-01-20T00:00:00,3683.50,3703.39,3481.01,3536.19,7430.5196
2019-01-21T00:00:00,3537.56,3568.95,3487.37,3531.76,6493.8327
2019-01-22T00:00:00,3531.75,3611.50,3425.00,3577.03,9658.6322
2019-01-23T00:00:00,3577.04,3614.47,3523.64,3553.01,8205.6563
2019-01-24T00:00:00,3553.01,3595.83,3530.10,3568.97,5827.0720
2019-01-25T00:00:00,3568.97,3578.79,3510.01,3562.17,6834.0712
2019-01-26T00:00:00,3562.17,3657.76,3540.00,3556.07,5602.7405
2019-01-27T00:00:00,3556.07,3562.90,3470.14,3531.02,4286.5090
2019-01-28T00:00:00,3531.02,3535.92,3374.01,3429.95,13775.6544
2019-01-29T00:00:00,3429.95,3438.40,3337.87,3397.42,8709.6973
2019-01-30T00:00:00,3395.74,3459.41,3372.97,3437.55,8513.9588
2019-01-31T00:00:00,3437.55,3473.40,3396.74,3411.50,7405.3961
2019-02-01T00:00:00,3411.50,3458.26,3369.62,3437.50,8806.6017
2019-02-02T00:00:00,3437.50,3483.25,3414.49,3468.43,3967.9235
2019-02-03T00:00:00,3468.43,3471.76,3386.45,3414.78,4606.5689
2019-02-04T00:00:00,3415.69,3435.00,3395.10,3409.57,6032.8190
2019-02-05T00:00:00,3409.57,3429.46,3400.00,3428.40,6385.4358
2019-02-06T00:00:00,3428.41,3441.00,3340.80,3367.36,9820.6722
2019-02-07T00:00:00,3366.01,3383.14,3352.01,3359.00,8613.7991
2019-02-08T00:00:00,3358.99,3711.00,3344.00,3621.99,17649.4760
2019-02-09T00:00:00,3622.00,3644.08,3597.00,3623.73,5155.4574
2019-02-10T00:00:00,3623.73,3654.28,3578.59,3648.84,5364.5295
2019-02-11T00:00:00,3648.85,3652.00,3579.38,3590.36,8819.2615
2019-02-12T00:00:00,3590.36,3618.77,3550.00,3588.06,8347.1361
2019-02-13T00:00:00,3588.06,3627.99,3562.98,3576.68,7024.9422
2019-02-14T00:00:00,3576.69,3589.00,3535.10,3561.50,6197.2355
2019-02-15T00:00:00,3561.49,3620.22,3545.89,3566.59,7447.0431
2019-02-16T00:00:00,3566.59,3607.36,3565.50,3582.37,4351.6175
2019-02-17T00:00:00,3582.37,3675.00,3557.43,3625.08,6402.7929
2019-02-18T00:00:00,3625.08,3917.00,3616.18,3867.00,16895.1841
2019-02-19T00:00:00,3867.00,3969.54,3841.54,3888.01,14845.2266
2019-02-20T00:00:00,3888.37,3967.19,3867.13,3938.99,8929.2722
2019-02-21T00:00:00,3939.00,3988.00,3869.45,3897.71,8806.9327
2019-02-22T00:00:00,3897.71,3956.43,3886.15,3942.02,7667.2182
2019-02-23T00:00:00,3942.02,4156.10,3911.30,4110.00,10844.7975
2019-02-24T00:00:00,4110.00,4188.79,3712.84,3734.22,17002.1675
2019-02-25T00:00:00,3734.23,3860.00,3731.09,3818.79,11164.0817
2019-02-26T00:00:00,3818.78,3826.37,3763.71,3799.48,6520.2987
2019-02-27T00:00:00,3799.49,3823.13,3655.00,3799.91,8297.5691
2019-02-28T00:00:00,3800.35,3910.00,3754.37,3792.14,9852.4727
2019-03-01T00:00:00,3792.14,3843.00,3791.31,3806.17,6816.6990
2019-03-02T00:00:00,3806.17,3818.08,3763.00,3809.70,3720.6447
2019-03-03T00:00:00,3809.70,3815.48,3763.62,3786.93,4100.6767
2019-03-04T00:00:00,3786.93,3804.99,3672.39,3700.72,8335.7687
2019-03-05T00:00:00,3700.02,3876.65,3692.36,3844.59,9534.9191
2019-03-06T00:00:00,3844.59,3894.70,3812.00,3851.89,6911.1857
2019-03-07T00:00:00,3851.89,3891.00,3830.79,3857.05,7308.0157
2019-03-08T00:00:00,3857.04,3910.88,3771.00,3843.12,8988.3834
2019-03-09T00:00:00,3842.62,3947.33,3834.59,3917.00,5821.0564
2019-03-10T00:00:00,3917.00,3917.00,3867.84,3900.92,3602.2331
2019-03-11T00:00:00,3900.93,3911.83,3817.01,3849.68,6170.4651
2019-03-12T00:00:00,3849.67,3875.33,3796.71,3860.00,6921.1728
2019-03-13T00:00:00,3860.00,3871.02,3827.50,3851.02,5689.6962
2019-03-14T00:00:00,3851.02,3900.00,3779.28,3853.95,7895.1882
2019-03-15T00:00:00,3853.95,3910.00,3846.79,3902.80,6794.3139
2019-03-16T00:00:00,3902.80,4037.47,3900.89,3990.00,6801.8953
2019-03-17T00:00:00,3990.00,3991.00,3936.30,3967.01,3579.8664
2019-03-18T00:00:00,3967.01,4015.70,3937.69,3970.50,5613.6464
2019-03-19T00:00:00,3969.68,4009.61,3952.08,4000.85,5889.0257
2019-03-20T00:00:00,4000.85,4044.82,3965.43,4031.85,7321.3929
2019-03-21T00:00:00,4032.68,4056.33,3915.14,3972.76,9362.0113
2019-03-22T00:00:00,3972.76,3998.01,3961.70,3983.78,5137.2075
2019-03-23T00:00:00,3983.77,3997.01,3960.25,3983.43,4145.3400
2019-03-24T00:00:00,3982.45,3982.45,3946.00,3969.52,2699.8300
2019-03-25T00:00:00,3969.52,3976.47,3858.00,3907.53,6471.8566
2019-03-26T00:00:00,3907.54,3923.90,3880.64,3921.45,4279.0736
2019-03-27T00:00:00,3922.41,4035.80,3914.90,4026.53,6852.4101
2019-03-28T00:00:00,4026.54,4026.54,3994.00,4011.17,4867.3383
2019-03-29T00:00:00,4011.98,4101.50,4007.78,4091.01,9955.4686
2019-03-30T00:00:00,4091.01,4131.87,4042.51,4094.14,5262.2134
2019-03-31T00:00:00,4094.14,4103.00,4077.01,4094.99,3140.8370
2019-04-01T00:00:00,4095.00,4149.50,4051.53,4137.00,7951.2649
2019-04-02T00:00:00,4137.01,5121.00,4132.02,4901.93,38406.9321
2019-04-03T00:00:00,4901.92,5345.00,4787.11,4975.97,39435.7265
2019-04-04T00:00:00,4975.13,5071.34,4778.00,4906.49,16348.2001
2019-04-05T00:00:00,4907.92,5066.59,4887.34,5040.66,11681.3743
2019-04-06T00:00:00,5040.95,5244.04,4925.00,5049.22,12091.4413
2019-04-07T00:00:00,5049.18,5270.33,5029.70,5194.79,10156.6009
2019-04-08T00:00:00,5194.76,5352.50,5132.28,5285.54,15666.4528
2019-04-09T00:00:00,5286.82,5287.00,5145.00,5187.21,9741.0696
2019-04-10T00:00:00,5187.21,5488.00,5164.49,5318.58,16740.4001
2019-04-11T00:00:00,5322.02,5342.74,4967.24,5041.30,16499.1083
2019-04-12T00:00:00,5040.11,5118.56,4901.99,5078.19,9952.1264
2019-04-13T00:00:00,5078.19,5123.28,5036.74,5066.22,4288.9396
2019-04-14T00:00:00,5065.02,5191.19,5013.81,5164.27,4408.9677
2019-04-15T00:00:00,5163.81,5193.01,4945.54,5029.99,10155.6715
2019-04-16T00:00:00,5029.99,5229.97,5016.45,5202.90,8624.2449
2019-04-17T00:00:00,5201.21,5272.32,5173.11,5227.00,7415.7258
2019-04-18T00:00:00,5227.00,5318.18,5222.26,5281.81,8234.1997
2019-04-19T00:00:00,5280.50,5359.47,5196.70,5290.36,6330.5508
2019-04-20T00:00:00,5290.37,5359.98,5260.24,5319.89,4905.6829
2019-04-21T00:00:00,5319.90,5349.16,5213.34,5297.64,5748.5073
2019-04-22T00:00:00,5297.64,5440.84,5250.45,5387.60,12286.7053
2019-04-23T00:00:00,5387.60,5650.01,5361.01,5532.75,18208.5965
2019-04-24T00:00:00,5532.75,5624.47,5374.00,5441.90,15137.8328
2019-04-25T00:00:00,5440.59,5512.12,4963.00,5134.81,18152.8663
2019-04-26T00:00:00,5134.82,5295.03,5041.14,5159.51,14423.5923
2019-04-27T00:00:00,5159.50,5221.24,5117.46,5170.60,4268.7476
2019-04-28T00:00:00,5171.90,5214.50,5101.00,5155.00,4913.4647
2019-04-29T00:00:00,5155.00,5189.54,5072.01,5148.25,7338.2346
2019-04-30T00:00:00,5148.25,5285.00,5126.25,5270.69,7270.7972
2019-05-01T00:00:00,5270.68,5358.39,5265.61,5321.15,7327.2853
2019-05-02T00:00:00,5321.15,5422.99,5306.09,5390.01,7324.9746
2019-05-03T00:00:00,5390.00,5796.93,5363.00,5657.40,19730.7322
2019-05-04T00:00:00,5657.41,5846.88,5512.00,5770.01,11070.8448
2019-05-05T00:00:00,5770.01,5782.22,5627.35,5715.86,5764.7593
2019-05-06T00:00:00,5715.86,5753.66,5564.93,5687.90,9144.0187
2019-05-07T00:00:00,5687.90,5974.51,5687.90,5748.45,16066.7432
2019-05-08T00:00:00,5748.47,5990.00,5656.26,5948.41,12720.1752
2019-05-09T00:00:00,5947.00,6171.10,5934.49,6153.09,15697.6456
2019-05-10T00:00:00,6153.09,6430.00,6108.81,6343.14,17600.3808
2019-05-11T00:00:00,6342.99,7464.13,6342.98,7219.95,37819.2402
2019-05-12T00:00:00,7215.02,7581.82,6755.00,6979.76,41012.5416
2019-05-13T00:00:00,6979.24,8195.00,6864.93,7824.93,47215.3716
2019-05-14T00:00:00,7822.88,8350.00,7621.27,7990.92,39515.7509
2019-05-15T00:00:00,7990.92,8308.16,7831.77,8203.32,24928.1568
2019-05-16T00:00:00,8203.33,8388.00,7660.74,7878.96,29391.3333
2019-05-17T00:00:00,7881.39,7940.75,6600.00,7363.69,47374.7200
2019-05-18T00:00:00,7363.85,7491.22,7204.42,7262.40,11074.4002
2019-05-19T00:00:00,7262.39,8315.00,7252.58,8200.00,25170.3514
2019-05-20T00:00:00,8194.34,8199.53,7570.31,7999.54,25402.0829
2019-05-21T00:00:00,7998.94,8112.99,7805.34,7951.70,14246.4336
2019-05-22T00:00:00,7951.69,8044.32,7506.12,7626.48,17522.6552
2019-05-23T00:00:00,7622.25,7984.90,7467.10,7881.98,14905.9496
2019-05-24T00:00:00,7878.16,8175.00,7794.73,8001.70,14767.9387
2019-05-25T00:00:00,8001.69,8149.00,7941.25,8063.81,5373.2659
2019-05-26T00:00:00,8063.68,8793.97,7881.70,8731.72,19430.8077
2019-05-27T00:00:00,8732.34,8947.88,8611.44,8772.29,18163.7222
2019-05-28T00:00:00,8772.29,8822.46,8545.00,8715.36,11990.4786
2019-05-29T00:00:00,8715.36,8760.43,8426.09,8662.44,12327.6054
2019-05-30T00:00:00,8662.44,9090.00,7972.00,8279.69,31707.5966
2019-05-31T00:00:00,8279.69,8580.00,8110.00,8554.06,16598.9907
2019-06-01T00:00:00,8554.06,8618.00,8452.21,8558.95,7486.0315
2019-06-02T00:00:00,8558.80,8834.00,8550.00,8736.55,5865.2868
2019-06-03T00:00:00,8736.55,8742.48,8030.46,8107.96,16677.6938
2019-06-04T00:00:00,8104.95,8104.95,7427.00,7670.96,30486.5804
2019-06-05T00:00:00,7671.07,7932.87,7570.00,7789.48,13294.2184
2019-06-06T00:00:00,7787.36,7874.68,7450.00,7805.00,12526.0792
2019-06-07T00:00:00,7805.00,8134.29,7756.79,7998.13,12669.6878
2019-06-08T00:00:00,7998.13,8059.99,7786.01,7930.14,5088.5119
2019-06-09T00:00:00,7930.14,7960.00,7508.77,7634.58,7667.4720
2019-06-10T00:00:00,7635.05,8097.35,7516.90,8015.69,9866.5184
2019-06-11T00:00:00,8015.70,8057.19,7702.83,7918.17,7810.1825
2019-06-12T00:00:00,7913.64,8292.43,7817.00,8176.02,12826.8716
2019-06-13T00:00:00,8176.03,8329.99,8048.75,8239.04,8631.6680
2019-06-14T00:00:00,8239.04,8738.92,8180.08,8697.46,12739.9324
2019-06-15T00:00:00,8697.45,8916.63,8588.70,8860.23,9997.1758
2019-06-16T00:00:00,8856.13,9388.00,8799.70,8975.00,22620.3905
2019-06-17T00:00:00,8975.78,9475.00,8975.78,9333.14,20653.4887
2019-06-18T00:00:00,9333.08,9359.48,8919.72,9078.48,16415.4159
2019-06-19T00:00:00,9078.48,9319.50,9035.75,9277.54,9225.4568
2019-06-20T00:00:00,9277.55,9599.00,9210.30,9531.21,12144.5102
2019-06-21T00:00:00,9531.21,10245.00,9531.21,10236.20,24905.1188
2019-06-22T00:00:00,10235.59,11215.89,10080.00,10666.86,38347.9682
2019-06-23T00:00:00,10666.87,11284.44,10490.00,10833.02,17386.6581
2019-06-24T00:00:00,10833.00,11091.97,10550.21,11032.32,15499.0552
2019-06-25T00:00:00,11030.80,11788.88,10997.00,11755.53,25027.5536
2019-06-26T00:00:00,11754.25,13868.44,11350.00,12927.44,82377.6042
2019-06-27T00:00:00,12927.44,13358.68,10300.00,11159.29,77275.9877
2019-06-28T00:00:00,11159.29,12444.77,10737.87,12360.45,42092.8550
2019-06-29T00:00:00,12360.42,12379.99,11318.94,11865.29,28879.3499
2019-06-30T00:00:00,11869.84,12200.00,10650.06,10761.26,28722.4854
2019-07-01T00:00:00,10761.26,11210.52,9953.00,10577.63,39825.9547
2019-07-02T00:00:00,10578.23,10925.00,9651.00,10829.18,43614.8937
2019-07-03T00:00:00,10829.19,12014.60,10829.19,11976.42,38216.6800
2019-07-04T00:00:00,11976.01,12064.26,11035.01,11136.00,22601.3748
2019-07-05T00:00:00,11137.87,11449.51,10761.80,11004.51,20737.3798
2019-07-06T00:00:00,10994.99,11723.60,10980.09,11237.77,15612.7782
2019-07-07T00:00:00,11237.77,11620.00,11084.31,11474.42,11293.2290
2019-07-08T00:00:00,11474.44,12395.00,11328.01,12293.53,20423.5612
2019-07-09T00:00:00,12293.39,12829.96,12105.32,12571.11,27431.4220
2019-07-10T00:00:00,12572.12,13202.63,11553.21,12097.96,41379.8432
2019-07-11T00:00:00,12097.48,12097.93,10933.00,11349.00,37301.3207
2019-07-12T00:00:00,11348.56,11950.00,11079.59,11802.00,18541.2530
2019-07-13T00:00:00,11797.53,11845.00,10814.40,11370.08,18417.6049
2019-07-14T00:00:00,11370.06,11467.27,10084.40,10185.03,25829.6101
2019-07-15T00:00:00,10190.91,11080.01,9857.27,10854.47,34137.3730
2019-07-16T00:00:00,10856.41,11040.00,9350.00,9422.72,43610.3815
2019-07-17T00:00:00,9429.80,9998.00,9071.00,9696.31,35319.4109
2019-07-18T00:00:00,9696.39,10799.00,9291.00,10649.07,33044.5012
2019-07-19T00:00:00,10652.76,10777.21,10111.00,10538.06,19729.4793
2019-07-20T00:00:00,10536.92,11112.31,10360.65,10761.03,18390.4921
2019-07-21T00:00:00,10761.03,10835.00,10320.00,10590.70,11939.8655
2019-07-22T00:00:00,10590.71,10688.14,10060.00,10323.39,15798.9279
2019-07-23T00:00:00,10324.13,10324.28,9800.23,9840.12,18060.8899
2019-07-24T00:00:00,9848.90,9919.08,9507.38,9772.60,18264.5073
2019-07-25T00:00:00,9772.59,10184.99,9734.58,9883.33,13297.2676
2019-07-26T00:00:00,9880.86,9898.03,9657.21,9843.00,10732.6103
2019-07-27T00:00:00,9843.00,10248.41,9292.00,9479.98,18982.0842
2019-07-28T00:00:00,9469.37,9669.11,9108.88,9533.00,10054.7499
2019-07-29T00:00:00,9533.00,9729.87,9356.75,9495.01,10565.1666
2019-07-30T00:00:00,9499.21,9839.83,9371.96,9589.01,9411.1627
2019-07-31T00:00:00,9589.01,10135.12,9570.01,10087.30,12849.7377
2019-08-01T00:00:00,10089.97,10497.00,9881.00,10405.94,14432.5696
2019-08-02T00:00:00,10404.41,10670.00,10321.42,10533.01,13217.8440
2019-08-03T00:00:00,10533.62,10922.08,10500.00,10820.76,10082.3571
2019-08-04T00:00:00,10822.09,11089.74,10572.00,10977.51,11813.6739
2019-08-05T00:00:00,10977.98,11950.00,10977.98,11819.49,23345.1963
2019-08-06T00:00:00,11811.75,12320.40,11187.00,11465.49,24773.0494
2019-08-07T00:00:00,11465.49,12147.00,11366.26,11975.03,22145.4873
2019-08-08T00:00:00,11983.41,12050.00,11451.00,11981.00,14887.1100
2019-08-09T00:00:00,11982.39,12040.00,11651.89,11856.10,11774.5190
2019-08-10T00:00:00,11860.62,11969.99,11170.00,11280.95,13852.2474
2019-08-11T00:00:00,11280.95,11585.00,11088.88,11540.76,7329.5894
2019-08-12T00:00:00,11540.76,11555.55,11222.40,11389.28,6095.2818
2019-08-13T00:00:00,11389.25,11438.39,10746.00,10854.92,12500.3430
2019-08-14T00:00:00,10854.92,10859.97,9888.88,10025.86,24889.5772
2019-08-15T00:00:00,10021.13,10445.00,9470.00,10300.01,27939.8266
2019-08-16T00:00:00,10300.01,10539.90,9739.99,10352.78,19532.5960
2019-08-17T00:00:00,10352.78,10475.82,9978.00,10217.79,7307.9979
2019-08-18T00:00:00,10217.99,10513.45,10066.66,10315.48,6794.7844
2019-08-19T00:00:00,10315.48,10938.76,10265.00,10920.00,12220.3862
2019-08-20T00:00:00,10917.94,10953.00,10555.70,10769.09,8820.9362
2019-08-21T00:00:00,10768.49,10800.00,9841.59,10130.00,17445.2874
2019-08-22T00:00:00,10133.34,10237.53,9759.00,10107.15,10912.3384
2019-08-23T00:00:00,10105.61,10478.00,10035.84,10410.85,9413.5322
2019-08-24T00:00:00,10413.45,10429.00,9886.26,10147.96,7987.2080
2019-08-25T00:00:00,10148.00,10374.85,9899.95,10138.72,7288.0642
2019-08-26T00:00:00,10142.00,10680.00,10140.90,10361.65,14125.3810
2019-08-27T00:00:00,10361.65,10379.87,10019.56,10171.85,7514.2877
2019-08-28T00:00:00,10171.95,10277.00,9522.93,9714.31,17637.0689
2019-08-29T00:00:00,9714.01,9717.03,9321.73,9495.00,14421.6972
2019-08-30T00:00:00,9494.80,9699.00,9337.97,9582.42,8734.1508
2019-08-31T00:00:00,9582.42,9707.48,9436.20,9600.86,4057.2020
2019-09-01T00:00:00,9600.86,9840.00,9539.58,9766.52,4200.8504
2019-09-02T00:00:00,9766.62,10486.77,9756.54,10381.26,11794.0605
2019-09-03T00:00:00,10381.26,10790.00,10280.00,10628.48,15518.0207
2019-09-04T00:00:00,10628.48,10833.14,10380.00,10581.84,12180.8255
2019-09-05T00:00:00,10581.84,10666.43,10452.15,10574.73,7432.4788
2019-09-06T00:00:00,10574.28,10939.34,10182.00,10308.92,15732.6047
2019-09-07T00:00:00,10308.90,10580.00,10304.52,10484.37,4381.3608
2019-09-08T00:00:00,10484.37,10595.00,10231.13,10398.97,4915.5659
2019-09-09T00:00:00,10401.13,10541.75,10059.99,10310.00,9745.0727
2019-09-10T00:00:00,10310.01,10389.26,9916.00,10093.01,8098.5757
2019-09-11T00:00:00,10093.00,10297.12,9851.97,10160.20,8374.0400
2019-09-12T00:00:00,10158.81,10460.00,10040.00,10423.72,7625.2497
2019-09-13T00:00:00,10423.85,10452.50,10157.00,10365.93,6909.0348
2019-09-14T00:00:00,10365.94,10439.00,10223.36,10360.25,4470.3155
2019-09-15T00:00:00,10360.01,10380.00,10263.39,10304.46,2745.2653
2019-09-16T00:00:00,10303.66,10379.98,10068.42,10262.54,7785.7271
2019-09-17T00:00:00,10262.54,10276.18,10135.44,10185.39,5716.0822
2019-09-18T00:00:00,10185.42,10258.00,10074.08,10155.26,5627.5814
2019-09-19T00:00:00,10156.22,10379.15,9585.86,10275.01,15625.0243
2019-09-20T00:00:00,10275.01,10309.84,10056.30,10168.85,6183.9179
2019-09-21T00:00:00,10168.85,10170.15,9917.34,9973.99,5043.0795
2019-09-22T00:00:00,9973.99,10097.00,9848.37,10026.80,5276.9524
2019-09-23T00:00:00,10026.79,10051.15,9609.37,9693.74,11355.8888
2019-09-24T00:00:00,9693.74,9777.16,8159.35,8530.01,38736.2261
2019-09-25T00:00:00,8530.01,8743.86,8222.01,8438.35,23524.4326
2019-09-26T00:00:00,8438.35,8464.08,7712.45,8060.00,27664.7895
2019-09-27T00:00:00,8060.00,8290.00,7861.02,8193.99,15914.6641
2019-09-28T00:00:00,8193.99,8343.00,8015.25,8217.47,9039.5520
2019-09-29T00:00:00,8217.47,8246.87,7902.96,8052.40,7142.3692
2019-09-30T00:00:00,8054.09,8393.23,7701.00,8304.96,15142.6195
2019-10-01T00:00:00,8304.95,8535.00,8200.00,8321.52,12266.3580
2019-10-02T00:00:00,8321.87,8391.00,8168.85,8381.72,7016.9720
2019-10-03T00:00:00,8381.72,8419.95,8059.22,8240.41,7778.1184
2019-10-04T00:00:00,8241.27,8241.35,8002.21,8156.67,7715.2801
2019-10-05T00:00:00,8156.68,8200.00,8020.20,8147.63,3826.8287
2019-10-06T00:00:00,8147.63,8176.18,7780.85,7859.79,8697.9398
2019-10-07T00:00:00,7859.79,8310.57,7762.35,8209.00,10012.0073
2019-10-08T00:00:00,8208.99,8342.97,8107.26,8180.00,5857.5402
2019-10-09T00:00:00,8180.00,8712.45,8121.00,8590.00,14459.7777
2019-10-10T00:00:00,8590.01,8660.00,8452.50,8587.50,7908.6699
2019-10-11T00:00:00,8587.49,8826.00,8226.00,8267.33,12446.8447
2019-10-12T00:00:00,8263.02,8425.00,8261.46,8309.03,3046.4045
2019-10-13T00:00:00,8309.03,8469.02,8146.47,8282.97,5858.0398
2019-10-14T00:00:00,8282.96,8409.00,8215.66,8355.00,4462.4931
2019-10-15T00:00:00,8355.00,8420.00,8085.65,8162.44,8558.5683
2019-10-16T00:00:00,8162.44,8171.59,7908.86,7993.54,8489.9955
2019-10-17T00:00:00,7995.81,8124.42,7937.01,8076.20,4909.2704
2019-10-18T00:00:00,8076.94,8117.77,7814.08,7954.16,7071.3560
2019-10-19T00:00:00,7954.15,8099.98,7873.46,7965.28,4839.4892
2019-10-20T00:00:00,7965.27,8309.00,7875.01,8236.12,6162.0481
2019-10-21T00:00:00,8235.94,8349.84,8156.00,8209.92,6137.1331
2019-10-22T00:00:00,8209.92,8317.14,7998.90,8024.72,6015.8674
2019-10-23T00:00:00,8024.00,8049.00,7296.44,7474.85,19159.9304
2019-10-24T00:00:00,7475.54,7509.99,7359.48,7430.87,7972.6408
2019-10-25T00:00:00,7430.87,8800.10,7389.91,8668.00,27140.2090
2019-10-26T00:00:00,8668.00,10540.49,8645.01,9259.78,53383.4019
2019-10-27T00:00:00,9259.98,9826.72,9102.33,9548.84,19636.4291
2019-10-28T00:00:00,9555.89,9939.69,9180.59,9226.50,16736.9726
2019-10-29T00:00:00,9225.06,9575.00,9068.19,9430.80,12640.1975
2019-10-30T00:00:00,9431.36,9431.36,8991.33,9164.44,9862.6770
2019-10-31T00:00:00,9164.45,9433.00,8950.00,9159.48,8326.9619
2019-11-01T00:00:00,9159.96,9299.99,9057.27,9253.12,7774.2715
2019-11-02T00:00:00,9253.09,9393.00,9210.00,9308.52,4559.2654
2019-11-03T00:00:00,9308.52,9380.00,9068.30,9206.52,4294.5004
2019-11-04T00:00:00,9206.52,9600.00,9127.00,9412.53,8361.9588
2019-11-05T00:00:00,9412.63,9474.89,9169.84,9322.09,7581.2167
2019-11-06T00:00:00,9322.09,9450.00,9253.66,9341.27,6829.6861
2019-11-07T00:00:00,9341.27,9375.16,9075.00,9198.84,5989.3609
2019-11-08T00:00:00,9198.85,9246.00,8660.00,8763.01,12876.5553
2019-11-09T00:00:00,8763.01,8873.48,8712.52,8807.89,4175.0094
2019-11-10T00:00:00,8807.89,9150.00,8731.43,9032.23,6070.4680
2019-11-11T00:00:00,9032.23,9067.34,8590.00,8721.54,7049.9285
2019-11-12T00:00:00,8721.53,8870.00,8556.56,8810.00,6272.8626
2019-11-13T00:00:00,8811.00,8838.80,8705.00,8758.34,4486.2788
2019-11-14T00:00:00,8758.34,8784.61,8558.01,8630.00,5607.4790
2019-11-15T00:00:00,8630.01,8773.22,8361.00,8457.48,10940.9154
2019-11-16T00:00:00,8457.48,8531.03,8423.00,8481.00,2712.3396
2019-11-17T00:00:00,8481.00,8637.01,8371.02,8500.01,3754.2449
2019-11-18T00:00:00,8501.00,8501.01,8015.00,8168.84,9864.1196
2019-11-19T00:00:00,8168.84,8197.82,7980.07,8123.36,7360.9955
2019-11-20T00:00:00,8123.36,8222.41,8030.05,8082.96,5296.4557
2019-11-21T00:00:00,8082.97,8114.97,7374.50,7616.46,16947.0184
2019-11-22T00:00:00,7616.48,7720.00,6775.47,7283.03,33676.5095
2019-11-23T00:00:00,7283.19,7361.41,7102.21,7329.29,7728.4240
2019-11-24T00:00:00,7329.29,7344.00,6865.00,6908.64,10695.0079
2019-11-25T00:00:00,6908.64,7379.99,6526.00,7127.01,27124.4826
2019-11-26T00:00:00,7127.01,7340.59,7021.84,7162.67,11857.4329
2019-11-27T00:00:00,7162.67,7678.76,6850.00,7523.72,19213.9836
2019-11-28T00:00:00,7524.73,7660.82,7370.62,7432.41,8646.6370
2019-11-29T00:00:00,7432.41,7870.10,7411.00,7760.00,10862.7884
2019-11-30T00:00:00,7759.99,7820.00,7453.00,7555.92,6130.4257
2019-12-01T00:00:00,7555.92,7555.92,7237.16,7404.27,8692.5878
2019-12-02T00:00:00,7405.33,7430.00,7157.33,7305.01,7029.9563
2019-12-03T00:00:00,7305.01,7412.85,7237.26,7302.94,6169.0397
2019-12-04T00:00:00,7302.94,7775.00,7080.00,7198.99,16490.1655
2019-12-05T00:00:00,7199.00,7489.87,7152.78,7393.54,9248.3766
2019-12-06T00:00:00,7393.55,7609.50,7305.75,7540.08,9346.3401
2019-12-07T00:00:00,7541.76,7643.00,7487.00,7502.19,4876.3386
2019-12-08T00:00:00,7502.20,7580.84,7387.50,7520.00,4243.5282
2019-12-09T00:00:00,7520.00,7659.38,7262.87,7337.51,10252.8933
2019-12-10T00:00:00,7337.51,7398.00,7156.03,7219.37,7187.1056
2019-12-11T00:00:00,7219.37,7263.31,7124.45,7201.23,5951.5594
2019-12-12T00:00:00,7201.24,7298.50,7075.01,7185.91,8578.0723
2019-12-13T00:00:00,7185.91,7299.21,7183.29,7249.90,6119.0535
2019-12-14T00:00:00,7249.90,7264.33,7008.03,7062.91,4334.0405
2019-12-15T00:00:00,7062.92,7220.01,7006.01,7111.00,4905.1944
2019-12-16T00:00:00,7111.00,7137.00,6803.24,6877.03,13170.1370
2019-12-17T00:00:00,6877.04,6933.21,6556.00,6616.62,14047.3978
2019-12-18T00:00:00,6616.62,7448.24,6430.00,7285.53,23097.5322
2019-12-19T00:00:00,7288.05,7371.70,7044.45,7149.12,10503.1073
2019-12-20T00:00:00,7149.13,7220.00,7073.66,7190.00,6020.2269
2019-12-21T00:00:00,7190.00,7190.00,7099.57,7143.01,3423.2619
2019-12-22T00:00:00,7143.01,7521.55,7125.00,7513.06,10202.1760
2019-12-23T00:00:00,7514.74,7688.99,7259.19,7310.79,15139.3399
2019-12-24T00:00:00,7310.79,7426.15,7151.08,7255.01,7797.3135
2019-12-25T00:00:00,7255.01,7265.12,7115.50,7192.12,3299.6594
2019-12-26T00:00:00,7192.12,7432.10,7140.00,7194.13,7669.0329
2019-12-27T00:00:00,7194.13,7254.00,7053.32,7245.83,8492.9760
2019-12-28T00:00:00,7245.83,7346.00,7232.55,7302.67,4621.7614
2019-12-29T00:00:00,7302.67,7531.00,7278.07,7384.89,6557.3123
2019-12-30T00:00:00,7384.57,7386.28,7200.00,7218.00,7347.2209
2019-12-31T00:00:00,7218.01,7298.67,7111.00,7165.72,6755.9688
2020-01-01T00:00:00,7165.72,7238.14,7136.05,7174.33,3350.6300
2020-01-02T00:00:00,7174.33,7186.18,6903.00,6945.02,8010.9274
2020-01-03T00:00:00,6945.02,7401.20,6854.67,7334.45,14056.3924
2020-01-04T00:00:00,7334.45,7398.00,7263.32,7348.63,4742.4662
2020-01-05T00:00:00,7348.63,7488.87,7312.22,7355.40,5942.0149
2020-01-06T00:00:00,7355.40,7805.00,7343.17,7764.63,11770.4297
2020-01-07T00:00:00,7764.63,8216.00,7723.00,8158.52,19857.4575
2020-01-08T00:00:00,8160.01,8469.39,7845.00,8045.51,23927.6753
2020-01-09T00:00:00,8047.75,8048.67,7744.48,7813.78,9477.6598
2020-01-10T00:00:00,7813.78,8199.77,7671.00,8198.09,13419.6985
2020-01-11T00:00:00,8198.09,8290.00,8000.01,8020.00,7557.3688
2020-01-12T00:00:00,8017.47,8185.00,7963.25,8180.81,3920.7401
2020-01-13T00:00:00,8180.81,8195.81,8041.95,8104.50,6678.0284
2020-01-14T00:00:00,8105.60,8893.69,8105.23,8815.69,27075.8082
2020-01-15T00:00:00,8812.58,8900.00,8550.00,8808.81,14977.6198
2020-01-16T00:00:00,8808.81,8850.00,8580.00,8714.76,9265.7642
2020-01-17T00:00:00,8714.77,9013.00,8665.67,8899.42,15447.3651
2020-01-18T00:00:00,8899.42,8980.00,8800.10,8909.32,5600.2183
2020-01-19T00:00:00,8908.95,9194.99,8465.00,8697.53,15218.5148
2020-01-20T00:00:00,8697.53,8734.84,8504.06,8628.89,5605.8056
2020-01-21T00:00:00,8628.89,8774.31,8465.00,8722.03,7520.6510
2020-01-22T00:00:00,8722.03,8791.76,8565.00,8660.38,5481.3696
2020-01-23T00:00:00,8660.38,8665.00,8278.00,8385.22,12206.2449
2020-01-24T00:00:00,8385.21,8509.99,8216.71,8427.26,8634.9679
2020-01-25T00:00:00,8427.58,8437.76,8252.73,8326.81,3783.2083
2020-01-26T00:00:00,8326.80,8595.00,8278.68,8595.00,5497.3229
2020-01-27T00:00:00,8595.00,8985.00,8556.60,8895.96,9548.6048
2020-01-28T00:00:00,8895.95,9418.91,8880.87,9394.50,17578.5401
2020-01-29T00:00:00,9391.14,9439.83,9224.75,9288.44,12233.0506
2020-01-30T00:00:00,9287.90,9574.68,9171.11,9503.08,12948.3977
2020-01-31T00:00:00,9502.71,9522.50,9195.49,9334.98,9719.0613
2020-02-01T00:00:00,9334.98,9458.08,9285.01,9380.18,4387.4199
2020-02-02T00:00:00,9380.18,9480.00,9140.00,9323.50,7307.9229
2020-02-03T00:00:00,9325.01,9619.95,9220.00,9280.49,11910.2857
2020-02-04T00:00:00,9280.49,9350.00,9078.05,9164.33,8190.7490
2020-02-05T00:00:00,9164.33,9769.70,9150.00,9613.82,13267.0619
2020-02-06T00:00:00,9613.91,9857.00,9521.47,9763.01,12672.1368
2020-02-07T00:00:00,9763.01,9885.00,9713.99,9808.05,8516.6284
2020-02-08T00:00:00,9807.92,9955.00,9653.47,9905.64,8100.9711
2020-02-09T00:00:00,9905.64,10178.91,9888.76,10168.35,9649.7494
2020-02-10T00:00:00,10168.36,10199.00,9736.00,9851.78,13249.5872
2020-02-11T00:00:00,9851.78,10400.00,9706.00,10270.01,16722.0658
2020-02-12T00:00:00,10270.01,10483.86,10250.00,10351.13,13740.9849
2020-02-13T00:00:00,10351.13,10522.51,10083.10,10236.49,17101.2853
2020-02-14T00:00:00,10236.49,10395.66,10102.50,10371.33,8026.4962
2020-02-15T00:00:00,10371.33,10400.00,9750.00,9911.22,12323.2886
2020-02-16T00:00:00,9911.22,10048.34,9612.12,9921.00,9430.3289
2020-02-17T00:00:00,9920.52,9969.38,9467.00,9700.00,10144.6280
2020-02-18T00:00:00,9700.00,10298.25,9610.27,10188.04,11606.5613
2020-02-19T00:00:00,10188.04,10315.00,9280.98,9600.08,16637.0501
2020-02-20T00:00:00,9593.48,9698.10,9393.39,9610.05,12382.0101
2020-02-21T00:00:00,9610.05,9769.66,9566.98,9695.66,7073.3662
2020-02-22T00:00:00,9695.66,9722.97,9575.01,9668.23,3301.2436
2020-02-23T00:00:00,9668.23,10025.66,9667.13,9965.01,5631.9373
2020-02-24T00:00:00,9965.00,10030.00,9474.74,9660.00,11274.8322
2020-02-25T00:00:00,9660.00,9681.56,9230.00,9305.00,9370.8041
2020-02-26T00:00:00,9304.99,9375.36,8602.00,8778.30,21610.4629
2020-02-27T00:00:00,8778.30,8972.92,8520.00,8812.49,14781.0202
2020-02-28T00:00:00,8814.90,8899.94,8428.80,8708.89,13643.2859
2020-02-29T00:00:00,8708.61,8799.00,8520.67,8525.07,5142.7083
2020-03-01T00:00:00,8523.33,8752.34,8400.00,8522.31,7353.1396
2020-03-02T00:00:00,8522.30,8973.45,8487.33,8915.00,10216.6925
2020-03-03T00:00:00,8919.21,8927.45,8635.31,8757.84,9152.7069
2020-03-04T00:00:00,8757.83,8847.00,8670.57,8760.66,5688.5851
2020-03-05T00:00:00,8759.99,9174.24,8759.99,9070.17,10073.3142
2020-03-06T00:00:00,9070.18,9182.08,9000.01,9158.51,6422.1289
2020-03-07T00:00:00,9158.51,9214.67,8850.47,8901.37,6478.2533
2020-03-08T00:00:00,8901.36,8901.37,8002.20,8037.76,16591.9141
2020-03-09T00:00:00,8037.73,8187.03,7630.00,7934.52,25563.6142
2020-03-10T00:00:00,7934.56,8158.25,7733.56,7894.68,17172.4713
2020-03-11T00:00:00,7894.68,7987.97,7583.27,7938.05,13647.8651
2020-03-12T00:00:00,7938.05,7969.45,4644.00,4857.10,113902.2033
2020-03-13T00:00:00,4857.10,5995.00,3858.00,5637.60,130316.6468
2020-03-14T00:00:00,5630.93,5669.00,5050.00,5165.25,32760.1228
2020-03-15T00:00:00,5161.16,5985.00,5085.91,5345.35,43763.7624
2020-03-16T00:00:00,5346.86,5350.30,4432.30,5037.61,80184.0369
2020-03-17T00:00:00,5039.95,5569.44,4935.60,5331.71,44347.1549
2020-03-18T00:00:00,5331.71,5452.82,5001.00,5413.64,37513.0352
2020-03-19T00:00:00,5413.88,6441.37,5261.69,6186.26,54666.6746
2020-03-20T00:00:00,6183.82,6990.00,5657.00,6206.10,53024.4010
2020-03-21T00:00:00,6210.47,6470.00,5851.00,6198.78,23514.9665
2020-03-22T00:00:00,6198.64,6420.00,5738.00,5818.25,28089.4870
2020-03-23T00:00:00,5815.24,6641.03,5678.20,6490.63,42437.9707
2020-03-24T00:00:00,6493.58,6866.10,6403.16,6766.64,40618.1987
2020-03-25T00:00:00,6766.00,6983.31,6470.00,6690.96,31266.3683
2020-03-26T00:00:00,6691.71,6795.00,6520.13,6758.18,17456.1171
2020-03-27T00:00:00,6760.00,6880.00,6260.00,6372.36,20458.2440
2020-03-28T00:00:00,6372.36,6372.36,6030.00,6251.82,20353.8748
2020-03-29T00:00:00,6251.45,6279.96,5870.46,5877.21,16111.2364
2020-03-30T00:00:00,5878.98,6631.23,5853.00,6406.40,23659.8026
2020-03-31T00:00:00,6406.40,6524.79,6333.91,6424.35,11939.0253
2020-04-01T00:00:00,6424.02,6744.99,6160.00,6666.11,17900.2509
2020-04-02T00:00:00,6666.11,7292.11,6570.92,6804.52,28761.0080
2020-04-03T00:00:00,6804.24,7050.00,6606.06,6741.99,14953.1796
2020-04-04T00:00:00,6741.99,7025.53,6658.16,6874.77,10217.6791
2020-04-05T00:00:00,6874.77,6925.00,6681.00,6778.25,8962.9106
2020-04-06T00:00:00,6778.64,7373.37,6773.28,7341.56,27992.0132
2020-04-07T00:00:00,7341.55,7466.00,7073.00,7200.01,22743.0662
2020-04-08T00:00:00,7200.01,7430.00,7154.22,7370.11,15429.1219
2020-04-09T00:00:00,7370.38,7377.00,7110.00,7293.24,12369.8427
2020-04-10T00:00:00,7293.23,7305.91,6750.00,6871.91,19671.1902
2020-04-11T00:00:00,6871.83,6955.00,6775.00,6889.65,8066.0754
2020-04-12T00:00:00,6889.78,7200.00,6787.44,6908.13,12733.9884
2020-04-13T00:00:00,6908.12,6908.13,6555.00,6861.21,22323.7666
2020-04-14T00:00:00,6860.51,6997.38,6771.41,6877.37,12868.6062
2020-04-15T00:00:00,6876.92,6940.00,6605.89,6624.12,14753.8136
2020-04-16T00:00:00,6623.62,7217.27,6456.00,7112.64,28117.5571
2020-04-17T00:00:00,7114.76,7156.66,7000.00,7037.46,13514.5764
2020-04-18T00:00:00,7036.45,7308.00,7021.00,7261.76,11510.5212
2020-04-19T00:00:00,7262.04,7275.00,7063.02,7130.71,8887.8888
2020-04-20T00:00:00,7130.70,7227.11,6748.72,6838.19,18396.6056
2020-04-21T00:00:00,6837.22,6959.00,6776.00,6853.68,14467.8425
2020-04-22T00:00:00,6853.67,7167.37,6826.00,7136.84,13141.1407
2020-04-23T00:00:00,7136.81,7775.00,7031.14,7488.83,22759.3648
2020-04-24T00:00:00,7491.50,7612.24,7390.00,7514.64,13764.5670
2020-04-25T00:00:00,7514.99,7720.00,7437.94,7547.61,7443.7962
2020-04-26T00:00:00,7547.61,7715.00,7490.00,7706.40,9292.6408
2020-04-27T00:00:00,7706.40,7810.99,7635.69,7789.77,15455.7361
2020-04-28T00:00:00,7789.77,7794.74,7672.00,7755.01,10984.7664
2020-04-29T00:00:00,7757.18,8988.00,7720.00,8793.75,48689.7503
2020-04-30T00:00:00,8794.99,9478.66,8407.00,8624.28,44843.9647
2020-05-01T00:00:00,8624.68,9075.98,8622.72,8829.42,21660.2199
2020-05-02T00:00:00,8829.42,9025.00,8762.01,8985.58,10539.2653
2020-05-03T00:00:00,8984.69,9203.52,8731.01,8909.95,17147.6537
2020-05-04T00:00:00,8907.85,8970.00,8533.98,8883.53,18380.6265
2020-05-05T00:00:00,8887.81,9126.27,8769.69,9028.79,16392.2994
2020-05-06T00:00:00,9028.78,9418.00,8922.13,9155.79,27650.8787
2020-05-07T00:00:00,9155.79,10079.00,9028.89,10004.77,39447.5751
2020-05-08T00:00:00,10000.37,10049.00,9730.00,9810.00,26363.7169
2020-05-09T00:00:00,9810.01,9920.73,9521.00,9537.21,17931.1749
2020-05-10T00:00:00,9537.21,9559.98,8106.70,8729.86,50909.8443
2020-05-11T00:00:00,8729.86,9182.66,8185.00,8572.40,39999.3773
2020-05-12T00:00:00,8572.40,8982.90,8534.85,8821.42,20219.2370
2020-05-13T00:00:00,8821.41,9420.18,8803.97,9321.26,21357.6302
2020-05-14T00:00:00,9320.85,9943.93,9257.15,9795.34,28752.3604
2020-05-15T00:00:00,9795.34,9849.00,9120.00,9312.10,25180.9797
2020-05-16T00:00:00,9312.10,9594.99,9215.01,9383.16,10782.3277
2020-05-17T00:00:00,9380.01,9896.00,9325.81,9676.63,13540.6629
2020-05-18T00:00:00,9677.45,9957.25,9436.97,9728.52,17710.2996
2020-05-19T00:00:00,9728.52,9898.00,9463.22,9783.76,15229.6261
2020-05-20T00:00:00,9783.57,9836.99,9294.54,9509.41,16895.5493
2020-05-21T00:00:00,9509.40,9568.00,8800.00,9061.96,28081.2289
2020-05-22T00:00:00,9059.32,9267.34,8923.50,9168.84,13731.9189
2020-05-23T00:00:00,9168.84,9313.83,9090.11,9181.76,6878.8479
2020-05-24T00:00:00,9181.09,9306.23,8680.70,8715.73,13004.3457
2020-05-25T00:00:00,8715.69,8977.00,8632.93,8899.31,12328.2420
2020-05-26T00:00:00,8900.00,9016.99,8694.23,8844.42,11507.4310
2020-05-27T00:00:00,8844.41,9230.00,8811.46,9208.53,10936.6784
2020-05-28T00:00:00,9208.53,9625.00,9112.00,9580.19,14511.0765
2020-05-29T00:00:00,9580.01,9609.02,9330.01,9423.84,10415.4264
2020-05-30T00:00:00,9423.85,9764.00,9326.43,9700.33,10509.6981
2020-05-31T00:00:00,9700.32,9705.60,9369.58,9446.57,7944.7167
2020-06-01T00:00:00,9445.83,10428.00,9417.42,10208.96,21676.6083
2020-06-02T00:00:00,10208.96,10237.60,9270.00,9522.46,33220.5827
2020-06-03T00:00:00,9521.53,9695.00,9385.22,9668.07,11446.7219
2020-06-04T00:00:00,9668.06,9888.00,9450.00,9788.03,12441.2730
2020-06-05T00:00:00,9791.96,9855.00,9585.44,9613.21,12495.8979
2020-06-06T00:00:00,9613.42,9735.13,9526.03,9671.70,6501.3173
2020-06-07T00:00:00,9670.28,9822.00,9370.00,9750.12,11628.9453
2020-06-08T00:00:00,9750.12,9815.00,9632.79,9781.51,8533.8361
2020-06-09T00:00:00,9781.51,9886.00,9567.33,9779.41,10329.8771
2020-06-10T00:00:00,9779.70,10018.67,9690.00,9894.04,12965.4260
2020-06-11T00:00:00,9894.35,9973.25,9050.00,9268.16,26779.8794
2020-06-12T00:00:00,9268.16,9552.87,9227.00,9464.17,10992.5165
2020-06-13T00:00:00,9464.71,9494.45,9346.00,9475.00,4581.7921
2020-06-14T00:00:00,9475.00,9481.00,9240.00,9325.00,4829.7973
2020-06-15T00:00:00,9328.63,9499.00,8895.01,9432.53,18589.2859
2020-06-16T00:00:00,9432.57,9592.04,9381.00,9526.25,10345.2953
2020-06-17T00:00:00,9526.25,9558.48,9227.03,9457.51,8937.9262
2020-06-18T00:00:00,9457.51,9482.66,9267.18,9376.14,6300.5665
2020-06-19T00:00:00,9376.14,9430.00,9229.00,9301.91,7871.9637
2020-06-20T00:00:00,9300.42,9391.71,9161.00,9355.74,6900.6093
2020-06-21T00:00:00,9355.74,9419.35,9273.00,9286.14,3088.6685
2020-06-22T00:00:00,9286.14,9792.00,9267.58,9690.74,11775.7386
2020-06-23T00:00:00,9690.67,9724.53,9572.22,9623.56,7946.9736
2020-06-24T00:00:00,9623.56,9663.38,9195.00,9285.91,13410.7587
2020-06-25T00:00:00,9285.94,9335.00,8979.07,9243.51,13529.0563
2020-06-26T00:00:00,9242.98,9291.73,9027.62,9155.42,10702.3732
2020-06-27T00:00:00,9155.42,9188.14,8815.01,9002.46,8507.2684
2020-06-28T00:00:00,9002.38,9189.00,8931.77,9113.24,5537.7575
2020-06-29T00:00:00,9113.23,9236.75,9014.00,9184.45,8658.4267
2020-06-30T00:00:00,9188.79,9201.00,9059.60,9136.20,6820.8674
2020-07-01T00:00:00,9135.91,9297.20,9088.00,9239.97,7550.1600
2020-07-02T00:00:00,9239.41,9265.00,8938.00,9091.53,10774.1856
2020-07-03T00:00:00,9091.98,9126.12,9036.74,9063.87,7738.4697
2020-07-04T00:00:00,9059.73,9195.84,9039.84,9138.51,5300.7882
2020-07-05T00:00:00,9138.51,9145.00,8905.84,9074.39,4601.3265
2020-07-06T00:00:00,9074.37,9375.90,9061.59,9343.31,9959.2820
2020-07-07T00:00:00,9343.31,9379.34,9201.57,9253.94,6326.8387
2020-07-08T00:00:00,9253.94,9475.00,9232.20,9435.28,10135.3154
2020-07-09T00:00:00,9435.28,9446.62,9154.79,9236.95,8450.1411
2020-07-10T00:00:00,9236.95,9322.23,9118.00,9291.05,6892.4706
2020-07-11T00:00:00,9291.04,9303.04,9182.35,9235.00,3369.2173
2020-07-12T00:00:00,9235.00,9347.53,9159.33,9303.37,5419.2136
2020-07-13T00:00:00,9303.38,9339.61,9193.52,9236.92,8698.4362
2020-07-14T00:00:00,9236.91,9280.00,9100.00,9256.94,7497.5631
2020-07-15T00:00:00,9256.94,9273.98,9154.01,9190.16,7196.3287
2020-07-16T00:00:00,9190.80,9216.02,9005.00,9130.11,8765.6986
2020-07-17T00:00:00,9130.93,9182.99,9054.99,9154.29,6423.7472
2020-07-18T00:00:00,9154.29,9210.00,9122.65,9175.85,4121.6270
2020-07-19T00:00:00,9175.83,9245.03,9105.37,9212.87,3520.0725
2020-07-20T00:00:00,9214.01,9223.51,9131.00,9161.05,5815.3308
2020-07-21T00:00:00,9161.05,9438.00,9157.04,9394.14,9603.9151
2020-07-22T00:00:00,9394.14,9567.77,9277.00,9536.18,10362.3526
2020-07-23T00:00:00,9536.20,9686.00,9450.04,9613.24,12992.9719
2020-07-24T00:00:00,9613.24,9645.55,9475.70,9551.21,9798.8935
2020-07-25T00:00:00,9551.21,9747.76,9536.64,9711.33,6973.1109
2020-07-26T00:00:00,9711.79,10150.00,9661.35,9941.00,11615.0461
2020-07-27T00:00:00,9941.00,11420.00,9935.00,11048.91,41850.5731
2020-07-28T00:00:00,11048.05,11259.00,10575.00,10934.23,26011.3751
2020-07-29T00:00:00,10934.22,11350.00,10843.47,11110.12,18556.2779
2020-07-30T00:00:00,11108.16,11188.65,10811.00,11115.95,12408.7041
2020-07-31T00:00:00,11115.99,11460.00,10975.00,11351.62,15747.0217
2020-08-01T00:00:00,11351.61,11888.00,11237.82,11810.07,18293.1252
2020-08-02T00:00:00,11810.07,12134.29,10546.15,11068.54,28118.4291
2020-08-03T00:00:00,11067.46,11486.60,10911.74,11233.13,13783.3404
2020-08-04T00:00:00,11233.16,11417.11,11006.16,11197.04,12074.4785
2020-08-05T00:00:00,11197.05,11798.87,11073.70,11756.75,16637.7808
2020-08-06T00:00:00,11756.75,11916.68,11580.19,11773.89,18053.0815
2020-08-07T00:00:00,11773.89,11920.00,11350.00,11606.52,23761.5108
2020-08-08T00:00:00,11606.52,11818.18,11529.45,11774.98,7315.8846
2020-08-09T00:00:00,11773.24,11810.24,11532.04,11688.48,7595.9611
2020-08-10T00:00:00,11688.25,12086.22,11470.01,11899.73,22152.5889
2020-08-11T00:00:00,11899.87,11943.00,11120.00,11388.53,20706.6099
2020-08-12T00:00:00,11388.88,11625.00,11148.54,11566.45,12809.9892
2020-08-13T00:00:00,11566.44,11802.09,11274.14,11795.95,15369.4039
2020-08-14T00:00:00,11795.95,11865.97,11651.24,11779.00,13797.8200
2020-08-15T00:00:00,11777.50,11989.98,11688.00,11859.24,12567.0386
2020-08-16T00:00:00,11860.02,11940.00,11686.53,11918.84,8911.2540
2020-08-17T00:00:00,11918.84,12486.61,11775.00,12304.26,23814.6605
2020-08-18T00:00:00,12303.98,12400.00,11825.00,11950.00,18628.9129
2020-08-19T00:00:00,11954.22,12024.83,11569.00,11758.87,16646.3149
2020-08-20T00:00:00,11758.87,11892.16,11671.48,11864.26,8801.1775
2020-08-21T00:00:00,11864.26,11884.99,11480.00,11529.22,14865.3788
2020-08-22T00:00:00,11529.99,11693.16,11370.00,11672.93,7946.0247
2020-08-23T00:00:00,11672.92,11715.00,11525.62,11650.01,5516.1705
2020-08-24T00:00:00,11650.01,11823.62,11592.91,11753.85,7253.0192
2020-08-25T00:00:00,11753.26,11769.76,11102.73,11324.92,14348.6353
2020-08-26T00:00:00,11324.92,11539.99,11254.89,11463.27,9124.5542
2020-08-27T00:00:00,11463.27,11597.92,11125.00,11330.06,13517.3942
2020-08-28T00:00:00,11330.56,11550.51,11282.09,11535.00,10373.8959
2020-08-29T00:00:00,11535.00,11580.00,11422.21,11474.31,5417.5415
2020-08-30T00:00:00,11474.30,11720.00,11463.87,11716.01,5594.2258
2020-08-31T00:00:00,11716.00,11784.66,11576.00,11655.00,9123.5935
2020-09-01T00:00:00,11655.00,12086.00,11525.09,11924.22,16057.6443
2020-09-02T00:00:00,11924.22,11950.00,11160.00,11395.48,19721.4432
2020-09-03T00:00:00,11395.49,11474.99,10005.00,10172.52,30364.2440
2020-09-04T00:00:00,10172.13,10638.34,9895.22,10500.05,23366.4647
2020-09-05T00:00:00,10500.05,10564.80,9813.00,10168.36,22450.7581
2020-09-06T00:00:00,10169.58,10358.88,10000.00,10257.86,9516.1930
2020-09-07T00:00:00,10258.67,10410.90,9880.00,10375.00,11996.9287
2020-09-08T00:00:00,10375.00,10440.91,9819.83,10125.69,15768.3102
2020-09-09T00:00:00,10126.41,10349.99,9983.34,10224.56,9645.5041
2020-09-10T00:00:00,10224.56,10489.00,10216.41,10343.23,11237.0191
2020-09-11T00:00:00,10344.24,10411.44,10200.00,10394.41,7200.2916
2020-09-12T00:00:00,10394.41,10483.23,10276.19,10446.52,6495.3003
2020-09-13T00:00:00,10446.52,10582.36,10211.00,10336.76,10442.1936
2020-09-14T00:00:00,10336.76,10760.62,10253.00,10679.95,13532.9502
2020-09-15T00:00:00,10678.41,10950.00,10613.18,10783.75,12634.3293
2020-09-16T00:00:00,10783.36,11099.95,10662.02,10959.61,11003.7013
2020-09-17T00:00:00,10957.06,11044.00,10735.55,10943.61,8885.4491
2020-09-18T00:00:00,10943.99,11039.88,10813.00,10937.52,8660.0595
2020-09-19T00:00:00,10937.50,11179.90,10891.78,11080.00,5718.0221
2020-09-20T00:00:00,11081.09,11081.37,10759.37,10920.89,6003.7851
2020-09-21T00:00:00,10920.94,10994.00,10180.00,10416.82,15004.7112
2020-09-22T00:00:00,10416.83,10576.82,10355.00,10531.13,7904.2564
2020-09-23T00:00:00,10531.13,10541.25,10135.22,10235.10,8893.2423
2020-09-24T00:00:00,10237.41,10795.87,10192.56,10740.01,9678.3935
2020-09-25T00:00:00,10740.00,10765.07,10551.00,10690.53,9690.6276
2020-09-26T00:00:00,10690.53,10828.00,10654.58,10730.00,3783.3974
2020-09-27T00:00:00,10730.00,10806.32,10595.24,10778.20,3880.0369
2020-09-28T00:00:00,10779.00,10956.11,10621.22,10695.55,8876.0616
2020-09-29T00:00:00,10694.90,10860.79,10636.13,10840.73,8200.7827
2020-09-30T00:00:00,10839.98,10847.00,10657.04,10779.63,6318.5294
2020-10-01T00:00:00,10779.63,10931.98,10427.75,10617.63,12848.7364
2020-10-02T00:00:00,10616.35,10668.56,10363.76,10573.12,10263.4829
2020-10-03T00:00:00,10573.12,10606.36,10498.02,10551.65,3211.7046
2020-10-04T00:00:00,10550.32,10697.00,10521.87,10671.11,3569.2562
2020-10-05T00:00:00,10670.01,10800.00,10621.12,10795.00,6081.3870
2020-10-06T00:00:00,10796.97,10800.00,10524.00,10602.66,7596.3637
2020-10-07T00:00:00,10601.20,10683.75,10546.78,10670.47,6108.0426
2020-10-08T00:00:00,10670.47,10963.16,10532.11,10933.09,11301.2511
2020-10-09T00:00:00,10932.44,11111.11,10834.49,11057.07,10098.3992
2020-10-10T00:00:00,11057.07,11498.98,11055.75,11299.50,9312.7592
2020-10-11T00:00:00,11299.52,11444.25,11276.28,11374.01,5163.4648
2020-10-12T00:00:00,11374.01,11736.02,11187.60,11535.46,11056.9156
2020-10-13T00:00:00,11535.46,11561.45,11312.59,11428.22,8639.2128
2020-10-14T00:00:00,11428.22,11556.37,11290.83,11427.70,7078.7015
2020-10-15T00:00:00,11427.70,11641.38,11263.15,11509.34,8538.5204
2020-10-16T00:00:00,11509.31,11550.01,11201.00,11328.95,9505.2662
2020-10-17T00:00:00,11328.27,11421.00,11264.75,11367.89,3586.1455
2020-10-18T00:00:00,11367.90,11523.00,11350.37,11514.20,4352.0950
2020-10-19T00:00:00,11514.20,11833.00,11416.04,11760.45,10313.2345
2020-10-20T00:00:00,11760.45,12050.00,11685.00,11923.83,13840.0248
2020-10-21T00:00:00,11923.07,13250.04,11900.01,12808.00,32404.6329
2020-10-22T00:00:00,12808.01,13200.00,12698.02,12987.02,20337.7897
2020-10-23T00:00:00,12988.20,13037.00,12722.72,12937.09,10450.8721
2020-10-24T00:00:00,12938.00,13175.00,12884.31,13126.24,7915.3466
2020-10-25T00:00:00,13126.34,13361.00,12890.76,13045.00,9276.1772
2020-10-26T00:00:00,13045.02,13250.00,12785.00,13068.79,12275.3583
2020-10-27T00:00:00,13068.79,13793.72,13061.28,13698.18,17267.4397
2020-10-28T00:00:00,13740.85,13863.87,12891.57,13281.05,21073.3767
2020-10-29T00:00:00,13281.06,13650.00,12976.29,13460.00,15796.0767
2020-10-30T00:00:00,13460.00,13687.82,13131.31,13571.51,15664.2905
2020-10-31T00:00:00,13571.51,14098.92,13424.73,13804.81,12166.3043
2020-11-01T00:00:00,13803.69,13906.74,13630.05,13771.59,6252.0062
2020-11-02T00:00:00,13771.70,13840.00,13215.00,13563.22,12191.8307
2020-11-03T00:00:00,13563.22,14081.45,13290.00,14035.80,13965.7881
2020-11-04T00:00:00,14034.35,14273.60,13530.01,14161.48,16894.7779
2020-11-05T00:00:00,14165.86,15775.00,14115.00,15608.21,31865.9747
2020-11-06T00:00:00,15608.06,15977.67,15190.36,15599.95,25150.3925
2020-11-07T00:00:00,15599.95,15779.24,14310.00,14834.09,23552.0691
2020-11-08T00:00:00,14834.09,15666.00,14721.90,15482.90,11856.3282
2020-11-09T00:00:00,15482.89,15856.90,14817.14,15342.25,21951.2761
2020-11-10T00:00:00,15342.10,15481.06,15090.08,15315.03,13489.6751
2020-11-11T00:00:00,15315.46,16000.00,15293.04,15705.79,15257.3572
2020-11-12T00:00:00,15705.79,16370.89,15446.82,16310.81,22153.7385
2020-11-13T00:00:00,16310.81,16491.92,15975.00,16339.56,14593.5152
2020-11-14T00:00:00,16339.56,16339.60,15708.24,16082.01,9205.9165
2020-11-15T00:00:00,16082.01,16175.60,15796.09,15966.89,6250.0797
2020-11-16T00:00:00,15970.00,16892.00,15879.00,16726.64,13948.3052
2020-11-17T00:00:00,16726.49,17880.00,16575.42,17679.36,25230.2240
2020-11-18T00:00:00,17679.86,18488.00,17205.02,17782.91,32425.9866
2020-11-19T00:00:00,17790.18,18193.29,17356.00,17821.58,17141.4927
2020-11-20T00:00:00,17821.92,18830.30,17764.76,18675.25,17901.9317
2020-11-21T00:00:00,18677.84,18980.00,18350.00,18721.21,13604.2714
2020-11-22T00:00:00,18721.21,18773.56,17610.77,18437.66,15423.8382
2020-11-23T00:00:00,18437.18,18777.77,18001.00,18384.82,17655.6636
2020-11-24T00:00:00,18384.82,19469.00,18052.02,19172.84,26623.0945
2020-11-25T00:00:00,19172.90,19500.00,18502.00,18721.93,20485.3937
2020-11-26T00:00:00,18717.24,18915.48,16200.00,17170.00,48644.1708
2020-11-27T00:00:00,17169.99,17475.00,16400.00,17153.95,23333.9843
2020-11-28T00:00:00,17155.43,17933.25,16880.00,17739.85,13157.9520
2020-11-29T00:00:00,17736.10,18359.00,17535.26,18202.04,8932.2503
2020-11-30T00:00:00,18202.02,19873.23,18201.47,19713.94,27293.4792
2020-12-01T00:00:00,19713.94,19915.14,18109.00,18782.97,30442.8654
2020-12-02T00:00:00,18778.18,19340.00,18335.00,19225.63,16227.1364
2020-12-03T00:00:00,19222.45,19625.64,18885.00,19448.64,14648.2968
2020-12-04T00:00:00,19446.43,19546.46,18576.05,18658.10,16382.8774
2020-12-05T00:00:00,18658.09,19189.98,18501.00,19158.96,7082.2223
2020-12-06T00:00:00,19158.96,19430.25,18878.00,19375.60,6665.2819
2020-12-07T00:00:00,19375.60,19432.57,18901.00,19177.71,8977.4517
2020-12-08T00:00:00,19177.08,19299.51,18200.00,18316.22,15161.8626
2020-12-09T00:00:00,18316.22,18647.33,17639.00,18546.55,20667.3664
2020-12-10T00:00:00,18546.55,18556.42,17905.00,18253.44,14899.2030
2020-12-11T00:00:00,18257.18,18293.08,17580.00,18042.15,16953.6336
2020-12-12T00:00:00,18044.19,18955.34,18023.57,18821.28,8616.1725
2020-12-13T00:00:00,18821.28,19421.03,18730.00,19166.65,10624.2007
2020-12-14T00:00:00,19166.65,19349.98,18967.68,19272.37,9102.3697
2020-12-15T00:00:00,19272.37,19565.00,19051.27,19444.60,15345.2121
2020-12-16T00:00:00,19443.19,21569.94,19300.00,21359.65,33350.2350
2020-12-17T00:00:00,21360.50,23776.94,21252.01,22826.48,53602.3495
2020-12-18T00:00:00,22826.37,23280.00,22329.00,23137.76,24829.2358
2020-12-19T00:00:00,23138.89,24200.00,22770.00,23849.99,20577.6644
2020-12-20T00:00:00,23850.00,24300.00,23100.00,23476.51,14963.4179
2020-12-21T00:00:00,23476.51,24118.75,21913.84,22729.40,25728.6386
2020-12-22T00:00:00,22729.40,23839.78,22380.05,23823.27,18597.6512
2020-12-23T00:00:00,23824.13,24090.00,22600.00,23228.35,23412.1217
2020-12-24T00:00:00,23226.18,23785.00,22712.89,23717.96,16440.7530
2020-12-25T00:00:00,23718.61,24770.95,23416.00,24704.71,15792.4758
2020-12-26T00:00:00,24704.71,26822.00,24490.01,26475.35,24782.4402
2020-12-27T00:00:00,26482.64,28387.00,25772.55,26258.65,33627.0075
2020-12-28T00:00:00,26255.16,27477.00,26086.19,27040.36,21265.7093
2020-12-29T00:00:00,27039.39,27396.77,25833.73,27366.35,20668.1043
2020-12-30T00:00:00,27366.35,29018.26,27311.73,28897.42,28181.4968
2020-12-31T00:00:00,28897.42,29321.90,28000.00,28990.08,28813.8869
2021-01-01T00:00:00,28990.08,29688.88,28700.00,29412.84,22211.2525
2021-01-02T00:00:00,29413.29,33300.00,29039.00,32225.91,46675.2465
2021-01-03T00:00:00,32222.88,34810.00,32008.62,33080.66,36951.7165
2021-01-04T00:00:00,33082.84,33666.99,27678.00,32019.99,46045.3897
2021-01-05T00:00:00,32020.22,34499.67,29891.13,34030.64,42282.5692
2021-01-06T00:00:00,34043.91,37000.00,33352.54,36859.26,45744.1032
2021-01-07T00:00:00,36859.26,40425.00,36200.00,39505.56,50346.3057
2021-01-08T00:00:00,39510.55,41986.37,36565.08,40665.15,48522.4849
2021-01-09T00:00:00,40642.15,41406.94,38800.00,40257.43,27152.9710
2021-01-10T00:00:00,40257.43,41452.12,34444.00,38171.57,43736.5703
2021-01-11T00:00:00,38168.89,38273.88,30100.00,35452.59,102503.1567
2021-01-12T00:00:00,35456.89,36604.51,32500.00,34038.98,48227.6275
2021-01-13T00:00:00,34035.53,37888.00,32309.04,37393.66,39608.7372
2021-01-14T00:00:00,37393.67,40127.66,36751.11,39125.14,31868.7605
2021-01-15T00:00:00,39123.05,39697.00,34298.93,36754.67,36421.0592
2021-01-16T00:00:00,36754.60,37948.00,35372.59,36006.94,20861.4255
2021-01-17T00:00:00,36004.80,36860.00,33850.03,35820.00,19182.0493
2021-01-18T00:00:00,35820.01,37402.00,34736.46,36624.23,16609.6411
2021-01-19T00:00:00,36624.23,37857.00,35895.11,35917.28,18904.7791
2021-01-20T00:00:00,35921.91,36415.34,33387.01,35503.09,25445.7080
2021-01-21T00:00:00,35498.85,35628.24,30011.00,30855.95,50473.1138
2021-01-22T00:00:00,30855.90,33867.00,28732.00,32984.93,48155.7216
2021-01-23T00:00:00,32982.66,33488.79,31432.19,32112.01,16139.8148
2021-01-24T00:00:00,32110.00,33086.53,30931.21,32288.56,13618.8010
2021-01-25T00:00:00,32293.18,34888.00,31920.80,32261.87,23045.6629
2021-01-26T00:00:00,32260.52,32960.37,30830.00,32510.82,23535.8389
2021-01-27T00:00:00,32510.82,32584.62,29156.00,30407.13,46207.0854
2021-01-28T00:00:00,30414.11,34000.00,29902.14,33488.99,36007.0627
2021-01-29T00:00:00,33487.92,38570.13,31990.00,34262.11,72641.0797
2021-01-30T00:00:00,34262.11,34900.00,32852.86,34315.63,21362.1517
2021-01-31T00:00:00,34315.63,34387.75,32200.00,33137.74,16436.3976
2021-02-01T00:00:00,33137.75,34728.57,32333.00,33533.19,21975.4138
2021-02-02T00:00:00,33534.39,36000.00,33450.00,35512.67,19995.8391
2021-02-03T00:00:00,35513.00,37723.72,35393.80,37678.37,23781.9695
2021-02-04T00:00:00,37688.42,38769.00,36156.45,36975.00,31699.3629
2021-02-05T00:00:00,36976.59,38349.00,36605.87,38311.49,17842.7017
2021-02-06T00:00:00,38327.09,41000.00,38250.00,39265.43,27102.8060
2021-02-07T00:00:00,39266.10,39737.83,37371.35,38871.42,20297.8726
2021-02-08T00:00:00,38871.43,46750.00,38057.01,46448.10,47934.0104
2021-02-09T00:00:00,46453.66,48200.00,45020.00,46514.73,36418.7937
2021-02-10T00:00:00,46514.73,47349.99,43706.86,44850.00,25818.0116
2021-02-11T00:00:00,44850.00,48690.00,44011.00,47997.91,26222.6048
2021-02-12T00:00:00,47993.60,48912.00,46300.00,47408.34,23503.1558
2021-02-13T00:00:00,47408.34,48199.00,46300.00,47232.45,12020.8773
2021-02-14T00:00:00,47240.75,49700.00,47100.13,48680.69,15146.5524
2021-02-15T00:00:00,48667.23,49093.44,45768.46,47936.37,19432.1528
2021-02-16T00:00:00,47935.66,50645.00,47051.22,49158.71,23053.2056
2021-02-17T00:00:00,49141.43,52640.35,48942.87,52170.01,25675.1714
2021-02-18T00:00:00,52170.01,52549.99,50875.00,51601.73,15689.4028
2021-02-19T00:00:00,51596.00,56370.05,50725.00,55983.56,27961.4820
2021-02-20T00:00:00,55983.57,57563.57,54000.10,55923.52,22137.8219
2021-02-21T00:00:00,55921.44,58367.00,55531.23,57489.16,13530.4344
2021-02-22T00:00:00,57489.16,57577.69,46616.00,54142.13,49449.1658
2021-02-23T00:00:00,54125.67,54206.22,44888.08,48899.99,72300.5857
2021-02-24T00:00:00,48899.99,51415.41,47002.00,49737.82,30732.1495
2021-02-25T00:00:00,49737.81,52107.83,46700.00,47058.48,28011.2041
2021-02-26T00:00:00,47063.90,48464.64,44150.00,46326.20,36048.6182
2021-02-27T00:00:00,46319.79,48356.86,45055.00,46180.75,16290.2807
2021-02-28T00:00:00,46169.92,46656.00,43016.00,45231.75,22745.6060
2021-03-01T00:00:00,45231.74,49829.00,45042.13,49639.40,25068.2504
2021-03-02T00:00:00,49635.30,50250.00,47075.11,48511.60,17063.5630
2021-03-03T00:00:00,48502.18,52666.00,48161.75,50360.00,21301.4772
2021-03-04T00:00:00,50370.33,51798.33,47502.00,48368.52,23386.9796
2021-03-05T00:00:00,48370.97,49473.99,46219.32,48769.47,25468.1803
2021-03-06T00:00:00,48766.01,49210.00,47077.00,48909.84,11877.8376
2021-03-07T00:00:00,48909.84,51459.00,48909.83,50978.61,13965.1547
2021-03-08T00:00:00,50976.22,52425.00,49328.62,52415.23,18856.2868
2021-03-09T00:00:00,52413.17,54936.00,51845.01,54916.38,21177.1495
2021-03-10T00:00:00,54921.61,57402.14,53025.00,55890.69,28326.0777
2021-03-11T00:00:00,55888.70,58113.00,54283.00,57815.47,24369.2122
2021-03-12T00:00:00,57820.15,58065.92,55050.00,57225.91,21760.5382
2021-03-13T00:00:00,57220.84,61788.45,56083.74,61178.50,22301.2859
2021-03-14T00:00:00,61181.38,61680.00,58950.00,58972.70,13581.9676
2021-03-15T00:00:00,58972.71,60601.07,54568.00,55636.15,31651.3918
2021-03-16T00:00:00,55629.08,56970.00,53221.00,56927.11,24432.3788
2021-03-17T00:00:00,56924.26,58996.38,54138.01,58925.54,22687.5743
2021-03-18T00:00:00,58925.54,60100.00,56996.15,57644.95,21459.4962
2021-03-19T00:00:00,57644.95,59461.99,56260.00,58039.66,16429.6297
2021-03-20T00:00:00,58026.91,59928.00,57827.97,58116.70,9725.2812
2021-03-21T00:00:00,58126.34,58651.22,55543.89,57363.32,11841.6388
2021-03-22T00:00:00,57377.29,58421.68,53739.50,54110.07,19512.1565
2021-03-23T00:00:00,54111.49,55858.00,53000.00,54345.54,19221.7567
2021-03-24T00:00:00,54333.27,57209.97,51673.82,52276.16,23775.2136
2021-03-25T00:00:00,52259.69,53238.00,50305.00,51325.01,29642.0442
2021-03-26T00:00:00,51320.76,55125.13,51250.00,55072.44,17843.0074
2021-03-27T00:00:00,55080.90,56640.00,53966.00,55856.53,11333.3335
2021-03-28T00:00:00,55856.54,56587.08,54701.00,55778.82,9235.8030
2021-03-29T00:00:00,55781.22,58400.00,54900.00,57613.48,17552.3689
2021-03-30T00:00:00,57613.76,59397.48,57000.00,58786.46,15105.0767
2021-03-31T00:00:00,58786.46,59800.00,56873.80,58800.00,17376.6267
2021-04-01T00:00:00,58800.01,59474.94,57930.00,58726.48,11096.3300
2021-04-02T00:00:00,58726.47,60055.02,58441.88,58981.04,10966.9302
2021-04-03T00:00:00,58981.04,59752.00,56943.00,57094.34,8405.2640
2021-04-04T00:00:00,57094.34,58500.00,56478.53,58215.94,6301.4319
2021-04-05T00:00:00,58216.73,59251.76,56817.64,59123.02,9204.8632
2021-04-06T00:00:00,59134.07,59475.00,57333.33,58019.98,10354.3301
2021-04-07T00:00:00,58021.67,58630.00,55400.00,55955.75,17787.2945
2021-04-08T00:00:00,55962.67,58152.00,55700.00,58083.10,8073.5973
2021-04-09T00:00:00,58083.10,58869.69,57670.51,58092.68,8094.7463
2021-04-10T00:00:00,58092.68,61218.97,57875.41,59778.60,12817.8111
2021-04-11T00:00:00,59778.59,60658.89,59177.06,59985.26,7278.9652
2021-04-12T00:00:00,59983.66,61199.00,59369.00,59839.82,11467.7275
2021-04-13T00:00:00,59836.88,63774.39,59799.01,63588.22,17897.7660
2021-04-14T00:00:00,63588.22,64899.00,61277.91,62971.80,22570.8411
2021-04-15T00:00:00,62971.80,63831.82,62036.73,63229.04,11209.4505
2021-04-16T00:00:00,63229.04,63604.34,60048.43,61427.27,19867.4132
2021-04-17T00:00:00,61427.27,62572.48,59700.00,60058.86,10847.7679
2021-04-18T00:00:00,60067.20,60437.97,51300.00,56274.41,36891.7096
2021-04-19T00:00:00,56273.65,57600.00,54187.85,55696.83,16838.3917
2021-04-20T00:00:00,55696.83,57111.00,53430.01,56499.29,18608.2798
2021-04-21T00:00:00,56477.67,56810.56,53620.91,53800.86,15584.0840
2021-04-22T00:00:00,53795.62,55469.98,50400.00,51701.59,30427.8915
2021-04-23T00:00:00,51695.98,52130.58,47464.65,51187.27,38794.8582
2021-04-24T00:00:00,51187.75,51260.61,48726.87,50089.15,11839.1436
2021-04-25T00:00:00,50101.42,50591.38,47044.01,49121.00,14633.5121
2021-04-26T00:00:00,49121.00,54400.00,48817.62,54053.60,18005.2240
2021-04-27T00:00:00,54047.80,55509.39,53321.00,55069.62,13957.0865
2021-04-28T00:00:00,55069.61,56476.17,53887.00,54894.03,16484.3368
2021-04-29T00:00:00,54889.81,55226.86,52369.61,53580.00,14592.3169
2021-04-30T00:00:00,53580.00,58075.01,53068.43,57798.77,16536.3329
2021-05-01T00:00:00,57798.77,58550.00,57050.94,57859.28,10787.0493
2021-05-02T00:00:00,57859.28,57972.26,56072.00,56625.20,7647.6258
2021-05-03T00:00:00,56625.21,58986.00,56500.00,57212.73,15165.0065
2021-05-04T00:00:00,57212.73,57247.24,53057.70,53241.92,23492.0587
2021-05-05T00:00:00,53241.91,57980.86,52913.02,57515.69,22918.9046
2021-05-06T00:00:00,57515.69,58400.00,55288.00,56440.66,18244.1361
2021-05-07T00:00:00,56444.82,58735.95,55300.00,57380.39,18323.8958
2021-05-08T00:00:00,57380.39,59559.84,56980.01,58958.05,15374.9444
2021-05-09T00:00:00,58958.06,59300.52,56265.30,58312.57,17169.7232
2021-05-10T00:00:00,58313.84,59592.20,53600.00,55866.41,24647.2354
2021-05-11T00:00:00,55866.38,56962.07,54511.48,56753.19,15446.6359
2021-05-12T00:00:00,56753.19,58041.00,48500.00,49498.77,29660.8427
2021-05-13T00:00:00,49498.76,52500.00,46000.00,49690.11,42250.0874
2021-05-14T00:00:00,49682.28,51569.56,48895.00,49893.48,21987.7936
2021-05-15T00:00:00,49893.48,50730.58,46573.00,46775.51,21936.1145
2021-05-16T00:00:00,46771.01,49808.28,43825.00,46450.79,30655.3306
2021-05-17T00:00:00,46450.78,46646.15,42101.00,43580.50,43660.2221
2021-05-18T00:00:00,43571.89,45851.00,42300.00,42857.15,28210.3002
2021-05-19T00:00:00,42865.05,43591.70,30000.00,36731.75,109537.2423
2021-05-20T00:00:00,36735.44,42605.00,35000.00,40623.33,51445.7974
2021-05-21T00:00:00,40623.24,42275.99,33501.54,37340.77,55961.9001
2021-05-22T00:00:00,37333.09,38889.76,35257.52,37476.83,29239.0274
2021-05-23T00:00:00,37476.84,38319.36,31111.00,34758.67,53433.3030
2021-05-24T00:00:00,34758.88,39966.87,34407.17,38878.56,44419.4583
2021-05-25T00:00:00,38874.53,39878.51,36481.26,38361.81,26107.5569
2021-05-26T00:00:00,38361.81,40900.00,37837.36,39293.23,25107.6863
2021-05-27T00:00:00,39293.23,40440.95,37191.99,38556.88,19390.8945
2021-05-28T00:00:00,38556.88,38900.00,34688.00,35680.47,36231.7233
2021-05-29T00:00:00,35680.48,37325.00,33650.86,34627.82,27999.1507
2021-05-30T00:00:00,34627.81,36500.00,33333.00,35669.44,16038.9466
2021-05-31T00:00:00,35669.44,37534.09,34183.00,37279.31,19527.1160
2021-06-01T00:00:00,37276.23,37918.97,35669.14,36685.00,15713.1028
2021-06-02T00:00:00,36684.99,38237.37,35920.00,37577.91,13952.3589
2021-06-03T00:00:00,37581.83,39489.82,37184.88,39248.55,14325.7561
2021-06-04T00:00:00,39248.54,39291.24,35593.22,36856.52,17917.6325
2021-06-05T00:00:00,36856.53,37921.35,34832.17,35539.49,13654.6903
2021-06-06T00:00:00,35539.97,36477.86,35258.00,35800.48,8184.5032
2021-06-07T00:00:00,35800.48,36812.39,33333.00,33575.91,18997.7163
2021-06-08T00:00:00,33567.26,34069.00,31004.95,33402.13,34937.5575
2021-06-09T00:00:00,33402.13,37573.99,32408.53,37403.86,26040.8979
2021-06-10T00:00:00,37404.75,38425.67,35800.00,36694.05,19853.8142
2021-06-11T00:00:00,36694.91,37695.00,35944.00,37338.44,14142.1935
2021-06-12T00:00:00,37340.08,37448.00,34635.47,35557.33,14516.5456
2021-06-13T00:00:00,35557.32,39396.00,34780.57,39015.24,15748.9620
2021-06-14T00:00:00,39015.24,41076.03,38744.83,40539.47,21916.8442
2021-06-15T00:00:00,40537.93,41322.55,39510.98,40162.37,17020.7030
2021-06-16T00:00:00,40158.06,40499.00,38105.00,38351.00,17238.5754
2021-06-17T00:00:00,38351.00,39554.98,37365.63,38095.17,15970.3503
2021-06-18T00:00:00,38103.94,38216.22,35153.16,35841.81,23472.3772
2021-06-19T00:00:00,35840.96,36457.18,34833.26,35484.79,16801.0867
2021-06-20T00:00:00,35484.80,36139.73,33347.05,35585.78,19400.0745
2021-06-21T00:00:00,35585.79,35741.54,31259.00,31609.82,41304.3990
2021-06-22T00:00:00,31609.82,33352.00,28800.00,32538.37,48409.1733
2021-06-23T00:00:00,32538.90,34881.02,31708.03,33688.35,23124.8125
2021-06-24T00:00:00,33688.51,35295.67,32300.00,34654.58,16868.9408
2021-06-25T00:00:00,34654.87,35500.00,31300.00,31594.63,26505.1927
2021-06-26T00:00:00,31594.62,32711.68,30173.49,32275.19,18299.3870
2021-06-27T00:00:00,32267.59,34749.00,32002.21,34709.23,14428.9298
2021-06-28T00:00:00,34708.53,35301.43,33864.99,34493.22,14920.2648
2021-06-29T00:00:00,34493.22,36675.00,34233.35,35904.28,17917.5983
2021-06-30T00:00:00,35906.17,36094.42,34033.00,35060.00,16700.7231
2021-07-01T00:00:00,35060.00,35066.54,32703.48,33516.11,13210.9510
2021-07-02T00:00:00,33510.93,33972.06,32704.73,33805.02,11765.6539
2021-07-03T00:00:00,33805.01,34953.07,33320.00,34682.16,6197.8011
2021-07-04T00:00:00,34685.03,35951.00,34390.53,35284.05,6224.0306
2021-07-05T00:00:00,35284.06,35290.82,33156.86,33697.78,9607.6062
2021-07-06T00:00:00,33697.78,35100.00,33300.00,34225.73,10313.0137
2021-07-07T00:00:00,34225.72,35077.46,33770.01,33878.56,9404.8980
2021-07-08T00:00:00,33879.50,33934.62,32111.00,32875.95,14147.3525
2021-07-09T00:00:00,32875.95,34100.00,32255.24,33824.26,8320.9065
2021-07-10T00:00:00,33824.25,34267.14,33027.83,33515.35,4906.2458
2021-07-11T00:00:00,33515.35,34607.37,33333.33,34259.23,7023.0650
2021-07-12T00:00:00,34259.22,34670.00,32665.00,33091.10,10145.2405
2021-07-13T00:00:00,33077.43,33337.61,32201.12,32734.14,9478.0422
2021-07-14T00:00:00,32734.14,33125.55,31600.00,32816.39,10355.3187
2021-07-15T00:00:00,32815.75,33187.60,31064.77,31868.68,11273.6117
2021-07-16T00:00:00,31872.49,32259.16,31025.42,31388.06,10006.4779
2021-07-17T00:00:00,31389.57,31949.99,31179.01,31533.91,5695.5741
2021-07-18T00:00:00,31533.90,32450.00,31125.60,31788.25,5006.4831
2021-07-19T00:00:00,31786.37,31887.82,30429.99,30842.03,11027.0053
2021-07-20T00:00:00,30842.04,31052.65,29301.56,29796.16,18114.1529
2021-07-21T00:00:00,29796.15,32825.00,29501.02,32135.19,15598.4783
2021-07-22T00:00:00,32152.68,32611.84,31729.68,32287.74,7704.6405
2021-07-23T00:00:00,32287.75,33647.27,32000.00,33647.26,9004.8426
2021-07-24T00:00:00,33647.27,34525.00,33424.70,34283.01,9864.7524
2021-07-25T00:00:00,34291.67,35451.04,33888.89,35428.26,9434.6300
2021-07-26T00:00:00,35428.25,40593.93,35251.54,37262.77,40354.5456
2021-07-27T00:00:00,37262.76,39550.00,36413.26,39470.48,24709.1044
2021-07-28T00:00:00,39475.99,40925.56,38803.34,40035.10,27198.3336
2021-07-29T00:00:00,40035.10,40644.85,39229.47,40039.44,11022.4251
2021-07-30T00:00:00,40039.44,42320.57,38342.00,42237.95,15063.2344
2021-07-31T00:00:00,42233.66,42414.61,41064.11,41495.01,9351.9429
2021-08-01T00:00:00,41499.00,42605.64,39426.00,39865.41,10617.6729
2021-08-02T00:00:00,39859.18,40459.68,38690.00,39149.59,12379.4122
2021-08-03T00:00:00,39149.59,39785.30,37627.21,38191.44,15094.8174
2021-08-04T00:00:00,38189.40,39965.10,37509.00,39722.41,15327.6762
2021-08-05T00:00:00,39718.90,41447.89,37300.00,40888.74,28507.8553
2021-08-06T00:00:00,40888.73,43399.26,39876.74,42869.58,20425.1145
2021-08-07T00:00:00,42869.59,44750.00,42457.27,44637.34,19634.7948
2021-08-08T00:00:00,44628.11,45363.83,43131.97,43829.14,18712.2716
2021-08-09T00:00:00,43829.15,46497.42,42821.30,46285.48,19464.7249
2021-08-10T00:00:00,46280.00,46718.44,44650.27,45595.66,13756.5007
2021-08-11T00:00:00,45601.82,46781.09,45350.74,45553.49,11628.3204
2021-08-12T00:00:00,45553.10,46223.95,43714.36,44422.14,13169.7818
2021-08-13T00:00:00,44422.15,47953.90,44249.64,47833.64,11794.9420
2021-08-14T00:00:00,47833.64,48176.52,46034.93,47109.65,8130.3677
2021-08-15T00:00:00,47109.64,47400.00,45525.19,47014.49,7745.7020
2021-08-16T00:00:00,47014.38,48076.52,45676.91,45902.46,10467.6603
2021-08-17T00:00:00,45903.22,47174.62,44405.39,44671.58,12756.1478
2021-08-18T00:00:00,44675.34,46035.27,44216.47,44707.98,10327.4989
2021-08-19T00:00:00,44709.10,47088.08,43955.00,46765.87,11938.1219
2021-08-20T00:00:00,46769.02,49400.00,46644.95,49342.40,13184.6705
2021-08-21T00:00:00,49349.99,49821.92,48285.28,48867.02,9574.8362
2021-08-22T00:00:00,48870.21,49526.13,48102.89,49284.63,6243.3964
2021-08-23T00:00:00,49284.38,50505.00,49012.84,49506.50,10824.2684
2021-08-24T00:00:00,49504.53,49875.90,47600.00,47682.45,12068.3382
2021-08-25T00:00:00,47682.45,49277.00,47122.02,48987.33,9289.2318
2021-08-26T00:00:00,48991.57,49365.10,46315.48,46851.47,11651.3437
2021-08-27T00:00:00,46851.47,49185.12,46361.01,49077.57,8924.1225
2021-08-28T00:00:00,49081.08,49309.83,48370.00,48942.94,4895.7019
2021-08-29T00:00:00,48942.89,49667.10,47801.00,48802.58,6935.0951
2021-08-30T00:00:00,48802.58,48906.51,46866.00,46993.71,12249.2374
2021-08-31T00:00:00,46996.80,48259.68,46708.93,47112.50,12919.4397
2021-09-01T00:00:00,47110.33,49125.00,46537.62,48839.86,13010.8384
2021-09-02T00:00:00,48834.27,50392.19,48620.73,49279.37,14120.3826
2021-09-03T00:00:00,49279.38,51064.44,48349.66,50025.00,14577.2262
2021-09-04T00:00:00,50025.00,50558.75,49400.00,49942.98,7595.4882
2021-09-05T00:00:00,49944.89,51907.08,49500.00,51789.17,7743.9347
2021-09-06T00:00:00,51789.17,52802.03,51020.08,52698.81,9571.7547
2021-09-07T00:00:00,52698.80,52944.96,42830.77,46894.50,29022.8154
2021-09-08T00:00:00,46894.49,47381.47,44423.49,46060.36,19624.5509
2021-09-09T00:00:00,46059.94,47400.00,45511.82,46400.00,13594.6463
2021-09-10T00:00:00,46396.26,47040.76,44140.48,44851.45,14905.5480
2021-09-11T00:00:00,44850.37,45989.94,44730.29,45171.83,6207.3834
2021-09-12T00:00:00,45173.66,46462.98,44754.31,46024.23,6499.8582
2021-09-13T00:00:00,46027.80,46900.00,43465.00,44947.72,15015.3029
2021-09-14T00:00:00,44953.23,47274.92,44679.92,47127.22,12644.1644
2021-09-15T00:00:00,47127.81,48475.00,46705.00,48148.12,12139.8421
2021-09-16T00:00:00,48144.03,48499.99,47020.82,47753.16,11739.2797
2021-09-17T00:00:00,47753.15,48176.64,46752.67,47303.50,9088.5696
2021-09-18T00:00:00,47306.87,48825.62,47050.00,48314.56,7491.0345
2021-09-19T00:00:00,48309.86,48379.19,46850.87,47255.92,7086.3463
2021-09-20T00:00:00,47253.71,47358.92,42500.00,43012.97,27706.6764
2021-09-21T00:00:00,43007.69,43639.88,39600.00,40719.60,27275.3382
2021-09-22T00:00:00,40736.81,44035.44,40570.42,43575.10,19462.5387
2021-09-23T00:00:00,43575.19,45000.00,43096.73,44897.59,13446.8747
2021-09-24T00:00:00,44896.55,45200.00,40683.29,42848.92,22451.5771
2021-09-25T00:00:00,42848.44,42998.76,41675.00,42705.51,7383.3239
2021-09-26T00:00:00,42705.51,43937.00,40803.00,43178.02,9971.6455
2021-09-27T00:00:00,43172.17,44366.96,42111.00,42171.76,10094.7710
2021-09-28T00:00:00,42166.31,42780.00,40897.70,41026.07,10491.8136
2021-09-29T00:00:00,41030.19,42638.99,40750.12,41522.16,10303.3015
2021-09-30T00:00:00,41519.11,44110.17,41409.67,43824.43,12835.9838
2021-10-01T00:00:00,43828.89,48500.00,43287.44,48165.76,20095.3316
2021-10-02T00:00:00,48165.76,48359.33,47451.00,47657.69,7262.6344
2021-10-03T00:00:00,47663.74,49300.00,47120.11,48233.99,7989.2593
2021-10-04T00:00:00,48233.99,49505.00,46916.70,49245.54,13938.6418
2021-10-05T00:00:00,49244.13,51906.23,49057.18,51493.99,17828.5973
2021-10-06T00:00:00,51499.77,55757.11,50416.01,55339.48,25869.6493
2021-10-07T00:00:00,55346.95,55356.85,53379.00,53797.82,15820.8342
2021-10-08T00:00:00,53805.46,56113.00,53634.41,53963.82,12416.9020
2021-10-09T00:00:00,53965.18,55500.00,53675.00,54962.29,7123.0551
2021-10-10T00:00:00,54963.29,56545.24,54112.95,54690.53,9370.1912
2021-10-11T00:00:00,54683.09,57833.23,54411.54,57487.44,13422.4208
2021-10-12T00:00:00,57485.97,57674.55,53873.78,56005.10,15457.0090
2021-10-13T00:00:00,56005.10,57771.33,54236.09,57367.32,14691.0134
2021-10-14T00:00:00,57367.32,58520.71,56832.32,57359.51,12198.0246
2021-10-15T00:00:00,57359.51,62910.00,56867.11,61695.39,27105.1976
2021-10-16T00:00:00,61690.32,62350.00,60139.01,60877.42,10161.2582
2021-10-17T00:00:00,60867.05,61744.17,58943.83,61527.11,9153.3227
2021-10-18T00:00:00,61530.07,62675.19,59887.74,62042.41,19798.1489
2021-10-19T00:00:00,62042.40,64500.00,61333.00,64303.14,17380.3049
2021-10-20T00:00:00,64303.14,66999.00,63525.00,66026.54,19194.4541
2021-10-21T00:00:00,66021.26,66650.85,62050.00,62204.02,23474.3913
2021-10-22T00:00:00,62204.01,63750.00,60000.00,60687.64,17217.7077
2021-10-23T00:00:00,60682.88,61750.00,59650.00,61300.01,6708.1501
2021-10-24T00:00:00,61300.02,61491.96,59522.89,60854.48,8573.7272
2021-10-25T00:00:00,60847.91,63726.58,60653.50,63083.54,10496.5806
2021-10-26T00:00:00,63081.96,63290.49,59837.07,60337.62,12181.4814
2021-10-27T00:00:00,60333.19,61488.00,58100.00,58455.47,18856.6857
2021-10-28T00:00:00,58462.73,62477.47,57653.88,60591.65,19354.4990
2021-10-29T00:00:00,60591.63,62974.00,60188.73,62276.72,15497.0110
2021-10-30T00:00:00,62287.95,62379.20,60725.01,61892.41,6793.5970
2021-10-31T00:00:00,61896.38,62427.02,60001.00,61343.68,8371.1699
2021-11-01T00:00:00,61346.17,62500.00,59500.00,60949.54,11724.3416
2021-11-02T00:00:00,60956.40,64300.00,60672.16,63266.51,13694.1154
2021-11-03T00:00:00,63266.50,63568.36,60070.00,62935.41,12951.8718
2021-11-04T00:00:00,62935.40,63114.14,60728.77,61444.50,11051.7585
2021-11-05T00:00:00,61444.49,62638.59,60777.00,61006.15,10598.7962
2021-11-06T00:00:00,61006.14,61599.25,60125.00,61539.31,6366.4386
2021-11-07T00:00:00,61539.30,63327.96,61397.86,63309.13,5596.0246
2021-11-08T00:00:00,63309.12,67792.77,63309.12,67554.84,17661.8730
2021-11-09T00:00:00,67554.13,68568.85,66261.79,66944.66,14996.6251
2021-11-10T00:00:00,66938.76,69000.00,62800.00,64912.20,19030.2452
2021-11-11T00:00:00,64912.20,65600.00,64133.78,64807.59,10259.5147
2021-11-12T00:00:00,64807.73,65477.06,62300.00,64147.90,13658.6266
2021-11-13T00:00:00,64144.42,64990.00,63394.17,64400.01,5968.1035
2021-11-14T00:00:00,64400.01,65525.00,63596.90,65505.02,6081.5723
2021-11-15T00:00:00,65505.03,66339.90,63371.00,63624.59,10426.5552
2021-11-16T00:00:00,63621.05,63624.60,58638.00,60107.98,24910.1527
2021-11-17T00:00:00,60101.56,60824.38,58380.00,60351.51,20907.2155
2021-11-18T00:00:00,60351.51,60977.21,56514.13,56898.00,26749.2120
2021-11-19T00:00:00,56898.46,58412.12,55625.00,58122.16,18554.5606
2021-11-20T00:00:00,58122.15,59900.00,57423.35,59760.76,7584.6524
2021-11-21T00:00:00,59760.76,60070.00,58509.69,58671.21,6661.3664
2021-11-22T00:00:00,58671.22,59526.51,55641.03,56280.81,15889.2208
2021-11-23T00:00:00,56280.81,57886.03,55377.00,57566.85,14019.7817
2021-11-24T00:00:00,57562.65,57607.97,55875.01,57162.66,12509.2597
2021-11-25T00:00:00,57158.58,59445.99,57037.04,58987.27,10668.6768
2021-11-26T00:00:00,58994.72,59194.00,53533.00,53757.67,25946.3017
2021-11-27T00:00:00,53757.67,55316.67,53642.58,54759.05,7899.3035
2021-11-28T00:00:00,54759.04,57490.00,53327.00,57317.17,8222.4249
2021-11-29T00:00:00,57318.51,58908.27,56730.00,57838.06,13454.2334
2021-11-30T00:00:00,57838.06,59249.77,55910.33,56987.97,18038.7877
2021-12-01T00:00:00,56998.35,59118.84,56465.75,57226.50,16607.3087
2021-12-02T00:00:00,57226.51,57423.69,55845.00,56521.46,12969.2195
2021-12-03T00:00:00,56521.45,57670.68,51640.00,53638.04,19567.6311
2021-12-04T00:00:00,53633.02,53876.09,42333.00,49241.12,39023.3298
2021-12-05T00:00:00,49235.26,49783.00,47827.00,49484.22,21727.1382
2021-12-06T00:00:00,49484.21,51105.00,47200.00,50529.56,23082.3047
2021-12-07T00:00:00,50529.56,51995.00,50067.10,50625.48,14107.3322
2021-12-08T00:00:00,50625.24,51250.00,48650.02,50519.68,13138.9918
2021-12-09T00:00:00,50520.94,50844.86,47323.23,47568.43,15749.4243
2021-12-10T00:00:00,47568.43,50148.49,46900.00,47170.94,15689.5742
2021-12-11T00:00:00,47170.94,49517.18,46786.78,49407.75,11045.2237
2021-12-12T00:00:00,49424.47,50828.13,48665.43,50089.64,10411.0818
2021-12-13T00:00:00,50089.64,50218.42,45727.92,46727.89,20797.2883
2021-12-14T00:00:00,46727.89,48686.91,46300.00,48367.43,17107.0343
2021-12-15T00:00:00,48359.23,49500.00,46530.00,48884.78,21621.7098
2021-12-16T00:00:00,48878.83,49459.39,47524.66,47634.22,12731.2368
2021-12-17T00:00:00,47634.20,48000.00,45469.32,46166.50,18556.0790
2021-12-18T00:00:00,46159.87,47368.73,45515.72,46859.46,8170.8530
2021-12-19T00:00:00,46857.49,48351.92,46440.11,46687.19,9518.7071
2021-12-20T00:00:00,46687.20,47548.93,45568.00,46926.07,16039.3851
2021-12-21T00:00:00,46926.07,49339.31,46645.05,48914.70,15461.4106
2021-12-22T00:00:00,48914.70,49595.00,48450.00,48608.62,10753.4991
2021-12-23T00:00:00,48608.61,51397.82,48032.16,50842.20,16627.0463
2021-12-24T00:00:00,50842.06,51878.60,50445.55,50851.38,11690.4542
2021-12-25T00:00:00,50852.31,51171.68,50191.84,50428.31,5550.5715
2021-12-26T00:00:00,50428.31,51295.33,49460.00,50801.79,6863.3947
2021-12-27T00:00:00,50804.33,52100.00,50480.00,50717.77,11596.9147
2021-12-28T00:00:00,50720.35,50720.35,47300.23,47543.09,23116.7558
2021-12-29T00:00:00,47542.20,48149.58,46094.02,46471.24,20326.3214
2021-12-30T00:00:00,46471.24,47926.15,45938.44,47122.08,27413.6536
2021-12-31T00:00:00,47122.09,48574.70,45650.00,46211.24,19010.2413
2022-01-01T00:00:00,46211.24,47967.12,46205.00,47733.43,9463.6617
2022-01-02T00:00:00,47733.43,47990.00,46633.36,47299.07,6833.4985
2022-01-03T00:00:00,47299.06,47583.33,45700.00,46459.56,10841.8102
2022-01-04T00:00:00,46459.57,47532.89,45515.00,45814.61,16320.3271
2022-01-05T00:00:00,45817.13,47076.55,42500.00,43436.04,25067.6748
2022-01-06T00:00:00,43446.34,43794.50,42432.99,43083.76,20780.0478
2022-01-07T00:00:00,43081.79,43144.72,40571.53,41565.18,26122.1999
2022-01-08T00:00:00,41564.57,42318.97,40505.30,41684.84,15454.1132
2022-01-09T00:00:00,41684.84,42831.12,41209.53,41876.52,11074.2250
2022-01-10T00:00:00,41876.52,42250.00,39650.00,41824.07,25232.3574
2022-01-11T00:00:00,41824.06,43130.00,41274.80,42753.44,19697.4661
2022-01-12T00:00:00,42749.84,44342.83,42459.21,43920.37,16250.2147
2022-01-13T00:00:00,43921.21,44453.22,42325.00,42581.65,14772.0948
2022-01-14T00:00:00,42576.27,43473.98,41752.00,43090.72,13545.7509
2022-01-15T00:00:00,43090.72,43819.39,42577.35,43098.20,6318.3855
2022-01-16T00:00:00,43098.20,43497.24,42600.00,43104.34,6481.6580
2022-01-17T00:00:00,43104.34,43200.00,41567.64,42218.01,10963.8519
2022-01-18T00:00:00,42214.66,42692.71,41287.79,42369.74,13658.5037
2022-01-19T00:00:00,42372.15,42586.03,41126.00,41674.27,15642.4173
2022-01-20T00:00:00,41672.14,43511.99,40555.00,40670.97,17860.8232
2022-01-21T00:00:00,40671.77,41127.79,35422.00,36456.94,50742.8962
2022-01-22T00:00:00,36456.67,36835.93,34017.56,35066.43,30044.1249
2022-01-23T00:00:00,35075.70,36555.55,34625.00,36282.47,17440.2274
2022-01-24T00:00:00,36275.28,37574.63,32933.33,36693.32,38776.2902
2022-01-25T00:00:00,36687.58,37579.81,35716.15,36980.00,21597.5220
2022-01-26T00:00:00,36980.00,38960.00,36254.97,36840.63,27403.9913
2022-01-27T00:00:00,36846.22,37249.00,35526.36,37188.37,23601.4621
2022-01-28T00:00:00,37188.37,38023.74,36162.48,37741.90,22716.1649
2022-01-29T00:00:00,37741.90,38748.43,37300.00,38191.10,13103.1908
2022-01-30T00:00:00,38189.82,38384.07,37365.31,37901.35,10632.5359
2022-01-31T00:00:00,37904.99,38785.04,36640.94,38491.93,19654.9849
2022-02-01T00:00:00,38492.53,39300.00,38021.53,38716.88,16379.9314
2022-02-02T00:00:00,38714.27,38888.88,36584.29,36923.39,13787.5872
2022-02-03T00:00:00,36923.39,37450.75,36259.01,37329.91,13283.2862
2022-02-04T00:00:00,37324.61,41788.81,37051.36,41614.64,22537.5583
2022-02-05T00:00:00,41613.75,41970.00,40955.40,41404.85,11187.2012
2022-02-06T00:00:00,41411.59,42719.93,41135.39,42415.16,6447.8849
2022-02-07T00:00:00,42416.06,44533.00,41678.79,43868.07,20040.4986
2022-02-08T00:00:00,43868.08,45519.24,42688.00,44085.59,20387.6457
2022-02-09T00:00:00,44087.58,44865.46,43155.50,44416.35,12785.8117
2022-02-10T00:00:00,44416.39,45855.00,43210.00,43527.71,20024.5233
2022-02-11T00:00:00,43521.88,43962.13,42000.00,42386.47,19367.4152
2022-02-12T00:00:00,42386.47,43050.00,41750.00,42244.97,8664.4196
2022-02-13T00:00:00,42244.91,42781.96,41885.61,42074.99,6208.9409
2022-02-14T00:00:00,42073.37,42876.15,41570.00,42548.71,14805.9834
2022-02-15T00:00:00,42548.71,44775.96,42433.28,44583.52,14154.7345
2022-02-16T00:00:00,44580.73,44585.69,43330.59,43895.56,9663.4404
2022-02-17T00:00:00,43895.55,44195.62,40099.99,40536.73,18630.1084
2022-02-18T00:00:00,40537.94,40990.90,39425.07,39983.56,16491.0131
2022-02-19T00:00:00,39993.64,40469.82,39655.00,40101.94,6277.3020
2022-02-20T00:00:00,40101.93,40146.07,38000.00,38389.03,10972.3218
2022-02-21T00:00:00,38395.99,39506.91,36811.00,37023.00,20970.7638
2022-02-22T00:00:00,37022.11,38469.06,36350.00,38251.48,22767.0877
2022-02-23T00:00:00,38251.67,39276.85,37055.00,37268.19,15510.1133
2022-02-24T00:00:00,37268.18,39720.00,34322.00,38347.30,42124.5188
2022-02-25T00:00:00,38347.30,39716.00,38016.44,39238.48,20761.6692
2022-02-26T00:00:00,39242.71,40300.50,38592.04,39137.80,8601.6711
2022-02-27T00:00:00,39146.97,39875.71,37020.00,37717.08,14440.2364
2022-02-28T00:00:00,37716.57,44240.77,37455.71,43192.66,25699.6842
2022-03-01T00:00:00,43189.61,44993.12,42850.00,44439.95,22596.9610
2022-03-02T00:00:00,44440.00,45426.45,43342.16,43912.34,17466.9859
2022-03-03T00:00:00,43916.47,44096.45,41811.00,42464.41,19278.2822
2022-03-04T00:00:00,42464.41,42524.87,38577.01,39166.51,24080.6060
2022-03-05T00:00:00,39166.50,39600.00,38587.27,39402.43,8440.5164
2022-03-06T00:00:00,39407.87,39730.50,38091.02,38408.38,10099.9855
2022-03-07T00:00:00,38406.82,39556.58,37161.88,37994.00,19544.2841
2022-03-08T00:00:00,37991.05,39376.65,37851.54,38749.38,19132.7691
2022-03-09T00:00:00,38749.16,42597.84,38655.98,41953.97,24651.6734
2022-03-10T00:00:00,41949.28,42053.84,38560.85,39433.71,20814.0146
2022-03-11T00:00:00,39431.40,40251.51,38234.08,38732.04,15908.5752
2022-03-12T00:00:00,38732.33,39472.17,38654.02,38813.02,5644.1469
2022-03-13T00:00:00,38815.56,39318.19,37580.86,37793.01,8046.3761
2022-03-14T00:00:00,37793.40,39906.39,37560.40,39674.17,13566.8109
2022-03-15T00:00:00,39678.51,39900.00,38135.00,39298.10,14924.6764
2022-03-16T00:00:00,39298.11,41717.67,38850.00,41127.97,22805.4826
2022-03-17T00:00:00,41127.96,41486.00,40521.00,40950.33,15717.7742
2022-03-18T00:00:00,40950.23,42396.04,40130.00,41774.98,17181.1523
2022-03-19T00:00:00,41781.37,42429.00,41534.89,42232.26,8630.9728
2022-03-20T00:00:00,42232.05,42330.10,40918.72,41287.24,7621.0304
2022-03-21T00:00:00,41287.24,41578.33,40509.00,41017.71,10996.4766
2022-03-22T00:00:00,41017.70,43389.79,40885.19,42378.26,19913.2866
2022-03-23T00:00:00,42376.03,43036.95,41766.79,42899.71,13745.2756
2022-03-24T00:00:00,42899.71,44241.00,42627.48,44012.29,21827.9326
2022-03-25T00:00:00,44012.36,45130.91,43605.80,44331.85,19128.1374
2022-03-26T00:00:00,44336.19,44820.58,44091.09,44539.42,7305.1783
2022-03-27T00:00:00,44538.21,46950.00,44437.22,46850.01,10356.1032
2022-03-28T00:00:00,46850.01,48240.00,46662.28,47144.92,18787.6632
2022-03-29T00:00:00,47146.92,48124.94,46589.00,47454.19,15776.6511
2022-03-30T00:00:00,47448.41,47717.01,46544.89,47078.03,12672.4458
2022-03-31T00:00:00,47078.02,47624.09,45211.00,45528.45,17454.7914
2022-04-01T00:00:00,45525.25,46739.24,44232.86,46296.34,18111.1360
2022-04-02T00:00:00,46296.36,47219.46,45642.89,45826.27,8380.1427
2022-04-03T00:00:00,45826.24,47469.40,45552.07,46422.16,8773.7719
2022-04-04T00:00:00,46420.08,46900.00,45129.93,46596.83,13802.4411
2022-04-05T00:00:00,46594.39,47200.00,45371.16,45506.50,14390.5731
2022-04-06T00:00:00,45509.92,45523.25,43115.26,43166.70,24250.3728
2022-04-07T00:00:00,43166.71,43908.58,42734.69,43452.18,13245.3661
2022-04-08T00:00:00,43444.71,44000.00,42112.00,42262.02,11929.5212
2022-04-09T00:00:00,42261.90,42816.38,42118.96,42766.93,4805.7169
2022-04-10T00:00:00,42766.46,43443.32,41885.86,42165.96,5770.4937
2022-04-11T00:00:00,42165.96,42424.14,39204.59,39535.87,17229.3729
2022-04-12T00:00:00,39535.88,40705.68,39250.00,40086.23,13866.4185
2022-04-13T00:00:00,40086.70,41570.88,39550.00,41146.68,11457.6338
2022-04-14T00:00:00,41147.15,41512.43,39573.80,39954.08,11020.3720
2022-04-15T00:00:00,39953.62,40850.00,39770.22,40554.58,6448.0113
2022-04-16T00:00:00,40554.60,40699.99,40005.00,40387.60,4084.1657
2022-04-17T00:00:00,40387.60,40605.46,39553.07,39683.54,4833.3149
2022-04-18T00:00:00,39681.11,41100.00,38550.00,40803.58,13090.7942
2022-04-19T00:00:00,40810.87,41772.94,40571.99,41503.85,10218.1137
2022-04-20T00:00:00,41501.56,42209.58,40900.00,41377.61,14609.2839
2022-04-21T00:00:00,41371.88,43109.47,39744.75,40480.81,17204.3533
2022-04-22T00:00:00,40483.38,40802.65,39174.80,39712.25,16871.3210
2022-04-23T00:00:00,39712.20,39993.82,39296.19,39465.87,6957.1671
2022-04-24T00:00:00,39459.63,39945.74,39000.00,39464.56,6436.4566
2022-04-25T00:00:00,39463.75,40605.30,38210.24,40439.22,20515.8753
2022-04-26T00:00:00,40440.90,40817.16,37700.00,38113.82,21648.1142
2022-04-27T00:00:00,38118.43,39470.00,37882.83,39251.11,20832.1965
2022-04-28T00:00:00,39251.02,40400.00,38883.83,39743.22,16718.8306
2022-04-29T00:00:00,39741.21,39926.80,38161.85,38593.10,14282.2599
2022-04-30T00:00:00,38592.27,38795.00,37590.00,37644.10,6931.0720
2022-05-01T00:00:00,37640.35,38675.37,37401.00,38473.05,7980.8998
2022-05-02T00:00:00,38469.49,39181.27,38041.00,38510.89,17946.9835
2022-05-03T00:00:00,38510.88,38643.48,37505.01,37719.59,17946.9945
2022-05-04T00:00:00,37719.58,40038.27,37651.38,39669.56,21513.9542
2022-05-05T00:00:00,39669.56,39864.55,35568.00,36537.22,28832.9979
2022-05-06T00:00:00,36537.22,36664.40,35255.40,35999.10,28626.6488
2022-05-07T00:00:00,35999.10,36125.00,34785.00,35458.00,11372.4532
2022-05-08T00:00:00,35458.00,35499.93,33701.00,34027.91,22357.5115
2022-05-09T00:00:00,34033.49,34231.54,30010.00,30078.27,55136.4533
2022-05-10T00:00:00,30078.27,32645.49,29735.05,31002.39,55818.0190
2022-05-11T00:00:00,31002.39,32185.90,27682.38,28972.34,61128.2530
2022-05-12T00:00:00,28977.75,30091.20,25338.53,28941.95,70702.6093
2022-05-13T00:00:00,28941.95,30990.00,28662.70,29232.18,34643.0512
2022-05-14T00:00:00,29234.73,30287.58,28564.38,30041.88,15245.4682
2022-05-15T00:00:00,30041.90,31418.35,29436.06,31290.05,16440.8930
2022-05-16T00:00:00,31290.02,31293.31,29055.00,29839.89,22646.1851
2022-05-17T00:00:00,29839.89,30750.00,29415.01,30412.12,19833.3068
2022-05-18T00:00:00,30412.10,30675.92,28605.00,28672.94,28348.4264
2022-05-19T00:00:00,28671.50,30500.00,28645.20,30274.59,29009.9711
2022-05-20T00:00:00,30274.59,30729.83,28690.92,29155.75,34328.1879
2022-05-21T00:00:00,29155.74,29613.34,28913.26,29408.26,9998.4836
2022-05-22T00:00:00,29407.40,30457.90,29211.00,30260.87,11774.1366
2022-05-23T00:00:00,30258.04,30635.39,28847.72,29082.52,25413.0826
2022-05-24T00:00:00,29079.31,29802.00,28611.00,29626.44,17077.0387
2022-05-25T00:00:00,29627.61,30192.08,29296.12,29503.49,17180.5660
2022-05-26T00:00:00,29503.48,29850.00,28000.00,29166.06,26598.5861
2022-05-27T00:00:00,29166.06,29355.40,28220.00,28598.31,21035.5374
2022-05-28T00:00:00,28598.31,29239.52,28500.00,29008.99,7717.3437
2022-05-29T00:00:00,29008.99,29550.00,28809.84,29447.07,6727.9277
2022-05-30T00:00:00,29447.08,32232.16,29273.65,31711.42,24915.3728
2022-05-31T00:00:00,31716.67,32383.96,31195.90,31784.05,21187.7767
2022-06-01T00:00:00,31784.18,31964.56,29308.01,29788.79,26857.4626
2022-06-02T00:00:00,29789.19,30655.00,29558.61,30433.75,18519.1261
2022-06-03T00:00:00,30429.12,30674.95,29213.47,29670.85,15016.7818
2022-06-04T00:00:00,29672.77,29952.00,29454.14,29843.18,6390.7594
2022-06-05T00:00:00,29837.56,30158.44,29505.65,29901.54,5482.4963
2022-06-06T00:00:00,29899.62,31745.00,29866.44,31343.61,20384.9122
2022-06-07T00:00:00,31349.59,31549.21,29200.00,31106.90,23234.0812
2022-06-08T00:00:00,31111.00,31306.32,29829.98,30177.00,16775.5332
2022-06-09T00:00:00,30182.92,30679.72,29904.00,30079.62,13334.2349
2022-06-10T00:00:00,30079.59,30337.83,28821.15,29063.11,23208.7706
2022-06-11T00:00:00,29058.79,29411.11,28080.01,28388.63,13276.7619
2022-06-12T00:00:00,28395.03,28516.33,26532.95,26555.20,18661.9419
2022-06-13T00:00:00,26555.17,26869.35,21920.00,22460.97,81724.8447
2022-06-14T00:00:00,22460.97,23299.22,20816.40,22120.25,47382.8014
2022-06-15T00:00:00,22120.23,22769.12,20071.00,22562.33,62040.4535
2022-06-16T00:00:00,22562.33,22974.10,20200.00,20372.00,37587.2170
2022-06-17T00:00:00,20371.96,21338.70,20209.73,20447.86,25560.0492
2022-06-18T00:00:00,20447.86,20750.00,17567.45,18948.89,52894.9757
2022-06-19T00:00:00,18944.66,20795.11,17934.26,20552.44,29383.3437
2022-06-20T00:00:00,20552.39,21041.62,19603.80,20549.75,24904.1165
2022-06-21T00:00:00,20547.68,21711.00,20328.03,20696.96,23770.7514
2022-06-22T00:00:00,20699.63,20873.52,19751.51,19968.46,26569.6321
2022-06-23T00:00:00,19970.07,21211.97,19869.41,21104.45,21460.7688
2022-06-24T00:00:00,21104.45,21537.46,20712.54,21223.72,21361.7653
2022-06-25T00:00:00,21221.13,21594.50,20900.00,21478.04,12877.9734
2022-06-26T00:00:00,21474.14,21866.00,20944.68,21027.92,11145.8885
2022-06-27T00:00:00,21024.85,21520.00,20500.00,20725.17,17440.9427
2022-06-28T00:00:00,20722.95,21189.99,20164.70,20252.89,17658.6604
2022-06-29T00:00:00,20253.50,20410.91,19823.43,20094.79,18278.4519
2022-06-30T00:00:00,20098.00,20143.53,18603.00,19985.62,28361.4588
2022-07-01T00:00:00,19985.62,20879.99,18938.33,19252.76,32977.0005
2022-07-02T00:00:00,19252.76,19422.02,18955.02,19224.03,10707.7416
2022-07-03T00:00:00,19225.54,19622.33,18755.75,19291.33,11826.3654
2022-07-04T00:00:00,19291.35,20331.76,19029.33,20211.35,14462.5723
2022-07-05T00:00:00,20212.42,20734.89,19274.95,20153.51,21938.4019
2022-07-06T00:00:00,20153.74,20650.00,19743.00,20542.67,18489.1290
2022-07-07T00:00:00,20542.66,21855.72,20224.80,21614.60,25211.3328
2022-07-08T00:00:00,21618.04,22490.54,21172.00,21582.20,25311.0038
2022-07-09T00:00:00,21582.28,21959.30,21311.04,21583.99,9424.3141
2022-07-10T00:00:00,21582.23,21595.75,20636.53,20850.65,9610.9040
2022-07-11T00:00:00,20850.65,20854.32,19860.12,19942.43,16061.4534
2022-07-12T00:00:00,19942.44,20037.46,19226.47,19303.65,21631.5223
2022-07-13T00:00:00,19304.71,20330.71,18892.00,20220.23,28211.9156
2022-07-14T00:00:00,20219.69,20893.73,19607.14,20577.02,24371.5091
2022-07-15T00:00:00,20574.96,21196.37,20368.67,20827.55,17731.3416
2022-07-16T00:00:00,20823.06,21582.71,20475.94,21189.68,12479.6034
2022-07-17T00:00:00,21189.23,21667.10,20750.10,20791.74,11450.6740
2022-07-18T00:00:00,20791.74,22777.00,20755.95,22427.56,31445.5133
2022-07-19T00:00:00,22434.97,23800.00,21578.57,23395.06,34808.9013
2022-07-20T00:00:00,23398.46,24287.13,22899.00,23226.99,34094.8116
2022-07-21T00:00:00,23225.24,23434.65,22340.07,23153.96,24113.4310
2022-07-22T00:00:00,23152.76,23763.55,22505.56,22687.68,20884.2589
2022-07-23T00:00:00,22688.85,23006.16,21941.01,22450.69,12592.3007
2022-07-24T00:00:00,22451.36,23036.46,22263.85,22583.43,9132.9615
2022-07-25T00:00:00,22583.37,22665.74,21254.97,21313.41,22277.3138
2022-07-26T00:00:00,21312.06,21344.43,20715.00,21261.57,19333.3569
2022-07-27T00:00:00,21260.22,23110.73,21045.73,22962.59,24206.7301
2022-07-28T00:00:00,22960.74,24206.11,22580.86,23851.70,25681.2535
2022-07-29T00:00:00,23851.66,24450.00,23429.71,23784.50,18431.0020
2022-07-30T00:00:00,23787.84,24666.00,23516.11,23650.13,13265.4782
2022-07-31T00:00:00,23648.15,24192.18,23240.01,23307.44,7969.6472
2022-08-01T00:00:00,23307.44,23518.89,22850.00,23273.86,12543.4856
2022-08-02T00:00:00,23273.85,23464.97,22659.06,22989.40,15013.7783
2022-08-03T00:00:00,22994.78,23650.96,22694.56,22825.00,23966.7809
2022-08-04T00:00:00,22824.88,23234.29,22392.88,22623.94,21755.9637
2022-08-05T00:00:00,22624.44,23478.58,22589.83,23320.81,26745.9129
2022-08-06T00:00:00,23320.71,23357.19,22917.49,22960.93,9285.1924
2022-08-07T00:00:00,22960.86,23405.02,22852.13,23177.39,8297.1923
2022-08-08T00:00:00,23180.26,24251.08,23158.32,23815.65,24093.3322
2022-08-09T00:00:00,23815.68,23929.35,22871.66,23158.27,22349.0782
2022-08-10T00:00:00,23158.32,24224.67,22666.23,23962.18,25974.4977
2022-08-11T00:00:00,23959.30,24929.99,23862.66,23944.86,29681.3592
2022-08-12T00:00:00,23944.85,24463.01,23600.01,24415.18,17244.1510
2022-08-13T00:00:00,24415.08,24898.91,24302.36,24456.49,13678.3045
2022-08-14T00:00:00,24456.17,25054.10,24151.63,24316.71,23306.1710
2022-08-15T00:00:00,24316.58,25214.57,23777.00,24097.82,27821.2561
2022-08-16T00:00:00,24099.70,24253.98,23668.00,23857.93,19601.9058
2022-08-17T00:00:00,23857.89,24448.49,23180.14,23341.17,22747.4390
2022-08-18T00:00:00,23344.42,23600.00,23107.27,23189.46,13825.6309
2022-08-19T00:00:00,23188.94,23206.76,20782.39,20834.94,45962.7257
2022-08-20T00:00:00,20834.94,21372.93,20760.93,21139.23,21809.4049
2022-08-21T00:00:00,21139.22,21795.08,21067.33,21518.62,16024.8213
2022-08-22T00:00:00,21514.45,21540.00,20889.69,21398.25,26215.9368
2022-08-23T00:00:00,21396.37,21679.52,20889.69,21528.34,22744.0510
2022-08-24T00:00:00,21526.74,21925.00,21147.41,21367.12,22538.9139
2022-08-25T00:00:00,21367.12,21818.32,21307.32,21561.86,17065.2835
2022-08-26T00:00:00,21561.49,21878.05,20112.78,20240.72,37169.0264
2022-08-27T00:00:00,20240.63,20389.14,19800.00,20036.69,22160.9794
2022-08-28T00:00:00,20035.30,20164.26,19513.74,19554.03,17117.3191
2022-08-29T00:00:00,19552.31,20427.19,19545.57,20286.97,33436.3565
2022-08-30T00:00:00,20286.95,20582.64,19540.14,19813.17,46462.2794
2022-08-31T00:00:00,19813.97,20489.00,19799.97,20048.26,36587.6032
2022-09-01T00:00:00,20048.27,20205.53,19561.01,20133.65,23858.6486
2022-09-02T00:00:00,20132.67,20444.00,19755.00,19953.74,19929.5459
2022-09-03T00:00:00,19953.40,20053.90,19655.00,19835.47,9538.4981
2022-09-04T00:00:00,19833.59,20026.20,19588.27,20004.73,10670.6077
2022-09-05T00:00:00,20003.85,20060.00,19633.11,19794.58,13935.1139
2022-09-06T00:00:00,19794.59,20179.86,18663.25,18790.91,34029.1113
2022-09-07T00:00:00,18790.77,19466.09,18527.00,19293.52,25583.3992
2022-09-08T00:00:00,19293.03,19460.70,19014.43,19321.87,20327.6161
2022-09-09T00:00:00,19322.56,21616.21,19294.49,21364.50,39579.8121
2022-09-10T00:00:00,21366.61,21815.15,21127.10,21651.52,17750.7600
2022-09-11T00:00:00,21656.03,21865.66,21356.37,21831.72,14386.6334
2022-09-12T00:00:00,21830.16,22490.05,21555.00,22402.71,28404.4947
2022-09-13T00:00:00,22402.58,22800.00,19855.00,20174.78,37351.5601
2022-09-14T00:00:00,20174.78,20545.00,19625.00,20227.77,25139.5273
2022-09-15T00:00:00,20227.70,20336.42,19500.00,19703.67,21124.3038
2022-09-16T00:00:00,19703.65,19890.95,19305.00,19801.04,24863.8149
2022-09-17T00:00:00,19800.26,20183.14,19748.89,20113.37,11557.1472
2022-09-18T00:00:00,20113.37,20119.08,19335.57,19417.64,16437.9067
2022-09-19T00:00:00,19417.56,19689.62,18255.00,19540.38,30961.4463
2022-09-20T00:00:00,19538.31,19638.46,18722.00,18876.91,27437.2336
2022-09-21T00:00:00,18876.14,19949.97,18153.13,18462.64,44344.4628
2022-09-22T00:00:00,18462.66,19521.80,18358.63,19401.25,41006.9521
2022-09-23T00:00:00,19399.93,19500.00,18529.00,19286.01,30781.3825
2022-09-24T00:00:00,19286.03,19311.40,18808.13,18923.20,17644.7617
2022-09-25T00:00:00,18920.93,19184.30,18619.88,18808.61,14499.1632
2022-09-26T00:00:00,18806.30,19320.86,18681.02,19228.00,33108.0545
2022-09-27T00:00:00,19226.94,20383.15,18821.55,19077.57,51860.0300
2022-09-28T00:00:00,19077.56,19773.67,18487.00,19412.07,43710.3047
2022-09-29T00:00:00,19412.37,19646.66,18845.30,19595.57,34783.5374
2022-09-30T00:00:00,19595.59,20182.72,19154.38,19426.11,34243.6639
2022-10-01T00:00:00,19423.57,19486.43,19160.00,19315.27,7337.4560
2022-10-02T00:00:00,19315.26,19398.94,18923.81,19059.17,12951.4240
2022-10-03T00:00:00,19059.10,19717.67,18958.29,19633.46,28571.6402
2022-10-04T00:00:00,19632.43,20479.43,19495.32,20345.19,32685.4164
2022-10-05T00:00:00,20345.27,20371.15,19750.00,20161.62,33542.2074
2022-10-06T00:00:00,20162.15,20455.79,19855.19,19965.64,44044.4361
2022-10-07T00:00:00,19963.75,20065.26,19325.00,19533.05,34938.9727
2022-10-08T00:00:00,19531.68,19628.78,19250.00,19419.39,9745.2545
2022-10-09T00:00:00,19421.49,19563.28,19321.00,19443.47,12537.6379
2022-10-10T00:00:00,19442.70,19528.04,19028.08,19132.83,26596.5684
2022-10-11T00:00:00,19130.80,19265.69,18855.19,19058.11,36248.0191
2022-10-12T00:00:00,19058.42,19235.26,18971.51,19155.92,24862.6534
2022-10-13T00:00:00,19153.97,19509.23,18131.00,19378.65,49160.4965
2022-10-14T00:00:00,19375.55,19954.14,19076.83,19178.00,46208.3326
2022-10-15T00:00:00,19179.15,19229.12,18983.00,19070.24,9062.8284
2022-10-16T00:00:00,19070.62,19425.49,19065.23,19264.44,8310.9283
2022-10-17T00:00:00,19261.62,19679.46,19154.72,19550.40,24137.1248
2022-10-18T00:00:00,19550.39,19702.73,19091.77,19328.76,27645.5974
2022-10-19T00:00:00,19328.75,19361.00,19062.10,19124.18,22284.1329
2022-10-20T00:00:00,19123.77,19349.04,18905.00,19042.48,28405.7560
2022-10-21T00:00:00,19043.66,19254.52,18659.00,19166.45,24206.3609
2022-10-22T00:00:00,19164.92,19257.66,19110.46,19209.10,7044.9903
2022-10-23T00:00:00,19209.09,19698.10,19070.92,19572.44,12086.3118
2022-10-24T00:00:00,19572.20,19603.57,19159.35,19330.41,29432.5836
2022-10-25T00:00:00,19332.11,20420.88,19240.76,20086.28,42452.3370
2022-10-26T00:00:00,20086.27,21022.81,20055.85,20775.40,43618.9919
2022-10-27T00:00:00,20773.59,20878.17,20196.01,20296.97,34123.5826
2022-10-28T00:00:00,20295.77,20755.09,20000.00,20597.91,29581.7515
2022-10-29T00:00:00,20597.34,21080.00,20561.20,20823.53,19822.7513
2022-10-30T00:00:00,20822.38,20939.35,20523.92,20630.68,13737.3885
2022-10-31T00:00:00,20629.21,20837.68,20237.00,20489.94,22222.7361
2022-11-01T00:00:00,20489.55,20691.00,20326.55,20479.63,21147.0085
2022-11-02T00:00:00,20480.34,20805.00,20059.53,20151.40,43913.2190
2022-11-03T00:00:00,20151.29,20390.82,20032.02,20206.88,26837.3721
2022-11-04T00:00:00,20208.02,21298.76,20181.61,21144.20,42027.1628
2022-11-05T00:00:00,21149.03,21478.80,21082.54,21300.45,14076.7049
2022-11-06T00:00:00,21300.45,21365.89,20886.26,20909.17,10958.4933
2022-11-07T00:00:00,20908.15,21069.46,20394.34,20593.49,25279.8292
2022-11-08T00:00:00,20593.34,20675.00,17500.00,18550.25,84056.6308
2022-11-09T00:00:00,18546.07,18590.34,15512.00,15891.96,119633.9619
2022-11-10T00:00:00,15894.77,18140.62,15720.00,17553.89,91496.9855
2022-11-11T00:00:00,17555.44,17641.32,16336.05,17013.62,64776.6548
2022-11-12T00:00:00,17014.78,17067.70,16595.25,16783.33,23830.0579
2022-11-13T00:00:00,16783.32,16926.57,16214.95,16301.39,23266.6973
2022-11-14T00:00:00,16298.75,17169.68,15790.25,16590.73,55601.9347
2022-11-15T00:00:00,16588.41,17107.88,16502.85,16877.93,48155.3205
2022-11-16T00:00:00,16879.37,16994.31,16358.66,16645.24,37249.7041
2022-11-17T00:00:00,16646.58,16736.70,16396.00,16680.47,22484.7751
2022-11-18T00:00:00,16680.47,16984.08,16526.28,16680.59,26970.3441
2022-11-19T00:00:00,16678.85,16802.00,16534.83,16683.02,9396.0477
2022-11-20T00:00:00,16680.70,16733.19,16154.65,16252.53,16685.1910
2022-11-21T00:00:00,16252.43,16279.99,15460.00,15760.14,43799.9180
2022-11-22T00:00:00,15758.96,16294.50,15596.22,16199.71,44555.9069
2022-11-23T00:00:00,16201.15,16700.00,16142.99,16587.00,37143.0661
2022-11-24T00:00:00,16585.83,16797.28,16450.62,16587.61,21819.5050
2022-11-25T00:00:00,16587.60,16610.08,16333.00,16510.90,20800.9116
2022-11-26T00:00:00,16510.90,16693.18,16376.10,16450.93,12308.5707
2022-11-27T00:00:00,16450.32,16589.43,16395.00,16419.88,10825.6953
2022-11-28T00:00:00,16421.63,16478.32,15992.64,16206.30,30336.2476
2022-11-29T00:00:00,16206.23,16541.72,16092.53,16438.00,21901.9848
2022-11-30T00:00:00,16437.94,17259.37,16423.37,17167.33,42517.6117
2022-12-01T00:00:00,17165.44,17317.80,16855.00,16980.08,31798.9915
2022-12-02T00:00:00,16980.07,17108.25,16791.02,17094.71,23096.4369
2022-12-03T00:00:00,17094.25,17158.42,16863.58,16888.53,14081.4507
2022-12-04T00:00:00,16889.17,17199.99,16882.86,17108.90,16961.1083
2022-12-05T00:00:00,17108.90,17424.59,16865.22,16966.05,33618.4511
2022-12-06T00:00:00,16966.05,17111.35,16904.04,17089.05,26693.6101
2022-12-07T00:00:00,17089.18,17140.22,16679.52,16840.00,22635.4685
2022-12-08T00:00:00,16839.76,17300.59,16738.00,17226.01,23533.2345
2022-12-09T00:00:00,17226.03,17352.62,17060.69,17130.59,20976.6370
2022-12-10T00:00:00,17130.49,17227.64,17093.42,17128.10,7860.5869
2022-12-11T00:00:00,17128.10,17271.92,17073.19,17085.21,9948.8527
2022-12-12T00:00:00,17085.62,17244.63,16875.83,17211.66,20659.6571
2022-12-13T00:00:00,17212.90,17999.99,17089.17,17773.18,38316.0317
2022-12-14T00:00:00,17772.98,18385.36,17660.93,17804.97,49295.4207
2022-12-15T00:00:00,17805.36,17856.26,17275.02,17357.96,37834.7381
2022-12-16T00:00:00,17359.10,17525.00,16529.53,16632.64,47159.8630
2022-12-17T00:00:00,16634.29,16799.99,16585.64,16782.25,18446.6836
2022-12-18T00:00:00,16782.23,16875.00,16663.76,16741.16,11073.4389
2022-12-19T00:00:00,16742.33,16822.84,16273.40,16439.74,26856.0860
2022-12-20T00:00:00,16439.98,17060.86,16398.22,16897.65,34330.2824
2022-12-21T00:00:00,16896.17,16926.05,16725.78,16826.56,16743.6219
2022-12-22T00:00:00,16825.18,16868.82,16560.84,16815.51,21269.7674
2022-12-23T00:00:00,16815.28,16943.29,16719.57,16777.21,21958.8870
2022-12-24T00:00:00,16777.88,16863.62,16775.88,16837.12,9502.8032
2022-12-25T00:00:00,16837.24,16853.88,16720.89,16829.02,7065.2166
2022-12-26T00:00:00,16829.19,16939.81,16787.97,16917.96,8493.2766
2022-12-27T00:00:00,16916.66,16967.00,16585.97,16698.73,17482.0932
2022-12-28T00:00:00,16698.31,16777.35,16460.00,16539.66,23345.5513
2022-12-29T00:00:00,16539.66,16654.81,16479.50,16627.54,20088.4649
2022-12-30T00:00:00,16627.36,16649.99,16326.16,16600.10,26532.2800
2022-12-31T00:00:00,16599.98,16634.42,16462.49,16530.35,15414.5294
2023-01-01T00:00:00,16531.83,16621.00,16490.00,16611.58,10668.7370
2023-01-02T00:00:00,16611.90,16789.99,16542.52,16666.95,13560.4602
2023-01-03T00:00:00,16666.86,16772.30,16600.00,16669.47,17612.3553
2023-01-04T00:00:00,16668.95,16988.00,16645.87,16844.42,25922.7068
2023-01-05T00:00:00,16844.40,16872.13,16750.07,16825.69,14918.2291
2023-01-06T00:00:00,16825.53,17027.11,16670.82,16948.06,24235.3870
2023-01-07T00:00:00,16948.00,16977.76,16903.58,16942.37,5680.1180
2023-01-08T00:00:00,16942.37,17167.52,16910.41,17125.18,9195.4599
2023-01-09T00:00:00,17125.17,17396.25,17102.97,17177.98,33252.1544
2023-01-10T00:00:00,17177.94,17494.37,17145.10,17443.50,24901.5749
2023-01-11T00:00:00,17443.50,17998.00,17315.08,17944.27,27251.0160
2023-01-12T00:00:00,17944.15,19115.85,17904.83,18847.75,61938.4427
2023-01-13T00:00:00,18847.77,20000.00,18714.80,19934.88,55049.6223
2023-01-14T00:00:00,19934.07,21321.98,19893.25,20957.02,58239.8733
2023-01-15T00:00:00,20956.20,21057.30,20560.16,20879.70,25709.3024
2023-01-16T00:00:00,20879.67,21465.62,20611.45,21187.50,41151.3543
2023-01-17T00:00:00,21191.46,21595.00,20844.73,21136.33,32656.4798
2023-01-18T00:00:00,21135.01,21650.21,20370.01,20674.29,34600.2565
2023-01-19T00:00:00,20674.03,21197.00,20656.52,21084.22,23436.7540
2023-01-20T00:00:00,21084.05,22754.73,20865.64,22669.81,32810.5959
2023-01-21T00:00:00,22671.09,23375.60,22432.45,22789.37,32657.6050
2023-01-22T00:00:00,22789.34,23082.82,22298.15,22714.87,25548.2891
2023-01-23T00:00:00,22714.81,23180.55,22500.01,22920.29,32380.7746
2023-01-24T00:00:00,22920.67,23165.56,22460.17,22636.17,39180.1057
2023-01-25T00:00:00,22636.19,23824.66,22326.24,23062.36,38496.9163
2023-01-26T00:00:00,23062.36,23287.38,22853.61,23010.47,30187.0170
2023-01-27T00:00:00,23011.37,23511.90,22540.76,23084.40,27185.1349
2023-01-28T00:00:00,23084.38,23196.99,22884.00,23028.95,7466.3393
2023-01-29T00:00:00,23029.56,23966.00,22974.75,23745.80,20952.7636
2023-01-30T00:00:00,23744.34,23802.99,22500.00,22836.03,34312.2864
2023-01-31T00:00:00,22836.03,23313.23,22719.68,23128.86,22721.7748
2023-02-01T00:00:00,23127.15,23813.57,22760.00,23735.97,20292.2242
2023-02-02T00:00:00,23735.97,24262.18,23367.87,23493.84,16368.9214
2023-02-03T00:00:00,23497.29,23720.00,23208.01,23433.54,14215.6684
2023-02-04T00:00:00,23433.47,23589.67,23257.71,23328.87,3567.1301
2023-02-05T00:00:00,23329.47,23433.20,22758.01,22936.34,6574.3453
2023-02-06T00:00:00,22936.34,23163.05,22637.51,22764.07,12149.9449
2023-02-07T00:00:00,22763.42,23348.73,22748.11,23244.67,9803.3476
2023-02-08T00:00:00,23244.64,23451.01,22669.09,22964.38,7693.5920
2023-02-09T00:00:00,22963.91,23011.18,21700.00,21800.63,19277.2396
2023-02-10T00:00:00,21800.62,21942.41,21467.43,21628.97,12641.5951
2023-02-11T00:00:00,21628.97,21904.00,21605.35,21863.73,4695.9114
2023-02-12T00:00:00,21863.73,22091.88,21631.00,21789.80,5990.6864
2023-02-13T00:00:00,21789.79,21903.03,21366.45,21789.14,13246.3049
2023-02-14T00:00:00,21789.00,22331.76,21545.67,22206.27,14879.7278
2023-02-15T00:00:00,22206.26,24386.50,22054.17,24329.04,23427.3507
2023-02-16T00:00:00,24326.95,25256.83,23510.73,23516.15,30034.9349
2023-02-17T00:00:00,23516.95,25025.00,23344.12,24577.60,22795.3523
2023-02-18T00:00:00,24577.60,24879.33,24407.67,24636.23,6191.1738
2023-02-19T00:00:00,24635.85,25200.00,24192.70,24281.31,9733.2102
2023-02-20T00:00:00,24278.81,25128.11,23841.08,24844.97,13977.1794
2023-02-21T00:00:00,24844.21,25288.88,24153.96,24454.43,16495.2556
2023-02-22T00:00:00,24454.08,24480.00,23581.64,24184.44,17390.3108
2023-02-23T00:00:00,24184.90,24600.95,23612.59,23943.32,16847.7043
2023-02-24T00:00:00,23943.32,24132.67,22520.00,23186.88,20933.9749
2023-02-25T00:00:00,23186.88,23220.56,22716.47,23159.71,5937.4385
2023-02-26T00:00:00,23159.71,23689.77,23052.78,23556.83,6063.4592
2023-02-27T00:00:00,23556.83,23895.51,23109.06,23489.52,12098.6725
2023-02-28T00:00:00,23490.01,23597.98,23027.24,23145.32,9516.0277
2023-03-01T00:00:00,23144.37,23999.99,23025.17,23631.52,12151.8454
2023-03-02T00:00:00,23632.12,23798.62,23196.09,23468.24,9239.9364
2023-03-03T00:00:00,23468.79,23477.28,21988.02,22358.18,21715.0936
2023-03-04T00:00:00,22358.18,22409.82,22150.71,22350.95,2266.2150
2023-03-05T00:00:00,22349.74,22654.64,22195.13,22432.69,5291.9647
2023-03-06T00:00:00,22431.99,22599.99,22264.73,22410.31,10660.0486
2023-03-07T00:00:00,22410.13,22557.03,21932.74,22198.48,10381.2442
2023-03-08T00:00:00,22198.09,22281.55,21580.84,21698.37,13343.7258
2023-03-09T00:00:00,21699.41,21825.53,20050.00,20367.01,21326.0810
2023-03-10T00:00:00,20366.97,20369.78,19568.52,20230.08,32126.5921
2023-03-11T00:00:00,20230.07,20964.50,19900.50,20620.54,18920.8510
2023-03-12T00:00:00,20619.34,22276.69,20446.24,22219.08,19165.5332
2023-03-13T00:00:00,22216.02,24710.00,21882.63,24220.00,38654.8241
2023-03-14T00:00:00,24220.00,26553.90,24052.00,24762.65,44100.3644
2023-03-15T00:00:00,24761.61,25300.00,23931.01,24377.16,30128.4276
2023-03-16T00:00:00,24377.16,25235.28,24207.54,25051.85,20754.4257
2023-03-17T00:00:00,25052.11,27834.54,24946.86,27453.62,40752.1937
2023-03-18T00:00:00,27453.75,27780.00,26652.45,26980.35,18096.2437
2023-03-19T00:00:00,26980.35,28478.00,26904.00,28054.46,16897.4176
2023-03-20T00:00:00,28058.15,28578.63,27218.36,27823.32,23782.6568
2023-03-21T00:00:00,27822.85,28605.32,27414.77,28207.33,16193.1892
2023-03-22T00:00:00,28201.22,28937.73,26678.16,27325.15,33974.4370
2023-03-23T00:00:00,27324.05,28839.68,27189.19,28352.94,26698.2966
2023-03-24T00:00:00,28352.95,28433.34,27027.88,27489.24,22190.9129
2023-03-25T00:00:00,27489.24,27818.67,27184.78,27488.18,9655.9495
2023-03-26T00:00:00,27489.56,28230.32,27445.04,27992.90,9800.6430
2023-03-27T00:00:00,27995.27,28053.26,26525.00,27142.87,17268.1634
2023-03-28T00:00:00,27142.85,27519.99,26640.00,27274.15,14103.9292
2023-03-29T00:00:00,27274.18,28654.06,27255.42,28359.54,17710.8596
2023-03-30T00:00:00,28359.54,29190.04,27693.70,28035.48,20972.4392
2023-03-31T00:00:00,28034.88,28650.20,27512.97,28474.40,18917.3621
2023-04-01T00:00:00,28475.41,28826.45,28223.76,28471.46,6988.0424
2023-04-02T00:00:00,28471.03,28544.21,27862.69,28188.34,6707.9770
2023-04-03T00:00:00,28188.34,28525.00,27227.61,27811.77,16192.0370
2023-04-04T00:00:00,27809.55,28450.00,27670.24,28179.64,13261.9503
2023-04-05T00:00:00,28178.66,28799.99,27817.32,28175.37,15066.7245
2023-04-06T00:00:00,28175.27,28199.11,27716.77,28053.46,10291.8065
2023-04-07T00:00:00,28052.74,28120.71,27790.21,27931.94,5847.7720
2023-04-08T00:00:00,27930.12,28175.89,27881.01,27958.81,3854.3349
2023-04-09T00:00:00,27958.19,28547.67,27814.00,28340.99,6136.4286
2023-04-10T00:00:00,28342.28,29794.47,28162.49,29660.41,15752.3042
2023-04-11T00:00:00,29657.70,30584.58,29612.30,30227.19,18637.2216
2023-04-12T00:00:00,30227.18,30517.00,29675.00,29912.20,14961.0840
2023-04-13T00:00:00,29912.20,30627.05,29878.08,30406.78,12505.2727
2023-04-14T00:00:00,30410.03,31050.00,30000.00,30492.92,19793.5578
2023-04-15T00:00:00,30492.91,30622.38,30231.76,30324.11,5486.7222
2023-04-16T00:00:00,30325.07,30572.10,30148.28,30326.09,6230.2491
2023-04-17T00:00:00,30321.41,30340.21,29251.71,29449.91,13418.0380
2023-04-18T00:00:00,29449.91,30500.00,29103.89,30393.40,12649.5222
2023-04-19T00:00:00,30394.50,30430.72,28595.28,28809.72,20951.8785
2023-04-20T00:00:00,28809.71,29102.69,27991.32,28248.18,17007.3121
2023-04-21T00:00:00,28248.18,28371.88,27133.00,27253.85,19665.9913
2023-04-22T00:00:00,27252.96,27887.78,27133.00,27821.41,7556.8577
2023-04-23T00:00:00,27820.99,27820.99,27333.20,27592.98,6255.7678
2023-04-24T00:00:00,27592.70,28000.00,26965.14,27515.05,12258.5909
2023-04-25T00:00:00,27513.85,28400.00,27194.51,28304.42,12013.5799
2023-04-26T00:00:00,28304.42,30050.66,27230.77,28426.08,31636.3915
2023-04-27T00:00:00,28428.86,29900.00,28387.07,29483.72,24310.3636
2023-04-28T00:00:00,29486.97,29606.45,28900.00,29338.63,14184.0394
2023-04-29T00:00:00,29339.47,29470.00,29057.30,29249.35,4909.7272
2023-04-30T00:00:00,29249.24,29969.99,29095.92,29247.14,6837.0683
2023-05-01T00:00:00,29240.49,29348.60,27664.31,28077.27,17953.1167
2023-05-02T00:00:00,28077.44,28899.99,27871.44,28684.40,13258.6051
2023-05-03T00:00:00,28683.41,29276.12,28122.00,29038.75,15605.2875
2023-05-04T00:00:00,29039.36,29383.50,28674.58,28857.23,10407.1607
2023-05-05T00:00:00,28857.88,29706.57,28810.00,29536.76,14691.1261
2023-05-06T00:00:00,29538.87,29850.00,28394.00,28902.66,8546.7987
2023-05-07T00:00:00,28901.30,29189.71,28429.12,28474.53,5884.6701
2023-05-08T00:00:00,28472.68,28676.38,27279.66,27695.06,15859.4184
2023-05-09T00:00:00,27693.24,27833.64,27367.01,27647.29,8888.4268
2023-05-10T00:00:00,27647.29,28334.75,26800.00,27624.01,18590.9699
2023-05-11T00:00:00,27621.50,27649.85,26702.00,26986.56,13438.7463
2023-05-12T00:00:00,26986.79,27099.21,25810.00,26808.84,18458.4954
2023-05-13T00:00:00,26808.80,27060.24,26700.00,26789.48,4782.6442
2023-05-14T00:00:00,26786.99,27221.51,26581.52,26929.98,4393.2053
2023-05-15T00:00:00,26929.98,27678.73,26740.95,27171.13,11889.9484
2023-05-16T00:00:00,27165.26,27302.99,26860.12,27037.68,11209.9077
2023-05-17T00:00:00,27037.72,27516.58,26543.87,27407.77,13308.6318
2023-05-18T00:00:00,27407.76,27487.71,26361.52,26820.49,12604.9486
2023-05-19T00:00:00,26819.64,27190.35,26632.73,26890.27,7587.5263
2023-05-20T00:00:00,26890.27,27178.99,26836.21,27113.61,3127.4276
2023-05-21T00:00:00,27113.97,27288.02,26667.63,26752.65,5534.5248
2023-05-22T00:00:00,26751.00,27105.63,26536.99,26854.73,8554.4221
2023-05-23T00:00:00,26854.09,27500.00,26803.46,27223.22,11594.5370
2023-05-24T00:00:00,27222.86,27225.00,26070.04,26321.40,17340.6173
2023-05-25T00:00:00,26321.42,26625.93,25864.35,26479.06,12094.4571
2023-05-26T00:00:00,26479.15,26950.00,26334.33,26714.86,9858.6003
2023-05-27T00:00:00,26711.56,26943.60,26559.96,26867.99,3348.3791
2023-05-28T00:00:00,26870.13,28277.56,26780.11,28070.04,9725.6420
2023-05-29T00:00:00,28070.04,28473.93,27534.81,27744.82,11355.2411
2023-05-30T00:00:00,27744.81,28057.23,27555.00,27700.15,12024.4583
2023-05-31T00:00:00,27700.68,27844.89,26842.94,27223.08,15163.0626
2023-06-01T00:00:00,27221.54,27360.31,26615.00,26828.42,11927.5945
2023-06-02T00:00:00,26827.73,27307.44,26508.00,27250.69,12206.1687
2023-06-03T00:00:00,27252.67,27341.13,26923.35,27077.60,3589.3234
2023-06-04T00:00:00,27078.27,27466.83,26958.98,27122.04,4115.0988
2023-06-05T00:00:00,27122.03,27137.75,25391.43,25741.50,16641.4693
2023-06-06T00:00:00,25741.50,27368.67,25351.92,27243.63,18531.0593
2023-06-07T00:00:00,27243.45,27402.79,26121.06,26346.41,16094.3757
2023-06-08T00:00:00,26347.09,26820.30,26212.63,26508.32,8160.8483
2023-06-09T00:00:00,26505.71,26780.40,26283.50,26482.81,10536.8325
2023-06-10T00:00:00,26482.80,26534.95,25385.52,25856.10,16967.7321
2023-06-11T00:00:00,25856.10,26219.10,25648.00,25937.02,8653.8380
2023-06-12T00:00:00,25936.98,26108.64,25616.98,25905.82,10491.0677
2023-06-13T00:00:00,25905.99,26435.81,25710.78,25930.23,14396.7468
2023-06-14T00:00:00,25929.35,26090.00,24821.00,25123.34,14480.5175
2023-06-15T00:00:00,25123.41,25749.99,24750.00,25569.99,18601.1889
2023-06-16T00:00:00,25569.99,26486.56,25143.24,26329.60,16632.7425
2023-06-17T00:00:00,26329.60,26783.20,26165.98,26506.56,7209.4251
2023-06-18T00:00:00,26507.97,26693.11,26245.27,26336.46,5233.6838
2023-06-19T00:00:00,26336.46,27040.64,26250.00,26837.78,9643.0675
2023-06-20T00:00:00,26839.04,28417.11,26637.41,28320.43,28704.5530
2023-06-21T00:00:00,28320.41,30800.00,28271.67,29995.08,31445.7814
2023-06-22T00:00:00,29999.85,30513.25,29539.57,29886.31,18457.6679
2023-06-23T00:00:00,29886.25,31443.67,29802.65,30707.61,22659.5406
2023-06-24T00:00:00,30709.59,30815.92,30265.88,30547.18,6883.2832
2023-06-25T00:00:00,30547.30,31057.86,30288.33,30480.24,6265.4743
2023-06-26T00:00:00,30480.24,30662.66,29900.00,30272.18,12491.8308
2023-06-27T00:00:00,30272.24,31020.54,30228.44,30697.38,11995.5269
2023-06-28T00:00:00,30696.06,30716.93,29840.00,30074.94,9391.6654
2023-06-29T00:00:00,30074.93,30838.00,30036.18,30446.47,12261.3405
2023-06-30T00:00:00,30445.67,31277.00,29417.14,30466.72,26013.2273
2023-07-01T00:00:00,30466.73,30659.33,30312.80,30587.21,4012.7654
2023-07-02T00:00:00,30587.22,30791.75,30165.39,30613.51,4829.8387
2023-07-03T00:00:00,30613.57,31399.08,30569.00,31161.80,11391.9826
2023-07-04T00:00:00,31162.71,31333.00,30628.30,30771.25,7233.9519
2023-07-05T00:00:00,30772.93,30882.95,30189.56,30499.27,8782.6192
2023-07-06T00:00:00,30499.27,31525.10,29850.00,29899.38,17229.9223
2023-07-07T00:00:00,29895.60,30456.00,29715.87,30352.08,11137.1422
2023-07-08T00:00:00,30350.35,30388.91,30047.78,30291.69,3856.1108
2023-07-09T00:00:00,30291.69,30451.78,30066.95,30168.38,3884.0469
2023-07-10T00:00:00,30168.26,31055.75,29955.00,30419.89,12703.7816
2023-07-11T00:00:00,30419.89,30811.65,30304.45,30626.55,10653.5761
2023-07-12T00:00:00,30624.65,31000.00,30200.00,30381.81,14881.7051
2023-07-13T00:00:00,30383.26,31862.21,30250.73,31471.83,26135.6192
2023-07-14T00:00:00,31471.83,31645.66,29920.31,30330.52,19272.2034
2023-07-15T00:00:00,30330.93,30406.27,30254.67,30301.65,2559.0723
2023-07-16T00:00:00,30302.01,30457.03,30075.93,30247.64,4021.4101
2023-07-17T00:00:00,30247.56,30345.45,29668.58,30143.08,10632.8067
2023-07-18T00:00:00,30143.08,30249.30,29525.00,29861.93,11124.8394
2023-07-19T00:00:00,29861.92,30196.24,29757.44,29916.72,8804.5468
2023-07-20T00:00:00,29916.69,30421.29,29564.19,29809.13,11494.9535
2023-07-21T00:00:00,29809.13,30060.28,29729.48,29907.98,7598.6105
2023-07-22T00:00:00,29907.15,30002.38,29626.86,29795.03,3629.4825
2023-07-23T00:00:00,29793.62,30350.70,29733.55,30081.61,4513.8321
2023-07-24T00:00:00,30081.61,30099.99,28850.00,29176.98,14484.2756
2023-07-25T00:00:00,29176.98,29376.51,29046.00,29225.14,7140.8537
2023-07-26T00:00:00,29225.11,29686.41,29089.54,29353.23,9635.0921
2023-07-27T00:00:00,29350.88,29571.42,29075.00,29214.92,7327.4507
2023-07-28T00:00:00,29214.93,29532.45,29115.32,29316.15,7105.4943
2023-07-29T00:00:00,29316.05,29411.09,29253.44,29355.71,2893.0530
2023-07-30T00:00:00,29356.65,29450.00,29033.00,29281.39,4387.5726
2023-07-31T00:00:00,29280.41,29526.99,29102.65,29230.67,8793.8389
2023-08-01T00:00:00,29230.61,29726.73,28477.00,29697.27,17751.3111
2023-08-02T00:00:00,29699.25,30033.00,28903.79,29164.22,17967.3480
2023-08-03T00:00:00,29163.87,29399.97,28938.93,29174.18,8920.0148
2023-08-04T00:00:00,29174.84,29312.28,28747.10,29076.48,7291.1469
2023-08-05T00:00:00,29077.04,29111.87,28946.17,29047.12,2490.8471
2023-08-06T00:00:00,29047.33,29163.24,28955.00,29040.01,2461.6401
2023-08-07T00:00:00,29040.01,29246.00,28660.53,29179.21,9200.0852
2023-08-08T00:00:00,29179.28,30222.00,29104.65,29770.01,15610.2549
2023-08-09T00:00:00,29770.01,30128.88,29344.16,29562.76,10451.4517
2023-08-10T00:00:00,29562.76,29709.38,29306.00,29424.03,7104.5562
2023-08-11T00:00:00,29424.04,29534.14,29213.59,29400.45,5961.2174
2023-08-12T00:00:00,29400.45,29477.31,29349.98,29416.96,1906.1708
2023-08-13T00:00:00,29417.19,29447.60,29247.15,29275.94,2128.3744
2023-08-14T00:00:00,29275.78,29665.27,29072.96,29405.49,7063.4681
2023-08-15T00:00:00,29405.49,29464.62,29046.58,29170.14,5815.3223
2023-08-16T00:00:00,29170.13,29231.92,28690.37,28700.51,9669.4254
2023-08-17T00:00:00,28700.51,28751.84,25234.76,26627.57,27723.2109
2023-08-18T00:00:00,26627.21,26834.37,25610.00,26048.89,21190.1304
2023-08-19T00:00:00,26048.90,26269.11,25793.11,26096.42,6554.0534
2023-08-20T00:00:00,26096.40,26296.78,25975.01,26189.14,4345.0723
2023-08-21T00:00:00,26189.36,26260.25,25814.00,26125.18,9936.9811
2023-08-22T00:00:00,26125.16,26137.99,25350.00,26042.11,12418.8729
2023-08-23T00:00:00,26041.94,26818.28,25796.47,26427.54,15743.8644
2023-08-24T00:00:00,26427.73,26567.38,25850.00,26163.49,10002.3399
2023-08-25T00:00:00,26163.49,26294.53,25750.00,26049.39,10926.3377
2023-08-26T00:00:00,26049.40,26115.44,25971.44,26009.61,1862.1502
2023-08-27T00:00:00,26009.62,26171.87,25961.81,26091.16,2069.8483
2023-08-28T00:00:00,26091.16,26232.88,25850.00,26101.04,5460.4204
2023-08-29T00:00:00,26101.03,28184.89,25903.18,27717.98,21402.1010
2023-08-30T00:00:00,27717.15,27775.00,27015.75,27306.06,9793.9568
2023-08-31T00:00:00,27306.06,27576.99,25660.61,25932.45,14462.0274
2023-09-01T00:00:00,25931.51,26142.28,25307.37,25794.88,14995.7261
2023-09-02T00:00:00,25795.61,25982.48,25707.30,25867.83,3810.7743
2023-09-03T00:00:00,25867.82,26123.00,25792.29,25969.83,3434.5196
2023-09-04T00:00:00,25969.83,26093.07,25627.00,25816.13,4635.8155
2023-09-05T00:00:00,25816.14,25884.04,25551.36,25783.91,6051.1481
2023-09-06T00:00:00,25782.49,26025.78,25358.00,25747.63,9374.3379
2023-09-07T00:00:00,25747.63,26440.55,25595.80,26276.30,10885.1390
2023-09-08T00:00:00,26276.38,26460.41,25640.10,25906.34,11149.9585
2023-09-09T00:00:00,25906.33,25942.69,25791.45,25897.82,2225.8221
2023-09-10T00:00:00,25897.82,26023.89,25578.01,25831.76,4361.6029
2023-09-11T00:00:00,25831.77,25891.60,24900.00,25152.14,13404.1151
2023-09-12T00:00:00,25152.13,26556.91,25120.76,25840.61,19789.4806
2023-09-13T00:00:00,25839.95,26413.59,25763.43,26226.65,10099.7384
2023-09-14T00:00:00,26227.16,26869.06,26128.25,26532.76,12929.0824
2023-09-15T00:00:00,26532.50,26892.65,26213.96,26602.42,9345.9391
2023-09-16T00:00:00,26601.71,26777.00,26453.32,26569.69,4132.0482
2023-09-17T00:00:00,26569.69,26626.49,26405.04,26530.95,3252.2698
2023-09-18T00:00:00,26530.96,27427.34,26382.13,26764.49,17493.7082
2023-09-19T00:00:00,26764.03,27500.00,26666.93,27216.13,14386.0788
2023-09-20T00:00:00,27216.52,27393.78,26798.98,27123.94,11590.2403
2023-09-21T00:00:00,27122.65,27163.48,26359.70,26564.54,11801.9894
2023-09-22T00:00:00,26564.54,26742.86,26467.94,26578.40,8563.0523
2023-09-23T00:00:00,26578.40,26638.58,26513.00,26579.60,2597.2571
2023-09-24T00:00:00,26579.59,26731.10,26118.86,26250.24,4587.8053
2023-09-25T00:00:00,26248.17,26444.95,25983.78,26296.08,10762.9840
2023-09-26T00:00:00,26296.07,26397.59,26080.00,26208.44,7016.4212
2023-09-27T00:00:00,26208.43,26830.00,26088.37,26357.62,14123.8969
2023-09-28T00:00:00,26357.56,27313.86,26321.37,27027.14,18975.8776
2023-09-29T00:00:00,27027.44,27238.90,26661.71,26907.00,12712.2718
2023-09-30T00:00:00,26905.57,27097.25,26884.86,26961.00,4413.3095
2023-10-01T00:00:00,26961.00,28062.62,26955.25,27995.46,8747.0689
2023-10-02T00:00:00,27995.46,28613.37,27302.30,27504.04,25148.2534
2023-10-03T00:00:00,27504.03,27672.12,27160.47,27428.96,14334.1086
2023-10-04T00:00:00,27428.96,27842.38,27208.65,27786.75,10238.1705
2023-10-05T00:00:00,27786.12,28140.00,27358.05,27412.96,14136.0478
2023-10-06T00:00:00,27413.15,28288.88,27173.41,27945.17,12908.7515
2023-10-07T00:00:00,27945.17,28040.84,27861.20,27976.43,3489.9160
2023-10-08T00:00:00,27976.44,28109.94,27708.60,27933.55,4118.5638
2023-10-09T00:00:00,27933.54,28003.70,27268.63,27596.67,10218.6256
2023-10-10T00:00:00,27596.67,27739.94,27291.81,27393.29,10265.7936
2023-10-11T00:00:00,27393.28,27478.61,26521.32,26869.19,16466.2661
2023-10-12T00:00:00,26867.97,26939.55,26537.72,26750.51,7881.2150
2023-10-13T00:00:00,26752.06,27122.24,26662.62,26863.53,8694.6010
2023-10-14T00:00:00,26863.54,26988.12,26797.00,26851.71,2786.7601
2023-10-15T00:00:00,26851.71,27301.37,26806.06,27186.13,6215.8513
2023-10-16T00:00:00,27186.13,30000.00,27135.92,28520.24,36471.7502
2023-10-17T00:00:00,28520.24,28637.21,28083.19,28408.83,14171.4318
2023-10-18T00:00:00,28408.51,28999.98,28151.60,28326.51,11820.6811
2023-10-19T00:00:00,28326.24,28938.96,28122.57,28735.34,12662.6800
2023-10-20T00:00:00,28734.51,30248.00,28591.85,29684.73,20095.9153
2023-10-21T00:00:00,29684.73,30369.00,29475.06,29924.84,6369.9348
2023-10-22T00:00:00,29925.91,30275.00,29670.00,30004.15,5720.2897
2023-10-23T00:00:00,30004.14,35000.00,29890.89,33087.58,33228.4673
2023-10-24T00:00:00,33079.72,35157.23,32851.45,33922.52,38506.3596
2023-10-25T00:00:00,33921.66,35144.00,33690.91,34506.35,18668.4582
2023-10-26T00:00:00,34504.33,34843.04,33735.86,34154.71,15867.4470
2023-10-27T00:00:00,34153.35,34249.99,33400.00,33906.09,13879.0433
2023-10-28T00:00:00,33905.96,34500.00,33867.38,34085.42,4372.5272
2023-10-29T00:00:00,34085.42,34763.00,33937.31,34534.48,5547.0959
2023-10-30T00:00:00,34534.48,34871.00,34077.90,34493.79,10183.7762
2023-10-31T00:00:00,34493.51,34732.18,34038.79,34656.40,9282.0287
2023-11-01T00:00:00,34656.38,35647.19,34079.46,35440.10,16197.4598
2023-11-02T00:00:00,35440.10,35997.80,34311.73,34950.00,13455.6553
2023-11-03T00:00:00,34947.92,34954.60,34100.00,34731.27,13961.7001
2023-11-04T00:00:00,34730.32,35278.40,34599.85,35087.01,4696.7015
2023-11-05T00:00:00,35087.43,35410.00,34500.00,35035.42,5892.6733
2023-11-06T00:00:00,35035.79,35294.12,34753.66,35059.46,7088.2715
2023-11-07T00:00:00,35059.46,35963.00,34530.67,35416.28,13841.5920
2023-11-08T00:00:00,35416.63,36113.59,35103.14,35639.13,12253.1581
2023-11-09T00:00:00,35639.13,37999.00,35555.16,36706.59,29045.8520
2023-11-10T00:00:00,36704.01,37548.80,36334.46,37324.83,15183.1685
2023-11-11T00:00:00,37324.84,37424.03,36701.50,37139.12,5344.4538
2023-11-12T00:00:00,37139.94,37247.00,36740.90,37086.03,3317.5028
2023-11-13T00:00:00,37086.50,37442.48,36351.00,36475.67,10543.2956
2023-11-14T00:00:00,36475.68,36756.16,34758.64,35554.09,16008.4908
2023-11-15T00:00:00,35554.10,37987.00,35358.45,37885.35,19941.6757
2023-11-16T00:00:00,37885.35,37958.75,35511.11,36161.15,18455.9683
2023-11-17T00:00:00,36161.15,36831.99,35869.00,36630.38,12218.8514
2023-11-18T00:00:00,36631.56,36857.15,36205.89,36594.89,3468.3982
2023-11-19T00:00:00,36596.14,37546.62,36404.52,37391.19,4366.4489
2023-11-20T00:00:00,37389.06,37784.07,36720.00,37475.64,14114.0104
2023-11-21T00:00:00,37472.76,37675.77,35744.90,35751.89,20837.7393
2023-11-22T00:00:00,35755.33,37875.00,35633.00,37424.31,17606.9724
2023-11-23T00:00:00,37424.31,37653.67,36888.00,37304.05,7211.3175
2023-11-24T00:00:00,37304.04,38454.00,37257.56,37745.84,17507.8900
2023-11-25T00:00:00,37746.29,37920.27,37615.91,37805.99,3567.4224
2023-11-26T00:00:00,37806.84,37842.17,37156.72,37462.79,6113.0563
2023-11-27T00:00:00,37462.01,37578.42,36715.10,37241.63,13510.4548
2023-11-28T00:00:00,37241.64,38425.96,36873.55,37838.26,18156.4726
2023-11-29T00:00:00,37838.26,38480.00,37581.93,37863.84,15162.6888
2023-11-30T00:00:00,37864.79,38152.18,37500.00,37732.27,8081.1925
2023-12-01T00:00:00,37732.27,39000.00,37618.25,38703.54,16395.9020
2023-12-02T00:00:00,38706.55,39740.00,38660.03,39478.95,7540.7688
2023-12-03T00:00:00,39467.42,40221.22,39293.02,39984.81,7153.1566
2023-12-04T00:00:00,39984.81,42410.46,39983.60,41987.24,21993.0600
2023-12-05T00:00:00,41985.53,45000.00,41384.03,44084.39,24018.7604
2023-12-06T00:00:00,44086.33,44290.37,43369.00,43764.05,15977.5594
2023-12-07T00:00:00,43766.41,44057.23,42846.53,43280.95,13055.3669
2023-12-08T00:00:00,43281.11,44754.99,43087.17,44192.87,13579.4086
2023-12-09T00:00:00,44192.86,44384.68,43586.14,43723.25,5469.4071
2023-12-10T00:00:00,43722.84,44049.51,43562.06,43793.68,3919.0942
2023-12-11T00:00:00,43793.67,43811.81,40150.00,41229.61,25524.6709
2023-12-12T00:00:00,41229.61,42088.56,40636.51,41477.39,13414.8677
2023-12-13T00:00:00,41477.60,43475.00,40553.15,42885.54,15798.6642
2023-12-14T00:00:00,42887.39,43442.15,41426.76,43027.77,15434.2597
2023-12-15T00:00:00,43027.77,43095.71,41640.51,41933.89,10861.7286
2023-12-16T00:00:00,41934.84,42680.20,41626.66,42237.29,5315.6558
2023-12-17T00:00:00,42235.23,42367.82,41222.00,41349.59,6649.0650
2023-12-18T00:00:00,41349.59,42754.79,40508.01,42650.01,13394.3347
2023-12-19T00:00:00,42650.01,43461.86,41780.00,42266.22,13403.9345
2023-12-20T00:00:00,42266.25,44324.86,42184.48,43674.77,19307.1090
2023-12-21T00:00:00,43673.11,44250.00,43295.78,43875.32,13170.9728
2023-12-22T00:00:00,43875.56,44424.36,43412.82,44013.73,10733.5535
2023-12-23T00:00:00,44013.65,44033.84,43333.35,43726.35,4075.0895
2023-12-24T00:00:00,43728.36,43985.67,42614.17,43025.03,4947.0017
2023-12-25T00:00:00,43025.02,43818.29,42755.35,43589.67,4799.7310
2023-12-26T00:00:00,43589.67,43605.00,41600.67,42515.53,13035.0275
2023-12-27T00:00:00,42521.21,43709.98,42111.47,43474.40,12917.4840
2023-12-28T00:00:00,43469.06,43830.34,42265.08,42581.23,13583.9160
2023-12-29T00:00:00,42581.23,43137.10,41300.00,42063.45,16756.4332
2023-12-30T00:00:00,42064.22,42593.73,41518.19,42141.03,11609.8238
2023-12-31T00:00:00,42139.32,42850.00,41964.68,42288.06,11397.5730
2024-01-01T00:00:00,42288.58,44240.80,42175.65,44220.78,7977.7285
2024-01-02T00:00:00,44220.78,45925.82,44195.13,44972.80,29583.3841
2024-01-03T00:00:00,44972.81,45519.32,40625.68,42862.44,32281.8523
2024-01-04T00:00:00,42860.58,44800.00,42650.00,44193.29,18193.8168
2024-01-05T00:00:00,44198.35,44443.37,42450.00,44186.59,18073.0956
2024-01-06T00:00:00,44187.76,44260.95,43436.50,43992.44,5691.4346
2024-01-07T00:00:00,43992.79,44510.01,43629.70,43950.28,5931.3465
2024-01-08T00:00:00,43954.52,47330.00,43200.44,46995.10,26447.1733
2024-01-09T00:00:00,46995.09,47901.00,44701.54,46124.08,26305.5637
2024-01-10T00:00:00,46120.79,47732.50,44320.01,46666.11,36534.3977
2024-01-11T00:00:00,46678.54,49102.29,45555.55,46342.66,38150.8948
2024-01-12T00:00:00,46344.96,46522.20,41444.97,42773.03,46862.4335
2024-01-13T00:00:00,42775.10,43250.00,42427.00,42839.33,10998.7640
2024-01-14T00:00:00,42839.32,43064.13,41680.73,41697.33,7834.2616
2024-01-15T00:00:00,41698.13,43331.91,41680.00,42490.16,10869.4583
2024-01-16T00:00:00,42481.69,43569.23,42028.02,43130.45,18180.4405
2024-01-17T00:00:00,43130.35,43185.47,42160.00,42739.49,16381.8407
2024-01-18T00:00:00,42737.68,42877.22,40600.05,41293.50,25097.4240
2024-01-19T00:00:00,41290.57,42159.52,40236.49,41624.07,22745.5527
2024-01-20T00:00:00,41623.94,41846.15,41418.55,41666.67,4836.6312
2024-01-21T00:00:00,41666.67,41858.59,41472.49,41554.05,3138.2629
2024-01-22T00:00:00,41553.92,41658.00,39372.44,39524.27,26539.3434
2024-01-23T00:00:00,39524.27,40144.49,38501.00,39878.30,21966.5633
2024-01-24T00:00:00,39878.28,40527.26,39382.15,40077.78,17438.9773
2024-01-25T00:00:00,40079.87,40282.87,39503.00,39941.66,12978.7331
2024-01-26T00:00:00,39941.66,42243.14,39805.95,41814.80,19359.3792
2024-01-27T00:00:00,41814.96,42199.99,41383.94,42126.55,3774.4506
2024-01-28T00:00:00,42126.55,42839.07,41617.53,42034.59,4298.4426
2024-01-29T00:00:00,42034.57,43326.77,41787.35,43306.18,12529.0926
2024-01-30T00:00:00,43303.30,43872.99,42680.20,42942.78,16384.6122
2024-01-31T00:00:00,42937.72,43741.94,42265.77,42548.08,15320.6204
2024-02-01T00:00:00,42545.47,43276.19,41846.04,43078.81,11526.6338
2024-02-02T00:00:00,43080.38,43700.00,42527.58,43181.66,12202.2413
2024-02-03T00:00:00,43183.62,43358.13,42863.58,43010.67,2254.4534
2024-02-04T00:00:00,43007.82,43100.00,42228.01,42568.55,2643.2516
2024-02-05T00:00:00,42571.91,43520.00,42235.00,42657.67,8756.8781
2024-02-06T00:00:00,42658.30,43372.79,42516.07,43095.79,7940.3683
2024-02-07T00:00:00,43097.16,44430.00,42760.44,44343.61,12440.3685
2024-02-08T00:00:00,44345.94,45637.38,44335.00,45305.20,19283.8058
2024-02-09T00:00:00,45304.83,48230.02,45252.93,47160.41,22108.8507
2024-02-10T00:00:00,47157.01,48179.43,46889.53,47767.06,5663.3099
2024-02-11T00:00:00,47767.06,48614.00,47590.30,48316.30,5243.1261
2024-02-12T00:00:00,48321.14,50363.42,47715.67,49941.81,18545.0873
2024-02-13T00:00:00,49941.95,50423.42,48327.81,49725.36,20471.5679
2024-02-14T00:00:00,49724.55,52111.00,49253.92,51858.59,20249.9437
2024-02-15T00:00:00,51858.51,52890.00,51353.49,51934.29,18465.0440
2024-02-16T00:00:00,51935.23,52608.20,51597.87,52162.64,13816.2735
2024-02-17T00:00:00,52162.65,52214.05,50642.36,51666.22,5387.3487
2024-02-18T00:00:00,51666.23,52400.00,51174.38,52153.63,3997.1714
2024-02-19T00:00:00,52153.63,52501.01,51687.98,51787.05,6009.0145
2024-02-20T00:00:00,51787.05,53000.00,50764.01,52277.52,15888.8760
2024-02-21T00:00:00,52277.53,52394.91,50628.60,51851.67,13735.0341
2024-02-22T00:00:00,51851.46,52076.00,50905.65,51258.70,13104.5141
2024-02-23T00:00:00,51260.29,51512.68,50513.01,50747.05,11679.1663
2024-02-24T00:00:00,50746.98,51696.19,50576.55,51570.65,3448.9658
2024-02-25T00:00:00,51568.63,51967.82,51275.01,51731.00,3617.4011
2024-02-26T00:00:00,51730.96,54980.00,50901.23,54533.48,22422.3876
2024-02-27T00:00:00,54530.32,57646.81,54490.80,57077.07,28791.4865
2024-02-28T00:00:00,57077.08,64100.00,56723.48,62518.90,48265.6721
2024-02-29T00:00:00,62520.06,63675.48,60355.61,61179.03,36825.8954
2024-03-01T00:00:00,61179.03,63267.18,60788.33,62436.72,24696.6569
2024-03-02T00:00:00,62439.74,62500.00,61623.39,62045.78,6882.3841
2024-03-03T00:00:00,62045.78,63260.00,61388.00,63154.49,7314.1763
2024-03-04T00:00:00,63155.74,68602.98,62300.00,68360.14,40600.3666
2024-03-05T00:00:00,68356.70,69324.58,59224.68,63800.78,65575.0954
2024-03-06T00:00:00,63802.15,67654.06,62832.39,66122.28,34655.9880
2024-03-07T00:00:00,66115.48,68098.09,65599.63,66938.21,22228.3674
2024-03-08T00:00:00,66938.21,70199.00,66157.09,68289.16,33749.5280
2024-03-09T00:00:00,68289.16,68700.41,68047.62,68480.00,9005.5099
2024-03-10T00:00:00,68480.01,70000.00,68221.13,69032.12,12163.0571
2024-03-11T00:00:00,69032.80,72943.98,67112.21,72110.98,32332.7258
2024-03-12T00:00:00,72110.98,73027.63,68603.00,71475.93,29420.1928
2024-03-13T00:00:00,71473.43,73709.99,71337.30,73135.04,21455.9220
2024-03-14T00:00:00,73135.04,73835.57,68454.47,71364.58,34226.6026
2024-03-15T00:00:00,71364.58,72414.96,65565.70,69506.88,40195.8423
2024-03-16T00:00:00,69514.87,70050.00,64774.05,65254.22,16532.8253
2024-03-17T00:00:00,65254.22,68877.82,64505.00,68343.64,12631.8508
2024-03-18T00:00:00,68354.29,68933.71,66562.65,67613.04,20057.3758
2024-03-19T00:00:00,67609.39,68136.39,61506.00,61906.27,40111.9755
2024-03-20T00:00:00,61902.57,68150.00,60771.14,67858.80,38590.7835
2024-03-21T00:00:00,67855.88,68234.56,64525.00,65484.70,18523.9625
2024-03-22T00:00:00,65478.98,66651.10,62258.36,63814.56,17807.6593
2024-03-23T00:00:00,63814.56,66029.09,63013.19,63998.86,7395.0827
2024-03-24T00:00:00,63998.87,67637.60,63785.57,67204.93,6535.8277
2024-03-25T00:00:00,67212.69,71269.92,66381.84,69890.28,22228.1380
2024-03-26T00:00:00,69895.60,71582.96,69269.69,69992.40,15697.7344
2024-03-27T00:00:00,69994.90,71789.85,68369.62,69435.96,18703.7374
2024-03-28T00:00:00,69437.16,71635.99,68841.01,70801.18,15224.1793
2024-03-29T00:00:00,70804.06,70941.70,69036.95,69903.75,7365.0320
2024-03-30T00:00:00,69903.74,70363.25,69569.03,69626.87,3262.6233
2024-03-31T00:00:00,69623.86,71399.91,69587.86,71288.90,4424.6696
2024-04-01T00:00:00,71291.50,71313.80,68055.15,69681.82,13916.6002
2024-04-02T00:00:00,69681.85,69711.00,64521.61,65464.14,23496.5863
2024-04-03T00:00:00,65472.00,66944.06,64500.00,65987.92,14506.5593
2024-04-04T00:00:00,65984.18,69367.19,65073.95,68525.23,18624.0814
2024-04-05T00:00:00,68528.69,68783.99,66000.00,67856.51,15515.8213
2024-04-06T00:00:00,67856.51,69685.00,67469.19,68919.89,3985.4417
2024-04-07T00:00:00,68919.57,70312.00,68846.23,69350.34,5766.4194
2024-04-08T00:00:00,69350.36,72777.00,69037.33,71622.53,16648.6928
2024-04-09T00:00:00,71616.31,71761.37,68200.00,69117.01,15143.5234
2024-04-10T00:00:00,69115.79,71159.60,67463.07,70634.04,16655.9878
2024-04-11T00:00:00,70638.40,71305.86,69530.00,70020.73,11001.1645
2024-04-12T00:00:00,70020.71,71265.74,65110.31,67148.61,23509.7555
2024-04-13T00:00:00,67148.62,69100.00,60822.01,64024.77,27548.4724
2024-04-14T00:00:00,64021.36,65890.91,62150.00,65777.05,21604.0515
2024-04-15T00:00:00,65764.56,66928.82,62315.08,63452.18,21672.7370
2024-04-16T00:00:00,63452.18,64400.00,61645.09,63814.94,17710.2821
2024-04-17T00:00:00,63814.94,64524.14,59648.33,61279.36,21812.1530
2024-04-18T00:00:00,61275.73,64210.00,60816.07,63513.85,15249.8421
2024-04-19T00:00:00,63514.84,65498.99,59573.32,63848.37,22838.0793
2024-04-20T00:00:00,63841.96,65463.08,63121.15,64968.87,5157.4073
2024-04-21T00:00:00,64960.82,65725.81,64250.00,64952.92,4487.4872
2024-04-22T00:00:00,64952.92,67272.73,64520.00,66859.17,10977.0518
2024-04-23T00:00:00,66856.07,67225.66,65823.66,66414.16,8840.1675
2024-04-24T00:00:00,66418.00,67077.97,63542.56,64255.78,15083.5524
2024-04-25T00:00:00,64255.77,65287.69,62747.18,64484.44,13256.2988
2024-04-26T00:00:00,64484.44,64810.00,63287.76,63742.39,10151.9625
2024-04-27T00:00:00,63742.39,63900.00,62389.00,63422.00,5312.1674
2024-04-28T00:00:00,63422.34,64333.33,62743.81,63108.94,4415.9683
2024-04-29T00:00:00,63109.76,64200.00,61741.01,63844.85,10712.1355
2024-04-30T00:00:00,63845.01,64727.81,59040.30,60622.10,21106.6554
2024-05-01T00:00:00,60621.20,60785.49,56500.00,58265.59,26611.9313
2024-05-02T00:00:00,58267.81,59641.03,56903.79,59071.89,13593.0091
2024-05-03T00:00:00,59070.30,63365.72,58821.05,62913.03,15954.2903
2024-05-04T00:00:00,62913.03,64546.00,62565.82,63902.88,6414.5746
2024-05-05T00:00:00,63902.88,64636.75,62908.34,64023.45,4474.5196
2024-05-06T00:00:00,64023.45,65523.44,62704.48,63162.24,11241.7722
2024-05-07T00:00:00,63161.35,64415.06,62252.64,62315.76,8994.9377
2024-05-08T00:00:00,62315.75,63013.05,60851.04,61169.53,7486.4260
2024-05-09T00:00:00,61169.53,63424.14,60601.60,63073.57,8360.0554
2024-05-10T00:00:00,63073.55,63470.00,60150.00,60787.47,11511.1299
2024-05-11T00:00:00,60787.99,61482.00,60450.13,60814.63,2338.0681
2024-05-12T00:00:00,60814.64,61843.45,60576.05,61453.02,2694.9758
2024-05-13T00:00:00,61453.01,63456.18,60738.51,62932.37,9170.8087
2024-05-14T00:00:00,62927.44,63103.02,61024.51,61539.84,13456.6131
2024-05-15T00:00:00,61539.70,66480.00,61299.57,66244.69,21821.3886
2024-05-16T00:00:00,66244.68,66772.83,64588.50,65252.18,12012.7020
2024-05-17T00:00:00,65252.17,67500.00,65113.46,67046.33,11710.0072
2024-05-18T00:00:00,67046.34,67407.79,66624.06,66923.87,3880.5811
2024-05-19T00:00:00,66923.87,67701.91,65852.02,66261.62,3565.1135
2024-05-20T00:00:00,66260.04,71560.90,66057.03,71432.17,20415.8869
2024-05-21T00:00:00,71432.16,71980.00,69146.01,70142.84,16102.0613
2024-05-22T00:00:00,70142.88,70659.99,68887.52,69109.93,10889.1030
2024-05-23T00:00:00,69109.93,70066.95,66259.00,67940.45,14340.2784
2024-05-24T00:00:00,67932.79,69278.75,66587.91,68547.80,10374.9599
2024-05-25T00:00:00,68545.52,69605.03,68487.44,69289.67,2501.1190
2024-05-26T00:00:00,69289.69,69522.00,68097.38,68473.72,2037.6733
2024-05-27T00:00:00,68470.80,70613.39,68210.12,69368.72,5384.6228
2024-05-28T00:00:00,69366.31,69533.96,67194.59,68321.98,11975.9309
2024-05-29T00:00:00,68321.99,68864.11,67081.66,67569.45,8970.0206
2024-05-30T00:00:00,67569.44,69536.89,67092.91,68338.58,11841.2638
2024-05-31T00:00:00,68338.58,69024.71,66584.47,67472.41,10690.8588
2024-06-01T00:00:00,67473.07,67837.33,67371.28,67719.29,1949.5701
2024-06-02T00:00:00,67719.29,68411.00,67260.00,67735.52,2997.1524
2024-06-03T00:00:00,67731.14,70295.78,67568.00,68791.00,11884.9088
2024-06-04T00:00:00,68791.04,71108.90,68542.37,70542.32,18042.1940
2024-06-05T00:00:00,70541.68,71804.13,70356.49,71121.11,10123.1803
2024-06-06T00:00:00,71120.65,71650.56,70093.98,70773.64,7716.5080
2024-06-07T00:00:00,70773.63,71974.04,68298.55,69324.53,13768.9819
2024-06-08T00:00:00,69326.71,69546.58,69126.22,69304.05,2631.9461
2024-06-09T00:00:00,69303.80,69848.94,69123.99,69637.87,1826.0400
2024-06-10T00:00:00,69641.08,70187.53,69141.51,69497.73,6088.4036
2024-06-11T00:00:00,69495.97,69547.82,66018.69,67316.53,17354.6892
2024-06-12T00:00:00,67316.52,70032.00,66883.32,68248.60,17140.0114
2024-06-13T00:00:00,68248.59,68474.49,66200.00,66738.85,11916.1321
2024-06-14T00:00:00,66746.46,67322.72,65005.00,66004.39,11520.1579
2024-06-15T00:00:00,66004.36,66428.57,65800.86,66192.00,2004.1422
2024-06-16T00:00:00,66192.00,66931.18,65999.00,66628.75,2118.6516
2024-06-17T00:00:00,66629.38,67274.96,65050.00,66481.81,14487.6406
2024-06-18T00:00:00,66481.81,66574.33,64010.01,65152.80,15937.7318
2024-06-19T00:00:00,65150.90,65709.26,64635.48,64943.79,4958.3836
2024-06-20T00:00:00,64945.67,66455.52,64500.00,64840.88,9346.7081
2024-06-21T00:00:00,64840.89,65017.10,63300.93,64120.28,9816.7960
2024-06-22T00:00:00,64120.28,64523.91,63910.01,64235.01,2324.2150
2024-06-23T00:00:00,64235.00,64499.95,63125.75,63171.43,2054.7909
2024-06-24T00:00:00,63169.36,63343.91,58414.28,60263.00,21418.0459
2024-06-25T00:00:00,60262.16,62400.00,60217.36,61789.71,15201.5825
2024-06-26T00:00:00,61794.47,62470.00,60656.80,60816.68,11392.7984
2024-06-27T00:00:00,60818.86,62346.16,60546.94,61615.39,10530.3590
2024-06-28T00:00:00,61611.43,62170.62,59868.00,60313.35,11381.0259
2024-06-29T00:00:00,60312.36,61122.66,60273.80,60885.67,3199.0365
2024-06-30T00:00:00,60884.44,62942.67,60611.01,62668.26,4263.2292
2024-07-01T00:00:00,62669.14,63801.26,62448.46,62830.13,12326.7070
2024-07-02T00:00:00,62830.94,63223.57,61000.00,62040.22,10688.6413
2024-07-03T00:00:00,62039.44,62197.01,59332.76,60145.01,12066.7168
2024-07-04T00:00:00,60145.01,60429.27,56709.73,57042.14,17969.3569
2024-07-05T00:00:00,57036.45,57515.60,53499.90,56639.43,28052.4150
2024-07-06T00:00:00,56634.53,58481.97,56020.32,58244.75,6449.3250
2024-07-07T00:00:00,58240.36,58448.89,55717.23,55854.09,5320.9165
2024-07-08T00:00:00,55852.61,58200.00,54278.93,56699.43,19043.0486
2024-07-09T00:00:00,56701.18,58295.31,56276.37,58047.86,11757.7603
2024-07-10T00:00:00,58047.86,59481.93,57157.28,57712.59,11619.6323
2024-07-11T00:00:00,57713.40,59533.06,57036.41,57340.77,11433.5338
2024-07-12T00:00:00,57343.66,58550.00,56538.33,57909.03,10516.6040
2024-07-13T00:00:00,57908.61,59875.00,57770.92,59224.58,4255.1055
2024-07-14T00:00:00,59224.58,61428.67,59209.20,60808.42,6132.3740
2024-07-15T00:00:00,60804.97,64943.61,60666.59,64757.16,20601.7339
2024-07-16T00:00:00,64757.16,65405.89,62410.33,65088.99,14691.9200
2024-07-17T00:00:00,65086.55,66139.00,63853.99,64085.81,10647.7971
2024-07-18T00:00:00,64085.82,65130.88,63222.60,63982.86,7637.5276
2024-07-19T00:00:00,63977.64,67504.22,63289.15,66707.61,15163.0575
2024-07-20T00:00:00,66707.61,67635.00,66271.00,67163.83,4671.3889
2024-07-21T00:00:00,67163.82,68380.00,65820.18,68181.28,6027.8620
2024-07-22T00:00:00,68181.16,68495.00,66569.42,67558.22,11844.7912
2024-07-23T00:00:00,67560.03,67786.84,65444.30,65939.24,10791.0378
2024-07-24T00:00:00,65939.24,67131.17,65090.61,65366.40,7702.2555
2024-07-25T00:00:00,65358.86,66161.98,63412.46,65795.42,10452.2557
2024-07-26T00:00:00,65795.52,68216.66,65705.60,67924.08,9315.2092
2024-07-27T00:00:00,67921.46,69418.15,66635.28,67899.41,10233.6220
2024-07-28T00:00:00,67901.81,68308.82,67021.80,68244.30,3505.5484
2024-07-29T00:00:00,68244.30,70000.00,66400.01,66771.45,13641.4848
2024-07-30T00:00:00,66767.14,66994.15,65283.68,66169.68,8733.5716
2024-07-31T00:00:00,66169.68,66837.40,64500.00,64609.62,8986.3753
2024-08-01T00:00:00,64609.61,65593.56,62212.81,65288.18,15636.7221
2024-08-02T00:00:00,65293.48,65557.86,61150.00,61418.06,15390.0096
2024-08-03T00:00:00,61418.06,62171.58,59819.13,60674.93,8019.3945
2024-08-04T00:00:00,60674.93,61082.30,57123.00,58130.95,10319.0109
2024-08-05T00:00:00,58131.31,58282.83,49050.01,54029.12,59125.7893
2024-08-06T00:00:00,54037.90,57091.16,53965.57,56048.08,16897.6752
2024-08-07T00:00:00,56048.07,57757.15,54564.15,55148.10,13971.5152
2024-08-08T00:00:00,55144.14,62755.24,54737.32,61705.58,20623.0499
2024-08-09T00:00:00,61704.05,61764.38,59552.46,60862.13,11569.8074
2024-08-10T00:00:00,60864.71,61500.00,60255.61,60935.02,3157.6361
2024-08-11T00:00:00,60935.01,61868.69,58312.63,58722.49,5229.3701
2024-08-12T00:00:00,58717.44,60721.77,57653.31,59358.78,12183.9294
2024-08-13T00:00:00,59358.78,61615.43,58402.01,60603.19,10879.7636
2024-08-14T00:00:00,60603.19,61827.20,58453.56,58690.62,12938.6147
2024-08-15T00:00:00,58690.62,59883.49,56120.00,57543.61,14506.6332
2024-08-16T00:00:00,57543.57,59871.61,57096.56,58888.99,11930.2179
2024-08-17T00:00:00,58888.99,59711.02,58803.45,59497.49,2787.5636
2024-08-18T00:00:00,59497.49,60284.99,58422.00,58437.90,4325.6482
2024-08-19T00:00:00,58436.20,59639.81,57820.00,59452.67,8539.2938
2024-08-20T00:00:00,59455.81,61457.03,58571.96,59017.59,11062.0528
2024-08-21T00:00:00,59017.59,61849.98,58793.89,61163.28,13380.1110
2024-08-22T00:00:00,61167.54,61430.48,59750.00,60383.29,9608.6955
2024-08-23T00:00:00,60383.28,64987.00,60343.20,64086.72,17852.7712
2024-08-24T00:00:00,64091.63,64529.78,63564.22,64179.63,5020.9168
2024-08-25T00:00:00,64179.63,65050.08,63793.74,64251.93,4012.3076
2024-08-26T00:00:00,64250.01,64509.36,62806.80,62840.00,10741.9665
2024-08-27T00:00:00,62840.09,63226.26,58025.49,59439.64,14195.8950
2024-08-28T00:00:00,59437.68,60236.98,57851.62,59045.88,10001.1217
2024-08-29T00:00:00,59047.94,61194.09,58729.39,59364.47,10933.2204
2024-08-30T00:00:00,59353.12,59929.63,57700.00,59112.77,9382.9125
2024-08-31T00:00:00,59117.59,59446.99,58739.31,58968.37,1368.2178
2024-09-01T00:00:00,58968.37,59070.55,57200.00,57299.00,4411.0539
2024-09-02T00:00:00,57291.21,59423.00,57119.01,59139.83,4318.6545
2024-09-03T00:00:00,59138.89,59825.70,57394.49,57468.84,8264.4497
2024-09-04T00:00:00,57460.50,58531.25,55555.00,57971.00,13715.9617
2024-09-05T00:00:00,57971.00,58326.12,55628.04,56156.82,12281.5783
2024-09-06T00:00:00,56156.82,56995.00,52530.00,53950.01,18495.4506
2024-09-07T00:00:00,53950.00,54847.00,53733.10,54156.33,3284.5772
2024-09-08T00:00:00,54159.60,55315.95,53623.95,54881.11,3684.8682
2024-09-09T00:00:00,54881.10,58119.97,54565.56,57053.90,10203.0333
2024-09-10T00:00:00,57047.82,58050.35,56377.76,57645.59,6433.2137
2024-09-11T00:00:00,57641.15,58014.35,55534.41,57352.79,11678.9430
2024-09-12T00:00:00,57352.92,58600.00,57311.15,58137.54,10175.6239
2024-09-13T00:00:00,58137.33,60670.00,57630.01,60543.35,11935.9554
2024-09-14T00:00:00,60543.35,60660.00,59436.80,60012.35,3147.3902
2024-09-15T00:00:00,60012.34,60402.34,58695.75,59122.33,3975.3568
2024-09-16T00:00:00,59122.70,59214.15,57477.00,58208.75,7654.1099
2024-09-17T00:00:00,58209.76,61373.41,57620.27,60312.60,11701.8907
2024-09-18T00:00:00,60317.38,61800.00,59174.50,61769.18,11471.5068
2024-09-19T00:00:00,61770.38,63891.82,61569.16,62960.14,15075.8684
2024-09-20T00:00:00,62956.04,64140.67,62340.00,63210.69,10636.1083
2024-09-21T00:00:00,63210.94,63575.63,62755.00,63362.74,1960.8571
2024-09-22T00:00:00,63362.74,64000.00,62380.55,63577.66,2882.2342
2024-09-23T00:00:00,63580.39,64739.67,62566.28,63338.87,7014.7446
2024-09-24T00:00:00,63338.85,64700.00,62689.15,64272.93,8933.4647
2024-09-25T00:00:00,64272.93,64811.00,62932.80,63130.89,5909.0951
2024-09-26T00:00:00,63131.13,65865.00,62652.99,65177.21,12789.8504
2024-09-27T00:00:00,65176.39,66550.00,64827.85,65789.00,9529.0169
2024-09-28T00:00:00,65787.53,66266.39,65400.00,65858.99,2755.2268
2024-09-29T00:00:00,65857.33,66059.00,65433.29,65600.01,2721.3520
2024-09-30T00:00:00,65600.01,65624.95,62833.95,63301.25,10629.7415
2024-10-01T00:00:00,63305.52,64106.75,60150.89,60790.00,15970.8030
2024-10-02T00:00:00,60792.63,62380.34,59969.20,60631.37,8764.0305
2024-10-03T00:00:00,60631.36,61474.92,59824.87,60744.99,7834.5572
2024-10-04T00:00:00,60745.00,62481.00,60454.50,62090.71,7884.2183
2024-10-05T00:00:00,62090.70,62380.04,61686.34,62051.29,1783.5656
2024-10-06T00:00:00,62051.29,62978.75,61805.85,62810.86,2086.2182
2024-10-07T00:00:00,62810.93,64467.02,62113.28,62200.28,10707.1500
2024-10-08T00:00:00,62203.82,63191.05,61824.48,62122.02,6566.3303
2024-10-09T00:00:00,62118.44,62507.68,60255.00,60578.28,7582.3672
2024-10-10T00:00:00,60578.28,61271.59,58863.90,60279.53,10462.5796
2024-10-11T00:00:00,60279.53,63416.70,60029.98,62518.75,11454.9901
2024-10-12T00:00:00,62518.75,63474.25,62464.15,63187.47,3943.9065
2024-10-13T00:00:00,63183.08,63270.18,62033.00,62845.30,2257.6146
2024-10-14T00:00:00,62847.89,66500.00,62426.67,66065.65,13638.7111
2024-10-15T00:00:00,66065.64,67944.76,64778.44,67056.60,16324.0119
2024-10-16T00:00:00,67056.62,68399.00,66743.00,67608.44,12465.7569
2024-10-17T00:00:00,67608.45,67926.99,66629.97,67402.33,7912.2264
2024-10-18T00:00:00,67399.86,69000.62,67149.24,68426.11,11802.7444
2024-10-19T00:00:00,68426.11,68689.29,68005.83,68363.73,1868.8696
2024-10-20T00:00:00,68363.73,69380.00,68083.18,69014.86,2632.8921
2024-10-21T00:00:00,69014.87,69498.00,66802.00,67346.15,10226.5935
2024-10-22T00:00:00,67346.15,67800.00,66535.00,67380.08,8598.0647
2024-10-23T00:00:00,67389.70,67415.65,65149.51,66601.11,9021.1714
2024-10-24T00:00:00,66601.10,68800.00,66445.32,68156.84,10016.1983
2024-10-25T00:00:00,68156.84,68742.38,65500.01,66564.51,14485.4925
2024-10-26T00:00:00,66564.51,67365.18,66331.95,67012.56,2949.2200
2024-10-27T00:00:00,67008.15,68261.37,66836.78,67943.19,2819.5977
2024-10-28T00:00:00,67943.18,70235.98,67532.48,69924.50,16140.1401
2024-10-29T00:00:00,69924.49,73624.98,69705.76,72724.35,20616.9119
2024-10-30T00:00:00,72724.35,72948.60,71400.01,72322.91,13543.4934
2024-10-31T00:00:00,72322.91,72684.02,69559.33,70197.83,14726.7846
2024-11-01T00:00:00,70198.02,71620.00,68720.00,69467.29,15295.2878
2024-11-02T00:00:00,69466.64,69891.92,69000.00,69358.94,2203.9964
2024-11-03T00:00:00,69360.95,69364.65,67444.00,68738.18,6758.8851
2024-11-04T00:00:00,68736.40,69453.94,66783.77,67807.48,12431.0137
2024-11-05T00:00:00,67810.15,70557.67,67427.53,69380.73,12867.6613
2024-11-06T00:00:00,69380.64,76509.56,69285.82,75646.55,45398.1184
2024-11-07T00:00:00,75646.55,76999.00,74463.96,75920.00,21932.4021
2024-11-08T00:00:00,75925.00,77312.18,75654.26,76566.73,18378.3988
2024-11-09T00:00:00,76566.72,76952.67,75758.58,76716.06,4836.5701
2024-11-10T00:00:00,76716.06,81534.28,76535.33,80428.92,16728.2111
2024-11-11T00:00:00,80427.69,89666.00,80277.34,88770.73,35560.1187
2024-11-12T00:00:00,88770.74,90100.00,85010.00,88035.43,40111.8092
2024-11-13T00:00:00,88035.43,93495.00,86220.50,90493.82,42318.6909
2024-11-14T00:00:00,90499.40,91831.25,86672.07,87340.40,23422.7592
2024-11-15T00:00:00,87338.96,91934.62,87100.83,91058.36,20388.3312
2024-11-16T00:00:00,91058.36,91820.73,90069.21,90636.24,6598.0269
2024-11-17T00:00:00,90638.54,91439.82,88713.64,89886.69,5574.5512
2024-11-18T00:00:00,89877.11,92674.80,89372.65,90520.30,17340.7717
2024-11-19T00:00:00,90521.32,94105.84,90403.24,92435.89,18267.1611
2024-11-20T00:00:00,92445.04,94989.99,91600.00,94393.15,20329.0400
2024-11-21T00:00:00,94384.15,99073.53,94127.20,98439.09,31188.0939
2024-11-22T00:00:00,98439.10,99860.00,97209.52,99024.03,29936.6222
2024-11-23T00:00:00,99024.03,99044.11,97215.01,97778.77,12072.4720
2024-11-24T00:00:00,97778.78,98700.00,95780.77,98028.18,8654.7714
2024-11-25T00:00:00,98032.06,98999.00,92534.93,93000.01,20695.9125
2024-11-26T00:00:00,93001.48,95004.92,90682.58,91929.54,17848.0196
2024-11-27T00:00:00,91929.53,97386.06,91747.46,95951.19,15213.9095
2024-11-28T00:00:00,95951.19,96676.31,94671.59,95665.53,5586.5529
2024-11-29T00:00:00,95665.53,98750.00,95383.46,97490.56,12587.0250
2024-11-30T00:00:00,97489.80,97509.60,96129.73,96465.42,3476.0426
2024-12-01T00:00:00,96464.95,97895.90,95753.42,97263.18,4039.2759
2024-12-02T00:00:00,97259.17,98200.00,94400.63,95862.89,15554.6149
2024-12-03T00:00:00,95862.89,96310.10,93571.30,95924.52,17898.7046
2024-12-04T00:00:00,95924.85,99263.20,94634.85,98746.24,17528.9205
2024-12-05T00:00:00,98746.24,104000.00,92055.86,97044.23,36399.8182
2024-12-06T00:00:00,97049.47,102104.12,96424.20,99891.35,17801.2129
2024-12-07T00:00:00,99885.37,100583.27,99012.73,99929.32,4774.3509
2024-12-08T00:00:00,99919.20,101435.05,98729.66,101174.99,4230.3523
2024-12-09T00:00:00,101175.00,101290.73,94220.80,97324.81,20103.0507
2024-12-10T00:00:00,97330.66,98338.17,94273.38,96660.76,20620.5388
2024-12-11T00:00:00,96660.75,101984.98,95722.79,101202.11,21190.2375
2024-12-12T00:00:00,101211.61,102595.00,99298.39,100030.47,14796.9246
2024-12-13T00:00:00,100024.75,101959.13,99220.81,101428.75,13327.5995
2024-12-14T00:00:00,101428.74,102650.00,100600.00,101399.99,4181.4018
2024-12-15T00:00:00,101400.00,105100.00,101221.34,104447.76,7796.3336
2024-12-16T00:00:00,104445.15,107857.79,103289.21,106099.81,22575.8790
2024-12-17T00:00:00,106099.98,108388.88,105337.97,106136.99,11994.5886
2024-12-18T00:00:00,106145.83,106528.13,99939.82,100150.73,22294.4284
2024-12-19T00:00:00,100148.60,102796.22,95539.67,97372.21,23522.1286
2024-12-20T00:00:00,97372.20,98132.47,92115.66,97765.00,21766.6239
2024-12-21T00:00:00,97762.75,99596.57,96368.00,97230.08,6451.4327
2024-12-22T00:00:00,97230.09,97387.98,94182.98,95087.75,4933.5013
2024-12-23T00:00:00,95091.15,96430.08,92360.91,94764.56,13476.9895
2024-12-24T00:00:00,94767.88,99444.00,93426.25,98594.47,13355.3631
2024-12-25T00:00:00,98594.47,99484.92,97557.48,99346.28,5254.2371
2024-12-26T00:00:00,99358.67,99887.00,95083.93,95669.49,11403.3727
2024-12-27T00:00:00,95669.40,97340.47,93234.31,94171.89,13169.1290
2024-12-28T00:00:00,94171.70,95534.17,94002.72,95130.82,2722.6591
2024-12-29T00:00:00,95125.59,95170.06,92841.48,93563.35,3417.5275
2024-12-30T00:00:00,93563.35,94910.48,91271.19,92620.71,15271.2443
2024-12-31T00:00:00,92620.70,96148.94,91887.13,93354.22,10348.6326
2025-01-01T00:00:00,93347.59,94960.91,92743.63,94383.59,6871.7385
2025-01-02T00:00:00,94383.59,97776.99,94177.00,96903.19,10912.4738
2025-01-03T00:00:00,96905.48,98969.92,96016.63,98136.51,9021.8854
2025-01-04T00:00:00,98139.85,98761.02,97516.65,98209.85,2742.0896
2025-01-05T00:00:00,98209.85,98814.00,97250.00,98345.33,2377.9218
2025-01-06T00:00:00,98347.65,102500.00,97900.00,102279.41,15173.5561
2025-01-07T00:00:00,102279.41,102735.99,96105.11,96941.98,16587.2869
2025-01-08T00:00:00,96941.98,97254.35,92500.00,95036.63,14182.2974
2025-01-09T00:00:00,95033.18,95363.26,91187.00,92547.44,9712.3785
2025-01-10T00:00:00,92547.44,95862.92,92209.25,94701.18,12634.0341
2025-01-11T00:00:00,94701.48,94983.65,93804.05,94565.02,2638.6996
2025-01-12T00:00:00,94569.91,95383.84,93670.30,94509.62,2025.8161
2025-01-13T00:00:00,94507.24,95900.00,89028.64,94506.45,13094.8636
2025-01-14T00:00:00,94507.35,97353.29,94311.36,96534.96,11210.7423
2025-01-15T00:00:00,96534.97,100716.45,96400.00,100510.23,13610.7473
2025-01-16T00:00:00,100504.27,100880.00,97277.58,99981.78,12312.3737
2025-01-17T00:00:00,99981.46,105970.00,99937.81,104107.00,20518.3095
2025-01-18T00:00:00,104107.00,104933.15,102233.45,104435.00,7835.2999
2025-01-19T00:00:00,104435.01,106314.44,99518.00,101211.13,13312.6369
2025-01-20T00:00:00,101217.78,109358.01,99416.27,102145.43,32342.1831
2025-01-21T00:00:00,102145.42,107291.10,100051.00,106159.26,19411.2349
2025-01-22T00:00:00,106159.27,106431.34,103100.00,103667.11,10730.0190
2025-01-23T00:00:00,103659.60,106870.87,101200.01,103926.36,25064.8650
2025-01-24T00:00:00,103926.36,107200.00,102751.92,104850.27,12921.9936
2025-01-25T00:00:00,104866.13,105294.00,104104.00,104733.56,3404.8531
2025-01-26T00:00:00,104729.92,105478.80,102452.24,102563.00,4575.3661
2025-01-27T00:00:00,102565.28,103228.46,97715.03,102062.42,23647.1411
2025-01-28T00:00:00,102063.92,103770.85,100213.80,101290.00,9488.5343
2025-01-29T00:00:00,101290.01,104829.64,101275.60,103747.25,11403.2028
2025-01-30T00:00:00,103747.25,106484.77,103289.74,104742.64,13061.3488
2025-01-31T00:00:00,104742.63,106090.00,101506.00,102411.26,13313.6810
2025-02-01T00:00:00,102414.05,102781.65,100250.00,100623.85,3390.2556
2025-02-02T00:00:00,100623.88,101459.84,96179.00,97676.52,10366.6506
2025-02-03T00:00:00,97676.53,102599.85,91178.01,101460.20,31328.7222
2025-02-04T00:00:00,101460.15,101812.23,96145.76,97795.05,14168.7032
2025-02-05T00:00:00,97795.06,99230.49,96161.01,96638.33,9308.5919
2025-02-06T00:00:00,96635.62,99182.15,95674.96,96564.62,9168.9467
2025-02-07T00:00:00,96575.24,100235.79,95614.96,96537.08,12171.8253
2025-02-08T00:00:00,96536.93,96919.05,95682.33,96476.25,2972.4572
2025-02-09T00:00:00,96476.24,97342.28,94730.67,96475.82,3417.8701
2025-02-10T00:00:00,96481.47,98367.23,95257.20,97444.41,6375.7254
2025-02-11T00:00:00,97451.66,98500.00,94831.07,95774.08,7737.0511
2025-02-12T00:00:00,95770.95,98119.98,94066.92,97862.53,9078.5036
2025-02-13T00:00:00,97864.28,98100.00,95220.00,96625.29,6803.6079
2025-02-14T00:00:00,96625.29,98890.11,96268.56,97509.03,7744.6764
2025-02-15T00:00:00,97507.94,97997.85,97225.01,97596.94,1626.5193
2025-02-16T00:00:00,97596.54,97738.22,96057.68,96119.88,2174.2933
2025-02-17T00:00:00,96119.88,97050.64,95200.00,95781.80,3533.0127
2025-02-18T00:00:00,95781.80,96730.00,93333.00,95607.40,8867.3988
2025-02-19T00:00:00,95612.97,96880.00,95000.01,96632.03,6945.4490
2025-02-20T00:00:00,96632.03,98768.54,96419.07,98347.20,10582.8462
2025-02-21T00:00:00,98347.20,99517.52,94721.92,96157.03,19298.2392
2025-02-22T00:00:00,96157.03,96982.52,95767.95,96582.12,7324.0237
2025-02-23T00:00:00,96578.49,96679.93,95243.91,96265.98,3787.8471
2025-02-24T00:00:00,96266.23,96515.41,91300.00,91510.82,12644.0435
2025-02-25T00:00:00,91509.88,92549.99,85836.18,88583.74,31587.9172
2025-02-26T00:00:00,88583.17,89305.68,82111.12,84111.78,21568.5546
2025-02-27T00:00:00,84111.77,86993.87,82554.11,84625.19,16836.5552
2025-02-28T00:00:00,84627.50,85116.19,78167.81,84297.73,30755.7425
2025-03-01T00:00:00,84297.74,86534.96,83772.54,86018.76,6852.5441
2025-03-02T00:00:00,86018.82,95128.88,85003.35,94265.48,16751.2297
2025-03-03T00:00:00,94265.47,94415.61,85007.01,86161.10,22691.6707
2025-03-04T00:00:00,86161.09,88977.27,81444.00,87249.96,23130.3710
2025-03-05T00:00:00,87247.93,91000.00,86329.22,90603.73,14900.9340
2025-03-06T00:00:00,90607.73,92817.29,87790.50,89921.85,13303.4374
2025-03-07T00:00:00,89915.02,91280.00,84608.27,86756.98,27137.2022
2025-03-08T00:00:00,86753.30,86863.38,85200.00,86206.69,3023.2479
2025-03-09T00:00:00,86206.64,86480.00,80000.00,80699.17,7565.4475
2025-03-10T00:00:00,80708.21,84033.66,77389.00,78544.71,21375.1012
2025-03-11T00:00:00,78548.18,83600.00,76555.00,82914.51,17096.3798
2025-03-12T00:00:00,82911.81,84442.69,80572.21,83659.43,12617.2206
2025-03-13T00:00:00,83659.45,84310.80,79890.00,81073.43,10506.8004
2025-03-14T00:00:00,81071.50,85318.61,80771.17,83980.49,10857.4570
2025-03-15T00:00:00,83989.86,84690.43,83612.24,84351.46,2331.9203
2025-03-16T00:00:00,84351.45,85092.35,81969.44,82562.57,4059.8977
2025-03-17T00:00:00,82562.50,84758.46,82416.98,84011.40,7785.9773
2025-03-18T00:00:00,84011.39,84029.67,81125.00,82698.76,7316.6330
2025-03-19T00:00:00,82699.53,87045.45,82535.53,86877.96,13056.0352
2025-03-20T00:00:00,86877.97,87492.87,83596.75,84183.42,9880.3170
2025-03-21T00:00:00,84183.41,84809.72,83100.00,84061.96,6257.6356
2025-03-22T00:00:00,84061.96,84517.75,83659.69,83852.03,2108.5135
2025-03-23T00:00:00,83852.06,86128.99,83804.67,86092.94,3467.4695
2025-03-24T00:00:00,86092.95,88804.64,85533.06,87523.62,13107.5039
2025-03-25T00:00:00,87518.09,88584.34,86321.97,87427.88,10153.9831
2025-03-26T00:00:00,87432.82,88304.10,85850.00,86926.01,6885.7199
2025-03-27T00:00:00,86926.01,87790.12,85784.00,87217.48,6904.0939
2025-03-28T00:00:00,87214.07,87498.15,83533.40,84381.80,10031.8001
2025-03-29T00:00:00,84381.81,84584.13,81608.99,82616.83,3194.2430
2025-03-30T00:00:00,82624.06,83508.98,81538.88,82379.98,2472.7230
2025-03-31T00:00:00,82379.98,83920.80,81265.16,82534.32,6887.9469
2025-04-01T00:00:00,82534.31,85566.53,82403.32,85170.37,9130.9769
2025-04-02T00:00:00,85166.92,88530.00,82283.01,82490.08,16748.2826
2025-04-03T00:00:00,82490.10,83953.45,81177.70,83174.33,11800.9111
2025-04-04T00:00:00,83178.68,84720.67,81643.54,83860.16,14593.0309
2025-04-05T00:00:00,83859.78,84238.35,82346.61,83498.25,2836.4292
2025-04-06T00:00:00,83505.88,83773.58,77058.99,78370.75,11014.8595
2025-04-07T00:00:00,78370.15,81223.67,74420.69,79140.01,26706.5293
2025-04-08T00:00:00,79140.02,80849.98,76167.35,76251.64,14917.0235
2025-04-09T00:00:00,76258.80,83583.35,74553.01,82594.75,23584.9446
2025-04-10T00:00:00,82593.15,82730.93,78387.24,79552.34,11876.1278
2025-04-11T00:00:00,79552.34,84299.00,78919.94,83380.47,9964.6870
2025-04-12T00:00:00,83379.64,85909.97,82765.26,85271.01,3972.4928
2025-04-13T00:00:00,85271.02,86092.99,83010.00,83733.07,3904.1593
2025-04-14T00:00:00,83733.07,85818.06,83655.27,84590.36,7247.0234
2025-04-15T00:00:00,84590.36,86491.40,83592.77,83629.78,6461.7702
2025-04-16T00:00:00,83622.52,85526.40,83088.02,84028.72,8246.7375
2025-04-17T00:00:00,84028.71,85494.94,83711.69,84961.97,5865.7008
2025-04-18T00:00:00,84961.97,85150.94,84287.06,84466.47,1884.0767
2025-04-19T00:00:00,84466.47,85625.00,84353.45,85074.99,1683.3075
2025-04-20T00:00:00,85074.59,85319.21,83972.82,85177.34,1812.1433
2025-04-21T00:00:00,85177.33,88575.62,85135.98,87522.07,12603.7583
2025-04-22T00:00:00,87513.53,93952.62,87077.17,93489.10,19460.0943
2025-04-23T00:00:00,93486.57,94686.00,91902.19,93740.92,12538.3214
2025-04-24T00:00:00,93740.93,94061.02,91685.18,94021.96,9320.8086
2025-04-25T00:00:00,94021.97,95976.34,92880.01,94708.79,14148.6339
2025-04-26T00:00:00,94707.79,95273.52,93903.01,94666.64,2253.9894
2025-04-27T00:00:00,94666.64,95351.11,93654.77,93780.57,2304.9379
2025-04-28T00:00:00,93780.56,95652.66,92829.44,95042.57,7348.4884
2025-04-29T00:00:00,95042.56,95499.00,93761.26,94271.09,5979.9447
2025-04-30T00:00:00,94271.08,95263.74,92911.88,94182.54,6511.3178
2025-05-01T00:00:00,94182.55,97546.99,94136.79,96524.98,8334.0268
2025-05-02T00:00:00,96524.98,97948.56,96369.69,96929.81,5709.6101
2025-05-03T00:00:00,96929.81,96974.78,95765.13,95861.33,2077.5568
2025-05-04T00:00:00,95865.47,96312.51,94151.67,94272.55,2834.3969
2025-05-05T00:00:00,94272.54,95218.82,93500.01,94733.99,5181.0121
2025-05-06T00:00:00,94733.99,96916.25,93363.28,96839.17,6164.3474
2025-05-07T00:00:00,96843.84,97738.05,95800.00,97058.32,8328.6988
2025-05-08T00:00:00,97058.33,104176.05,96888.25,103253.49,15379.4354
2025-05-09T00:00:00,103252.20,104352.60,102330.76,102986.96,7318.6044
2025-05-10T00:00:00,102986.94,104997.00,102831.41,104821.19,3104.1714
2025-05-11T00:00:00,104817.83,104980.89,103360.22,104137.62,3055.2281
2025-05-12T00:00:00,104137.58,105787.37,100703.71,102800.21,11005.4067
2025-05-13T00:00:00,102800.22,105038.53,101447.78,104131.06,8727.8911
2025-05-14T00:00:00,104131.20,104373.00,102603.27,103545.38,7628.7018
2025-05-15T00:00:00,103540.91,104200.00,101400.01,103786.43,7563.0095
2025-05-16T00:00:00,103786.40,104616.71,103125.51,103500.03,6881.6571
2025-05-17T00:00:00,103500.03,103741.98,102612.00,103161.07,1848.9525
2025-05-18T00:00:00,103162.53,106692.97,103130.95,106473.46,4130.6089
2025-05-19T00:00:00,106488.77,107137.68,102105.00,105616.18,10104.3234
2025-05-20T00:00:00,105616.21,107355.00,104209.18,106883.24,8804.3872
2025-05-21T00:00:00,106883.24,110788.98,106128.14,109699.54,18333.9149
2025-05-22T00:00:00,109697.19,112000.00,109217.23,111722.53,11250.3876
2025-05-23T00:00:00,111722.54,111824.07,106800.01,107329.61,9638.2349
2025-05-24T00:00:00,107332.08,109517.79,106895.77,107794.01,2611.3561
2025-05-25T00:00:00,107794.01,109371.04,106632.35,109048.68,2996.9984
2025-05-26T00:00:00,109048.41,110474.41,108706.04,109464.32,4641.3812
2025-05-27T00:00:00,109464.33,110829.42,107536.41,108978.46,8827.0692
2025-05-28T00:00:00,108978.45,109344.89,106790.16,107819.29,6474.2013
2025-05-29T00:00:00,107819.26,108943.35,105315.00,105572.58,9305.5841
2025-05-30T00:00:00,105572.58,106377.66,103634.48,104033.26,7866.1624
2025-05-31T00:00:00,104033.00,104965.50,103110.01,104645.87,2403.6082
2025-06-01T00:00:00,104645.87,105937.46,103800.81,105697.94,2369.9289
2025-06-02T00:00:00,105697.93,106000.00,103685.23,105904.94,5818.9081
2025-06-03T00:00:00,105909.79,106901.68,104910.01,105447.82,6486.4598
2025-06-04T00:00:00,105443.95,106058.47,104202.00,104753.38,4505.0360
2025-06-05T00:00:00,104753.37,105999.68,100345.73,101570.20,10627.5734
2025-06-06T00:00:00,101570.20,105439.01,101132.91,104397.99,9677.2575
2025-06-07T00:00:00,104398.00,106000.00,103969.70,105619.02,4141.1012
2025-06-08T00:00:00,105619.02,106548.90,105028.30,105784.40,1998.6101
2025-06-09T00:00:00,105784.41,110651.12,105368.27,110301.15,6581.2478
2025-06-10T00:00:00,110299.69,110420.08,108362.14,110300.24,5433.6717
2025-06-11T00:00:00,110300.25,110435.05,108091.74,108669.37,4603.3324
2025-06-12T00:00:00,108673.77,108853.74,105706.78,105721.05,5734.6714
2025-06-13T00:00:00,105716.45,106233.00,102746.01,106118.70,7441.5247
2025-06-14T00:00:00,106114.53,106264.36,104351.72,105465.42,2256.4870
2025-06-15T00:00:00,105465.42,106184.13,104505.05,105599.25,1722.8095
2025-06-16T00:00:00,105600.21,109000.00,104982.26,106853.38,5952.9837
2025-06-17T00:00:00,106853.38,107792.90,103363.30,104590.44,7688.9464
2025-06-18T00:00:00,104590.44,105603.63,103512.38,104915.60,4918.1438
2025-06-19T00:00:00,104915.60,105266.61,103916.37,104671.90,2279.0584
2025-06-20T00:00:00,104671.40,106553.86,102357.25,103317.80,5047.6363
2025-06-21T00:00:00,103317.79,104013.64,100919.19,102160.03,3287.5133
2025-06-22T00:00:00,102160.36,103417.00,98225.01,100996.87,7872.2587
2025-06-23T00:00:00,100996.87,106135.47,99677.07,105419.39,8910.8668
2025-06-24T00:00:00,105418.40,106366.29,104681.83,106141.00,5773.2091
2025-06-25T00:00:00,106141.01,108206.00,105875.00,107400.22,7072.6564
2025-06-26T00:00:00,107400.22,108345.00,106605.88,107029.64,4900.2223
2025-06-27T00:00:00,107029.63,107804.20,106413.79,107113.38,6310.4372
2025-06-28T00:00:00,107119.17,107599.81,106868.94,107352.20,1227.7680
2025-06-29T00:00:00,107352.20,108550.00,107230.00,108386.44,2154.8617
2025-06-30T00:00:00,108386.44,108800.00,106724.76,107173.21,4839.0484
2025-07-01T00:00:00,107173.21,107579.30,105262.00,105711.78,5152.7276
2025-07-02T00:00:00,105711.77,109823.08,105119.70,108888.32,7995.7926
2025-07-03T00:00:00,108887.03,110590.00,108574.31,109628.83,6434.5792
2025-07-04T00:00:00,109628.83,109812.94,107268.84,108028.60,3129.2186
2025-07-05T00:00:00,108028.60,108454.19,107783.10,108246.65,1513.1543
2025-07-06T00:00:00,108246.66,109736.64,107837.70,109217.98,1651.1812
2025-07-07T00:00:00,109217.98,109741.64,107507.00,108269.84,4455.0835
2025-07-08T00:00:00,108271.49,109255.99,107438.33,108958.04,3785.3907
2025-07-09T00:00:00,108953.58,112152.91,108329.87,111282.85,7683.8324
2025-07-10T00:00:00,111282.84,116842.00,110541.87,116031.30,12920.2074
2025-07-11T00:00:00,116031.29,118909.74,115211.74,117582.16,10116.8862
2025-07-12T00:00:00,117582.16,118244.51,116940.82,117472.65,2397.7238
2025-07-13T00:00:00,117472.65,119500.00,117238.69,119130.81,3461.0430
2025-07-14T00:00:00,119130.81,123231.07,118949.18,119863.71,13536.7995
2025-07-15T00:00:00,119863.71,119973.30,115697.37,117781.64,23726.3136
2025-07-16T00:00:00,117781.63,120134.80,117033.23,118681.68,9250.9864
2025-07-17T00:00:00,118681.67,120998.76,117469.00,119273.69,8360.3513
2025-07-18T00:00:00,119273.70,120918.68,116892.42,118023.05,8735.4039
2025-07-19T00:00:00,118023.06,118564.59,117337.59,117914.17,1700.0997
2025-07-20T00:00:00,117914.17,118921.76,116525.00,117312.70,2504.5903
2025-07-21T00:00:00,117315.68,119745.93,116565.01,117428.79,5450.5545
2025-07-22T00:00:00,117428.79,120300.00,116185.00,120026.42,7564.5885
2025-07-23T00:00:00,120034.21,120180.93,117342.21,118810.44,5526.1382
2025-07-24T00:00:00,118810.44,119557.70,117190.00,118397.04,7137.0128
2025-07-25T00:00:00,118400.00,118518.20,114750.00,117633.27,24633.3364
2025-07-26T00:00:00,117633.27,118371.35,117095.73,117969.63,6974.4293
2025-07-27T00:00:00,117981.73,119800.00,117849.99,119465.52,4999.4218
2025-07-28T00:00:00,119465.52,119839.00,117380.60,118070.59,7647.3844
2025-07-29T00:00:00,118074.43,119284.78,116900.00,117933.39,6070.8634
2025-07-30T00:00:00,117933.39,118809.43,115728.49,117830.15,4647.7410
2025-07-31T00:00:00,117830.15,118920.00,115500.00,115761.13,4647.6521
2025-08-01T00:00:00,115756.12,116065.12,112659.00,113248.73,9196.5844
2025-08-02T00:00:00,113248.83,114023.58,112000.00,112542.74,2946.5811
2025-08-03T00:00:00,112542.75,114794.99,111903.68,114215.73,2212.3728
2025-08-04T00:00:00,114215.70,115756.06,114118.18,115051.85,4655.5387
2025-08-05T00:00:00,115056.14,115112.75,112622.14,114112.95,4943.3893
2025-08-06T00:00:00,114112.95,115749.99,113347.87,115028.83,4481.3947
2025-08-07T00:00:00,115028.83,117687.00,114268.60,117515.49,5804.2396
2025-08-08T00:00:00,117515.69,117687.00,115800.00,116683.79,4870.3042
2025-08-09T00:00:00,116683.79,117937.89,116343.34,116492.51,2586.1713
2025-08-10T00:00:00,116492.50,119324.08,116480.00,119309.37,2850.6140
2025-08-11T00:00:00,119309.37,122319.14,118050.00,118701.84,7220.8082
2025-08-12T00:00:00,118701.83,120327.00,118190.81,120113.18,4615.4584
2025-08-13T00:00:00,120109.04,123740.24,118931.34,123365.63,8512.8861
2025-08-14T00:00:00,123365.63,124533.00,117208.97,118389.79,10154.0494
2025-08-15T00:00:00,118389.79,119339.57,116859.32,117436.96,4990.7994
2025-08-16T00:00:00,117436.95,118028.68,117222.01,117455.68,1781.6944
2025-08-17T00:00:00,117455.69,118641.60,117249.49,117488.60,2021.6175
2025-08-18T00:00:00,117488.59,117633.80,114703.26,116286.76,6762.8537
2025-08-19T00:00:00,116286.75,116792.87,112696.56,112856.19,7918.5845
2025-08-20T00:00:00,112853.66,114627.37,112344.11,114276.00,5764.2761
2025-08-21T00:00:00,114276.00,114812.00,111964.00,112480.30,6033.7444
2025-08-22T00:00:00,112480.29,117416.73,111649.75,116908.68,8547.7209
2025-08-23T00:00:00,116911.90,116999.03,114505.00,115383.87,2245.4193
2025-08-24T00:00:00,115383.87,115616.53,110635.00,113478.00,4602.7632
2025-08-25T00:00:00,113478.00,113645.32,109275.74,110127.74,8509.2066
2025-08-26T00:00:00,110127.74,112399.99,108670.00,111788.01,7735.5652
2025-08-27T00:00:00,111788.04,112683.39,110351.11,111253.21,5151.4213
2025-08-28T00:00:00,111253.22,113480.00,110858.78,112574.85,4637.2918
2025-08-29T00:00:00,112574.84,112642.53,107469.13,108378.32,7806.0938
2025-08-30T00:00:00,108378.32,108928.79,107369.69,108827.93,2828.6746
2025-08-31T00:00:00,108827.92,109489.79,108060.79,108247.95,2702.5096
2025-09-01T00:00:00,108247.95,109907.51,107250.00,109240.55,5396.9637
2025-09-02T00:00:00,109240.55,111801.86,108400.00,111247.94,7398.4060
2025-09-03T00:00:00,111247.94,112600.00,110533.77,111756.41,5205.4503
2025-09-04T00:00:00,111756.40,112235.60,109321.00,110720.79,5253.7141
2025-09-05T00:00:00,110714.48,113390.00,110202.36,110670.02,7218.5912
2025-09-06T00:00:00,110670.02,111317.65,109993.00,110212.60,1621.6502
2025-09-07T00:00:00,110214.21,111600.00,110200.01,111129.61,1646.1176
2025-09-08T00:00:00,111120.38,112940.84,110600.00,112072.57,5158.4329
2025-09-09T00:00:00,112072.57,113292.96,110765.72,111549.32,5158.4573
2025-09-10T00:00:00,111546.61,114362.10,110919.55,113983.97,7249.9935
2025-09-11T00:00:00,113983.98,115554.53,113433.92,115540.00,5575.3607
2025-09-12T00:00:00,115540.01,116833.25,114774.19,116106.03,6493.5763
2025-09-13T00:00:00,116106.03,116378.04,115177.53,115968.35,2173.4965
2025-09-14T00:00:00,115968.33,116226.61,115166.00,115314.13,1967.8868
2025-09-15T00:00:00,115314.12,116802.00,114395.84,115381.08,6142.6786
2025-09-16T00:00:00,115381.07,117000.00,114750.00,116832.56,6012.5831
2025-09-17T00:00:00,116832.56,117327.24,114724.57,116484.40,7151.3003
2025-09-18T00:00:00,116484.40,117998.17,116125.08,117117.99,7140.4194
2025-09-19T00:00:00,117117.99,117516.36,115132.71,115690.55,5874.1155
2025-09-20T00:00:00,115690.55,116194.63,115463.22,115752.40,2830.8503
2025-09-21T00:00:00,115752.90,115900.02,115237.16,115282.27,2071.0189
2025-09-22T00:00:00,115282.26,115441.37,111761.22,112736.59,8494.3910
2025-09-23T00:00:00,112736.59,113357.00,111502.08,112017.21,4512.0462
2025-09-24T00:00:00,112017.21,113999.98,111066.07,113348.17,4932.8830
2025-09-25T00:00:00,113348.16,113561.35,108623.70,109035.72,9197.2664
2025-09-26T00:00:00,109036.00,110369.99,108645.02,109697.29,6826.1697
2025-09-27T00:00:00,109697.29,109815.08,109116.00,109681.16,1950.4870
2025-09-28T00:00:00,109681.15,112385.84,109230.98,112197.67,2397.0971
2025-09-29T00:00:00,112197.66,114490.00,111582.65,114365.07,5553.4178
2025-09-30T00:00:00,114361.66,114850.00,112695.85,114067.71,5044.0916
2025-10-01T00:00:00,114067.71,118718.80,113975.50,118659.97,9687.1229
2025-10-02T00:00:00,118662.72,121111.00,118336.01,120621.32,8816.9025
2025-10-03T00:00:00,120621.33,123996.81,119327.83,122318.40,11835.0873
2025-10-04T00:00:00,122318.39,122896.00,121572.64,122458.56,2705.2882
2025-10-05T00:00:00,122458.55,125750.00,122195.28,123520.79,5820.7701
2025-10-06T00:00:00,123520.80,126296.00,123115.77,124720.09,9135.3086
2025-10-07T00:00:00,124723.57,125226.34,120636.00,121393.95,8699.8407
2025-10-08T00:00:00,121393.96,124254.31,121090.06,123343.25,6727.9485
2025-10-09T00:00:00,123343.24,123822.08,119713.65,121714.51,6980.1521
2025-10-10T00:00:00,121714.51,122600.00,107000.00,112980.28,22432.3438
2025-10-11T00:00:00,112976.01,113439.99,109683.96,110768.89,10041.8820
2025-10-12T00:00:00,110768.90,115847.00,109687.46,115067.98,9699.0356
2025-10-13T00:00:00,115067.96,116077.51,113700.27,115274.03,8147.7610
2025-10-14T00:00:00,115274.03,115514.91,109945.86,113068.00,11955.3544
2025-10-15T00:00:00,113072.18,113671.99,110185.87,110804.12,7440.0378
2025-10-16T00:00:00,110804.11,112021.07,107464.53,108198.00,14792.7875
2025-10-17T00:00:00,108197.99,109269.97,103516.75,106463.30,13824.3446
2025-10-18T00:00:00,106462.09,107535.68,106357.69,107208.91,3552.6096
2025-10-19T00:00:00,107208.91,109499.00,106091.25,108676.78,4841.6381
2025-10-20T00:00:00,108676.77,111748.60,107449.91,110568.06,6286.4353
2025-10-21T00:00:00,110568.05,114082.29,107444.60,108362.27,12890.4519
2025-10-22T00:00:00,108357.99,109188.27,106639.00,107585.98,9311.3399
2025-10-23T00:00:00,107588.02,111342.60,107511.46,110116.03,6881.3585
2025-10-24T00:00:00,110116.02,112158.39,109725.51,111042.13,5915.0948
2025-10-25T00:00:00,111042.13,111968.52,110693.01,111666.21,1478.9480
2025-10-26T00:00:00,111666.22,115542.00,111260.33,114548.09,3808.1719
2025-10-27T00:00:00,114561.69,116410.06,113833.12,114087.06,5491.5258
2025-10-28T00:00:00,114087.06,116114.13,112203.00,112906.75,5342.8613
2025-10-29T00:00:00,112906.75,113690.17,109000.00,110032.13,6110.4809
2025-10-30T00:00:00,110031.65,111629.20,106279.33,108308.18,8481.3474
2025-10-31T00:00:00,108308.02,111066.10,108266.11,109555.27,6858.4752
2025-11-01T00:00:00,109555.63,110500.00,109342.47,110052.25,1707.4471
2025-11-02T00:00:00,110052.25,111221.99,108800.00,110536.01,3777.5782
2025-11-03T00:00:00,110533.83,110749.00,105271.67,106557.98,8657.3068
2025-11-04T00:00:00,106557.98,107269.85,98892.97,101468.15,17052.8221
2025-11-05T00:00:00,101468.16,104550.00,98950.00,103869.00,10844.8458
2025-11-06T00:00:00,103866.67,104191.19,100235.02,101290.50,9488.5691
2025-11-07T00:00:00,101290.50,104041.99,99170.00,103284.27,9981.7077
2025-11-08T00:00:00,103281.79,103350.00,101422.74,102285.57,4365.2201
2025-11-09T00:00:00,102285.58,105471.04,101372.58,104694.95,5545.4213
2025-11-10T00:00:00,104694.23,106653.00,104240.76,105979.38,7737.0615
2025-11-11T00:00:00,105979.38,107482.00,102422.43,103009.35,6574.7938
2025-11-12T00:00:00,103017.21,105316.64,100803.20,101639.01,6053.0860
2025-11-13T00:00:00,101636.03,104050.00,97870.00,99614.54,12710.6674
2025-11-14T00:00:00,99610.49,99836.10,93951.32,94503.96,19645.4004
2025-11-15T00:00:00,94501.08,96747.02,94222.20,95544.94,5157.0203
2025-11-16T00:00:00,95544.94,96559.61,92943.83,94183.97,7161.1375
2025-11-17T00:00:00,94182.03,95950.00,91158.35,92100.60,13319.9563
2025-11-18T00:00:00,92100.60,93775.00,89183.48,92914.46,16182.4672
2025-11-19T00:00:00,92914.45,92948.00,88483.12,91461.60,15642.2332
2025-11-20T00:00:00,91465.04,93080.91,85980.70,86536.88,18857.8013
2025-11-21T00:00:00,86531.87,87395.93,80524.65,85068.88,31211.5605
2025-11-22T00:00:00,85068.85,85547.11,83441.91,84684.00,7330.5219
2025-11-23T00:00:00,84683.99,88100.00,84614.11,86808.28,9786.0637
2025-11-24T00:00:00,86808.28,89225.60,85213.17,88266.20,14868.6147
2025-11-25T00:00:00,88264.00,88486.82,86067.02,87325.01,10484.7368
2025-11-26T00:00:00,87325.00,90628.53,86266.95,90468.84,11351.8707
2025-11-27T00:00:00,90468.83,91925.40,90067.81,91316.70,8201.7305
2025-11-28T00:00:00,91316.70,93161.86,90220.50,90902.70,9580.3706
2025-11-29T00:00:00,90902.69,91199.99,90200.00,90828.06,3143.5844
2025-11-30T00:00:00,90829.68,91980.80,90353.96,90369.51,3513.4856
2025-12-01T00:00:00,90364.00,90433.70,83800.00,86282.36,16664.3619
2025-12-02T00:00:00,86282.35,92342.00,86181.38,91308.05,13162.8570
2025-12-03T00:00:00,91308.05,94181.41,91024.47,93453.84,9741.9822
2025-12-04T00:00:00,93452.02,94087.05,90904.73,92093.54,6198.2071
2025-12-05T00:00:00,92093.70,92716.42,88099.05,89345.29,8310.9418
2025-12-06T00:00:00,89345.29,90296.32,88932.00,89267.97,3017.1686
2025-12-07T00:00:00,89262.80,91779.99,87733.18,90402.29,4070.5770
2025-12-08T00:00:00,90402.30,92291.96,89599.00,90653.86,6661.9878
2025-12-09T00:00:00,90653.86,94640.66,89537.55,92690.00,9862.6708
2025-12-10T00:00:00,92690.00,94500.00,91556.64,92035.99,8904.6932
2025-12-11T00:00:00,92035.85,93594.76,89257.98,92542.00,9119.9938
2025-12-12T00:00:00,92539.63,92791.26,89500.00,90278.00,6137.8903
2025-12-13T00:00:00,90278.00,90657.00,89777.79,90255.32,1542.1454
2025-12-14T00:00:00,90255.32,90496.16,87565.38,88171.61,3643.3653
2025-12-15T00:00:00,88174.37,90064.74,85129.63,86417.50,9868.3048
2025-12-16T00:00:00,86417.50,88148.00,85250.00,87854.01,7734.1327
2025-12-17T00:00:00,87854.00,90336.36,85267.69,86209.77,10021.4311
2025-12-18T00:00:00,86209.79,89447.75,84400.00,85460.02,9840.7441
2025-12-19T00:00:00,85460.85,89365.85,85052.78,88092.65,8046.9179
2025-12-20T00:00:00,88092.65,88530.60,87780.00,88324.00,1807.7452
2025-12-21T00:00:00,88322.01,89046.44,87501.01,88639.95,2361.9109
2025-12-22T00:00:00,88639.87,90541.80,87846.17,88556.77,8901.7051
2025-12-23T00:00:00,88555.03,88896.63,86533.86,87429.32,7050.6115
2025-12-24T00:00:00,87429.32,88001.20,86350.00,87609.03,5007.9834
2025-12-25T00:00:00,87609.02,88534.40,86899.00,87171.68,2819.3270
2025-12-26T00:00:00,87171.46,89496.07,86569.53,87296.01,8673.6420
2025-12-27T00:00:00,87296.17,87914.62,86944.24,87808.00,1955.0119
2025-12-28T00:00:00,87806.75,88000.00,87349.52,87877.29,1859.6225
2025-12-29T00:00:00,87877.28,90325.00,86675.00,87110.78,10415.6662
2025-12-30T00:00:00,87110.77,89343.52,86704.98,88397.50,8725.0169
2025-12-31T00:00:00,88397.24,89100.00,87082.64,87497.94,7261.1812
2026-01-01T00:00:00,87497.95,88798.99,87361.74,88738.34,4001.3977
2026-01-02T00:00:00,88742.00,90935.22,88272.08,89957.99,11442.4804
2026-01-03T00:00:00,89958.00,90697.00,89284.13,90598.02,2951.6544
2026-01-04T00:00:00,90598.01,91764.64,90598.01,91494.00,3198.8944
2026-01-05T00:00:00,91489.03,94825.27,91479.28,93870.06,12349.5756
2026-01-06T00:00:00,93870.06,94439.63,91203.13,93722.01,9651.4855
2026-01-07T00:00:00,93722.01,93722.01,90576.24,91279.73,9317.1700
2026-01-08T00:00:00,91279.73,91580.01,89200.00,91026.00,10333.2355
2026-01-09T00:00:00,91024.01,91944.52,89583.58,90515.45,9272.6444
2026-01-10T00:00:00,90515.12,90698.00,90251.43,90385.54,1733.8573
2026-01-11T00:00:00,90387.36,91173.12,90109.00,90872.01,2262.8524
2026-01-12T00:00:00,90878.51,92406.30,90003.46,91188.09,9683.7443
2026-01-13T00:00:00,91188.08,96250.00,90925.17,95384.23,17153.5602
2026-01-14T00:00:00,95385.59,97963.62,94518.63,96955.16,20696.8895
2026-01-15T00:00:00,96954.02,97176.42,95066.19,95587.65,10619.3279
2026-01-16T00:00:00,95578.20,95830.49,94229.04,95504.00,6286.3603
2026-01-17T00:00:00,95503.99,95600.00,94980.12,95109.99,1754.0709
2026-01-18T00:00:00,95109.99,95485.00,93559.78,93633.53,2607.7694
2026-01-19T00:00:00,93630.00,93630.00,91935.30,92559.66,4993.5656
2026-01-20T00:00:00,92559.65,92807.99,87767.53,88310.60,11134.8900
2026-01-21T00:00:00,88310.60,90500.00,87156.00,89363.71,12539.4399
2026-01-22T00:00:00,89363.71,90273.35,88408.65,89463.50,7075.1687
2026-01-23T00:00:00,89463.51,91147.01,88440.65,89474.93,7381.2230
2026-01-24T00:00:00,89474.94,89832.72,89007.01,89082.17,1801.8211
2026-01-25T00:00:00,89082.16,89177.95,86000.13,86561.94,5428.5813
2026-01-26T00:00:00,86561.94,88787.97,86411.70,88250.01,8219.9007
2026-01-27T00:00:00,88250.00,89447.21,87180.01,89116.96,6475.0972
2026-01-28T00:00:00,89116.96,90476.81,88706.32,89162.40,6636.1361
2026-01-29T00:00:00,89162.40,89210.16,83216.21,84513.20,14860.9403
2026-01-30T00:00:00,84513.19,84599.00,81000.12,84110.99,15232.8120
2026-01-31T00:00:00,84110.99,84138.00,75644.15,78648.00,14855.0734
2026-02-01T00:00:00,78648.00,79337.99,75612.75,76895.53,11545.9871
2026-02-02T00:00:00,76895.99,79339.00,74502.21,78666.85,21193.3737
2026-02-03T00:00:00,78666.84,79123.75,72859.00,75661.49,16467.1253
2026-02-04T00:00:00,75661.49,76876.54,71703.72,72998.00,19764.6244
2026-02-05T00:00:00,72999.00,73173.96,62181.65,62791.00,49371.2058
2026-02-06T00:00:00,62788.28,71707.18,60001.00,70527.70,43810.8833
2026-02-07T00:00:00,70521.08,71648.05,67293.26,69244.74,11251.8438
2026-02-08T00:00:00,69250.00,72232.17,68840.83,70279.33,8090.4486
2026-02-09T00:00:00,70279.32,71380.13,68233.01,70101.99,15546.4939
2026-02-10T00:00:00,70101.98,70489.99,67857.00,68803.65,11566.4131
2026-02-11T00:00:00,68803.65,69248.00,65702.95,67024.93,15121.4312
2026-02-12T00:00:00,67032.71,68382.90,65065.47,66208.00,13823.4609
2026-02-13T00:00:00,66207.99,69434.20,65799.71,68812.00,12104.2867
2026-02-14T00:00:00,68812.00,70531.53,68697.63,69786.96,5586.9815
2026-02-15T00:00:00,69786.96,70941.65,68020.00,68792.00,5965.5132
2026-02-16T00:00:00,68792.00,70089.99,67251.81,68858.13,6626.8600
2026-02-17T00:00:00,68859.55,69199.51,66569.58,67466.70,9122.6262
2026-02-18T00:00:00,67466.70,68438.84,65812.57,66419.79,9687.1692
2026-02-19T00:00:00,66419.78,67288.22,65604.63,66972.50,8505.2963
2026-02-20T00:00:00,66972.49,68294.86,66427.23,67984.42,11349.7068
2026-02-21T00:00:00,67984.42,68683.27,67516.93,67955.78,3287.0647
2026-02-22T00:00:00,67955.78,68241.40,67132.81,67617.98,3263.5335
2026-02-23T00:00:00,67616.01,67656.42,63855.00,64625.78,15198.0118
2026-02-24T00:00:00,64625.78,64988.32,62534.61,64068.33,12517.4076
2026-02-25T00:00:00,64068.33,70020.00,63912.25,67992.68,17322.5486
2026-02-26T00:00:00,67992.68,68866.86,66500.92,67490.51,10678.2733
2026-02-27T00:00:00,67490.50,68223.07,64942.87,65859.94,10276.7960
2026-02-28T00:00:00,65859.93,67761.55,63019.60,66967.85,9093.2492
2026-03-01T00:00:00,66971.54,68200.00,65008.38,65769.00,8511.8879
2026-03-02T00:00:00,65771.56,70128.74,65250.12,68832.01,17772.4688
2026-03-03T00:00:00,68832.00,69255.36,66138.20,68335.99,12823.7276
2026-03-04T00:00:00,68335.99,74100.00,67391.17,72683.26,21142.7708
2026-03-05T00:00:00,72683.26,73588.24,70639.01,70887.60,10891.7183
2026-03-06T00:00:00,70887.61,71428.40,67725.14,68108.24,11045.2144
2026-03-07T00:00:00,68108.23,68544.79,66921.33,67259.62,3245.0511
2026-03-08T00:00:00,67259.62,68201.16,65618.51,65970.56,5505.1793
2026-03-09T00:00:00,65970.56,69543.00,65820.93,68432.17,13303.9562
2026-03-10T00:00:00,68432.16,71800.00,68383.50,69960.83,13322.4340
2026-03-11T00:00:00,69960.83,71358.48,68980.74,70208.00,9851.7287
2026-03-12T00:00:00,70208.03,70819.84,69180.01,70531.56,9708.4205
2026-03-13T00:00:00,70530.02,73968.00,70398.01,70944.33,12304.2163
2026-03-14T00:00:00,70944.32,71316.00,70236.02,71232.02,3174.0834
2026-03-15T00:00:00,71232.01,73220.80,70868.41,72830.01,5785.6194
2026-03-16T00:00:00,72830.01,74913.69,72276.24,74886.47,12657.4315
2026-03-17T00:00:00,74886.46,76022.60,73400.01,73934.11,11357.8544
2026-03-18T00:00:00,73934.11,74700.00,70474.83,71245.02,9248.1145
2026-03-19T00:00:00,71245.01,71628.00,68772.78,69918.30,7794.0255
2026-03-20T00:00:00,69917.19,71384.62,69360.00,70497.01,7315.8936
2026-03-21T00:00:00,70497.01,71075.92,68562.13,68912.02,2856.7081
2026-03-22T00:00:00,68912.02,69577.00,67332.05,67844.94,4889.8987
2026-03-23T00:00:00,67844.94,71811.00,67425.00,70874.23,10354.7171
2026-03-24T00:00:00,70874.22,71389.00,68889.00,70533.49,7238.7450
2026-03-25T00:00:00,70533.48,72030.29,70357.10,71301.53,7665.3682
2026-03-26T00:00:00,71301.52,71414.33,68102.36,68769.02,8225.1940
2026-03-27T00:00:00,68769.02,69128.75,65498.75,66353.34,13681.4256
2026-03-28T00:00:00,66353.33,67249.65,65876.61,66320.15,4011.3963
2026-03-29T00:00:00,66320.16,67076.07,64938.66,65956.94,4588.3153
2026-03-30T00:00:00,65957.95,68129.33,65736.63,66737.18,10707.5308
2026-03-31T00:00:00,66737.08,68518.10,65924.82,68221.85,11831.5835
2026-04-01T00:00:00,68221.84,69285.99,67525.59,68112.35,9804.6544
2026-04-02T00:00:00,68112.34,68652.00,65696.96,66894.48,8813.9703
2026-04-03T00:00:00,66899.11,67375.70,66275.01,66959.99,4181.0397
2026-04-04T00:00:00,66959.98,67535.20,66770.64,67291.73,2412.8631
2026-04-05T00:00:00,67291.72,69117.60,66600.00,69005.00,3810.3775
2026-04-06T00:00:00,69005.00,70378.48,68332.00,68853.61,11182.3537
2026-04-07T00:00:00,68853.60,72753.97,67710.01,71910.20,11156.7273
2026-04-08T00:00:00,71910.21,72861.38,70684.65,71085.99,11083.2409
2026-04-09T00:00:00,71083.99,73147.81,70468.74,71798.01,10707.7881
2026-04-10T00:00:00,71798.01,73477.87,71431.55,72997.88,10066.6430
2026-04-11T00:00:00,72997.88,73822.95,72564.35,73086.00,2795.9359
2026-04-12T00:00:00,73085.99,73172.14,70512.70,70755.35,4443.0419
2026-04-13T00:00:00,70755.35,74936.90,70576.27,74446.00,17452.6643
2026-04-14T00:00:00,74448.00,76127.18,73854.50,74179.04,21086.2070
2026-04-15T00:00:00,74176.09,75458.81,73545.00,74836.31,7732.1167
2026-04-16T00:00:00,74839.97,75539.91,73298.01,75163.09,8138.9530
2026-04-17T00:00:00,75163.09,78390.00,74558.21,77098.01,15414.9005
2026-04-18T00:00:00,77098.01,77450.15,75473.81,75736.82,4245.3427
2026-04-19T00:00:00,75736.00,76278.36,73777.86,73823.14,5477.3409
2026-04-20T00:00:00,73823.27,76600.00,73741.53,75864.86,8979.3351
2026-04-21T00:00:00,75864.86,76926.37,74817.27,76348.58,7556.9179
2026-04-22T00:00:00,76355.73,79523.00,76145.00,78208.52,11757.9195
2026-04-23T00:00:00,78208.52,78722.96,76979.99,78281.32,9366.7550
2026-04-24T00:00:00,78281.32,78607.38,77289.00,77461.80,7766.7721
2026-04-25T00:00:00,77461.79,77911.09,77179.20,77650.72,2871.6746
2026-04-26T00:00:00,77650.72,78943.00,77346.44,78673.83,3942.0571
2026-04-27T00:00:00,78673.84,79496.00,76447.51,77364.42,9288.7625
2026-04-28T00:00:00,77364.48,77478.99,75646.84,76317.99,6625.8312
2026-04-29T00:00:00,76317.99,77906.84,74914.00,75752.88,9665.5830
2026-04-30T00:00:00,75752.87,76655.95,75290.10,76305.78,6282.4573
2026-05-01T00:00:00,76305.78,78961.14,76275.01,78234.05,8786.4805
2026-05-02T00:00:00,78234.05,79155.00,78034.28,78682.31,2444.2143
2026-05-03T00:00:00,78682.31,79428.60,78073.01,78558.89,2766.8759
2026-05-04T00:00:00,78558.88,80750.00,78205.00,79852.37,11539.4155
2026-05-05T00:00:00,79852.37,81799.60,79789.50,80907.72,9129.5006
2026-05-06T00:00:00,80907.72,82814.23,80699.66,81438.10,8276.5310
2026-05-07T00:00:00,81438.11,81709.17,79456.00,80005.38,7038.1510
2026-05-08T00:00:00,80005.38,80487.39,79520.44,80188.82,3086.7417
2026-05-09T00:00:00,80188.82,81065.32,80115.33,80655.96,2056.5890
2026-05-10T00:00:00,80655.97,82450.00,80273.86,82199.99,3971.0881
2026-05-11T00:00:00,82199.99,82379.00,80417.72,81727.06,7031.6176
2026-05-12T00:00:00,81727.09,81778.00,79802.51,80484.72,5247.3683
2026-05-13T00:00:00,80484.72,81293.93,78699.83,79288.26,7960.1119
2026-05-14T00:00:00,79288.26,82066.22,78885.42,81079.39,13222.2348
2026-05-15T00:00:00,81078.04,81650.00,78591.99,79058.51,6789.7337
2026-05-16T00:00:00,79058.50,79182.02,77608.95,78105.45,3053.4384
2026-05-17T00:00:00,78105.46,78570.00,76673.54,77407.59,2500.6387
2026-05-18T00:00:00,77406.57,77764.28,75992.00,76943.98,8825.3770
2026-05-19T00:00:00,76943.96,77350.08,76061.12,76767.48,4874.4137
2026-05-20T00:00:00,76767.48,77782.61,76433.52,77475.99,6016.2053
2026-05-21T00:00:00,77475.98,78123.68,76619.02,77547.62,6038.7504
2026-05-22T00:00:00,77547.25,77833.02,75266.73,75443.91,5132.2787
2026-05-23T00:00:00,75446.99,77305.00,74197.11,76650.00,5619.0521
2026-05-24T00:00:00,76648.65,77412.32,76000.00,76975.99,3695.0688
2026-05-25T00:00:00,76975.99,77834.55,76807.04,77249.07,3335.3817
2026-05-26T00:00:00,77249.07,78015.46,75555.00,75826.10,8614.2449
2026-05-27T00:00:00,75826.10,76033.66,74113.95,74315.98,6385.2029
2026-05-28T00:00:00,74316.71,74462.40,72445.11,73512.56,8579.0861
2026-05-29T00:00:00,73512.55,74224.84,72364.13,73366.77,9057.1646
2026-05-30T00:00:00,73366.77,74029.01,73107.24,73770.69,4015.0253
2026-05-31T00:00:00,73770.69,74156.59,73288.00,73575.17,3318.8788
2026-06-01T00:00:00,73575.18,73978.52,70555.00,71314.42,10835.8643
2026-06-02T00:00:00,71314.43,71315.67,66100.01,66658.35,15741.3231
2026-06-03T00:00:00,66658.45,67416.50,63985.01,64040.00,15790.0295
2026-06-04T00:00:00,64039.99,64695.00,61309.25,63806.02,25533.5865
2026-06-05T00:00:00,63806.02,63906.02,59073.01,61032.00,28732.7150
2026-06-06T00:00:00,61031.98,61499.41,59448.45,60850.48,9073.4154
2026-06-07T00:00:00,60850.48,64234.45,60706.40,63302.73,9793.1727
2026-06-08T00:00:00,63302.03,64200.02,62365.43,63062.98,11755.6565
2026-06-09T00:00:00,63062.97,63490.49,60713.50,61685.80,11218.3286
2026-06-10T00:00:00,61685.81,62809.04,60708.92,61449.46,9040.9580
2026-06-11T00:00:00,61449.47,63866.82,61449.47,63563.42,9449.2510
2026-06-12T00:00:00,63563.44,64347.32,62739.81,63538.43,8179.8668
2026-06-13T00:00:00,63538.44,64727.27,63400.92,64429.99,4146.4455
2026-06-14T00:00:00,64424.98,65764.16,63640.00,65706.62,4719.2111
2026-06-15T00:00:00,65704.23,67264.00,65302.08,66276.80,8071.5608
2026-06-16T00:00:00,66276.79,66944.00,65300.03,65616.64,6347.8136
2026-06-17T00:00:00,65616.64,66384.01,63851.02,64446.04,7644.1962
2026-06-18T00:00:00,64446.05,64752.51,62159.76,62879.01,7475.4870
2026-06-19T00:00:00,62879.01,63595.93,62246.24,63475.20,3592.2486
2026-06-20T00:00:00,63475.08,64312.73,63131.38,64222.99,3866.3641
2026-06-21T00:00:00,64223.00,64508.40,63171.19,63235.63,3741.2101
2026-06-22T00:00:00,63235.63,65553.39,63235.61,63950.61,7944.1274
2026-06-23T00:00:00,63950.61,64211.95,61862.27,62644.86,6931.6121
2026-06-24T00:00:00,62644.86,63156.34,59010.74,60983.13,15635.1109
2026-06-25T00:00:00,60983.14,61868.39,58000.00,59703.65,15027.8713
2026-06-26T00:00:00,59703.66,60660.00,58243.36,60002.53,14344.8969
2026-06-27T00:00:00,60002.97,60838.92,59765.10,59934.84,4263.4155
2026-06-28T00:00:00,59934.84,60455.00,58810.11,59474.01,4245.9624
2026-06-29T00:00:00,59473.99,60702.63,58800.00,60162.73,10607.1326
2026-06-30T00:00:00,60162.73,60191.99,58056.00,58523.93,9465.9323
2026-07-01T00:00:00,58523.93,61287.33,57717.55,59961.45,10684.7630
2026-07-02T00:00:00,59961.46,62147.89,59520.02,61484.02,9926.9219
2026-07-03T00:00:00,61484.02,62899.99,61162.79,62520.22,5258.1805
2026-07-04T00:00:00,62520.22,63410.00,62274.16,63086.45,3145.8160
2026-07-05T00:00:00,63086.46,63940.79,62384.08,63580.44,3932.9287
2026-07-06T00:00:00,63580.45,64658.85,61250.00,64001.84,9896.4805
2026-07-07T00:00:00,64001.85,64272.92,62583.00,63323.27,8692.3131
2026-07-08T00:00:00,63322.07,63720.88,61453.09,62237.70,7237.7882
2026-07-09T00:00:00,62237.70,63448.46,61636.05,63175.25,6006.3529
2026-07-10T00:00:00,63175.25,64669.42,62865.01,64128.49,7404.5250
2026-07-11T00:00:00,64128.49,64458.70,63769.84,63773.04,2617.2972
2026-07-12T00:00:00,63773.05,64250.56,63588.20,63740.32,2633.3178
2026-07-13T00:00:00,63740.32,64388.01,61750.90,62264.94,9591.1893
2026-07-14T00:00:00,62264.94,65055.04,62190.40,64988.64,7504.5381
2026-07-15T00:00:00,64988.65,65559.50,64431.11,64716.63,5757.2800
2026-07-16T00:00:00,64712.04,64946.07,63690.78,63770.60,5101.5478
2026-07-17T00:00:00,63770.60,64353.56,62452.52,63894.00,7455.0586
2026-07-18T00:00:00,63893.99,64827.93,63842.35,64796.36,3120.9818
2026-07-19T00:00:00,64796.36,64918.70,64238.08,64681.78,2337.2555
2026-07-20T00:00:00,64681.79,65756.09,63702.01,65213.05,8359.6049
2026-07-21T00:00:00,65213.05,66923.95,65106.79,66516.18,7284.0977
2026-07-22T00:00:00,66516.17,66698.55,65484.00,66086.61,5859.4199
2026-07-23T00:00:00,66086.60,66287.74,64564.09,65051.23,6960.2114
2026-07-24T00:00:00,65051.24,65762.78,63641.00,64083.32,7327.4981
2026-07-25T00:00:00,64083.31,64387.43,63732.00,64295.61,2180.4685
2026-07-26T00:00:00,64295.61,65511.36,64229.60,65341.07,2390.5679
2026-07-27T00:00:00,65341.07,65705.08,63545.00,63694.43,5069.4527
2026-07-28T00:00:00,63693.44,64041.02,62645.39,63847.12,6232.1805
2026-07-29T00:00:00,63847.12,64665.30,63194.45,63896.14,8092.7055
2026-07-30T00:00:00,63896.14,65118.08,63502.91,64721.90,8025.8713
2026-07-31T00:00:00,64721.90,65360.00,62358.96,62825.90,8260.3709
2026-08-01T00:00:00,62826.69,63093.00,62209.81,62764.20,3060.5540
2026-08-02T00:00:00,62764.20,63730.49,62743.87,63499.49,3283.9472
2026-08-03T00:00:00,63499.49,64032.43,62210.14,63466.51,7086.7033
2026-08-04T00:00:00,63466.51,64497.24,63250.00,64050.51,6227.7744
2026-08-05T00:00:00,64050.51,64988.78,63814.80,64603.03,6932.3440
2026-08-06T00:00:00,64603.02,64944.16,64087.41,64267.30,4520.4321
2026-08-07T00:00:00,64267.30,65348.97,64099.35,64891.61,6181.4829
2026-08-08T00:00:00,64891.60,65150.16,64789.89,64908.72,2494.2644
2026-08-09T00:00:00,64908.71,65426.00,64675.22,64848.69,3044.2114
2026-08-10T00:00:00,64848.68,65341.83,63733.03,63911.88,6197.0294
2026-08-11T00:00:00,63911.88,64439.38,63158.00,63531.75,6020.2933
2026-08-12T00:00:00,63531.75,64416.30,63235.88,63411.72,6570.0822
2026-08-13T00:00:00,63411.71,63949.90,62772.84,63425.35,5119.6674
2026-08-14T00:00:00,63425.35,63561.45,62468.21,62975.19,5116.8674
2026-08-15T00:00:00,62975.18,63123.68,62830.01,63018.75,1233.5782
2026-08-16T00:00:00,63018.75,63318.09,62631.18,62836.66,1794.1940
2026-08-17T00:00:00,62836.67,64588.00,62679.42,64484.18,6069.6465
2026-08-18T00:00:00,64477.26,65020.00,63979.36,64681.33,5099.5795
2026-08-19T00:00:00,64681.33,70022.44,64112.04,69300.01,16917.8333
2026-08-20T00:00:00,69300.01,73391.43,68853.22,73011.87,16155.0432
2026-08-21T00:00:00,73010.86,79500.00,73004.70,78325.54,20245.1691
2026-08-22T00:00:00,78325.54,78828.37,76471.70,77054.44,5400.2008
2026-08-23T00:00:00,77054.44,78055.25,75538.12,77729.36,4600.6745
2026-08-24T00:00:00,77729.36,79999.99,76652.00,78981.59,11216.6115
2026-08-25T00:00:00,78981.59,81265.30,77832.00,78526.80,10819.3622
2026-08-26T00:00:00,78526.79,79239.09,77601.02,79026.18,6497.4714
2026-08-27T00:00:00,79026.18,80835.82,78551.99,80275.34,9599.7018
2026-08-28T00:00:00,80275.35,81479.50,76845.71,77839.19,11750.1431
2026-08-29T00:00:00,77839.19,78334.44,77348.65,78233.93,2765.1133
2026-08-30T00:00:00,78233.92,79394.55,77000.00,77665.14,4007.1655
2026-08-31T00:00:00,77672.10,79257.14,77369.59,78562.74,7716.4268
2026-09-01T00:00:00,78562.74,79195.32,76366.12,77398.69,7523.9785
2026-09-02T00:00:00,77398.70,77750.00,76219.18,77307.36,4983.6336
2026-09-03T00:00:00,77307.36,82283.00,76929.29,81263.99,11050.4012
2026-09-04T00:00:00,81263.99,81438.01,78626.00,79675.12,6701.3084
2026-09-05T00:00:00,79675.12,80200.67,79458.74,79831.57,2147.9769
2026-09-06T00:00:00,79833.86,80564.24,79250.00,80339.13,2000.3919
2026-09-07T00:00:00,80339.13,80462.23,78666.00,79091.97,3292.9795
2026-09-08T00:00:00,79091.97,79477.07,77589.00,78447.11,5149.1413
2026-09-09T00:00:00,78449.28,79752.73,77727.00,78283.98,5255.8427
2026-09-10T00:00:00,78283.98,78554.18,76440.00,76536.55,6390.7612
2026-09-11T00:00:00,76536.55,79852.22,76030.00,77208.55,7310.9992
2026-09-12T00:00:00,77208.55,77495.00,77049.56,77262.85,1669.1787
2026-09-13T00:00:00,77262.85,77425.43,76457.09,76799.85,2218.4014
2026-09-14T00:00:00,76799.85,79591.17,76347.27,78175.01,6547.4312
2026-09-15T00:00:00,78175.00,78242.76,74887.50,75584.17,10155.2013
2026-09-16T00:00:00,75584.17,76499.99,74911.53,76144.99,6945.7030
2026-09-17T00:00:00,76144.99,77105.42,75921.88,76348.74,5353.3028
2026-09-18T00:00:00,76348.74,81388.47,76205.46,80875.04,12360.2523
2026-09-19T00:00:00,80875.04,81925.00,80822.48,81233.91,3325.3144
2026-09-20T00:00:00,81233.91,81472.04,80085.00,81159.64,3612.2748
2026-09-21T00:00:00,81160.33,87397.00,80837.42,86594.94,14077.5401
2026-09-22T00:00:00,86594.94,86734.00,85059.28,86198.05,8943.8759
2026-09-23T00:00:00,86198.05,87282.81,83513.00,84378.31,7836.1006
2026-09-24T00:00:00,84378.31,84929.78,82708.96,84385.46,6839.3755
2026-09-25T00:00:00,84385.47,85250.00,83091.19,84093.13,7277.8815
2026-09-26T00:00:00,84093.13,84470.44,83777.77,84416.65,1990.3447
2026-09-27T00:00:00,84416.64,85158.50,84113.56,84462.14,2958.0546
2026-09-28T00:00:00,84463.08,84992.00,82510.37,83281.31,4479.2375
