ts,open,high,low,close,volume
2010-01-04T05:00:00,1117.70,1122.30,1097.10,1117.70,184.0000
2010-01-05T05:00:00,1118.10,1126.50,1115.00,1118.10,53.0000
2010-01-06T05:00:00,1135.90,1139.20,1120.70,1135.90,363.0000
2010-01-07T05:00:00,1133.10,1133.10,1129.20,1133.10,56.0000
2010-01-08T05:00:00,1138.20,1138.20,1122.70,1138.20,54.0000
2010-01-11T05:00:00,1150.70,1161.20,1143.00,1150.70,177.0000
2010-01-12T05:00:00,1128.90,1157.20,1127.20,1128.90,51.0000
2010-01-13T05:00:00,1136.40,1136.40,1121.00,1136.40,58.0000
2010-01-14T05:00:00,1137.00,1145.90,1132.80,1142.60,81.0000
2010-01-15T05:00:00,1132.80,1133.40,1127.20,1130.10,50.0000
2010-01-19T05:00:00,1139.70,1139.70,1130.50,1139.70,22.0000
2010-01-20T05:00:00,1123.30,1133.00,1109.80,1112.30,28.0000
2010-01-21T05:00:00,1102.70,1107.50,1090.20,1102.70,99.0000
2010-01-22T05:00:00,1089.20,1095.40,1083.00,1089.20,58.0000
2010-01-25T05:00:00,1095.20,1095.20,1095.20,1095.20,8.0000
2010-01-26T05:00:00,1097.90,1097.90,1097.90,1097.90,4.0000
2010-01-27T05:00:00,1084.40,1084.40,1084.40,1084.40,206694.0000
2010-01-28T05:00:00,1087.80,1095.70,1073.20,1083.60,101168.0000
2010-01-29T05:00:00,1085.00,1090.80,1074.50,1083.00,11456.0000
2010-02-01T05:00:00,1081.00,1107.30,1076.80,1104.30,2452.0000
2010-02-02T05:00:00,1117.40,1118.50,1100.20,1117.40,3326.0000
2010-02-03T05:00:00,1115.80,1124.90,1108.60,1111.40,853.0000
2010-02-04T05:00:00,1110.00,1110.70,1059.00,1062.40,1426.0000
2010-02-05T05:00:00,1052.20,1068.50,1045.20,1052.20,1956.0000
2010-02-08T05:00:00,1065.70,1073.40,1061.60,1065.70,549.0000
2010-02-09T05:00:00,1076.70,1082.00,1063.10,1076.70,387.0000
2010-02-10T05:00:00,1075.80,1081.10,1063.30,1075.80,640.0000
2010-02-11T05:00:00,1076.80,1097.10,1075.60,1094.20,1491.0000
2010-02-12T05:00:00,1089.50,1092.00,1079.80,1089.50,197.0000
2010-02-16T05:00:00,1119.30,1120.40,1092.40,1119.30,928.0000
2010-02-17T05:00:00,1119.50,1127.00,1108.50,1119.50,1083.0000
2010-02-18T05:00:00,1118.00,1123.70,1100.80,1118.00,989.0000
2010-02-19T05:00:00,1121.30,1126.20,1099.70,1121.30,137.0000
2010-02-22T05:00:00,1112.60,1127.40,1110.00,1112.60,124.0000
2010-02-23T05:00:00,1116.40,1118.30,1102.60,1102.70,152.0000
2010-02-24T05:00:00,1096.50,1096.50,1096.50,1096.50,751.0000
2010-02-25T05:00:00,1107.80,1108.20,1088.70,1107.80,386.0000
2010-02-26T05:00:00,1106.80,1118.30,1106.80,1118.30,382.0000
2010-03-01T05:00:00,1119.30,1121.90,1113.60,1117.80,184.0000
2010-03-02T05:00:00,1136.90,1137.40,1115.70,1136.90,155.0000
2010-03-03T05:00:00,1142.70,1145.00,1133.70,1142.70,170.0000
2010-03-04T05:00:00,1132.60,1139.00,1128.60,1132.60,118.0000
2010-03-05T05:00:00,1134.80,1134.80,1134.80,1134.80,129.0000
2010-03-08T05:00:00,1123.60,1123.60,1123.60,1123.60,17.0000
2010-03-09T05:00:00,1122.00,1124.00,1113.10,1122.00,27.0000
2010-03-10T05:00:00,1107.80,1127.10,1106.90,1107.80,21.0000
2010-03-11T05:00:00,1108.00,1108.00,1108.00,1108.00,46.0000
2010-03-12T05:00:00,1101.50,1117.40,1099.90,1101.50,135.0000
2010-03-15T04:00:00,1105.10,1107.10,1101.40,1105.10,21.0000
2010-03-16T04:00:00,1122.20,1127.00,1114.50,1122.20,66.0000
2010-03-17T04:00:00,1124.00,1131.40,1118.00,1124.00,29.0000
2010-03-18T04:00:00,1127.40,1127.80,1121.10,1127.40,86.0000
2010-03-19T04:00:00,1107.40,1107.40,1107.40,1107.40,54.0000
2010-03-22T04:00:00,1099.30,1099.30,1099.30,1099.30,71.0000
2010-03-23T04:00:00,1103.50,1103.50,1103.50,1103.50,16.0000
2010-03-24T04:00:00,1088.60,1092.40,1085.50,1088.60,9.0000
2010-03-25T04:00:00,1092.70,1092.70,1086.70,1092.70,8.0000
2010-03-26T04:00:00,1104.20,1104.20,1104.20,1104.20,5.0000
2010-03-29T04:00:00,1110.30,1110.30,1110.30,1110.30,158733.0000
2010-03-30T04:00:00,1109.70,1112.90,1101.10,1104.50,56533.0000
2010-03-31T04:00:00,1103.10,1118.70,1102.00,1113.30,5950.0000
2010-04-01T04:00:00,1125.10,1127.70,1111.30,1125.10,2696.0000
2010-04-05T04:00:00,1122.30,1133.30,1119.90,1132.90,567.0000
2010-04-06T04:00:00,1130.80,1138.50,1122.70,1135.10,2490.0000
2010-04-07T04:00:00,1152.30,1153.00,1132.60,1152.30,1342.0000
2010-04-08T04:00:00,1152.20,1152.30,1144.00,1152.20,254.0000
2010-04-09T04:00:00,1161.10,1164.80,1150.50,1161.10,505.0000
2010-04-12T04:00:00,1161.60,1169.00,1154.60,1161.60,483.0000
2010-04-13T04:00:00,1152.80,1157.00,1145.00,1152.80,278.0000
2010-04-14T04:00:00,1159.00,1160.60,1151.20,1159.00,162.0000
2010-04-15T04:00:00,1157.50,1159.80,1151.00,1159.70,179.0000
2010-04-16T04:00:00,1136.30,1160.00,1130.40,1136.30,483.0000
2010-04-19T04:00:00,1135.20,1137.10,1124.00,1135.20,145.0000
2010-04-20T04:00:00,1138.60,1145.80,1136.00,1138.60,80.0000
2010-04-21T04:00:00,1148.20,1150.00,1138.40,1148.20,68.0000
2010-04-22T04:00:00,1142.30,1144.00,1133.60,1142.30,213.0000
2010-04-23T04:00:00,1153.10,1153.10,1153.10,1153.10,40.0000
2010-04-26T04:00:00,1160.10,1160.10,1151.40,1153.50,108.0000
2010-04-27T04:00:00,1152.80,1170.70,1148.60,1161.70,213.0000
2010-04-28T04:00:00,1171.30,1171.30,1171.30,1171.30,299.0000
2010-04-29T04:00:00,1168.40,1171.20,1164.00,1168.40,166.0000
2010-04-30T04:00:00,1180.10,1181.30,1170.00,1180.10,146.0000
2010-05-03T04:00:00,1178.60,1187.50,1177.30,1182.70,90.0000
2010-05-04T04:00:00,1168.60,1191.80,1168.30,1168.60,94.0000
2010-05-05T04:00:00,1174.60,1177.20,1159.20,1174.60,98.0000
2010-05-06T04:00:00,1196.90,1210.60,1175.90,1196.90,79.0000
2010-05-07T04:00:00,1210.00,1210.80,1194.60,1210.00,112.0000
2010-05-10T04:00:00,1200.40,1203.80,1189.20,1200.40,118.0000
2010-05-11T04:00:00,1219.90,1233.50,1201.50,1219.90,201.0000
2010-05-12T04:00:00,1242.70,1246.50,1227.10,1242.70,213.0000
2010-05-13T04:00:00,1235.30,1240.00,1228.70,1228.80,37.0000
2010-05-14T04:00:00,1227.40,1227.40,1227.40,1227.40,99.0000
2010-05-17T04:00:00,1233.30,1235.90,1225.20,1227.70,49.0000
2010-05-18T04:00:00,1214.30,1216.10,1208.20,1214.30,73.0000
2010-05-19T04:00:00,1192.60,1192.60,1192.60,1192.60,75.0000
2010-05-20T04:00:00,1187.80,1191.80,1179.40,1187.80,297.0000
2010-05-21T04:00:00,1175.70,1175.70,1175.70,1175.70,177.0000
2010-05-24T04:00:00,1193.80,1193.80,1193.80,1193.80,14.0000
2010-05-25T04:00:00,1197.80,1200.00,1195.60,1197.80,9.0000
2010-05-26T04:00:00,1213.30,1213.30,1213.30,1213.30,237497.0000
2010-05-27T04:00:00,1211.70,1218.50,1205.40,1211.90,109434.0000
2010-05-28T04:00:00,1210.40,1214.80,1201.10,1212.20,12895.0000
2010-06-01T04:00:00,1224.80,1228.20,1209.30,1224.80,4547.0000
2010-06-02T04:00:00,1220.60,1225.80,1213.20,1220.60,2799.0000
2010-06-03T04:00:00,1208.30,1224.00,1201.00,1208.30,1552.0000
2010-06-04T04:00:00,1207.60,1220.40,1196.90,1216.20,1070.0000
2010-06-07T04:00:00,1239.30,1244.70,1211.00,1239.30,859.0000
2010-06-08T04:00:00,1241.50,1252.10,1234.10,1244.00,763.0000
2010-06-09T04:00:00,1237.00,1238.20,1222.00,1228.50,446.0000
2010-06-10T04:00:00,1232.80,1233.50,1215.10,1220.80,488.0000
2010-06-11T04:00:00,1228.90,1229.60,1218.00,1228.90,481.0000
2010-06-14T04:00:00,1223.20,1232.70,1217.70,1223.30,989.0000
2010-06-15T04:00:00,1222.60,1236.00,1222.40,1233.20,251.0000
2010-06-16T04:00:00,1229.30,1229.30,1229.30,1229.30,318.0000
2010-06-17T04:00:00,1233.90,1251.10,1233.90,1247.50,266.0000
2010-06-18T04:00:00,1247.70,1261.50,1242.90,1257.20,130.0000
2010-06-21T04:00:00,1257.40,1264.80,1232.00,1239.70,219.0000
2010-06-22T04:00:00,1239.90,1242.80,1232.10,1239.90,172.0000
2010-06-23T04:00:00,1233.90,1245.10,1226.90,1234.10,100.0000
2010-06-24T04:00:00,1236.40,1248.10,1230.70,1245.50,253.0000
2010-06-25T04:00:00,1246.70,1256.90,1243.70,1255.80,159.0000
2010-06-28T04:00:00,1238.20,1238.20,1238.20,1238.20,351.0000
2010-06-29T04:00:00,1242.00,1245.00,1228.50,1242.00,417.0000
2010-06-30T04:00:00,1245.50,1246.20,1236.70,1245.50,73.0000
2010-07-01T04:00:00,1206.30,1242.40,1204.50,1206.30,50.0000
2010-07-02T04:00:00,1201.40,1211.60,1200.80,1207.40,169.0000
2010-07-06T04:00:00,1207.30,1211.80,1190.50,1194.80,52.0000
2010-07-07T04:00:00,1198.60,1198.60,1198.60,1198.60,18.0000
2010-07-08T04:00:00,1195.80,1203.30,1189.30,1195.80,93.0000
2010-07-09T04:00:00,1209.60,1213.00,1195.00,1209.60,22.0000
2010-07-12T04:00:00,1198.50,1198.50,1198.50,1198.50,45.0000
2010-07-13T04:00:00,1213.30,1217.40,1205.20,1213.30,53.0000
2010-07-14T04:00:00,1212.00,1213.80,1202.40,1206.80,54.0000
2010-07-15T04:00:00,1208.10,1208.10,1208.10,1208.10,32.0000
2010-07-16T04:00:00,1188.00,1188.00,1188.00,1188.00,46.0000
2010-07-19T04:00:00,1181.70,1182.20,1180.00,1181.70,4.0000
2010-07-20T04:00:00,1191.50,1191.50,1191.50,1191.50,8.0000
2010-07-21T04:00:00,1191.60,1194.50,1184.10,1191.60,24.0000
2010-07-22T04:00:00,1195.50,1196.00,1194.40,1195.50,79.0000
2010-07-23T04:00:00,1187.70,1198.60,1187.70,1187.70,32.0000
2010-07-26T04:00:00,1183.00,1183.00,1183.00,1183.00,37.0000
2010-07-27T04:00:00,1158.00,1158.00,1158.00,1158.00,29.0000
2010-07-28T04:00:00,1160.40,1160.40,1160.40,1160.40,206828.0000
2010-07-29T04:00:00,1163.80,1169.20,1158.70,1168.40,54384.0000
2010-07-30T04:00:00,1168.20,1183.10,1166.00,1181.70,5466.0000
2010-08-02T04:00:00,1183.40,1191.80,1174.70,1183.40,2504.0000
2010-08-03T04:00:00,1185.20,1190.50,1180.00,1185.20,598.0000
2010-08-04T04:00:00,1186.30,1203.00,1186.30,1193.70,1068.0000
2010-08-05T04:00:00,1197.20,1199.30,1190.00,1197.20,214.0000
2010-08-06T04:00:00,1203.30,1211.00,1195.30,1203.40,347.0000
2010-08-09T04:00:00,1205.80,1209.50,1199.80,1200.70,658.0000
2010-08-10T04:00:00,1196.20,1206.50,1191.00,1196.20,713.0000
2010-08-11T04:00:00,1197.50,1208.00,1193.00,1197.50,351.0000
2010-08-12T04:00:00,1214.80,1215.50,1199.00,1214.80,289.0000
2010-08-13T04:00:00,1214.90,1214.90,1214.90,1214.90,138.0000
2010-08-16T04:00:00,1224.50,1225.40,1218.00,1224.50,252.0000
2010-08-17T04:00:00,1226.60,1227.40,1224.00,1226.60,84.0000
2010-08-18T04:00:00,1229.70,1231.60,1218.00,1229.70,169.0000
2010-08-19T04:00:00,1233.80,1237.60,1228.80,1233.80,46.0000
2010-08-20T04:00:00,1227.20,1232.80,1223.00,1227.20,236.0000
2010-08-23T04:00:00,1226.90,1228.90,1222.90,1226.90,56.0000
2010-08-24T04:00:00,1231.80,1234.00,1211.50,1231.80,300.0000
2010-08-25T04:00:00,1239.50,1240.70,1230.70,1239.50,298.0000
2010-08-26T04:00:00,1235.40,1243.30,1235.00,1235.40,104.0000
2010-08-27T04:00:00,1236.00,1236.00,1236.00,1236.00,573.0000
2010-08-30T04:00:00,1237.10,1237.90,1234.00,1237.10,128.0000
2010-08-31T04:00:00,1248.30,1249.40,1233.00,1248.30,124.0000
2010-09-01T04:00:00,1246.30,1254.30,1243.60,1246.30,41.0000
2010-09-02T04:00:00,1251.50,1252.50,1246.90,1251.50,100.0000
2010-09-03T04:00:00,1249.20,1249.20,1240.00,1249.20,3.0000
2010-09-07T04:00:00,1257.30,1258.00,1255.50,1257.30,7.0000
2010-09-08T04:00:00,1255.60,1260.20,1254.70,1255.60,27.0000
2010-09-09T04:00:00,1248.90,1256.00,1244.10,1248.90,9.0000
2010-09-10T04:00:00,1244.50,1244.50,1244.50,1244.50,20.0000
2010-09-13T04:00:00,1245.10,1245.10,1245.10,1245.10,18.0000
2010-09-14T04:00:00,1269.70,1272.40,1253.40,1269.70,87.0000
2010-09-15T04:00:00,1266.60,1269.80,1263.50,1266.70,34.0000
2010-09-16T04:00:00,1271.90,1275.20,1268.70,1271.90,37.0000
2010-09-17T04:00:00,1275.60,1279.60,1273.80,1275.60,54.0000
2010-09-20T04:00:00,1279.00,1282.00,1279.00,1279.00,27.0000
2010-09-21T04:00:00,1272.40,1289.80,1271.80,1272.40,56.0000
2010-09-22T04:00:00,1290.20,1290.20,1290.20,1290.20,17.0000
2010-09-23T04:00:00,1294.30,1294.30,1289.40,1294.30,45.0000
2010-09-24T04:00:00,1296.00,1297.40,1294.20,1296.00,37.0000
2010-09-27T04:00:00,1296.70,1296.70,1296.70,1296.70,67.0000
2010-09-28T04:00:00,1287.50,1308.60,1287.50,1306.60,25190.0000
2010-09-29T04:00:00,1309.40,1312.50,1305.00,1308.50,6745.0000
2010-09-30T04:00:00,1307.20,1315.20,1295.70,1307.80,579.0000
2010-10-01T04:00:00,1309.00,1320.00,1309.00,1316.10,153.0000
2010-10-04T04:00:00,1318.30,1319.10,1312.00,1315.40,95.0000
2010-10-05T04:00:00,1312.90,1341.10,1312.90,1338.90,197.0000
2010-10-06T04:00:00,1339.10,1349.00,1339.00,1346.40,215.0000
2010-10-07T04:00:00,1347.90,1363.00,1325.70,1333.90,261.0000
2010-10-08T04:00:00,1333.50,1348.40,1325.00,1344.20,80.0000
2010-10-11T04:00:00,1346.70,1353.70,1344.00,1353.30,79.0000
2010-10-12T04:00:00,1346.90,1352.20,1343.60,1345.70,112.0000
2010-10-13T04:00:00,1356.40,1374.00,1355.10,1369.50,251.0000
2010-10-14T04:00:00,1372.80,1383.90,1371.30,1376.70,106.0000
2010-10-15T04:00:00,1379.20,1382.40,1364.70,1371.10,170.0000
2010-10-18T04:00:00,1358.00,1372.60,1358.00,1371.20,46.0000
2010-10-19T04:00:00,1366.80,1370.50,1328.50,1335.10,301.0000
2010-10-20T04:00:00,1336.00,1345.80,1334.20,1343.30,148.0000
2010-10-21T04:00:00,1344.20,1346.20,1317.50,1324.70,102.0000
2010-10-22T04:00:00,1326.70,1328.10,1319.00,1324.40,113.0000
2010-10-25T04:00:00,1333.60,1349.10,1333.10,1338.30,194.0000
2010-10-26T04:00:00,1341.20,1341.20,1328.30,1338.00,195.0000
2010-10-27T04:00:00,1341.00,1341.00,1321.10,1322.20,106.0000
2010-10-28T04:00:00,1327.90,1343.60,1325.90,1342.10,192.0000
2010-10-29T04:00:00,1340.20,1358.70,1336.80,1357.10,74.0000
2010-11-01T04:00:00,1360.30,1360.30,1350.70,1350.20,40.0000
2010-11-02T04:00:00,1356.80,1356.80,1355.50,1356.40,17.0000
2010-11-03T04:00:00,1351.40,1359.20,1327.50,1337.10,135.0000
2010-11-04T04:00:00,1368.60,1392.50,1368.60,1382.70,109.0000
2010-11-05T04:00:00,1390.70,1398.00,1378.20,1397.30,109.0000
2010-11-08T05:00:00,1390.50,1409.20,1387.10,1402.80,112.0000
2010-11-09T05:00:00,1405.20,1423.20,1382.90,1409.80,84.0000
2010-11-10T05:00:00,1395.20,1408.10,1384.00,1399.10,29.0000
2010-11-11T05:00:00,1400.70,1413.50,1397.30,1403.10,26.0000
2010-11-12T05:00:00,1407.90,1407.90,1360.10,1365.40,182.0000
2010-11-15T05:00:00,1363.70,1372.60,1355.30,1368.40,46.0000
2010-11-16T05:00:00,1356.50,1358.20,1329.50,1338.30,67.0000
2010-11-17T05:00:00,1336.90,1341.80,1331.30,1336.80,50.0000
2010-11-18T05:00:00,1349.50,1353.20,1347.70,1352.90,17.0000
2010-11-19T05:00:00,1350.70,1352.00,1344.50,1352.20,7.0000
2010-11-22T05:00:00,1357.70,1357.70,1357.70,1357.70,7.0000
2010-11-23T05:00:00,1369.40,1377.50,1364.50,1377.50,15.0000
2010-11-24T05:00:00,1377.80,1377.80,1377.80,1372.90,3.0000
2010-11-26T14:30:00,1372.10,1372.10,1372.10,1362.30,138416.0000
2010-11-29T05:00:00,1364.00,1369.30,1352.60,1366.00,94486.0000
2010-11-30T05:00:00,1366.70,1390.10,1362.80,1385.00,11370.0000
2010-12-01T05:00:00,1386.80,1396.60,1382.30,1387.30,4759.0000
2010-12-02T05:00:00,1387.60,1398.60,1383.30,1388.50,1550.0000
2010-12-03T05:00:00,1385.10,1415.10,1385.10,1405.40,2341.0000
2010-12-06T05:00:00,1414.00,1428.40,1410.00,1415.30,833.0000
2010-12-07T05:00:00,1424.50,1431.10,1398.00,1408.30,866.0000
2010-12-08T05:00:00,1402.50,1403.80,1372.00,1382.50,1675.0000
2010-12-09T05:00:00,1380.60,1394.20,1380.50,1392.10,971.0000
2010-12-10T05:00:00,1388.90,1392.00,1373.10,1384.30,457.0000
2010-12-13T05:00:00,1384.50,1399.20,1384.50,1397.30,193.0000
2010-12-14T05:00:00,1401.90,1407.30,1391.80,1403.60,431.0000
2010-12-15T05:00:00,1394.00,1394.00,1379.50,1385.50,215.0000
2010-12-16T05:00:00,1380.90,1385.00,1362.50,1370.40,228.0000
2010-12-17T05:00:00,1376.40,1378.60,1365.90,1378.60,102.0000
2010-12-20T05:00:00,1383.20,1386.70,1376.50,1385.50,125.0000
2010-12-21T05:00:00,1385.80,1389.50,1381.50,1388.20,113.0000
2010-12-22T05:00:00,1388.00,1389.50,1385.00,1386.80,58.0000
2010-12-23T05:00:00,1388.40,1388.40,1373.70,1380.00,101.0000
2010-12-27T05:00:00,1373.50,1384.20,1373.50,1382.40,322.0000
2010-12-28T05:00:00,1389.80,1406.70,1389.80,1405.20,519.0000
2010-12-29T05:00:00,1403.40,1412.20,1402.90,1413.10,413.0000
2010-12-30T05:00:00,1413.80,1413.80,1403.10,1405.60,185.0000
2010-12-31T05:00:00,1405.70,1421.10,1405.70,1421.10,54.0000
2011-01-03T05:00:00,1415.60,1423.90,1413.70,1422.60,28.0000
2011-01-04T05:00:00,1409.60,1410.90,1375.80,1378.50,122.0000
2011-01-05T05:00:00,1383.40,1384.00,1364.20,1373.40,175.0000
2011-01-06T05:00:00,1374.80,1376.50,1368.90,1371.40,158.0000
2011-01-07T05:00:00,1372.70,1377.20,1355.50,1368.50,225.0000
2011-01-10T05:00:00,1369.00,1374.00,1365.70,1373.70,181.0000
2011-01-11T05:00:00,1375.40,1384.50,1373.90,1384.00,13.0000
2011-01-12T05:00:00,1382.60,1385.50,1378.00,1385.70,204.0000
2011-01-13T05:00:00,1386.10,1392.50,1371.40,1386.90,66.0000
2011-01-14T05:00:00,1375.00,1376.00,1356.70,1360.40,252.0000
2011-01-18T05:00:00,1365.10,1371.00,1359.20,1368.10,106.0000
2011-01-19T05:00:00,1371.90,1376.20,1367.00,1370.20,40.0000
2011-01-20T05:00:00,1367.70,1367.70,1345.00,1346.50,10.0000
2011-01-21T05:00:00,1341.70,1345.60,1338.60,1341.00,20.0000
2011-01-24T05:00:00,1352.30,1352.30,1341.80,1344.50,2.0000
2011-01-25T05:00:00,1330.40,1331.50,1323.60,1332.30,394.0000
2011-01-26T05:00:00,1333.00,1341.70,1333.00,1333.00,4.0000
2011-01-27T05:00:00,1342.00,1342.00,1318.40,1318.40,210699.0000
2011-01-28T05:00:00,1314.00,1346.60,1307.70,1340.70,73023.0000
2011-01-31T05:00:00,1339.00,1345.90,1323.30,1333.80,13657.0000
2011-02-01T05:00:00,1333.10,1342.90,1325.30,1339.60,3180.0000
2011-02-02T05:00:00,1344.00,1344.00,1327.00,1331.50,1363.0000
2011-02-03T05:00:00,1335.60,1355.80,1324.90,1352.30,1865.0000
2011-02-04T05:00:00,1354.80,1360.00,1345.00,1348.30,591.0000
2011-02-07T05:00:00,1345.80,1353.80,1343.80,1347.60,1004.0000
2011-02-08T05:00:00,1351.20,1367.00,1350.00,1363.40,2536.0000
2011-02-09T05:00:00,1362.80,1366.50,1359.60,1364.80,146.0000
2011-02-10T05:00:00,1364.30,1364.50,1351.70,1361.90,312.0000
2011-02-11T05:00:00,1364.00,1368.80,1355.20,1359.90,488.0000
2011-02-14T05:00:00,1357.80,1365.60,1356.60,1364.60,181.0000
2011-02-15T05:00:00,1361.60,1376.00,1361.60,1373.60,321.0000
2011-02-16T05:00:00,1373.60,1382.00,1370.50,1374.70,156.0000
2011-02-17T05:00:00,1377.70,1384.70,1377.00,1384.70,113.0000
2011-02-18T05:00:00,1384.10,1391.80,1381.80,1388.20,98.0000
2011-02-22T05:00:00,1395.10,1408.70,1395.10,1400.50,430.0000
2011-02-23T05:00:00,1397.80,1413.80,1397.80,1413.40,318.0000
2011-02-24T05:00:00,1415.10,1415.30,1408.30,1415.30,809.0000
2011-02-25T05:00:00,1401.70,1411.00,1401.00,1408.70,352.0000
2011-02-28T05:00:00,1410.70,1415.70,1407.70,1409.30,205.0000
2011-03-01T05:00:00,1415.30,1434.40,1415.30,1430.70,116.0000
2011-03-02T05:00:00,1432.50,1440.50,1428.80,1437.20,1600.0000
2011-03-03T05:00:00,1432.30,1432.30,1415.90,1416.00,244.0000
2011-03-04T05:00:00,1418.90,1429.80,1416.80,1428.20,60.0000
2011-03-07T05:00:00,1434.50,1445.00,1429.50,1434.10,613.0000
2011-03-08T05:00:00,1431.60,1432.60,1424.30,1426.90,198.0000
2011-03-09T05:00:00,1430.00,1435.70,1426.10,1429.30,98.0000
2011-03-10T05:00:00,1429.50,1429.80,1403.80,1412.20,23.0000
2011-03-11T05:00:00,1413.70,1422.60,1404.90,1421.50,23.0000
2011-03-14T04:00:00,1420.00,1427.70,1420.00,1424.60,58.0000
2011-03-15T04:00:00,1413.30,1413.30,1385.50,1392.60,20.0000
2011-03-16T04:00:00,1398.00,1404.20,1394.30,1396.00,38.0000
2011-03-17T04:00:00,1387.70,1393.60,1387.70,1404.00,27.0000
2011-03-18T04:00:00,1406.40,1419.30,1406.40,1415.90,6.0000
2011-03-21T04:00:00,1433.50,1433.50,1430.80,1426.20,43.0000
2011-03-22T04:00:00,1430.40,1430.40,1430.40,1427.50,85.0000
2011-03-23T04:00:00,1432.20,1439.70,1432.20,1437.90,19.0000
2011-03-24T04:00:00,1437.70,1446.90,1437.50,1434.80,27.0000
2011-03-25T04:00:00,1436.00,1436.00,1436.00,1426.10,1.0000
2011-03-28T04:00:00,1413.20,1415.60,1413.20,1419.80,6.0000
2011-03-29T04:00:00,1416.00,1416.00,1416.00,1416.00,135792.0000
2011-03-30T04:00:00,1418.70,1430.30,1412.00,1423.80,47011.0000
2011-03-31T04:00:00,1423.30,1440.00,1420.70,1438.90,8230.0000
2011-04-01T04:00:00,1433.40,1436.50,1413.00,1428.10,5318.0000
2011-04-04T04:00:00,1429.10,1439.10,1428.80,1432.20,683.0000
2011-04-05T04:00:00,1437.90,1457.60,1430.30,1451.80,2609.0000
2011-04-06T04:00:00,1456.90,1462.30,1452.00,1457.70,901.0000
2011-04-07T04:00:00,1459.70,1462.50,1453.90,1458.50,229.0000
2011-04-08T04:00:00,1457.60,1475.50,1457.50,1473.40,1407.0000
2011-04-11T04:00:00,1476.00,1476.00,1459.70,1467.40,378.0000
2011-04-12T04:00:00,1461.80,1467.20,1444.40,1452.90,345.0000
2011-04-13T04:00:00,1455.00,1462.00,1454.00,1454.90,197.0000
2011-04-14T04:00:00,1456.80,1476.00,1452.70,1471.70,535.0000
2011-04-15T04:00:00,1477.60,1487.50,1473.20,1485.30,293.0000
2011-04-18T04:00:00,1486.30,1497.30,1477.50,1492.30,650.0000
2011-04-19T04:00:00,1493.30,1499.50,1489.00,1494.50,168.0000
2011-04-20T04:00:00,1494.00,1505.30,1494.00,1498.30,386.0000
2011-04-21T04:00:00,1503.70,1508.30,1501.70,1503.20,237.0000
2011-04-25T04:00:00,1513.30,1518.00,1502.80,1508.60,233.0000
2011-04-26T04:00:00,1501.50,1506.30,1495.00,1503.00,223.0000
2011-04-27T04:00:00,1507.10,1512.80,1505.20,1516.70,460.0000
2011-04-28T04:00:00,1528.60,1536.00,1526.60,1530.80,425.0000
2011-04-29T04:00:00,1538.70,1568.70,1537.30,1556.00,124.0000
2011-05-02T04:00:00,1572.90,1576.60,1543.10,1556.70,200.0000
2011-05-03T04:00:00,1542.50,1547.00,1527.50,1540.10,246.0000
2011-05-04T04:00:00,1535.00,1539.00,1506.20,1514.90,272.0000
2011-05-05T04:00:00,1514.70,1520.70,1471.00,1480.90,133.0000
2011-05-06T04:00:00,1473.20,1494.80,1472.30,1491.20,144.0000
2011-05-09T04:00:00,1501.50,1512.80,1501.30,1502.90,44.0000
2011-05-10T04:00:00,1508.40,1516.90,1508.40,1516.60,13.0000
2011-05-11T04:00:00,1524.00,1524.10,1495.20,1501.10,30.0000
2011-05-12T04:00:00,1492.10,1498.50,1484.80,1506.60,11.0000
2011-05-13T04:00:00,1503.50,1511.30,1490.20,1493.40,16.0000
2011-05-16T04:00:00,1489.30,1494.90,1489.30,1490.40,10.0000
2011-05-17T04:00:00,1489.80,1491.80,1473.00,1479.80,41.0000
2011-05-18T04:00:00,1496.40,1497.00,1496.30,1495.60,82.0000
2011-05-19T04:00:00,1491.50,1491.50,1491.50,1492.20,1.0000
2011-05-20T04:00:00,1499.00,1512.70,1488.70,1508.80,93.0000
2011-05-23T04:00:00,1510.50,1512.30,1507.00,1515.30,42.0000
2011-05-24T04:00:00,1527.10,1527.10,1521.90,1523.20,4.0000
2011-05-25T04:00:00,1526.40,1527.50,1526.10,1526.60,10.0000
2011-05-26T04:00:00,1521.20,1521.20,1519.50,1522.80,186986.0000
2011-05-27T04:00:00,1519.40,1538.50,1518.40,1536.30,76719.0000
2011-05-31T04:00:00,1536.70,1541.10,1532.40,1535.90,6152.0000
2011-06-01T04:00:00,1535.70,1550.60,1529.70,1542.40,2845.0000
2011-06-02T04:00:00,1541.30,1544.50,1520.00,1532.00,1651.0000
2011-06-03T04:00:00,1534.70,1546.30,1525.00,1541.70,1745.0000
2011-06-06T04:00:00,1542.90,1553.90,1542.00,1546.50,691.0000
2011-06-07T04:00:00,1545.00,1549.90,1537.20,1543.30,2530.0000
2011-06-08T04:00:00,1544.20,1544.20,1531.30,1538.10,489.0000
2011-06-09T04:00:00,1536.10,1548.80,1534.40,1542.10,288.0000
2011-06-10T04:00:00,1543.70,1543.90,1526.40,1528.60,632.0000
2011-06-13T04:00:00,1528.10,1533.00,1511.30,1515.00,851.0000
2011-06-14T04:00:00,1517.20,1526.20,1513.10,1523.80,306.0000
2011-06-15T04:00:00,1525.00,1533.40,1515.00,1525.60,648.0000
2011-06-16T04:00:00,1526.00,1531.20,1522.00,1529.30,164.0000
2011-06-17T04:00:00,1523.00,1541.60,1523.00,1538.60,72.0000
2011-06-20T04:00:00,1536.00,1545.70,1535.20,1541.50,99.0000
2011-06-21T04:00:00,1540.10,1547.50,1540.00,1546.00,125.0000
2011-06-22T04:00:00,1547.20,1558.50,1544.40,1552.90,222.0000
2011-06-23T04:00:00,1547.20,1547.20,1514.70,1520.10,300.0000
2011-06-24T04:00:00,1524.70,1525.00,1498.50,1500.50,257.0000
2011-06-27T04:00:00,1503.50,1503.50,1490.70,1496.00,140.0000
2011-06-28T04:00:00,1499.90,1505.00,1496.10,1499.70,508.0000
2011-06-29T04:00:00,1504.10,1512.20,1504.10,1509.90,395.0000
2011-06-30T04:00:00,1511.50,1514.00,1498.80,1502.30,69.0000
2011-07-01T04:00:00,1502.20,1502.20,1480.00,1482.30,66.0000
2011-07-05T04:00:00,1490.40,1515.00,1490.30,1512.30,199.0000
2011-07-06T04:00:00,1513.70,1531.50,1510.30,1528.70,71.0000
2011-07-07T04:00:00,1529.10,1533.10,1522.70,1530.20,55.0000
2011-07-08T04:00:00,1527.00,1542.60,1526.60,1541.20,3.0000
2011-07-11T04:00:00,1550.00,1555.20,1543.10,1548.80,14.0000
2011-07-12T04:00:00,1548.20,1565.00,1542.00,1561.90,8.0000
2011-07-13T04:00:00,1574.00,1585.60,1570.80,1585.20,29.0000
2011-07-14T04:00:00,1586.30,1592.80,1583.60,1589.00,19.0000
2011-07-15T04:00:00,1582.30,1592.20,1582.30,1589.80,8.0000
2011-07-18T04:00:00,1592.80,1605.00,1592.80,1602.10,13.0000
2011-07-19T04:00:00,1608.10,1608.80,1583.30,1600.90,63.0000
2011-07-20T04:00:00,1584.30,1596.70,1582.40,1596.70,9.0000
2011-07-21T04:00:00,1598.00,1601.60,1586.60,1586.80,24.0000
2011-07-22T04:00:00,1588.50,1606.50,1588.50,1601.30,12.0000
2011-07-25T04:00:00,1610.00,1619.40,1610.00,1612.00,67.0000
2011-07-26T04:00:00,1609.80,1618.50,1609.80,1616.60,28.0000
2011-07-27T04:00:00,1619.70,1619.70,1617.00,1615.00,232220.0000
2011-07-28T04:00:00,1614.20,1620.60,1602.80,1613.40,70263.0000
2011-07-29T04:00:00,1617.10,1634.90,1610.60,1628.30,6761.0000
2011-08-01T04:00:00,1623.00,1631.80,1607.00,1619.00,2889.0000
2011-08-02T04:00:00,1619.30,1660.60,1616.80,1641.90,2440.0000
2011-08-03T04:00:00,1659.90,1672.30,1651.60,1663.40,2024.0000
2011-08-04T04:00:00,1660.50,1681.80,1640.00,1656.20,1952.0000
2011-08-05T04:00:00,1647.50,1666.10,1642.70,1648.80,825.0000
2011-08-08T04:00:00,1679.10,1720.00,1678.10,1710.20,1885.0000
2011-08-09T04:00:00,1722.50,1779.00,1720.10,1740.00,1861.0000
2011-08-10T04:00:00,1744.00,1795.60,1741.30,1781.30,969.0000
2011-08-11T04:00:00,1795.10,1813.50,1733.30,1748.80,1503.0000
2011-08-12T04:00:00,1760.60,1764.20,1723.80,1740.20,1166.0000
2011-08-15T04:00:00,1734.90,1765.20,1730.50,1755.50,976.0000
2011-08-16T04:00:00,1769.00,1787.30,1761.60,1782.40,278.0000
2011-08-17T04:00:00,1784.80,1794.30,1782.00,1791.20,231.0000
2011-08-18T04:00:00,1786.50,1828.50,1785.50,1818.90,868.0000
2011-08-19T04:00:00,1823.70,1874.40,1823.70,1848.90,328.0000
2011-08-22T04:00:00,1868.60,1895.00,1858.40,1888.70,1106.0000
2011-08-23T04:00:00,1909.00,1909.30,1824.60,1858.30,458.0000
2011-08-24T04:00:00,1833.00,1853.10,1753.10,1754.10,992.0000
2011-08-25T04:00:00,1748.40,1772.50,1707.30,1759.80,864.0000
2011-08-26T04:00:00,1768.50,1829.30,1768.50,1794.10,270.0000
2011-08-29T04:00:00,1817.90,1817.90,1786.70,1788.40,828.0000
2011-08-30T04:00:00,1787.20,1839.60,1783.10,1826.70,598.0000
2011-08-31T04:00:00,1830.60,1837.90,1811.40,1828.50,336.0000
2011-09-01T04:00:00,1825.80,1829.50,1814.40,1826.00,263.0000
2011-09-02T04:00:00,1828.60,1884.20,1828.60,1873.70,442.0000
2011-09-06T04:00:00,1886.30,1911.60,1864.00,1869.90,536.0000
2011-09-07T04:00:00,1868.90,1873.70,1792.80,1814.20,470.0000
2011-09-08T04:00:00,1839.30,1870.00,1835.00,1854.40,142.0000
2011-09-09T04:00:00,1858.10,1881.30,1830.00,1856.40,188.0000
2011-09-12T04:00:00,1852.40,1852.40,1806.00,1809.90,245.0000
2011-09-13T04:00:00,1817.80,1835.30,1808.10,1826.80,52.0000
2011-09-14T04:00:00,1843.00,1843.00,1809.00,1823.50,156.0000
2011-09-15T04:00:00,1816.30,1816.30,1775.80,1778.50,80.0000
2011-09-16T04:00:00,1768.50,1819.10,1768.50,1812.10,111.0000
2011-09-19T04:00:00,1814.70,1818.90,1788.00,1776.40,13.0000
2011-09-20T04:00:00,1778.80,1807.80,1776.00,1806.60,86.0000
2011-09-21T04:00:00,1808.00,1811.70,1782.80,1805.50,22.0000
2011-09-22T04:00:00,1773.20,1773.20,1730.90,1739.20,23.0000
2011-09-23T04:00:00,1737.30,1737.30,1636.30,1637.50,81.0000
2011-09-26T04:00:00,1646.40,1661.80,1562.40,1592.50,151.0000
2011-09-27T04:00:00,1653.80,1665.40,1653.70,1650.60,47.0000
2011-09-28T04:00:00,1650.00,1650.00,1650.00,1616.30,21275.0000
2011-09-29T04:00:00,1604.00,1633.80,1585.00,1615.50,7181.0000
2011-09-30T04:00:00,1620.80,1639.40,1609.40,1620.40,284.0000
2011-10-03T04:00:00,1627.80,1660.80,1627.60,1656.00,101.0000
2011-10-04T04:00:00,1661.00,1678.10,1596.60,1614.70,159.0000
2011-10-05T04:00:00,1629.30,1640.30,1599.60,1640.30,114.0000
2011-10-06T04:00:00,1642.60,1654.70,1637.60,1651.90,38.0000
2011-10-07T04:00:00,1657.00,1665.00,1626.20,1634.50,66.0000
2011-10-10T04:00:00,1645.60,1676.80,1645.60,1669.60,61.0000
2011-10-11T04:00:00,1685.00,1685.00,1657.60,1659.70,151.0000
2011-10-12T04:00:00,1667.10,1691.00,1667.10,1681.30,37.0000
2011-10-13T04:00:00,1676.10,1678.80,1656.20,1667.30,148.0000
2011-10-14T04:00:00,1665.80,1683.30,1665.80,1681.80,51.0000
2011-10-17T04:00:00,1683.60,1693.50,1667.30,1675.50,41.0000
2011-10-18T04:00:00,1666.00,1666.00,1627.50,1651.70,85.0000
2011-10-19T04:00:00,1659.30,1659.30,1641.30,1646.00,22.0000
2011-10-20T04:00:00,1643.20,1643.20,1608.70,1611.90,92.0000
2011-10-21T04:00:00,1626.10,1647.40,1626.10,1635.10,32.0000
2011-10-24T04:00:00,1646.20,1657.80,1646.20,1651.50,313.0000
2011-10-25T04:00:00,1645.00,1706.80,1645.00,1699.60,355.0000
2011-10-26T04:00:00,1717.00,1723.60,1708.90,1722.70,135.0000
2011-10-27T04:00:00,1717.80,1735.50,1717.80,1746.70,494.0000
2011-10-28T04:00:00,1752.00,1752.00,1733.00,1746.20,158.0000
2011-10-31T04:00:00,1741.90,1741.90,1717.00,1724.20,62.0000
2011-11-01T04:00:00,1706.70,1720.10,1682.50,1711.00,246.0000
2011-11-02T04:00:00,1724.30,1741.40,1723.20,1728.70,294.0000
2011-11-03T04:00:00,1740.50,1766.00,1726.60,1764.20,290.0000
2011-11-04T04:00:00,1757.00,1761.20,1754.90,1755.30,47.0000
2011-11-07T05:00:00,1755.30,1797.00,1755.30,1790.30,35.0000
2011-11-08T05:00:00,1798.40,1798.40,1785.70,1798.40,14.0000
2011-11-09T05:00:00,1793.00,1793.00,1774.20,1790.90,6.0000
2011-11-10T05:00:00,1766.80,1766.80,1754.80,1758.90,16.0000
2011-11-11T05:00:00,1777.00,1789.10,1777.00,1787.50,28.0000
2011-11-14T05:00:00,1779.00,1779.00,1779.00,1777.80,24.0000
2011-11-15T05:00:00,1779.20,1783.10,1761.30,1781.70,18.0000
2011-11-16T05:00:00,1777.50,1777.50,1757.70,1773.80,65.0000
2011-11-17T05:00:00,1755.30,1755.30,1714.00,1719.80,54.0000
2011-11-18T05:00:00,1725.00,1736.00,1719.00,1724.70,14.0000
2011-11-21T05:00:00,1704.60,1704.60,1674.40,1678.30,9.0000
2011-11-22T05:00:00,1675.40,1702.20,1675.40,1702.20,13.0000
2011-11-23T05:00:00,1691.20,1700.00,1681.60,1695.70,34.0000
2011-11-25T14:30:00,1690.10,1693.50,1675.30,1685.50,28.0000
2011-11-28T05:00:00,1710.80,1710.80,1710.80,1710.80,175525.0000
2011-11-29T05:00:00,1711.30,1718.40,1704.00,1713.40,64786.0000
2011-11-30T05:00:00,1714.00,1749.20,1699.90,1745.50,15463.0000
2011-12-01T05:00:00,1747.00,1753.30,1734.50,1735.30,1350.0000
2011-12-02T05:00:00,1744.80,1762.90,1741.60,1747.00,1067.0000
2011-12-05T05:00:00,1748.90,1752.60,1718.70,1730.70,756.0000
2011-12-06T05:00:00,1722.10,1731.80,1703.00,1727.90,648.0000
2011-12-07T05:00:00,1730.60,1741.90,1720.00,1740.90,300.0000
2011-12-08T05:00:00,1742.00,1752.30,1705.40,1709.80,942.0000
2011-12-09T05:00:00,1713.30,1720.70,1705.70,1712.80,568.0000
2011-12-12T05:00:00,1707.50,1708.20,1658.50,1664.20,894.0000
2011-12-13T05:00:00,1654.70,1671.80,1628.00,1659.90,274.0000
2011-12-14T05:00:00,1636.50,1639.50,1565.80,1584.30,890.0000
2011-12-15T05:00:00,1571.40,1592.80,1565.60,1574.60,589.0000
2011-12-16T05:00:00,1587.40,1595.90,1586.00,1595.60,57.0000
2011-12-19T05:00:00,1596.40,1603.40,1589.70,1594.40,92.0000
2011-12-20T05:00:00,1596.40,1617.00,1596.40,1615.60,215.0000
2011-12-21T05:00:00,1615.60,1635.00,1608.30,1611.90,38.0000
2011-12-22T05:00:00,1608.80,1610.00,1601.90,1608.90,599.0000
2011-12-23T05:00:00,1612.00,1612.80,1604.70,1604.70,62.0000
2011-12-27T05:00:00,1599.00,1599.00,1592.60,1594.20,52.0000
2011-12-28T05:00:00,1584.90,1588.60,1561.30,1562.90,763.0000
2011-12-29T05:00:00,1559.30,1559.30,1525.00,1539.90,866.0000
2011-12-30T05:00:00,1549.40,1579.50,1547.90,1565.80,289.0000
2012-01-03T05:00:00,1568.90,1604.30,1566.00,1599.70,229.0000
2012-01-04T05:00:00,1596.60,1618.60,1594.50,1611.90,172.0000
2012-01-05T05:00:00,1610.80,1624.10,1597.80,1619.40,362.0000
2012-01-06T05:00:00,1622.50,1627.80,1616.10,1616.10,20.0000
2012-01-09T05:00:00,1614.30,1620.10,1607.50,1607.50,8.0000
2012-01-10T05:00:00,1619.90,1638.00,1619.90,1631.00,47.0000
2012-01-11T05:00:00,1634.80,1645.40,1633.80,1639.20,65.0000
2012-01-12T05:00:00,1645.20,1656.10,1645.20,1647.30,84.0000
2012-01-13T05:00:00,1638.90,1643.40,1630.40,1630.40,368.0000
2012-01-17T05:00:00,1643.70,1657.80,1642.10,1655.20,16.0000
2012-01-18T05:00:00,1654.00,1660.30,1654.00,1659.50,11.0000
2012-01-19T05:00:00,1663.00,1664.40,1653.50,1654.10,58.0000
2012-01-20T05:00:00,1652.80,1664.30,1652.80,1663.70,8.0000
2012-01-23T05:00:00,1676.90,1680.00,1669.90,1678.00,10.0000
2012-01-24T05:00:00,1666.90,1668.20,1664.20,1664.20,5.0000
2012-01-25T05:00:00,1673.00,1706.20,1672.00,1699.80,239.0000
2012-01-26T05:00:00,1729.00,1729.00,1721.00,1726.30,16.0000
2012-01-27T05:00:00,1727.00,1734.10,1727.00,1731.80,175023.0000
2012-01-30T05:00:00,1737.20,1739.90,1715.70,1731.00,53427.0000
2012-01-31T05:00:00,1731.70,1747.70,1725.00,1737.80,7540.0000
2012-02-01T05:00:00,1738.20,1751.10,1734.00,1747.10,2027.0000
2012-02-02T05:00:00,1745.10,1761.10,1742.90,1756.80,2062.0000
2012-02-03T05:00:00,1758.70,1761.30,1724.50,1737.90,543.0000
2012-02-06T05:00:00,1728.00,1738.30,1713.30,1722.80,726.0000
2012-02-07T05:00:00,1722.00,1748.00,1713.20,1746.40,272.0000
2012-02-08T05:00:00,1744.00,1751.50,1728.20,1729.30,955.0000
2012-02-09T05:00:00,1731.40,1749.70,1726.10,1739.00,119.0000
2012-02-10T05:00:00,1732.70,1734.40,1706.40,1723.30,248.0000
2012-02-13T05:00:00,1725.00,1733.00,1718.40,1723.00,104.0000
2012-02-14T05:00:00,1720.00,1724.90,1715.00,1715.90,94.0000
2012-02-15T05:00:00,1723.60,1737.00,1723.60,1726.30,110.0000
2012-02-16T05:00:00,1718.40,1728.40,1707.00,1726.80,38.0000
2012-02-17T05:00:00,1733.60,1735.10,1718.80,1724.50,80.0000
2012-02-21T05:00:00,1736.10,1760.00,1733.60,1757.10,115.0000
2012-02-22T05:00:00,1758.70,1781.90,1750.00,1770.00,161.0000
2012-02-23T05:00:00,1774.00,1786.00,1773.00,1784.90,298.0000
2012-02-24T05:00:00,1778.50,1780.70,1771.30,1775.10,129.0000
2012-02-27T05:00:00,1773.60,1775.60,1768.10,1773.60,841.0000
2012-02-28T05:00:00,1767.90,1789.40,1767.90,1787.00,306.0000
2012-02-29T05:00:00,1789.90,1790.40,1669.00,1709.90,359.0000
2012-03-01T05:00:00,1698.60,1724.60,1698.60,1721.10,214.0000
2012-03-02T05:00:00,1723.00,1723.00,1705.20,1708.80,135.0000
2012-03-05T05:00:00,1705.50,1709.50,1695.40,1703.00,421.0000
2012-03-06T05:00:00,1708.70,1708.70,1666.00,1671.40,176.0000
2012-03-07T05:00:00,1676.00,1684.00,1673.10,1683.30,39.0000
2012-03-08T05:00:00,1686.40,1702.40,1686.40,1698.10,301.0000
2012-03-09T05:00:00,1698.80,1710.90,1680.70,1710.90,73.0000
2012-03-12T04:00:00,1708.10,1708.10,1694.90,1699.20,98.0000
2012-03-13T04:00:00,1698.40,1698.40,1685.10,1693.70,47.0000
2012-03-14T04:00:00,1676.90,1681.00,1637.40,1642.50,201.0000
2012-03-15T04:00:00,1646.30,1660.20,1640.00,1659.10,405.0000
2012-03-16T04:00:00,1660.00,1661.40,1641.30,1655.50,317.0000
2012-03-19T04:00:00,1661.20,1668.00,1652.10,1666.90,462.0000
2012-03-20T04:00:00,1648.10,1652.30,1642.00,1646.70,250.0000
2012-03-21T04:00:00,1657.80,1660.00,1646.10,1650.00,546.0000
2012-03-22T04:00:00,1648.00,1649.40,1633.80,1642.30,321.0000
2012-03-23T04:00:00,1652.50,1665.10,1646.30,1662.30,76.0000
2012-03-26T04:00:00,1665.00,1692.90,1657.80,1685.50,84.0000
2012-03-27T04:00:00,1687.80,1690.80,1684.40,1684.80,100.0000
2012-03-28T04:00:00,1670.10,1670.10,1657.90,1657.90,193107.0000
2012-03-29T04:00:00,1661.80,1664.50,1644.30,1652.20,47342.0000
2012-03-30T04:00:00,1660.60,1670.00,1659.00,1669.30,9825.0000
2012-04-02T04:00:00,1670.40,1682.80,1662.00,1677.50,2531.0000
2012-04-03T04:00:00,1677.60,1679.50,1638.70,1670.00,1165.0000
2012-04-04T04:00:00,1646.50,1647.00,1612.30,1612.30,1122.0000
2012-04-05T04:00:00,1620.80,1633.20,1620.40,1628.50,289.0000
2012-04-09T04:00:00,1645.30,1646.40,1636.50,1642.50,158.0000
2012-04-10T04:00:00,1649.00,1661.70,1636.20,1659.50,350.0000
2012-04-11T04:00:00,1654.80,1659.70,1654.70,1659.00,426.0000
2012-04-12T04:00:00,1660.00,1680.10,1650.00,1679.50,1309.0000
2012-04-13T04:00:00,1673.30,1674.80,1650.00,1659.10,220.0000
2012-04-16T04:00:00,1650.80,1656.80,1641.20,1648.70,717.0000
2012-04-17T04:00:00,1652.00,1652.90,1637.00,1650.30,69.0000
2012-04-18T04:00:00,1653.20,1653.30,1638.10,1638.80,273.0000
2012-04-19T04:00:00,1642.10,1653.10,1632.00,1640.60,77.0000
2012-04-20T04:00:00,1641.70,1645.60,1640.90,1642.10,54.0000
2012-04-23T04:00:00,1642.40,1642.40,1625.10,1631.90,226.0000
2012-04-24T04:00:00,1634.40,1648.60,1634.40,1643.00,123.0000
2012-04-25T04:00:00,1641.30,1643.80,1626.90,1641.40,82.0000
2012-04-26T04:00:00,1658.30,1659.60,1658.30,1659.60,280.0000
2012-04-27T04:00:00,1654.50,1666.90,1654.00,1664.00,236.0000
2012-04-30T04:00:00,1663.00,1665.70,1653.00,1663.40,36.0000
2012-05-01T04:00:00,1665.00,1670.50,1661.70,1661.70,25.0000
2012-05-02T04:00:00,1659.20,1659.20,1648.30,1653.40,50.0000
2012-05-03T04:00:00,1651.20,1652.20,1631.30,1634.20,78.0000
2012-05-04T04:00:00,1635.70,1645.60,1629.40,1644.70,68.0000
2012-05-07T04:00:00,1637.90,1640.00,1632.60,1638.60,21.0000
2012-05-08T04:00:00,1636.70,1636.70,1596.00,1604.00,154.0000
2012-05-09T04:00:00,1595.30,1595.30,1586.30,1593.70,30.0000
2012-05-10T04:00:00,1594.20,1595.10,1592.40,1595.10,6.0000
2012-05-11T04:00:00,1586.10,1589.60,1583.60,1583.60,6.0000
2012-05-14T04:00:00,1563.00,1563.10,1555.50,1560.60,5.0000
2012-05-15T04:00:00,1555.40,1558.30,1542.40,1556.80,28.0000
2012-05-16T04:00:00,1541.40,1541.40,1528.50,1536.20,26.0000
2012-05-17T04:00:00,1546.90,1579.00,1546.90,1574.50,51.0000
2012-05-18T04:00:00,1573.70,1591.60,1568.20,1591.60,26.0000
2012-05-21T04:00:00,1591.90,1594.10,1588.40,1588.40,32.0000
2012-05-22T04:00:00,1575.70,1578.10,1568.40,1576.30,27.0000
2012-05-23T04:00:00,1538.20,1548.10,1534.40,1548.10,6.0000
2012-05-24T04:00:00,1559.00,1569.40,1551.50,1557.30,23.0000
2012-05-25T04:00:00,1558.20,1568.80,1557.30,1568.80,7.0000
2012-05-29T04:00:00,1574.70,1582.50,1548.60,1548.60,259050.0000
2012-05-30T04:00:00,1553.90,1569.00,1530.40,1563.40,79887.0000
2012-05-31T04:00:00,1562.70,1572.60,1551.80,1562.60,5901.0000
2012-06-01T04:00:00,1560.00,1630.00,1545.50,1620.50,2820.0000
2012-06-04T04:00:00,1623.00,1627.90,1609.00,1612.20,2134.0000
2012-06-05T04:00:00,1619.30,1622.70,1612.90,1615.20,604.0000
2012-06-06T04:00:00,1619.70,1639.70,1616.50,1632.80,419.0000
2012-06-07T04:00:00,1622.60,1627.20,1581.90,1586.60,1200.0000
2012-06-08T04:00:00,1589.90,1593.90,1566.50,1590.10,157.0000
2012-06-11T04:00:00,1608.00,1608.00,1583.00,1595.50,129.0000
2012-06-12T04:00:00,1594.10,1612.80,1588.50,1612.70,523.0000
2012-06-13T04:00:00,1608.20,1622.40,1608.20,1618.10,655.0000
2012-06-14T04:00:00,1621.20,1626.40,1610.10,1618.40,493.0000
2012-06-15T04:00:00,1624.30,1630.00,1621.50,1627.00,1015.0000
2012-06-18T04:00:00,1622.60,1627.60,1615.00,1625.70,246.0000
2012-06-19T04:00:00,1629.80,1630.70,1622.00,1622.20,32.0000
2012-06-20T04:00:00,1618.30,1618.30,1601.30,1614.80,140.0000
2012-06-21T04:00:00,1603.20,1603.30,1564.50,1564.50,29.0000
2012-06-22T04:00:00,1565.50,1568.40,1560.00,1566.00,16.0000
2012-06-25T04:00:00,1574.90,1587.50,1571.00,1587.50,32.0000
2012-06-26T04:00:00,1583.50,1583.50,1567.70,1574.00,104.0000
2012-06-27T04:00:00,1567.00,1577.50,1563.00,1577.50,220.0000
2012-06-28T04:00:00,1573.70,1573.70,1548.40,1549.70,133.0000
2012-06-29T04:00:00,1562.60,1603.50,1561.90,1603.50,61.0000
2012-07-02T04:00:00,1597.10,1598.30,1589.70,1597.20,35.0000
2012-07-03T13:30:00,1603.80,1624.00,1603.80,1621.30,44.0000
2012-07-05T04:00:00,1618.50,1619.20,1598.00,1608.90,27.0000
2012-07-06T04:00:00,1592.30,1593.80,1578.40,1578.40,15.0000
2012-07-09T04:00:00,1582.10,1588.60,1580.90,1588.60,5.0000
2012-07-10T04:00:00,1599.20,1599.80,1567.60,1579.30,12.0000
2012-07-11T04:00:00,1577.40,1579.50,1575.20,1575.20,12.0000
2012-07-12T04:00:00,1569.30,1574.70,1557.20,1564.90,44.0000
2012-07-13T04:00:00,1567.80,1594.10,1567.80,1591.60,26.0000
2012-07-16T04:00:00,1586.20,1591.20,1585.80,1591.20,7.0000
2012-07-17T04:00:00,1596.00,1596.00,1576.30,1589.10,27.0000
2012-07-18T04:00:00,1581.20,1583.70,1569.90,1570.40,30.0000
2012-07-19T04:00:00,1580.00,1586.90,1578.40,1580.10,60.0000
2012-07-20T04:00:00,1583.90,1584.40,1576.10,1582.50,5.0000
2012-07-23T04:00:00,1571.70,1577.10,1569.80,1577.10,4.0000
2012-07-24T04:00:00,1574.00,1581.90,1574.00,1576.00,9.0000
2012-07-25T04:00:00,1583.70,1608.00,1583.30,1608.00,12.0000
2012-07-26T04:00:00,1614.90,1615.00,1614.10,1615.00,7.0000
2012-07-27T04:00:00,1613.40,1617.90,1613.40,1617.90,197976.0000
2012-07-30T04:00:00,1622.90,1625.80,1613.10,1619.70,52890.0000
2012-07-31T04:00:00,1621.10,1627.50,1610.00,1610.50,6281.0000
2012-08-01T04:00:00,1613.40,1617.20,1592.00,1603.70,3530.0000
2012-08-02T04:00:00,1600.00,1615.00,1583.10,1587.40,933.0000
2012-08-03T04:00:00,1589.30,1606.00,1585.10,1606.00,676.0000
2012-08-06T04:00:00,1604.70,1614.10,1603.20,1612.90,662.0000
2012-08-07T04:00:00,1610.80,1615.70,1609.30,1609.70,449.0000
2012-08-08T04:00:00,1610.20,1614.80,1603.00,1612.90,341.0000
2012-08-09T04:00:00,1612.80,1617.20,1610.10,1617.10,433.0000
2012-08-10T04:00:00,1615.80,1624.10,1605.00,1619.70,1219.0000
2012-08-13T04:00:00,1622.00,1623.70,1607.30,1609.60,402.0000
2012-08-14T04:00:00,1612.80,1615.60,1591.20,1599.40,910.0000
2012-08-15T04:00:00,1593.80,1604.60,1592.00,1603.70,280.0000
2012-08-16T04:00:00,1600.20,1616.10,1600.20,1616.10,199.0000
2012-08-17T04:00:00,1617.80,1617.80,1611.40,1616.30,249.0000
2012-08-20T04:00:00,1614.00,1621.40,1611.60,1620.10,68.0000
2012-08-21T04:00:00,1620.00,1639.90,1620.00,1639.90,258.0000
2012-08-22T04:00:00,1638.40,1653.10,1635.00,1637.40,37.0000
2012-08-23T04:00:00,1659.90,1672.70,1658.00,1669.60,141.0000
2012-08-24T04:00:00,1665.80,1669.80,1662.20,1669.80,24.0000
2012-08-27T04:00:00,1674.90,1674.90,1663.90,1672.40,42.0000
2012-08-28T04:00:00,1659.90,1671.00,1659.20,1666.50,51.0000
2012-08-29T04:00:00,1667.20,1667.30,1659.80,1659.80,403.0000
2012-08-30T04:00:00,1655.40,1662.00,1650.70,1653.50,418.0000
2012-08-31T04:00:00,1658.60,1690.00,1646.20,1684.60,58.0000
2012-09-04T04:00:00,1689.10,1698.00,1687.70,1692.90,43.0000
2012-09-05T04:00:00,1690.40,1693.30,1690.40,1690.80,82.0000
2012-09-06T04:00:00,1696.40,1712.40,1696.40,1702.60,39.0000
2012-09-07T04:00:00,1696.70,1738.20,1696.70,1737.50,109.0000
2012-09-10T04:00:00,1733.10,1733.50,1727.20,1728.70,14.0000
2012-09-11T04:00:00,1736.00,1736.00,1731.80,1731.80,2.0000
2012-09-12T04:00:00,1742.20,1742.30,1730.50,1730.60,15.0000
2012-09-13T04:00:00,1728.70,1769.10,1728.70,1769.10,33.0000
2012-09-14T04:00:00,1771.00,1774.50,1766.00,1769.80,25.0000
2012-09-17T04:00:00,1774.80,1774.80,1753.80,1767.70,54.0000
2012-09-18T04:00:00,1766.30,1768.40,1766.30,1768.40,13.0000
2012-09-19T04:00:00,1776.00,1778.50,1768.00,1769.00,27.0000
2012-09-20T04:00:00,1769.10,1771.30,1760.60,1767.70,17.0000
2012-09-21T04:00:00,1785.30,1785.30,1772.30,1775.50,10.0000
2012-09-24T04:00:00,1762.10,1762.10,1762.10,1762.10,4.0000
2012-09-25T04:00:00,1772.60,1772.70,1763.80,1763.80,5.0000
2012-09-26T04:00:00,1762.80,1764.20,1743.00,1750.60,15237.0000
2012-09-27T04:00:00,1752.60,1780.20,1750.70,1777.60,6989.0000
2012-09-28T04:00:00,1776.80,1782.20,1767.50,1771.10,2839.0000
2012-10-01T04:00:00,1766.00,1791.00,1763.30,1780.50,816.0000
2012-10-02T04:00:00,1777.90,1779.30,1772.70,1772.70,94.0000
2012-10-03T04:00:00,1772.20,1779.90,1771.90,1777.30,134.0000
2012-10-04T04:00:00,1783.50,1794.80,1783.50,1794.10,199.0000
2012-10-05T04:00:00,1792.20,1792.20,1776.60,1778.60,257.0000
2012-10-08T04:00:00,1778.00,1778.00,1766.80,1773.50,33.0000
2012-10-09T04:00:00,1776.70,1776.70,1762.30,1763.00,24.0000
2012-10-10T04:00:00,1762.40,1764.20,1758.10,1763.20,29.0000
2012-10-11T04:00:00,1761.60,1771.00,1761.60,1768.80,30.0000
2012-10-12T04:00:00,1769.50,1769.50,1753.60,1758.00,84.0000
2012-10-15T04:00:00,1750.00,1750.00,1729.90,1736.00,108.0000
2012-10-16T04:00:00,1736.70,1744.70,1736.60,1744.70,15.0000
2012-10-17T04:00:00,1749.40,1751.50,1746.00,1751.50,36.0000
2012-10-18T04:00:00,1749.10,1749.10,1740.50,1743.30,27.0000
2012-10-19T04:00:00,1741.10,1741.10,1721.00,1722.80,70.0000
2012-10-22T04:00:00,1715.00,1728.30,1715.00,1725.10,12.0000
2012-10-23T04:00:00,1726.60,1726.60,1708.30,1708.30,75.0000
2012-10-24T04:00:00,1708.40,1708.50,1698.60,1700.50,27.0000
2012-10-25T04:00:00,1711.70,1716.70,1711.70,1712.00,33.0000
2012-10-26T04:00:00,1706.10,1716.20,1706.10,1710.90,77.0000
2012-10-31T04:00:00,1714.40,1724.50,1714.40,1717.50,64.0000
2012-11-01T04:00:00,1722.30,1725.10,1714.10,1714.10,24.0000
2012-11-02T04:00:00,1711.30,1711.30,1674.10,1674.10,50.0000
2012-11-05T05:00:00,1682.80,1683.10,1674.30,1682.20,7.0000
2012-11-06T05:00:00,1690.10,1718.00,1690.10,1714.10,47.0000
2012-11-07T05:00:00,1707.70,1726.50,1703.70,1713.20,42.0000
2012-11-08T05:00:00,1715.90,1725.40,1714.20,1725.40,34.0000
2012-11-09T05:00:00,1733.70,1734.10,1727.60,1730.30,6.0000
2012-11-12T05:00:00,1733.20,1733.40,1730.30,1730.30,6.0000
2012-11-13T05:00:00,1721.60,1728.20,1718.50,1724.20,12.0000
2012-11-14T05:00:00,1722.00,1729.50,1722.00,1729.50,11.0000
2012-11-15T05:00:00,1724.90,1724.90,1706.30,1713.30,10.0000
2012-11-16T05:00:00,1710.00,1714.30,1706.90,1714.30,16.0000
2012-11-19T05:00:00,1721.80,1734.00,1721.80,1734.00,4.0000
2012-11-20T05:00:00,1730.60,1731.10,1722.50,1723.20,21.0000
2012-11-21T05:00:00,1725.80,1727.90,1725.80,1727.90,23.0000
2012-11-23T14:30:00,1735.00,1751.30,1735.00,1751.30,8.0000
2012-11-26T05:00:00,1750.30,1750.50,1749.40,1749.50,24.0000
2012-11-27T05:00:00,1746.40,1746.40,1742.20,1742.20,7.0000
2012-11-28T05:00:00,1739.80,1739.80,1716.50,1716.50,276136.0000
2012-11-29T05:00:00,1719.60,1729.00,1717.70,1727.20,65599.0000
2012-11-30T05:00:00,1725.20,1731.20,1708.40,1710.90,3690.0000
2012-12-03T05:00:00,1714.90,1721.90,1714.50,1719.60,1238.0000
2012-12-04T05:00:00,1716.30,1716.80,1691.60,1694.40,1428.0000
2012-12-05T05:00:00,1697.10,1706.00,1685.00,1692.40,1262.0000
2012-12-06T05:00:00,1694.30,1702.10,1686.40,1700.30,525.0000
2012-12-07T05:00:00,1701.20,1704.50,1684.00,1704.00,169.0000
2012-12-10T05:00:00,1704.20,1717.00,1704.20,1713.00,88.0000
2012-12-11T05:00:00,1710.00,1714.10,1705.90,1708.20,88.0000
2012-12-12T05:00:00,1710.10,1722.30,1708.00,1716.60,195.0000
2012-12-13T05:00:00,1707.20,1707.20,1689.90,1695.60,240.0000
2012-12-14T05:00:00,1698.30,1699.20,1694.40,1695.80,72.0000
2012-12-17T05:00:00,1690.50,1698.50,1689.50,1697.00,65.0000
2012-12-18T05:00:00,1701.40,1702.80,1661.00,1669.50,501.0000
2012-12-19T05:00:00,1675.30,1676.00,1664.60,1666.50,76.0000
2012-12-20T05:00:00,1667.90,1671.00,1637.60,1644.90,158.0000
2012-12-21T05:00:00,1648.00,1659.10,1635.80,1659.10,78.0000
2012-12-24T14:30:00,1657.70,1663.80,1654.90,1658.60,73.0000
2012-12-26T05:00:00,1654.50,1666.70,1654.50,1659.80,73.0000
2012-12-27T05:00:00,1656.20,1662.60,1656.20,1662.60,446.0000
2012-12-28T05:00:00,1664.00,1664.00,1653.70,1654.90,197.0000
2012-12-31T05:00:00,1655.40,1677.10,1655.40,1674.80,89.0000
2013-01-02T05:00:00,1672.80,1693.80,1670.00,1687.90,35.0000
2013-01-03T05:00:00,1686.10,1686.80,1662.00,1673.70,140.0000
2013-01-04T05:00:00,1647.00,1658.30,1625.70,1648.10,199.0000
2013-01-07T05:00:00,1656.50,1659.90,1643.80,1645.50,49.0000
2013-01-08T05:00:00,1647.70,1661.50,1647.70,1661.50,17.0000
2013-01-09T05:00:00,1658.60,1662.10,1651.90,1654.80,9.0000
2013-01-10T05:00:00,1672.50,1677.30,1672.50,1677.30,9.0000
2013-01-11T05:00:00,1673.10,1673.10,1654.20,1660.00,147.0000
2013-01-14T05:00:00,1665.40,1673.80,1664.10,1668.90,10.0000
2013-01-15T05:00:00,1671.60,1684.30,1671.60,1683.40,20.0000
2013-01-16T05:00:00,1674.40,1682.70,1674.40,1682.70,11.0000
2013-01-17T05:00:00,1676.40,1694.60,1671.00,1690.40,81.0000
2013-01-18T05:00:00,1687.40,1692.00,1686.60,1686.60,14.0000
2013-01-22T05:00:00,1690.30,1694.70,1687.80,1692.80,15.0000
2013-01-23T05:00:00,1691.30,1693.70,1685.20,1686.30,28.0000
2013-01-24T05:00:00,1680.80,1681.70,1668.00,1669.50,13.0000
2013-01-25T05:00:00,1663.00,1663.00,1656.40,1656.40,44.0000
2013-01-28T05:00:00,1651.60,1655.50,1651.60,1652.40,82.0000
2013-01-29T05:00:00,1661.20,1661.50,1660.70,1660.70,145863.0000
2013-01-30T05:00:00,1662.40,1683.00,1661.80,1679.90,44893.0000
2013-01-31T05:00:00,1675.40,1680.00,1657.40,1660.60,6044.0000
2013-02-01T05:00:00,1663.90,1681.20,1659.90,1669.40,3250.0000
2013-02-04T05:00:00,1668.00,1676.50,1661.60,1675.30,450.0000
2013-02-05T05:00:00,1674.20,1683.40,1666.50,1672.40,353.0000
2013-02-06T05:00:00,1672.20,1678.50,1668.00,1677.70,376.0000
2013-02-07T05:00:00,1677.00,1682.10,1663.10,1670.40,475.0000
2013-02-08T05:00:00,1671.50,1672.50,1664.80,1666.00,289.0000
2013-02-11T05:00:00,1666.50,1668.00,1643.70,1648.20,868.0000
2013-02-12T05:00:00,1643.80,1650.40,1642.40,1648.70,85.0000
2013-02-13T05:00:00,1652.20,1652.30,1640.20,1644.20,236.0000
2013-02-14T05:00:00,1641.10,1646.90,1632.70,1634.70,219.0000
2013-02-15T05:00:00,1633.20,1633.90,1599.50,1608.80,460.0000
2013-02-19T05:00:00,1610.00,1617.00,1599.70,1603.60,272.0000
2013-02-20T05:00:00,1604.70,1606.90,1561.80,1577.60,278.0000
2013-02-21T05:00:00,1568.50,1581.20,1555.20,1578.20,2019.0000
2013-02-22T05:00:00,1580.00,1585.40,1572.40,1572.40,76.0000
2013-02-25T05:00:00,1579.40,1596.00,1577.70,1586.20,118.0000
2013-02-26T05:00:00,1593.30,1615.20,1589.00,1615.20,1158.0000
2013-02-27T05:00:00,1612.80,1612.80,1591.80,1595.20,700.0000
2013-02-28T05:00:00,1596.00,1601.60,1575.10,1577.70,102.0000
2013-03-01T05:00:00,1579.60,1585.60,1566.00,1571.90,68.0000
2013-03-04T05:00:00,1580.80,1580.80,1569.70,1572.10,64.0000
2013-03-05T05:00:00,1577.60,1585.50,1571.40,1574.60,65.0000
2013-03-06T05:00:00,1577.60,1582.60,1566.80,1574.60,106.0000
2013-03-07T05:00:00,1580.00,1583.50,1573.90,1574.80,52.0000
2013-03-08T05:00:00,1578.60,1581.20,1561.80,1576.60,68.0000
2013-03-11T04:00:00,1576.00,1579.70,1576.00,1577.80,1115.0000
2013-03-12T04:00:00,1579.80,1595.60,1579.80,1591.50,159.0000
2013-03-13T04:00:00,1592.30,1596.00,1585.00,1588.30,396.0000
2013-03-14T04:00:00,1585.70,1590.60,1575.70,1590.60,137.0000
2013-03-15T04:00:00,1590.50,1594.40,1590.20,1592.50,11.0000
2013-03-18T04:00:00,1605.90,1607.70,1601.60,1604.60,613.0000
2013-03-19T04:00:00,1613.10,1613.10,1611.30,1611.30,202.0000
2013-03-20T04:00:00,1610.00,1612.50,1606.20,1607.50,5.0000
2013-03-21T04:00:00,1612.80,1613.80,1611.90,1613.80,7.0000
2013-03-22T04:00:00,1611.00,1611.00,1604.10,1606.20,101.0000
2013-03-25T04:00:00,1607.10,1607.80,1596.10,1604.60,27.0000
2013-03-26T04:00:00,1595.80,1595.80,1595.80,1595.80,165484.0000
2013-03-27T04:00:00,1598.50,1608.10,1590.30,1606.20,50450.0000
2013-03-28T04:00:00,1604.70,1606.60,1593.60,1594.80,4717.0000
2013-04-01T04:00:00,1596.80,1600.50,1594.80,1600.00,688.0000
2013-04-02T04:00:00,1599.20,1602.60,1574.10,1575.10,2289.0000
2013-04-03T04:00:00,1575.70,1576.40,1549.20,1552.80,2171.0000
2013-04-04T04:00:00,1557.30,1557.30,1539.10,1551.80,829.0000
2013-04-05T04:00:00,1553.20,1580.60,1550.10,1575.40,1184.0000
2013-04-08T04:00:00,1575.80,1577.80,1567.80,1572.00,101.0000
2013-04-09T04:00:00,1571.60,1589.30,1570.00,1586.20,215.0000
2013-04-10T04:00:00,1584.40,1586.00,1557.00,1558.30,359.0000
2013-04-11T04:00:00,1557.10,1566.70,1554.80,1564.30,1070.0000
2013-04-12T04:00:00,1560.80,1560.80,1480.20,1501.00,881.0000
2013-04-15T04:00:00,1478.20,1487.40,1338.00,1360.60,1309.0000
2013-04-16T04:00:00,1358.00,1401.00,1323.00,1386.80,619.0000
2013-04-17T04:00:00,1373.20,1394.20,1370.20,1382.20,92.0000
2013-04-18T04:00:00,1347.50,1396.40,1347.50,1392.00,57.0000
2013-04-19T04:00:00,1419.30,1420.30,1395.10,1395.30,241.0000
2013-04-22T04:00:00,1406.80,1434.90,1406.80,1421.00,70.0000
2013-04-23T04:00:00,1429.50,1429.50,1405.80,1408.60,334.0000
2013-04-24T04:00:00,1423.20,1430.10,1420.40,1423.40,138.0000
2013-04-25T04:00:00,1433.00,1461.80,1433.00,1461.80,222.0000
2013-04-26T04:00:00,1467.40,1476.20,1451.40,1453.60,976.0000
2013-04-29T04:00:00,1462.70,1475.50,1462.30,1467.40,269.0000
2013-04-30T04:00:00,1471.10,1476.60,1461.00,1472.20,534.0000
2013-05-01T04:00:00,1475.80,1477.10,1440.00,1446.30,131.0000
2013-05-02T04:00:00,1459.00,1471.20,1453.50,1467.70,244.0000
2013-05-03T04:00:00,1465.50,1487.10,1461.40,1464.30,68.0000
2013-05-06T04:00:00,1468.10,1477.20,1466.80,1468.10,33.0000
2013-05-07T04:00:00,1462.00,1466.20,1441.20,1449.00,91.0000
2013-05-08T04:00:00,1455.50,1474.70,1450.70,1473.90,81.0000
2013-05-09T04:00:00,1471.20,1473.40,1453.00,1468.80,27.0000
2013-05-10T04:00:00,1455.60,1459.30,1423.00,1436.80,569.0000
2013-05-13T04:00:00,1440.00,1440.60,1427.80,1434.50,344.0000
2013-05-14T04:00:00,1430.10,1444.40,1422.00,1424.70,72.0000
2013-05-15T04:00:00,1425.70,1425.70,1390.10,1396.50,364.0000
2013-05-16T04:00:00,1390.40,1395.10,1370.60,1387.10,38.0000
2013-05-17T04:00:00,1386.70,1391.10,1359.10,1364.90,50.0000
2013-05-20T04:00:00,1342.90,1387.50,1342.90,1384.30,21.0000
2013-05-21T04:00:00,1386.50,1392.30,1358.50,1377.80,51.0000
2013-05-22T04:00:00,1387.20,1395.70,1364.50,1367.60,14.0000
2013-05-23T04:00:00,1380.60,1394.80,1377.80,1392.00,58.0000
2013-05-24T04:00:00,1386.80,1386.80,1386.80,1386.80,2.0000
2013-05-28T04:00:00,1380.80,1390.40,1379.10,1379.10,55.0000
2013-05-29T04:00:00,1391.30,1391.30,1391.30,1391.30,168665.0000
2013-05-30T04:00:00,1392.10,1417.50,1388.30,1411.50,45133.0000
2013-05-31T04:00:00,1412.40,1421.10,1384.20,1392.60,5997.0000
2013-06-03T04:00:00,1389.10,1416.30,1388.30,1411.70,1420.0000
2013-06-04T04:00:00,1410.90,1413.70,1389.00,1397.10,930.0000
2013-06-05T04:00:00,1397.50,1410.00,1395.60,1398.40,1687.0000
2013-06-06T04:00:00,1401.70,1422.70,1391.60,1415.70,782.0000
2013-06-07T04:00:00,1411.50,1416.10,1377.90,1383.00,1163.0000
2013-06-10T04:00:00,1378.80,1386.90,1375.60,1386.20,367.0000
2013-06-11T04:00:00,1384.20,1384.40,1366.00,1377.00,482.0000
2013-06-12T04:00:00,1375.00,1393.50,1373.70,1391.80,514.0000
2013-06-13T04:00:00,1386.80,1390.90,1373.40,1377.60,458.0000
2013-06-14T04:00:00,1383.90,1389.60,1377.80,1387.30,90.0000
2013-06-17T04:00:00,1390.30,1390.50,1380.00,1382.80,114.0000
2013-06-18T04:00:00,1383.10,1383.50,1363.00,1366.60,346.0000
2013-06-19T04:00:00,1368.10,1373.60,1348.10,1373.60,198.0000
2013-06-20T04:00:00,1348.10,1348.10,1275.40,1285.90,712.0000
2013-06-21T04:00:00,1280.40,1300.00,1268.90,1291.60,456.0000
2013-06-24T04:00:00,1297.30,1297.30,1275.70,1276.80,321.0000
2013-06-25T04:00:00,1281.30,1286.00,1273.20,1274.80,953.0000
2013-06-26T04:00:00,1273.90,1273.90,1228.80,1229.60,981.0000
2013-06-27T04:00:00,1224.70,1241.40,1198.30,1211.40,533.0000
2013-06-28T04:00:00,1200.90,1232.30,1183.20,1223.80,232.0000
2013-07-01T04:00:00,1234.70,1261.00,1234.20,1255.90,150.0000
2013-07-02T04:00:00,1254.10,1266.30,1241.20,1243.60,107.0000
2013-07-03T13:30:00,1243.80,1258.20,1240.30,1252.10,19.0000
2013-07-05T04:00:00,1252.70,1254.10,1208.90,1212.90,72.0000
2013-07-08T04:00:00,1218.80,1235.20,1215.40,1234.90,58.0000
2013-07-09T04:00:00,1234.70,1254.50,1234.40,1245.90,33.0000
2013-07-10T04:00:00,1244.60,1263.90,1244.60,1247.40,58.0000
2013-07-11T04:00:00,1284.60,1285.00,1278.90,1280.10,18.0000
2013-07-12T04:00:00,1282.30,1282.30,1274.30,1277.80,6.0000
2013-07-15T04:00:00,1292.10,1292.40,1281.60,1283.80,19.0000
2013-07-16T04:00:00,1279.40,1291.40,1279.40,1290.80,13.0000
2013-07-17T04:00:00,1286.20,1294.40,1272.90,1277.90,11.0000
2013-07-18T04:00:00,1275.30,1286.40,1275.20,1284.60,26.0000
2013-07-19T04:00:00,1291.70,1293.30,1290.00,1293.30,9.0000
2013-07-22T04:00:00,1317.00,1336.40,1317.00,1336.40,18.0000
2013-07-23T04:00:00,1334.80,1342.30,1327.90,1335.10,10.0000
2013-07-24T04:00:00,1342.20,1343.50,1318.60,1319.70,42.0000
2013-07-25T04:00:00,1318.50,1336.80,1318.50,1329.00,55.0000
2013-07-26T04:00:00,1326.50,1326.50,1321.70,1321.70,66.0000
2013-07-29T04:00:00,1328.40,1328.40,1328.40,1328.40,134359.0000
2013-07-30T04:00:00,1327.20,1329.60,1316.20,1324.00,44769.0000
2013-07-31T04:00:00,1325.50,1338.40,1304.90,1312.40,6252.0000
2013-08-01T04:00:00,1323.00,1328.50,1306.90,1311.00,1562.0000
2013-08-02T04:00:00,1306.70,1317.00,1283.00,1310.60,1451.0000
2013-08-05T04:00:00,1311.20,1318.30,1297.50,1302.60,904.0000
2013-08-06T04:00:00,1303.00,1305.90,1279.30,1283.20,1314.0000
2013-08-07T04:00:00,1282.50,1288.40,1274.00,1286.10,989.0000
2013-08-08T04:00:00,1283.90,1312.80,1283.70,1310.70,482.0000
2013-08-09T04:00:00,1315.10,1315.80,1306.70,1312.90,449.0000
2013-08-12T04:00:00,1317.20,1342.40,1317.20,1334.70,312.0000
2013-08-13T04:00:00,1331.90,1339.10,1320.20,1321.20,209.0000
2013-08-14T04:00:00,1317.70,1336.30,1317.70,1334.00,333.0000
2013-08-15T04:00:00,1340.10,1369.60,1319.90,1361.60,235.0000
2013-08-16T04:00:00,1366.80,1378.90,1361.00,1371.70,175.0000
2013-08-19T04:00:00,1379.00,1384.40,1363.90,1366.20,139.0000
2013-08-20T04:00:00,1355.00,1377.00,1355.00,1373.10,123.0000
2013-08-21T04:00:00,1372.50,1377.30,1360.90,1370.60,109.0000
2013-08-22T04:00:00,1362.00,1380.40,1362.00,1371.20,79.0000
2013-08-23T04:00:00,1376.80,1398.20,1373.90,1395.70,178.0000
2013-08-26T04:00:00,1398.60,1402.80,1391.30,1393.00,203.0000
2013-08-27T04:00:00,1403.80,1421.10,1398.70,1420.60,397.0000
2013-08-28T04:00:00,1417.30,1428.00,1417.30,1419.00,489.0000
2013-08-29T04:00:00,1417.40,1417.40,1404.50,1412.90,375.0000
2013-08-30T04:00:00,1407.20,1409.80,1392.30,1396.10,0.0000
2013-09-03T04:00:00,1393.00,1414.40,1382.30,1412.00,139.0000
2013-09-04T04:00:00,1413.00,1413.00,1387.10,1389.90,104.0000
2013-09-05T04:00:00,1393.50,1397.50,1367.10,1373.10,37.0000
2013-09-06T04:00:00,1371.00,1390.10,1368.90,1386.70,52.0000
2013-09-09T04:00:00,1389.80,1389.80,1386.50,1386.80,44.0000
2013-09-10T04:00:00,1377.50,1377.50,1357.60,1364.10,21.0000
2013-09-11T04:00:00,1365.80,1365.80,1356.70,1363.90,60.0000
2013-09-12T04:00:00,1360.00,1360.00,1322.40,1330.40,120.0000
2013-09-13T04:00:00,1322.90,1323.00,1305.30,1308.40,38.0000
2013-09-16T04:00:00,1328.40,1329.60,1310.80,1317.90,107.0000
2013-09-17T04:00:00,1313.00,1313.10,1309.50,1309.50,24.0000
2013-09-18T04:00:00,1292.10,1347.70,1292.10,1307.80,29.0000
2013-09-19T04:00:00,1362.90,1373.00,1362.90,1369.40,35.0000
2013-09-20T04:00:00,1347.50,1347.50,1330.70,1332.50,2.0000
2013-09-23T04:00:00,1327.10,1327.80,1317.60,1326.90,78.0000
2013-09-24T04:00:00,1321.20,1324.90,1309.40,1316.00,61.0000
2013-09-25T04:00:00,1322.70,1335.90,1322.70,1335.90,51.0000
2013-09-26T04:00:00,1335.20,1338.30,1323.60,1323.60,13170.0000
2013-09-27T04:00:00,1321.50,1343.80,1319.70,1338.40,2990.0000
2013-09-30T04:00:00,1345.80,1350.90,1322.00,1326.50,597.0000
2013-10-01T04:00:00,1328.00,1334.00,1284.50,1286.00,815.0000
2013-10-02T04:00:00,1288.50,1321.00,1280.00,1320.60,152.0000
2013-10-03T04:00:00,1312.00,1319.50,1302.50,1317.40,217.0000
2013-10-04T04:00:00,1316.20,1318.10,1305.70,1309.70,38.0000
2013-10-07T04:00:00,1313.80,1325.40,1311.80,1324.80,84.0000
2013-10-08T04:00:00,1326.50,1330.00,1321.20,1324.20,57.0000
2013-10-09T04:00:00,1317.60,1319.00,1295.30,1306.90,140.0000
2013-10-10T04:00:00,1303.40,1310.80,1285.00,1296.60,89.0000
2013-10-11T04:00:00,1286.90,1291.60,1263.80,1268.00,210.0000
2013-10-14T04:00:00,1275.80,1285.80,1273.90,1276.40,61.0000
2013-10-15T04:00:00,1270.50,1283.60,1254.10,1273.00,208.0000
2013-10-16T04:00:00,1282.80,1284.00,1269.20,1282.00,86.0000
2013-10-17T04:00:00,1307.00,1322.70,1307.00,1322.70,72.0000
2013-10-18T04:00:00,1318.80,1326.00,1312.60,1314.40,65.0000
2013-10-21T04:00:00,1316.80,1317.70,1315.70,1315.70,23.0000
2013-10-22T04:00:00,1313.90,1342.60,1313.90,1342.50,55.0000
2013-10-23T04:00:00,1331.90,1333.90,1331.90,1333.90,13.0000
2013-10-24T04:00:00,1334.50,1350.20,1334.50,1350.20,18.0000
2013-10-25T04:00:00,1346.20,1353.00,1346.20,1352.40,23.0000
2013-10-28T04:00:00,1351.40,1359.20,1349.00,1352.00,23.0000
2013-10-29T04:00:00,1359.60,1359.70,1345.20,1345.20,168.0000
2013-10-30T04:00:00,1340.80,1355.80,1335.60,1349.00,44.0000
2013-10-31T04:00:00,1334.00,1334.00,1321.70,1323.60,62.0000
2013-11-01T04:00:00,1325.70,1325.70,1308.00,1313.10,21.0000
2013-11-04T05:00:00,1314.60,1320.50,1312.10,1314.60,39.0000
2013-11-05T05:00:00,1313.30,1317.50,1306.90,1308.00,98.0000
2013-11-06T05:00:00,1313.50,1318.60,1312.50,1317.70,11.0000
2013-11-07T05:00:00,1323.60,1323.60,1298.00,1308.40,129.0000
2013-11-08T05:00:00,1308.00,1308.10,1281.30,1284.50,22.0000
2013-11-11T05:00:00,1281.60,1281.80,1281.00,1281.00,5.0000
2013-11-12T05:00:00,1282.30,1282.30,1271.10,1271.10,3.0000
2013-11-13T05:00:00,1274.00,1280.50,1268.30,1268.30,17.0000
2013-11-14T05:00:00,1280.20,1293.30,1278.10,1286.20,29.0000
2013-11-15T05:00:00,1287.70,1288.50,1281.50,1287.30,16.0000
2013-11-18T05:00:00,1284.70,1284.80,1272.20,1272.20,10.0000
2013-11-19T05:00:00,1274.20,1275.20,1271.00,1273.40,10.0000
2013-11-20T05:00:00,1269.00,1269.00,1241.90,1257.90,120.0000
2013-11-21T05:00:00,1245.70,1247.10,1236.50,1243.50,90.0000
2013-11-22T05:00:00,1243.20,1247.00,1241.40,1244.00,77.0000
2013-11-25T05:00:00,1231.10,1241.10,1229.00,1241.10,19.0000
2013-11-26T05:00:00,1243.00,1243.00,1241.40,1241.40,178417.0000
2013-11-27T05:00:00,1241.60,1254.80,1235.50,1237.80,82331.0000
2013-11-29T14:30:00,1237.80,1254.50,1233.70,1250.60,9203.0000
2013-12-02T05:00:00,1251.40,1251.50,1217.80,1222.30,4979.0000
2013-12-03T05:00:00,1219.20,1225.70,1215.60,1221.70,1932.0000
2013-12-04T05:00:00,1225.10,1250.40,1212.90,1248.20,1823.0000
2013-12-05T05:00:00,1240.00,1241.50,1218.60,1233.20,446.0000
2013-12-06T05:00:00,1228.70,1242.00,1213.00,1230.30,1032.0000
2013-12-09T05:00:00,1230.20,1243.20,1229.00,1235.30,352.0000
2013-12-10T05:00:00,1239.00,1267.00,1239.00,1262.40,882.0000
2013-12-11T05:00:00,1261.90,1261.90,1252.10,1258.50,147.0000
2013-12-12T05:00:00,1253.50,1255.40,1225.90,1226.00,609.0000
2013-12-13T05:00:00,1226.70,1239.00,1222.20,1235.70,446.0000
2013-12-16T05:00:00,1238.40,1250.60,1228.90,1245.50,242.0000
2013-12-17T05:00:00,1237.00,1240.40,1231.20,1231.20,22.0000
2013-12-18T05:00:00,1231.50,1245.10,1217.00,1236.10,114.0000
2013-12-19T05:00:00,1226.60,1226.60,1188.70,1195.00,124.0000
2013-12-20T05:00:00,1190.90,1207.80,1190.90,1205.10,204.0000
2013-12-23T05:00:00,1205.20,1205.20,1195.90,1198.40,123.0000
2013-12-24T12:20:00,1199.80,1205.60,1197.70,1205.10,184.0000
2013-12-26T05:00:00,1207.10,1215.90,1207.10,1214.10,140.0000
2013-12-27T05:00:00,1213.40,1218.50,1212.90,1216.10,278.0000
2013-12-30T05:00:00,1215.00,1215.00,1194.40,1203.10,351.0000
2013-12-31T05:00:00,1196.40,1212.40,1182.00,1201.90,124.0000
2014-01-02T05:00:00,1204.30,1227.30,1204.30,1225.00,209.0000
2014-01-03T05:00:00,1221.70,1239.00,1221.70,1238.40,142.0000
2014-01-06T05:00:00,1232.80,1247.00,1221.90,1237.80,127.0000
2014-01-07T05:00:00,1239.30,1242.40,1226.30,1229.40,73.0000
2014-01-08T05:00:00,1227.50,1227.50,1218.60,1225.30,189.0000
2014-01-09T05:00:00,1225.80,1229.30,1225.80,1229.30,7.0000
2014-01-10T05:00:00,1235.00,1246.80,1234.00,1246.70,58.0000
2014-01-13T05:00:00,1250.60,1252.70,1245.50,1250.90,46.0000
2014-01-14T05:00:00,1251.00,1251.30,1242.00,1245.20,37.0000
2014-01-15T05:00:00,1243.10,1243.20,1238.10,1238.10,68.0000
2014-01-16T05:00:00,1239.30,1242.80,1239.00,1240.00,48.0000
2014-01-17T05:00:00,1239.70,1254.30,1239.70,1251.70,101.0000
2014-01-21T05:00:00,1256.40,1257.50,1240.00,1242.30,224.0000
2014-01-22T05:00:00,1241.70,1242.00,1239.00,1239.00,58.0000
2014-01-23T05:00:00,1235.20,1264.20,1235.20,1262.60,40.0000
2014-01-24T05:00:00,1258.30,1269.40,1258.30,1264.50,38.0000
2014-01-27T05:00:00,1259.80,1264.40,1254.40,1263.60,92.0000
2014-01-28T05:00:00,1257.90,1258.40,1251.00,1251.00,20.0000
2014-01-29T05:00:00,1262.20,1262.20,1262.20,1262.20,137028.0000
2014-01-30T05:00:00,1267.00,1267.70,1237.50,1242.20,45276.0000
2014-01-31T05:00:00,1243.60,1254.50,1238.40,1240.10,5820.0000
2014-02-03T05:00:00,1242.40,1266.30,1241.20,1260.40,2914.0000
2014-02-04T05:00:00,1258.40,1260.70,1247.80,1251.70,1745.0000
2014-02-05T05:00:00,1254.00,1273.70,1253.10,1257.30,1616.0000
2014-02-06T05:00:00,1258.00,1267.00,1253.50,1257.60,274.0000
2014-02-07T05:00:00,1258.30,1271.40,1257.90,1263.30,436.0000
2014-02-10T05:00:00,1269.60,1277.30,1265.70,1274.80,742.0000
2014-02-11T05:00:00,1274.00,1292.00,1273.80,1290.10,562.0000
2014-02-12T05:00:00,1290.50,1296.20,1285.50,1295.30,140.0000
2014-02-13T05:00:00,1293.30,1303.50,1287.50,1300.40,877.0000
2014-02-14T05:00:00,1301.70,1320.70,1301.70,1319.00,308.0000
2014-02-18T05:00:00,1322.90,1330.60,1313.90,1324.70,373.0000
2014-02-19T05:00:00,1318.30,1321.60,1309.10,1320.60,193.0000
2014-02-20T05:00:00,1310.70,1323.50,1309.60,1317.10,116.0000
2014-02-21T05:00:00,1320.00,1328.30,1317.40,1323.90,171.0000
2014-02-24T05:00:00,1324.30,1339.00,1321.40,1338.30,93.0000
2014-02-25T05:00:00,1336.40,1343.90,1333.10,1343.00,290.0000
2014-02-26T05:00:00,1341.20,1342.00,1325.60,1328.20,485.0000
2014-02-27T05:00:00,1329.30,1335.00,1324.60,1331.60,369.0000
2014-02-28T05:00:00,1329.80,1332.60,1321.10,1321.40,239.0000
2014-03-03T05:00:00,1335.90,1354.10,1332.90,1350.10,232.0000
2014-03-04T05:00:00,1350.40,1350.40,1332.20,1337.80,80.0000
2014-03-05T05:00:00,1334.80,1341.00,1334.80,1340.20,32.0000
2014-03-06T05:00:00,1338.00,1351.70,1333.30,1351.70,59.0000
2014-03-07T05:00:00,1349.50,1352.70,1329.20,1338.10,97.0000
2014-03-10T04:00:00,1336.00,1344.70,1330.50,1341.40,97.0000
2014-03-11T04:00:00,1340.00,1352.40,1338.10,1346.50,53.0000
2014-03-12T04:00:00,1349.10,1370.50,1348.70,1370.30,58.0000
2014-03-13T04:00:00,1366.80,1374.50,1366.50,1372.20,23.0000
2014-03-14T04:00:00,1376.10,1386.60,1371.10,1379.00,91.0000
2014-03-17T04:00:00,1386.10,1391.40,1372.20,1372.90,29.0000
2014-03-18T04:00:00,1359.30,1361.80,1353.40,1359.00,35.0000
2014-03-19T04:00:00,1357.10,1358.00,1332.70,1341.40,57.0000
2014-03-20T04:00:00,1333.70,1333.70,1325.80,1330.50,72.0000
2014-03-21T04:00:00,1339.10,1339.10,1335.80,1336.00,3.0000
2014-03-24T04:00:00,1333.00,1333.00,1310.50,1311.20,103.0000
2014-03-25T04:00:00,1315.50,1315.50,1307.50,1311.40,46.0000
2014-03-26T04:00:00,1315.20,1315.20,1303.40,1303.40,4.0000
2014-03-27T04:00:00,1294.70,1294.70,1294.70,1294.70,185016.0000
2014-03-28T04:00:00,1292.20,1299.40,1285.90,1293.80,65486.0000
2014-03-31T04:00:00,1294.30,1298.80,1282.40,1283.40,4121.0000
2014-04-01T04:00:00,1285.10,1287.90,1277.30,1279.60,884.0000
2014-04-02T04:00:00,1280.20,1294.10,1280.20,1290.50,1099.0000
2014-04-03T04:00:00,1290.80,1293.50,1282.70,1284.40,775.0000
2014-04-04T04:00:00,1285.50,1306.10,1284.40,1303.20,976.0000
2014-04-07T04:00:00,1301.40,1304.00,1296.30,1298.00,361.0000
2014-04-08T04:00:00,1296.60,1314.10,1296.60,1308.70,264.0000
2014-04-09T04:00:00,1309.50,1313.60,1301.10,1305.50,191.0000
2014-04-10T04:00:00,1311.80,1323.80,1311.20,1320.10,127.0000
2014-04-11T04:00:00,1319.00,1322.80,1316.30,1318.70,76.0000
2014-04-14T04:00:00,1320.10,1330.00,1320.10,1327.20,328.0000
2014-04-15T04:00:00,1322.70,1322.70,1291.50,1300.00,238.0000
2014-04-16T04:00:00,1302.70,1303.50,1295.00,1303.10,177.0000
2014-04-17T04:00:00,1300.10,1303.00,1292.50,1293.40,124.0000
2014-04-21T04:00:00,1290.00,1299.20,1283.80,1288.00,100.0000
2014-04-22T04:00:00,1289.20,1291.60,1276.00,1280.60,100.0000
2014-04-23T04:00:00,1284.30,1287.70,1282.40,1284.20,176.0000
2014-04-24T04:00:00,1284.60,1297.90,1272.40,1290.50,522.0000
2014-04-25T04:00:00,1293.80,1304.60,1293.80,1300.70,274.0000
2014-04-28T04:00:00,1305.40,1305.40,1293.00,1298.90,388.0000
2014-04-29T04:00:00,1295.50,1300.50,1289.10,1296.00,904.0000
2014-04-30T04:00:00,1296.00,1296.50,1286.60,1295.60,181.0000
2014-05-01T04:00:00,1288.70,1288.70,1278.00,1283.10,25.0000
2014-05-02T04:00:00,1276.70,1302.70,1276.70,1302.60,90.0000
2014-05-05T04:00:00,1305.60,1314.20,1305.50,1309.00,31.0000
2014-05-06T04:00:00,1309.40,1309.40,1306.90,1308.30,14.0000
2014-05-07T04:00:00,1310.30,1312.00,1288.00,1288.60,21.0000
2014-05-08T04:00:00,1291.50,1291.50,1285.50,1287.40,65.0000
2014-05-09T04:00:00,1287.30,1287.30,1287.30,1287.30,3.0000
2014-05-12T04:00:00,1282.10,1295.90,1281.20,1295.60,19.0000
2014-05-13T04:00:00,1295.50,1295.50,1292.00,1294.60,20.0000
2014-05-14T04:00:00,1292.80,1306.90,1292.80,1305.70,25.0000
2014-05-15T04:00:00,1302.50,1302.50,1292.80,1293.50,27.0000
2014-05-16T04:00:00,1293.30,1293.30,1293.30,1293.30,8.0000
2014-05-19T04:00:00,1293.70,1293.70,1293.70,1293.70,44.0000
2014-05-20T04:00:00,1290.70,1294.50,1290.10,1294.50,8.0000
2014-05-21T04:00:00,1287.40,1288.00,1287.40,1288.00,2.0000
2014-05-22T04:00:00,1294.20,1295.00,1294.20,1294.90,4.0000
2014-05-23T04:00:00,1293.20,1293.40,1291.60,1291.60,3.0000
2014-05-27T04:00:00,1291.90,1291.90,1265.40,1265.40,25.0000
2014-05-28T04:00:00,1259.30,1259.30,1259.30,1259.30,168825.0000
2014-05-29T04:00:00,1258.30,1260.60,1250.90,1256.30,38045.0000
2014-05-30T04:00:00,1255.10,1259.60,1241.80,1245.60,3839.0000
2014-06-02T04:00:00,1250.00,1250.70,1240.90,1243.70,774.0000
2014-06-03T04:00:00,1244.10,1247.50,1240.50,1244.30,654.0000
2014-06-04T04:00:00,1245.10,1248.80,1242.70,1244.00,604.0000
2014-06-05T04:00:00,1244.00,1256.60,1241.20,1253.00,1317.0000
2014-06-06T04:00:00,1253.40,1256.60,1246.30,1252.10,381.0000
2014-06-09T04:00:00,1252.70,1256.10,1252.60,1253.50,97.0000
2014-06-10T04:00:00,1252.40,1262.30,1251.00,1259.80,1007.0000
2014-06-11T04:00:00,1259.90,1264.40,1259.10,1260.80,128.0000
2014-06-12T04:00:00,1260.00,1274.50,1260.00,1273.60,129.0000
2014-06-13T04:00:00,1272.50,1274.70,1271.30,1273.70,145.0000
2014-06-16T04:00:00,1279.80,1282.10,1270.80,1274.90,334.0000
2014-06-17T04:00:00,1272.80,1272.80,1260.90,1271.70,819.0000
2014-06-18T04:00:00,1269.90,1272.70,1267.40,1272.40,143.0000
2014-06-19T04:00:00,1277.20,1321.00,1277.20,1313.70,601.0000
2014-06-20T04:00:00,1321.40,1321.40,1306.80,1316.20,254.0000
2014-06-23T04:00:00,1312.30,1318.00,1312.30,1318.00,142.0000
2014-06-24T04:00:00,1315.60,1325.60,1315.60,1320.90,223.0000
2014-06-25T04:00:00,1315.30,1323.40,1312.00,1322.20,294.0000
2014-06-26T04:00:00,1319.60,1319.60,1312.40,1316.10,1204.0000
2014-06-27T04:00:00,1317.40,1320.90,1313.30,1319.00,625.0000
2014-06-30T04:00:00,1315.30,1328.70,1311.80,1321.80,744.0000
2014-07-01T04:00:00,1326.70,1331.40,1326.20,1326.40,51.0000
2014-07-02T04:00:00,1326.80,1330.70,1326.80,1330.70,226.0000
2014-07-03T11:20:00,1327.30,1327.70,1313.00,1320.40,40.0000
2014-07-07T04:00:00,1318.70,1320.30,1313.20,1316.50,93.0000
2014-07-08T04:00:00,1318.40,1323.50,1316.00,1316.00,6.0000
2014-07-09T04:00:00,1324.00,1330.40,1323.80,1323.80,16.0000
2014-07-10T04:00:00,1330.50,1343.70,1328.00,1338.70,28.0000
2014-07-11T04:00:00,1337.90,1339.00,1336.20,1337.00,112.0000
2014-07-14T04:00:00,1332.80,1332.80,1304.70,1306.30,103.0000
2014-07-15T04:00:00,1307.40,1311.90,1294.10,1296.90,368.0000
2014-07-16T04:00:00,1298.40,1303.10,1296.90,1299.60,34.0000
2014-07-17T04:00:00,1303.10,1323.80,1303.10,1316.70,16.0000
2014-07-18T04:00:00,1322.70,1322.70,1306.20,1309.20,27.0000
2014-07-21T04:00:00,1311.00,1315.50,1311.00,1313.70,18.0000
2014-07-22T04:00:00,1306.10,1306.10,1306.10,1306.10,2.0000
2014-07-23T04:00:00,1304.50,1304.50,1304.50,1304.50,0.0000
2014-07-24T04:00:00,1297.50,1297.50,1290.60,1290.60,1.0000
2014-07-25T04:00:00,1294.80,1303.10,1294.80,1303.10,8.0000
2014-07-28T04:00:00,1307.40,1308.00,1303.30,1303.30,52.0000
2014-07-29T04:00:00,1310.90,1310.90,1298.30,1298.30,181554.0000
2014-07-30T04:00:00,1298.60,1303.00,1291.00,1294.90,36189.0000
2014-07-31T04:00:00,1295.10,1297.30,1280.60,1281.30,5663.0000
2014-08-01T04:00:00,1284.10,1296.60,1279.70,1293.60,1985.0000
2014-08-04T04:00:00,1294.40,1295.00,1285.90,1287.70,917.0000
2014-08-05T04:00:00,1288.00,1292.70,1282.60,1284.00,825.0000
2014-08-06T04:00:00,1288.10,1309.00,1287.80,1306.70,706.0000
2014-08-07T04:00:00,1305.30,1313.10,1302.50,1310.80,225.0000
2014-08-08T04:00:00,1310.80,1321.40,1308.00,1308.90,586.0000
2014-08-11T04:00:00,1308.40,1309.70,1305.30,1308.50,194.0000
2014-08-12T04:00:00,1306.20,1315.80,1305.80,1308.80,438.0000
2014-08-13T04:00:00,1308.80,1312.80,1305.00,1312.80,238.0000
2014-08-14T04:00:00,1311.80,1316.40,1309.70,1313.90,320.0000
2014-08-15T04:00:00,1311.70,1312.80,1292.00,1304.50,199.0000
2014-08-18T04:00:00,1301.40,1302.10,1295.70,1297.70,100.0000
2014-08-19T04:00:00,1298.80,1301.60,1294.00,1295.10,144.0000
2014-08-20T04:00:00,1295.40,1295.80,1288.40,1293.40,332.0000
2014-08-21T04:00:00,1290.00,1290.00,1272.00,1273.70,264.0000
2014-08-22T04:00:00,1276.00,1280.00,1275.00,1278.60,119.0000
2014-08-25T04:00:00,1277.30,1277.60,1273.70,1277.30,251.0000
2014-08-26T04:00:00,1289.40,1289.50,1281.10,1283.80,74.0000
2014-08-27T04:00:00,1281.50,1282.30,1281.50,1281.90,783.0000
2014-08-28T04:00:00,1284.50,1293.70,1284.30,1288.70,817.0000
2014-08-29T04:00:00,1289.50,1289.70,1284.80,1285.80,116.0000
2014-09-02T04:00:00,1284.50,1286.40,1262.50,1263.70,280.0000
2014-09-03T04:00:00,1266.30,1271.10,1263.10,1268.90,279.0000
2014-09-04T04:00:00,1268.70,1272.70,1260.40,1265.10,290.0000
2014-09-05T04:00:00,1263.20,1268.10,1263.20,1265.80,123.0000
2014-09-08T04:00:00,1268.40,1268.40,1252.70,1252.70,2.0000
2014-09-09T04:00:00,1246.80,1246.80,1246.80,1246.80,0.0000
2014-09-10T04:00:00,1256.70,1256.70,1243.50,1243.50,95.0000
2014-09-11T04:00:00,1237.40,1237.40,1237.40,1237.40,0.0000
2014-09-12T04:00:00,1227.00,1229.90,1227.00,1229.90,47.0000
2014-09-15T04:00:00,1226.70,1235.00,1226.70,1233.60,21.0000
2014-09-16T04:00:00,1238.30,1238.30,1235.20,1235.20,3.0000
2014-09-17T04:00:00,1236.20,1236.20,1221.90,1234.40,10.0000
2014-09-18T04:00:00,1216.20,1225.70,1216.20,1225.70,5.0000
2014-09-19T04:00:00,1218.30,1218.30,1215.30,1215.30,4.0000
2014-09-22T04:00:00,1214.90,1216.80,1212.40,1216.80,7.0000
2014-09-23T04:00:00,1221.00,1221.00,1221.00,1221.00,5.0000
2014-09-24T04:00:00,1218.60,1218.60,1216.80,1218.60,2.0000
2014-09-25T04:00:00,1209.50,1221.20,1209.50,1221.20,11.0000
2014-09-26T04:00:00,1214.10,1214.10,1214.10,1214.10,19497.0000
2014-09-29T04:00:00,1216.30,1222.20,1214.80,1217.50,6344.0000
2014-09-30T04:00:00,1214.80,1218.20,1204.00,1210.50,680.0000
2014-10-01T04:00:00,1207.70,1217.80,1205.50,1214.60,178.0000
2014-10-02T04:00:00,1215.30,1219.50,1210.30,1214.20,176.0000
2014-10-03T04:00:00,1212.40,1212.40,1191.00,1192.20,499.0000
2014-10-06T04:00:00,1187.70,1208.00,1182.80,1206.70,415.0000
2014-10-07T04:00:00,1209.10,1211.70,1205.30,1211.70,272.0000
2014-10-08T04:00:00,1210.20,1217.90,1205.30,1205.30,9.0000
2014-10-09T04:00:00,1223.90,1229.00,1223.90,1224.60,19.0000
2014-10-10T04:00:00,1223.50,1223.50,1217.00,1221.00,186.0000
2014-10-13T04:00:00,1229.80,1234.00,1227.00,1229.30,103.0000
2014-10-14T04:00:00,1235.90,1235.90,1233.60,1233.60,73.0000
2014-10-15T04:00:00,1243.70,1247.00,1243.70,1244.10,250.0000
2014-10-16T04:00:00,1242.10,1243.00,1236.70,1240.50,6.0000
2014-10-17T04:00:00,1237.40,1238.30,1232.60,1238.30,356.0000
2014-10-20T04:00:00,1237.30,1244.00,1235.40,1244.00,105.0000
2014-10-21T04:00:00,1251.00,1251.00,1251.00,1251.00,48.0000
2014-10-22T04:00:00,1244.80,1244.80,1244.80,1244.80,2.0000
2014-10-23T04:00:00,1228.00,1228.50,1227.90,1228.50,2.0000
2014-10-24T04:00:00,1229.40,1232.70,1229.40,1231.20,71.0000
2014-10-27T04:00:00,1230.20,1230.20,1227.30,1229.10,282.0000
2014-10-28T04:00:00,1224.90,1231.00,1224.70,1229.20,46.0000
2014-10-29T04:00:00,1224.30,1224.30,1224.30,1224.30,631.0000
2014-10-30T04:00:00,1213.70,1214.70,1195.80,1198.10,521.0000
2014-10-31T04:00:00,1199.60,1199.70,1161.40,1171.10,260.0000
2014-11-03T05:00:00,1166.40,1172.30,1163.10,1169.40,60.0000
2014-11-04T05:00:00,1166.90,1171.00,1165.00,1167.40,40.0000
2014-11-05T05:00:00,1168.10,1168.70,1137.80,1145.40,157.0000
2014-11-06T05:00:00,1141.10,1147.50,1137.90,1142.30,137.0000
2014-11-07T05:00:00,1139.90,1169.70,1133.00,1169.60,97.0000
2014-11-10T05:00:00,1171.00,1171.00,1150.70,1159.60,40.0000
2014-11-11T05:00:00,1155.00,1170.50,1151.60,1162.80,22.0000
2014-11-12T05:00:00,1162.50,1168.10,1157.50,1158.90,17.0000
2014-11-13T05:00:00,1163.70,1164.50,1155.00,1161.10,1047.0000
2014-11-14T05:00:00,1155.20,1191.00,1148.00,1185.00,486.0000
2014-11-17T05:00:00,1183.10,1186.90,1180.60,1183.00,17.0000
2014-11-18T05:00:00,1197.10,1197.10,1193.90,1196.70,2.0000
2014-11-19T05:00:00,1196.50,1198.30,1190.60,1193.60,23.0000
2014-11-20T05:00:00,1191.80,1191.90,1190.70,1190.70,3.0000
2014-11-21T05:00:00,1191.00,1202.40,1189.00,1197.50,20.0000
2014-11-24T05:00:00,1197.70,1197.90,1195.50,1195.50,17.0000
2014-11-25T05:00:00,1197.10,1197.10,1197.10,1197.10,210753.0000
2014-11-26T05:00:00,1200.50,1201.00,1193.70,1196.60,75297.0000
2014-11-28T12:20:00,1197.00,1198.20,1163.80,1175.20,11175.0000
2014-12-01T05:00:00,1160.00,1220.40,1141.70,1218.00,5524.0000
2014-12-02T05:00:00,1212.30,1212.30,1191.30,1199.20,1236.0000
2014-12-03T05:00:00,1198.10,1213.70,1196.10,1208.50,440.0000
2014-12-04T05:00:00,1208.20,1213.00,1201.60,1207.50,358.0000
2014-12-05T05:00:00,1203.10,1206.00,1186.70,1190.10,560.0000
2014-12-08T05:00:00,1190.60,1207.00,1187.20,1194.70,183.0000
2014-12-09T05:00:00,1202.00,1238.00,1202.00,1231.50,314.0000
2014-12-10T05:00:00,1231.20,1234.60,1226.60,1228.90,306.0000
2014-12-11T05:00:00,1226.60,1231.20,1216.20,1225.10,264.0000
2014-12-12T05:00:00,1227.80,1227.80,1216.20,1222.00,203.0000
2014-12-15T05:00:00,1223.10,1223.10,1198.40,1207.20,77.0000
2014-12-16T05:00:00,1197.20,1222.00,1192.70,1193.90,223.0000
2014-12-17T05:00:00,1198.20,1199.60,1184.00,1194.30,94.0000
2014-12-18T05:00:00,1189.70,1207.30,1189.70,1194.70,197.0000
2014-12-19T05:00:00,1198.00,1200.80,1195.90,1195.90,96.0000
2014-12-22T05:00:00,1198.00,1198.00,1172.70,1179.70,223.0000
2014-12-23T05:00:00,1179.30,1180.30,1175.00,1177.90,232.0000
2014-12-24T12:20:00,1177.00,1179.30,1173.50,1173.50,23.0000
2014-12-26T05:00:00,1177.20,1195.30,1177.20,1195.30,124.0000
2014-12-29T05:00:00,1186.50,1186.50,1181.30,1181.70,180.0000
2014-12-30T05:00:00,1181.40,1210.30,1181.40,1200.20,191.0000
2014-12-31T05:00:00,1199.20,1199.20,1182.70,1183.90,92.0000
2015-01-02T05:00:00,1184.00,1194.50,1169.50,1186.00,138.0000
2015-01-05T05:00:00,1180.30,1206.90,1180.10,1203.90,470.0000
2015-01-06T05:00:00,1203.50,1220.00,1203.50,1219.30,97.0000
2015-01-07T05:00:00,1219.20,1219.20,1210.60,1210.60,29.0000
2015-01-08T05:00:00,1207.00,1215.70,1206.30,1208.40,92.0000
2015-01-09T05:00:00,1211.10,1220.20,1210.30,1216.00,43.0000
2015-01-12T05:00:00,1224.20,1234.40,1219.10,1232.70,100.0000
2015-01-13T05:00:00,1239.20,1239.30,1230.30,1234.30,20.0000
2015-01-14T05:00:00,1229.60,1243.80,1225.60,1234.40,21.0000
2015-01-15T05:00:00,1231.50,1265.00,1227.30,1264.70,130.0000
2015-01-16T05:00:00,1256.10,1279.70,1256.10,1276.90,44.0000
2015-01-20T05:00:00,1278.90,1297.30,1273.80,1294.20,157.0000
2015-01-21T05:00:00,1295.20,1303.50,1286.70,1293.70,78.0000
2015-01-22T05:00:00,1293.20,1302.10,1283.50,1300.70,131.0000
2015-01-23T05:00:00,1299.80,1299.80,1292.60,1292.60,23.0000
2015-01-26T05:00:00,1289.50,1290.60,1279.40,1279.40,26.0000
2015-01-27T05:00:00,1277.20,1291.70,1277.20,1291.70,20.0000
2015-01-28T05:00:00,1285.90,1286.80,1285.90,1285.90,180387.0000
2015-01-29T05:00:00,1283.30,1285.40,1251.00,1254.60,67983.0000
2015-01-30T05:00:00,1258.00,1284.30,1257.00,1278.50,8626.0000
2015-02-02T05:00:00,1284.10,1284.10,1266.00,1276.20,1654.0000
2015-02-03T05:00:00,1273.50,1284.70,1255.30,1259.70,2380.0000
2015-02-04T05:00:00,1262.00,1271.60,1256.80,1263.80,668.0000
2015-02-05T05:00:00,1271.80,1272.60,1257.80,1262.00,133.0000
2015-02-06T05:00:00,1265.00,1267.60,1228.00,1233.90,432.0000
2015-02-09T05:00:00,1237.50,1242.30,1235.40,1240.80,319.0000
2015-02-10T05:00:00,1237.50,1245.00,1231.20,1231.60,231.0000
2015-02-11T05:00:00,1233.30,1237.40,1219.00,1219.00,102.0000
2015-02-12T05:00:00,1217.90,1229.80,1217.90,1220.10,99.0000
2015-02-13T05:00:00,1222.20,1232.80,1222.20,1226.50,65.0000
2015-02-17T05:00:00,1227.70,1234.00,1203.00,1208.10,204.0000
2015-02-18T05:00:00,1207.10,1210.20,1197.80,1199.70,147.0000
2015-02-19T05:00:00,1216.50,1220.00,1205.00,1207.10,65.0000
2015-02-20T05:00:00,1206.50,1213.10,1199.10,1204.40,51.0000
2015-02-23T05:00:00,1201.30,1203.30,1191.60,1200.30,268.0000
2015-02-24T05:00:00,1203.40,1203.50,1193.80,1196.90,151.0000
2015-02-25T05:00:00,1204.30,1204.60,1201.00,1201.00,570.0000
2015-02-26T05:00:00,1204.80,1219.00,1204.80,1209.60,560.0000
2015-02-27T05:00:00,1207.70,1217.80,1204.50,1212.60,195.0000
2015-03-02T05:00:00,1214.30,1222.70,1204.90,1207.70,124.0000
2015-03-03T05:00:00,1201.50,1212.00,1195.00,1204.00,51.0000
2015-03-04T05:00:00,1204.80,1206.90,1198.00,1200.60,27.0000
2015-03-05T05:00:00,1201.70,1205.40,1195.90,1195.90,29.0000
2015-03-06T05:00:00,1195.00,1195.70,1163.70,1164.10,168.0000
2015-03-09T04:00:00,1169.40,1174.20,1166.30,1166.40,45.0000
2015-03-10T04:00:00,1166.40,1168.40,1156.50,1160.10,94.0000
2015-03-11T04:00:00,1162.00,1162.00,1147.70,1150.70,74.0000
2015-03-12T04:00:00,1155.40,1160.50,1149.70,1152.10,63.0000
2015-03-13T04:00:00,1158.20,1159.20,1152.60,1152.60,44.0000
2015-03-16T04:00:00,1159.70,1162.30,1150.10,1153.30,56.0000
2015-03-17T04:00:00,1153.60,1158.20,1144.30,1148.30,71.0000
2015-03-18T04:00:00,1148.70,1174.30,1147.00,1151.40,112.0000
2015-03-19T04:00:00,1171.60,1171.60,1159.30,1169.10,39.0000
2015-03-20T04:00:00,1171.00,1185.40,1171.00,1184.80,54.0000
2015-03-23T04:00:00,1181.60,1188.00,1181.20,1188.00,5.0000
2015-03-24T04:00:00,1188.00,1193.00,1186.00,1191.70,411.0000
2015-03-25T04:00:00,1192.50,1199.20,1192.50,1197.30,11.0000
2015-03-26T04:00:00,1198.20,1213.70,1198.20,1205.10,68.0000
2015-03-27T04:00:00,1197.00,1199.80,1196.30,1199.80,172260.0000
2015-03-30T04:00:00,1198.00,1198.50,1181.60,1184.80,37990.0000
2015-03-31T04:00:00,1185.80,1190.10,1178.20,1183.10,3409.0000
2015-04-01T04:00:00,1182.90,1208.20,1181.00,1208.10,1632.0000
2015-04-02T04:00:00,1204.00,1205.70,1194.80,1200.90,1684.0000
2015-04-06T04:00:00,1209.90,1224.20,1209.90,1218.60,343.0000
2015-04-07T04:00:00,1214.80,1214.80,1208.20,1210.60,406.0000
2015-04-08T04:00:00,1208.90,1211.40,1197.60,1203.10,236.0000
2015-04-09T04:00:00,1201.70,1202.50,1193.00,1193.60,521.0000
2015-04-10T04:00:00,1195.80,1209.60,1195.80,1204.60,202.0000
2015-04-13T04:00:00,1208.10,1208.10,1198.30,1199.30,424.0000
2015-04-14T04:00:00,1198.80,1200.60,1184.10,1192.80,546.0000
2015-04-15T04:00:00,1194.60,1203.10,1188.60,1201.50,196.0000
2015-04-16T04:00:00,1204.30,1208.50,1194.60,1198.00,199.0000
2015-04-17T04:00:00,1200.20,1206.00,1200.20,1202.90,21.0000
2015-04-20T04:00:00,1205.70,1206.90,1191.00,1193.50,67.0000
2015-04-21T04:00:00,1193.20,1202.90,1192.80,1202.90,33.0000
2015-04-22T04:00:00,1199.10,1202.60,1185.20,1186.90,93.0000
2015-04-23T04:00:00,1187.20,1197.00,1186.10,1194.40,331.0000
2015-04-24T04:00:00,1192.30,1194.70,1174.60,1175.20,52.0000
2015-04-27T04:00:00,1182.30,1206.70,1181.40,1203.30,194.0000
2015-04-28T04:00:00,1199.70,1214.00,1199.70,1214.00,401.0000
2015-04-29T04:00:00,1211.20,1212.60,1201.90,1209.80,114.0000
2015-04-30T04:00:00,1203.10,1205.90,1176.70,1182.40,143.0000
2015-05-01T04:00:00,1178.10,1178.10,1170.00,1174.50,23.0000
2015-05-04T04:00:00,1177.50,1189.40,1177.50,1186.80,38.0000
2015-05-05T04:00:00,1187.50,1198.70,1186.90,1193.20,48.0000
2015-05-06T04:00:00,1194.50,1194.60,1189.90,1190.30,14.0000
2015-05-07T04:00:00,1181.50,1186.00,1179.70,1182.40,44.0000
2015-05-08T04:00:00,1183.30,1189.10,1182.90,1189.10,51.0000
2015-05-11T04:00:00,1189.70,1190.50,1179.30,1183.20,26.0000
2015-05-12T04:00:00,1194.60,1194.80,1189.70,1192.60,10.0000
2015-05-13T04:00:00,1192.70,1218.40,1191.00,1218.40,34.0000
2015-05-14T04:00:00,1214.50,1225.60,1214.50,1225.40,35.0000
2015-05-15T04:00:00,1218.50,1225.50,1214.80,1225.50,12.0000
2015-05-18T04:00:00,1224.50,1228.10,1222.60,1227.80,8.0000
2015-05-19T04:00:00,1223.90,1223.90,1206.00,1206.90,9.0000
2015-05-20T04:00:00,1205.10,1210.80,1205.10,1208.90,11.0000
2015-05-21T04:00:00,1204.50,1204.50,1203.70,1204.40,43.0000
2015-05-22T04:00:00,1211.60,1211.90,1204.30,1204.30,8.0000
2015-05-26T04:00:00,1193.60,1193.60,1186.00,1187.20,40.0000
2015-05-27T04:00:00,1185.90,1185.90,1185.90,1185.90,200216.0000
2015-05-28T04:00:00,1187.10,1192.00,1179.60,1188.10,52705.0000
2015-05-29T04:00:00,1187.80,1193.30,1185.70,1189.40,4748.0000
2015-06-01T04:00:00,1190.60,1204.00,1184.30,1188.30,1236.0000
2015-06-02T04:00:00,1189.00,1194.30,1186.00,1194.10,1003.0000
2015-06-03T04:00:00,1193.90,1193.90,1179.10,1184.70,630.0000
2015-06-04T04:00:00,1184.90,1185.30,1173.00,1174.90,447.0000
2015-06-05T04:00:00,1176.40,1177.30,1164.00,1167.80,390.0000
2015-06-08T04:00:00,1169.50,1176.10,1169.10,1173.20,173.0000
2015-06-09T04:00:00,1172.90,1180.30,1172.70,1177.30,144.0000
2015-06-10T04:00:00,1176.10,1190.10,1175.60,1186.10,295.0000
2015-06-11T04:00:00,1183.20,1183.20,1174.40,1179.90,69.0000
2015-06-12T04:00:00,1180.40,1181.20,1176.20,1178.80,141.0000
2015-06-15T04:00:00,1179.90,1188.50,1172.70,1185.30,102.0000
2015-06-16T04:00:00,1186.50,1186.50,1175.90,1180.50,29.0000
2015-06-17T04:00:00,1177.60,1186.30,1174.90,1176.40,168.0000
2015-06-18T04:00:00,1183.40,1202.00,1183.40,1201.50,130.0000
2015-06-19T04:00:00,1199.70,1203.10,1199.70,1201.50,142.0000
2015-06-22T04:00:00,1197.80,1197.80,1182.70,1183.70,30.0000
2015-06-23T04:00:00,1183.80,1186.00,1176.20,1176.20,60.0000
2015-06-24T04:00:00,1176.60,1176.60,1170.70,1172.60,263.0000
2015-06-25T04:00:00,1175.80,1175.90,1171.50,1171.50,95.0000
2015-06-26T04:00:00,1170.50,1172.90,1170.50,1172.90,308.0000
2015-06-29T04:00:00,1185.10,1186.00,1173.80,1178.50,174.0000
2015-06-30T04:00:00,1176.30,1176.40,1166.60,1171.50,223.0000
2015-07-01T04:00:00,1173.10,1173.10,1166.60,1169.00,455.0000
2015-07-02T04:00:00,1166.40,1168.10,1155.50,1163.00,316.0000
2015-07-06T04:00:00,1171.10,1173.00,1162.20,1172.90,634.0000
2015-07-07T04:00:00,1166.80,1166.80,1149.50,1152.40,469.0000
2015-07-08T04:00:00,1152.60,1163.30,1146.40,1163.30,65.0000
2015-07-09T04:00:00,1154.80,1163.60,1154.80,1159.00,65.0000
2015-07-10T04:00:00,1160.10,1161.40,1157.50,1157.70,27.0000
2015-07-13T04:00:00,1159.00,1159.00,1151.20,1155.20,14.0000
2015-07-14T04:00:00,1157.20,1157.20,1153.00,1153.30,39.0000
2015-07-15T04:00:00,1154.00,1154.00,1144.80,1147.20,15.0000
2015-07-16T04:00:00,1146.20,1146.20,1142.90,1143.80,14.0000
2015-07-17T04:00:00,1144.00,1144.00,1130.20,1131.80,120.0000
2015-07-20T04:00:00,1130.40,1130.70,1095.10,1106.70,189.0000
2015-07-21T04:00:00,1097.10,1106.40,1097.10,1103.40,118.0000
2015-07-22T04:00:00,1093.00,1095.00,1086.00,1091.40,46.0000
2015-07-23T04:00:00,1097.40,1097.60,1087.80,1094.00,64.0000
2015-07-24T04:00:00,1078.60,1100.70,1078.60,1085.60,52.0000
2015-07-27T04:00:00,1100.00,1102.50,1093.90,1096.50,19.0000
2015-07-28T04:00:00,1097.20,1097.70,1096.30,1096.30,31.0000
2015-07-29T04:00:00,1096.40,1096.90,1092.70,1092.70,159142.0000
2015-07-30T04:00:00,1096.10,1097.50,1081.00,1088.40,49298.0000
2015-07-31T04:00:00,1087.70,1102.80,1079.10,1094.90,5700.0000
2015-08-03T04:00:00,1095.50,1097.10,1085.00,1089.40,2418.0000
2015-08-04T04:00:00,1085.10,1093.90,1080.50,1090.70,1139.0000
2015-08-05T04:00:00,1086.50,1090.60,1082.50,1085.70,1207.0000
2015-08-06T04:00:00,1084.40,1092.20,1083.60,1090.20,269.0000
2015-08-07T04:00:00,1088.90,1098.30,1081.70,1094.10,614.0000
2015-08-10T04:00:00,1093.20,1107.60,1089.50,1104.20,900.0000
2015-08-11T04:00:00,1103.80,1116.70,1094.00,1107.60,997.0000
2015-08-12T04:00:00,1106.00,1124.50,1101.50,1123.20,797.0000
2015-08-13T04:00:00,1124.30,1124.30,1113.00,1115.70,441.0000
2015-08-14T04:00:00,1113.90,1118.80,1112.50,1112.90,908.0000
2015-08-17T04:00:00,1113.80,1122.00,1113.80,1118.60,399.0000
2015-08-18T04:00:00,1118.20,1118.40,1110.00,1117.10,475.0000
2015-08-19T04:00:00,1117.00,1134.30,1116.80,1128.10,348.0000
2015-08-20T04:00:00,1132.80,1153.30,1132.80,1153.00,409.0000
2015-08-21T04:00:00,1154.10,1166.50,1150.50,1159.60,261.0000
2015-08-24T04:00:00,1164.00,1169.00,1147.50,1153.40,299.0000
2015-08-25T04:00:00,1151.50,1155.50,1134.00,1138.20,217.0000
2015-08-26T04:00:00,1139.20,1143.00,1119.60,1124.60,116.0000
2015-08-27T04:00:00,1127.20,1127.40,1118.40,1122.40,564.0000
2015-08-28T04:00:00,1125.30,1139.00,1123.60,1133.10,279.0000
2015-08-31T04:00:00,1131.10,1134.00,1124.80,1131.60,194.0000
2015-09-01T04:00:00,1133.50,1144.70,1133.50,1138.70,375.0000
2015-09-02T04:00:00,1137.30,1140.40,1130.80,1132.50,201.0000
2015-09-03T04:00:00,1130.30,1132.90,1120.30,1123.70,122.0000
2015-09-04T04:00:00,1123.40,1125.20,1116.20,1120.60,51.0000
2015-09-08T04:00:00,1119.80,1124.30,1116.40,1120.40,138.0000
2015-09-09T04:00:00,1123.50,1123.50,1102.10,1102.20,150.0000
2015-09-10T04:00:00,1107.30,1113.50,1105.50,1109.50,56.0000
2015-09-11T04:00:00,1110.80,1111.70,1098.20,1103.50,81.0000
2015-09-14T04:00:00,1107.80,1108.60,1104.10,1107.70,19.0000
2015-09-15T04:00:00,1104.50,1104.50,1102.80,1102.80,8.0000
2015-09-16T04:00:00,1109.80,1119.90,1109.80,1119.20,31.0000
2015-09-17T04:00:00,1118.60,1130.50,1117.10,1117.30,14.0000
2015-09-18T04:00:00,1128.30,1141.20,1127.80,1138.10,59.0000
2015-09-21T04:00:00,1137.60,1138.50,1130.80,1133.10,17.0000
2015-09-22T04:00:00,1132.60,1135.00,1122.50,1125.00,43.0000
2015-09-23T04:00:00,1128.60,1132.20,1128.30,1131.60,33.0000
2015-09-24T04:00:00,1133.00,1155.90,1133.00,1153.80,37.0000
2015-09-25T04:00:00,1149.80,1149.80,1143.40,1146.00,56.0000
2015-09-28T04:00:00,1133.20,1133.20,1132.00,1132.00,4346.0000
2015-09-29T04:00:00,1132.20,1134.40,1124.30,1127.10,2417.0000
2015-09-30T04:00:00,1124.30,1126.00,1112.10,1115.50,865.0000
2015-10-01T04:00:00,1115.20,1119.00,1113.30,1114.20,1181.0000
2015-10-02T04:00:00,1112.20,1141.20,1105.80,1137.10,323.0000
2015-10-05T04:00:00,1137.10,1141.70,1132.50,1138.10,226.0000
2015-10-06T04:00:00,1136.30,1150.00,1136.30,1146.80,145.0000
2015-10-07T04:00:00,1147.60,1152.90,1143.00,1149.00,104.0000
2015-10-08T04:00:00,1142.70,1146.70,1138.70,1144.70,138.0000
2015-10-09T04:00:00,1151.60,1157.20,1151.60,1156.30,22.0000
2015-10-12T04:00:00,1155.90,1166.80,1155.90,1164.90,40.0000
2015-10-13T04:00:00,1163.50,1166.20,1154.90,1165.80,132.0000
2015-10-14T04:00:00,1172.40,1189.00,1167.30,1180.10,143.0000
2015-10-15T04:00:00,1184.20,1188.30,1177.80,1187.90,143.0000
2015-10-16T04:00:00,1182.50,1184.10,1176.20,1183.60,243.0000
2015-10-19T04:00:00,1176.50,1177.80,1169.30,1173.30,62.0000
2015-10-20T04:00:00,1168.70,1179.10,1168.70,1178.00,19.0000
2015-10-21T04:00:00,1175.90,1176.40,1164.90,1167.60,41.0000
2015-10-22T04:00:00,1166.20,1168.60,1163.50,1166.60,48.0000
2015-10-23T04:00:00,1166.20,1178.70,1163.30,1163.30,38.0000
2015-10-26T04:00:00,1165.10,1170.00,1163.80,1167.00,176.0000
2015-10-27T04:00:00,1164.50,1166.80,1162.00,1166.80,302.0000
2015-10-28T04:00:00,1175.10,1182.70,1175.10,1177.10,217.0000
2015-10-29T04:00:00,1158.00,1162.00,1144.90,1147.20,329.0000
2015-10-30T04:00:00,1147.50,1147.60,1139.20,1141.50,249.0000
2015-11-02T05:00:00,1137.90,1138.70,1132.60,1135.80,180.0000
2015-11-03T05:00:00,1133.30,1134.70,1114.20,1114.20,185.0000
2015-11-04T05:00:00,1119.00,1121.90,1106.50,1106.50,141.0000
2015-11-05T05:00:00,1107.90,1110.70,1104.40,1104.40,84.0000
2015-11-06T05:00:00,1105.20,1109.50,1084.80,1087.60,78.0000
2015-11-09T05:00:00,1088.60,1088.60,1087.90,1087.90,5.0000
2015-11-10T05:00:00,1090.10,1091.30,1085.00,1088.20,18.0000
2015-11-11T05:00:00,1091.40,1091.40,1084.20,1084.70,15.0000
2015-11-12T05:00:00,1086.00,1086.60,1080.80,1080.80,4.0000
2015-11-13T05:00:00,1083.10,1085.90,1080.80,1080.80,23.0000
2015-11-16T05:00:00,1092.00,1092.40,1083.70,1083.70,11.0000
2015-11-17T05:00:00,1075.50,1075.80,1065.10,1068.70,6.0000
2015-11-18T05:00:00,1064.00,1071.90,1064.00,1068.80,5.0000
2015-11-19T05:00:00,1077.40,1082.40,1077.40,1078.00,10.0000
2015-11-20T05:00:00,1082.90,1082.90,1076.40,1076.40,5.0000
2015-11-23T05:00:00,1070.00,1071.50,1066.80,1066.80,57.0000
2015-11-24T05:00:00,1073.20,1079.40,1073.20,1074.30,222.0000
2015-11-25T05:00:00,1070.20,1072.00,1068.50,1070.50,148662.0000
2015-11-27T05:00:00,1070.70,1074.20,1051.10,1056.20,52133.0000
2015-11-30T05:00:00,1056.50,1068.40,1052.10,1065.80,4601.0000
2015-12-01T05:00:00,1064.60,1074.60,1063.40,1063.80,3441.0000
2015-12-02T05:00:00,1068.70,1069.50,1049.60,1054.20,503.0000
2015-12-03T05:00:00,1054.40,1064.60,1046.20,1061.70,1161.0000
2015-12-04T05:00:00,1063.00,1088.80,1058.70,1084.50,889.0000
2015-12-07T05:00:00,1084.90,1086.50,1067.40,1076.40,656.0000
2015-12-08T05:00:00,1071.00,1078.40,1069.60,1076.30,306.0000
2015-12-09T05:00:00,1075.10,1086.00,1070.60,1077.60,386.0000
2015-12-10T05:00:00,1073.00,1076.30,1071.70,1073.10,226.0000
2015-12-11T05:00:00,1067.80,1079.40,1064.40,1076.90,410.0000
2015-12-14T05:00:00,1074.00,1076.70,1060.00,1064.70,509.0000
2015-12-15T05:00:00,1064.60,1066.20,1061.80,1062.90,220.0000
2015-12-16T05:00:00,1064.80,1078.70,1064.30,1078.00,81.0000
2015-12-17T05:00:00,1072.60,1072.60,1050.50,1050.80,56.0000
2015-12-18T05:00:00,1053.70,1070.30,1052.70,1066.20,253.0000
2015-12-21T05:00:00,1070.20,1081.90,1070.20,1081.90,26.0000
2015-12-22T05:00:00,1078.60,1078.60,1073.80,1074.80,106.0000
2015-12-23T05:00:00,1074.50,1074.80,1069.40,1069.40,202.0000
2015-12-24T05:00:00,1074.30,1077.80,1073.50,1077.20,24.0000
2015-12-28T05:00:00,1077.90,1098.80,1070.50,1070.50,361.0000
2015-12-29T05:00:00,1079.10,1079.70,1077.50,1077.50,252.0000
2015-12-30T05:00:00,1068.60,1070.20,1059.70,1060.10,71.0000
2015-12-31T05:00:00,1061.90,1062.00,1058.50,1060.30,10.0000
2016-01-04T05:00:00,1063.40,1082.50,1063.20,1075.10,143.0000
2016-01-05T05:00:00,1075.60,1081.50,1075.30,1078.40,82.0000
2016-01-06T05:00:00,1081.60,1093.70,1081.60,1091.90,52.0000
2016-01-07T05:00:00,1091.60,1109.40,1091.60,1107.70,122.0000
2016-01-08T05:00:00,1111.10,1111.10,1093.00,1097.80,98.0000
2016-01-11T05:00:00,1105.70,1107.90,1096.50,1096.50,43.0000
2016-01-12T05:00:00,1093.80,1098.50,1084.00,1085.60,87.0000
2016-01-13T05:00:00,1081.50,1093.90,1081.50,1087.50,50.0000
2016-01-14T05:00:00,1091.50,1091.50,1073.70,1073.90,59.0000
2016-01-15T05:00:00,1085.00,1095.80,1081.80,1091.50,44.0000
2016-01-19T05:00:00,1089.80,1094.40,1084.90,1089.90,17.0000
2016-01-20T05:00:00,1099.80,1109.80,1099.80,1107.10,30.0000
2016-01-21T05:00:00,1103.60,1103.60,1094.10,1099.10,16.0000
2016-01-22T05:00:00,1098.00,1103.20,1097.20,1097.20,4.0000
2016-01-25T05:00:00,1099.30,1109.30,1099.30,1106.20,8.0000
2016-01-26T05:00:00,1115.10,1121.70,1114.30,1121.70,181.0000
2016-01-27T05:00:00,1117.80,1117.80,1115.80,1116.10,168706.0000
2016-01-28T05:00:00,1125.40,1125.70,1109.80,1115.60,52861.0000
2016-01-29T05:00:00,1114.40,1118.60,1108.80,1116.40,6955.0000
2016-02-01T05:00:00,1116.70,1130.00,1115.30,1127.90,1682.0000
2016-02-02T05:00:00,1128.30,1131.40,1123.00,1127.30,1230.0000
2016-02-03T05:00:00,1128.50,1146.00,1125.00,1141.30,1630.0000
2016-02-04T05:00:00,1142.50,1157.60,1141.00,1157.60,771.0000
2016-02-05T05:00:00,1155.60,1174.80,1146.00,1157.80,877.0000
2016-02-08T05:00:00,1173.50,1200.40,1165.00,1197.90,931.0000
2016-02-09T05:00:00,1188.70,1199.20,1186.70,1198.70,700.0000
2016-02-10T05:00:00,1189.80,1197.70,1182.10,1194.70,671.0000
2016-02-11T05:00:00,1205.60,1260.80,1204.60,1247.90,995.0000
2016-02-12T05:00:00,1247.80,1247.80,1233.50,1239.10,250.0000
2016-02-16T05:00:00,1233.10,1233.60,1193.60,1207.90,422.0000
2016-02-17T05:00:00,1196.50,1212.90,1196.50,1211.10,53.0000
2016-02-18T05:00:00,1209.60,1239.20,1201.60,1226.10,315.0000
2016-02-19T05:00:00,1230.80,1232.80,1221.80,1230.40,76.0000
2016-02-22T05:00:00,1226.10,1226.10,1203.00,1209.50,280.0000
2016-02-23T05:00:00,1207.40,1226.10,1207.40,1222.30,351.0000
2016-02-24T05:00:00,1230.00,1250.10,1230.00,1238.70,111.0000
2016-02-25T05:00:00,1239.40,1241.50,1235.00,1238.20,1349.0000
2016-02-26T05:00:00,1232.40,1239.10,1212.20,1219.80,656.0000
2016-02-29T05:00:00,1218.60,1241.00,1218.60,1233.90,580.0000
2016-03-01T05:00:00,1240.50,1248.40,1229.00,1230.30,477.0000
2016-03-02T05:00:00,1232.80,1242.60,1226.00,1241.10,267.0000
2016-03-03T05:00:00,1238.40,1267.90,1238.00,1257.40,123.0000
2016-03-04T05:00:00,1263.00,1279.90,1250.90,1269.90,268.0000
2016-03-07T05:00:00,1259.80,1272.30,1259.70,1263.20,67.0000
2016-03-08T05:00:00,1268.70,1276.30,1261.00,1262.10,43.0000
2016-03-09T05:00:00,1254.50,1260.00,1244.80,1256.60,79.0000
2016-03-10T05:00:00,1250.00,1273.00,1237.50,1272.00,119.0000
2016-03-11T05:00:00,1270.00,1280.70,1249.40,1258.70,87.0000
2016-03-14T04:00:00,1256.00,1258.00,1234.50,1244.40,58.0000
2016-03-15T04:00:00,1228.30,1236.00,1228.00,1230.40,37.0000
2016-03-16T04:00:00,1229.50,1263.80,1228.90,1229.30,45.0000
2016-03-17T04:00:00,1261.50,1270.10,1255.90,1264.50,27.0000
2016-03-18T04:00:00,1257.10,1264.40,1251.50,1253.80,542.0000
2016-03-21T04:00:00,1256.20,1256.20,1243.40,1243.80,1061.0000
2016-03-22T04:00:00,1244.00,1252.40,1243.80,1248.20,20.0000
2016-03-23T04:00:00,1247.70,1247.70,1218.60,1223.70,28.0000
2016-03-24T04:00:00,1214.20,1221.40,1214.20,1221.40,13.0000
2016-03-28T04:00:00,1211.50,1222.20,1210.00,1219.90,33.0000
2016-03-29T04:00:00,1217.80,1235.60,1217.70,1235.60,189732.0000
2016-03-30T04:00:00,1241.40,1245.00,1223.40,1226.90,48248.0000
2016-03-31T04:00:00,1225.60,1239.60,1224.50,1234.20,3377.0000
2016-04-01T04:00:00,1232.30,1235.20,1209.20,1222.20,1602.0000
2016-04-04T04:00:00,1221.70,1222.30,1215.00,1218.00,2038.0000
2016-04-05T04:00:00,1215.40,1236.70,1215.40,1228.40,477.0000
2016-04-06T04:00:00,1230.40,1230.40,1217.60,1222.50,248.0000
2016-04-07T04:00:00,1224.80,1242.90,1224.60,1236.20,375.0000
2016-04-08T04:00:00,1241.00,1242.80,1232.00,1242.50,409.0000
2016-04-11T04:00:00,1241.50,1258.70,1241.50,1256.70,437.0000
2016-04-12T04:00:00,1260.00,1261.70,1253.70,1259.40,185.0000
2016-04-13T04:00:00,1256.50,1256.90,1241.30,1246.80,203.0000
2016-04-14T04:00:00,1231.40,1243.70,1224.50,1225.00,264.0000
2016-04-15T04:00:00,1225.70,1235.00,1225.70,1233.10,97.0000
2016-04-18T04:00:00,1238.70,1241.10,1232.20,1233.60,304.0000
2016-04-19T04:00:00,1231.60,1256.20,1228.80,1253.00,386.0000
2016-04-20T04:00:00,1256.10,1256.10,1243.00,1253.20,180.0000
2016-04-21T04:00:00,1247.70,1270.60,1247.60,1249.00,124.0000
2016-04-22T04:00:00,1248.50,1248.50,1228.00,1228.70,188.0000
2016-04-25T04:00:00,1231.60,1240.90,1231.60,1238.90,442.0000
2016-04-26T04:00:00,1239.80,1244.20,1233.00,1242.20,97.0000
2016-04-27T04:00:00,1248.60,1249.50,1248.60,1249.20,547.0000
2016-04-28T04:00:00,1245.90,1270.10,1238.50,1265.50,887.0000
2016-04-29T04:00:00,1267.30,1295.50,1267.20,1289.20,464.0000
2016-05-02T04:00:00,1292.10,1304.40,1290.40,1294.70,192.0000
2016-05-03T04:00:00,1292.70,1301.50,1284.50,1290.70,151.0000
2016-05-04T04:00:00,1286.90,1290.00,1273.00,1273.30,109.0000
2016-05-05T04:00:00,1282.90,1286.00,1270.80,1271.40,330.0000
2016-05-06T04:00:00,1278.60,1295.60,1276.90,1292.90,305.0000
2016-05-09T04:00:00,1286.50,1286.50,1262.30,1265.60,341.0000
2016-05-10T04:00:00,1265.10,1267.40,1258.70,1263.90,23.0000
2016-05-11T04:00:00,1266.90,1279.20,1266.90,1274.60,50.0000
2016-05-12T04:00:00,1267.00,1281.20,1264.00,1270.30,101.0000
2016-05-13T04:00:00,1271.40,1275.70,1264.60,1271.90,66.0000
2016-05-16T04:00:00,1272.80,1287.80,1272.80,1273.40,44.0000
2016-05-17T04:00:00,1272.50,1281.60,1270.80,1276.20,16.0000
2016-05-18T04:00:00,1276.40,1276.40,1256.80,1273.70,17.0000
2016-05-19T04:00:00,1248.00,1255.50,1247.50,1254.20,69.0000
2016-05-20T04:00:00,1256.60,1256.60,1252.40,1252.40,44.0000
2016-05-23T04:00:00,1251.60,1251.60,1247.50,1251.10,56.0000
2016-05-24T04:00:00,1240.00,1240.00,1228.20,1228.90,20.0000
2016-05-25T04:00:00,1219.30,1223.50,1218.60,1223.50,5.0000
2016-05-26T04:00:00,1232.60,1232.60,1220.10,1220.10,199778.0000
2016-05-27T04:00:00,1220.30,1223.20,1206.40,1213.80,63739.0000
2016-05-31T04:00:00,1212.50,1217.60,1199.00,1214.80,6432.0000
2016-06-01T04:00:00,1215.70,1219.80,1205.40,1211.90,2717.0000
2016-06-02T04:00:00,1212.40,1217.00,1209.60,1209.80,1627.0000
2016-06-03T04:00:00,1209.10,1244.50,1206.40,1240.10,1622.0000
2016-06-06T04:00:00,1244.40,1247.30,1240.00,1244.60,1135.0000
2016-06-07T04:00:00,1244.00,1244.90,1236.50,1244.40,281.0000
2016-06-08T04:00:00,1247.60,1264.00,1247.30,1259.80,406.0000
2016-06-09T04:00:00,1262.50,1271.40,1258.10,1270.20,381.0000
2016-06-10T04:00:00,1267.60,1278.00,1265.30,1273.40,397.0000
2016-06-13T04:00:00,1276.20,1287.30,1273.00,1284.40,328.0000
2016-06-14T04:00:00,1281.80,1289.70,1277.80,1285.60,554.0000
2016-06-15T04:00:00,1284.60,1296.20,1278.80,1285.80,162.0000
2016-06-16T04:00:00,1296.30,1316.40,1281.10,1296.10,251.0000
2016-06-17T04:00:00,1280.30,1300.10,1280.30,1292.50,129.0000
2016-06-20T04:00:00,1288.90,1291.20,1280.30,1290.00,153.0000
2016-06-21T04:00:00,1293.90,1293.90,1266.30,1270.50,134.0000
2016-06-22T04:00:00,1267.00,1269.20,1264.90,1268.00,53.0000
2016-06-23T04:00:00,1263.40,1270.50,1255.20,1261.20,218.0000
2016-06-24T04:00:00,1253.70,1355.60,1253.70,1320.00,694.0000
2016-06-27T04:00:00,1330.00,1331.70,1320.00,1322.50,92.0000
2016-06-28T04:00:00,1314.80,1315.60,1314.10,1315.30,1072.0000
2016-06-29T04:00:00,1311.60,1327.40,1311.60,1323.90,414.0000
2016-06-30T04:00:00,1315.80,1323.50,1314.50,1318.40,560.0000
2016-07-01T04:00:00,1324.50,1344.20,1321.90,1336.70,137.0000
2016-07-05T04:00:00,1342.20,1356.80,1339.70,1356.40,90.0000
2016-07-06T04:00:00,1359.00,1374.90,1359.00,1364.90,130.0000
2016-07-07T04:00:00,1366.80,1368.60,1350.50,1360.10,207.0000
2016-07-08T04:00:00,1361.30,1365.80,1335.00,1356.60,249.0000
2016-07-11T04:00:00,1371.70,1371.80,1353.00,1355.00,26.0000
2016-07-12T04:00:00,1353.60,1356.00,1330.30,1334.10,252.0000
2016-07-13T04:00:00,1341.50,1342.40,1336.70,1342.40,7.0000
2016-07-14T04:00:00,1341.40,1341.40,1322.70,1331.30,20.0000
2016-07-15T04:00:00,1333.70,1333.70,1322.90,1326.50,52.0000
2016-07-18T04:00:00,1327.50,1335.00,1326.20,1328.40,54.0000
2016-07-19T04:00:00,1328.50,1333.20,1326.40,1331.50,322.0000
2016-07-20T04:00:00,1331.00,1337.50,1315.50,1318.80,751.0000
2016-07-21T04:00:00,1312.80,1330.50,1312.80,1330.50,318.0000
2016-07-22T04:00:00,1330.70,1330.70,1320.40,1323.10,55.0000
2016-07-25T04:00:00,1315.70,1319.30,1313.80,1319.30,548.0000
2016-07-26T04:00:00,1315.20,1320.70,1315.20,1320.70,63.0000
2016-07-27T04:00:00,1326.00,1326.60,1326.00,1326.60,215388.0000
2016-07-28T04:00:00,1339.50,1344.30,1330.10,1332.30,56908.0000
2016-07-29T04:00:00,1333.20,1353.30,1325.80,1349.00,6076.0000
2016-08-01T04:00:00,1348.80,1353.50,1345.60,1351.40,1257.0000
2016-08-02T04:00:00,1352.10,1366.00,1346.60,1364.40,2941.0000
2016-08-03T04:00:00,1362.40,1364.70,1353.30,1356.10,715.0000
2016-08-04T04:00:00,1354.40,1361.60,1347.00,1358.80,381.0000
2016-08-05T04:00:00,1357.60,1360.80,1333.70,1336.40,1107.0000
2016-08-08T04:00:00,1330.00,1335.40,1327.80,1333.40,587.0000
2016-08-09T04:00:00,1331.80,1339.40,1328.50,1339.00,620.0000
2016-08-10T04:00:00,1344.80,1354.20,1344.30,1344.30,110.0000
2016-08-11T04:00:00,1341.60,1350.40,1334.80,1342.50,666.0000
2016-08-12T04:00:00,1336.80,1351.80,1333.20,1335.80,113.0000
2016-08-15T04:00:00,1336.50,1340.60,1333.60,1340.30,62.0000
2016-08-16T04:00:00,1342.20,1355.00,1341.00,1350.50,338.0000
2016-08-17T04:00:00,1345.50,1347.30,1338.60,1342.70,135.0000
2016-08-18T04:00:00,1351.30,1354.40,1348.20,1351.20,140.0000
2016-08-19T04:00:00,1350.10,1350.10,1338.60,1340.40,197.0000
2016-08-22T04:00:00,1334.40,1337.70,1333.30,1337.70,117.0000
2016-08-23T04:00:00,1337.00,1341.20,1334.30,1340.60,551.0000
2016-08-24T04:00:00,1337.20,1337.20,1322.90,1324.40,262.0000
2016-08-25T04:00:00,1321.40,1324.00,1317.00,1320.10,58.0000
2016-08-26T04:00:00,1323.80,1340.50,1320.10,1321.50,141.0000
2016-08-29T04:00:00,1315.00,1323.00,1315.00,1322.90,437.0000
2016-08-30T04:00:00,1322.00,1322.10,1308.00,1311.70,705.0000
2016-08-31T04:00:00,1310.30,1313.70,1306.30,1306.90,214.0000
2016-09-01T04:00:00,1305.30,1313.10,1301.50,1312.20,225.0000
2016-09-02T04:00:00,1309.60,1326.70,1309.20,1322.10,55.0000
2016-09-06T04:00:00,1323.30,1349.40,1323.20,1349.40,46.0000
2016-09-07T04:00:00,1348.40,1350.50,1343.90,1344.30,14.0000
2016-09-08T04:00:00,1344.80,1345.40,1335.70,1336.80,30.0000
2016-09-09T04:00:00,1338.50,1338.50,1328.00,1330.10,35.0000
2016-09-12T04:00:00,1327.00,1329.30,1319.90,1321.00,177.0000
2016-09-13T04:00:00,1324.60,1324.60,1315.00,1319.00,79.0000
2016-09-14T04:00:00,1319.20,1322.30,1319.20,1321.50,73.0000
2016-09-15T04:00:00,1320.70,1320.70,1310.80,1313.50,37.0000
2016-09-16T04:00:00,1312.20,1312.60,1305.80,1305.80,4.0000
2016-09-19T04:00:00,1313.50,1313.50,1313.50,1313.50,20.0000
2016-09-20T04:00:00,1313.70,1313.70,1313.70,1313.70,97.0000
2016-09-21T04:00:00,1326.30,1326.90,1324.00,1326.90,76.0000
2016-09-22T04:00:00,1338.60,1340.40,1338.20,1340.40,23.0000
2016-09-23T04:00:00,1337.20,1337.20,1337.20,1337.20,40.0000
2016-09-26T04:00:00,1335.20,1341.80,1335.20,1339.70,24.0000
2016-09-27T04:00:00,1328.00,1328.70,1325.90,1325.90,48.0000
2016-09-28T04:00:00,1319.40,1319.40,1319.40,1319.40,10551.0000
2016-09-29T04:00:00,1321.20,1325.00,1314.70,1321.70,6108.0000
2016-09-30T04:00:00,1320.60,1327.70,1312.90,1313.30,868.0000
2016-10-03T04:00:00,1313.50,1316.80,1308.20,1309.00,299.0000
2016-10-04T04:00:00,1307.60,1310.20,1266.30,1266.30,1893.0000
2016-10-05T04:00:00,1272.10,1274.00,1261.30,1265.20,246.0000
2016-10-06T04:00:00,1265.30,1265.30,1249.80,1249.80,114.0000
2016-10-07T04:00:00,1253.90,1263.60,1248.90,1248.90,169.0000
2016-10-11T04:00:00,1258.90,1258.90,1253.00,1253.00,26.0000
2016-10-12T04:00:00,1251.70,1254.00,1251.10,1251.10,127.0000
2016-10-13T04:00:00,1258.70,1259.00,1255.00,1255.00,315.0000
2016-10-14T04:00:00,1253.90,1253.90,1250.60,1253.10,311.0000
2016-10-17T04:00:00,1249.90,1255.00,1249.90,1254.40,41.0000
2016-10-18T04:00:00,1260.90,1261.70,1260.80,1260.80,11.0000
2016-10-19T04:00:00,1262.90,1271.50,1262.90,1267.90,219.0000
2016-10-20T04:00:00,1270.00,1270.50,1265.50,1265.60,415.0000
2016-10-21T04:00:00,1265.90,1265.90,1265.90,1265.90,224.0000
2016-10-24T04:00:00,1269.20,1269.20,1261.80,1262.00,42.0000
2016-10-25T04:00:00,1264.10,1274.10,1264.10,1271.90,61.0000
2016-10-26T04:00:00,1274.00,1274.00,1264.80,1264.80,279.0000
2016-10-27T04:00:00,1269.40,1269.40,1267.90,1267.90,338.0000
2016-10-28T04:00:00,1270.30,1281.50,1262.00,1275.50,560.0000
2016-10-31T04:00:00,1276.60,1276.60,1271.50,1271.50,58.0000
2016-11-01T04:00:00,1279.30,1290.70,1279.00,1286.40,49.0000
2016-11-02T04:00:00,1288.30,1307.00,1288.30,1306.80,30.0000
2016-11-03T04:00:00,1296.40,1303.10,1287.30,1302.10,73.0000
2016-11-04T04:00:00,1300.00,1303.30,1296.70,1303.30,11.0000
2016-11-07T05:00:00,1292.00,1294.50,1278.30,1278.30,34.0000
2016-11-08T05:00:00,1284.10,1289.40,1273.20,1273.40,50.0000
2016-11-09T05:00:00,1272.20,1318.60,1270.00,1272.60,108.0000
2016-11-10T05:00:00,1274.40,1287.50,1253.30,1265.50,63.0000
2016-11-14T05:00:00,1227.80,1229.50,1210.40,1221.20,216.0000
2016-11-15T05:00:00,1224.30,1226.00,1222.50,1224.00,20.0000
2016-11-16T05:00:00,1229.30,1229.30,1223.00,1223.40,66.0000
2016-11-17T05:00:00,1224.60,1225.00,1211.00,1216.50,1139.0000
2016-11-18T05:00:00,1211.90,1211.90,1207.20,1208.50,607.0000
2016-11-21T05:00:00,1209.60,1209.60,1209.60,1209.60,19.0000
2016-11-22T05:00:00,1210.40,1211.10,1207.60,1211.00,19.0000
2016-11-23T05:00:00,1212.80,1213.80,1186.80,1189.10,309.0000
2016-11-25T05:00:00,1177.00,1189.30,1177.00,1178.20,14.0000
2016-11-28T05:00:00,1188.00,1190.60,1188.00,1190.60,189914.0000
2016-11-29T05:00:00,1193.20,1194.80,1179.40,1187.90,42124.0000
2016-11-30T05:00:00,1187.10,1193.30,1167.90,1170.80,7158.0000
2016-12-01T05:00:00,1172.70,1174.60,1160.00,1166.90,1588.0000
2016-12-02T05:00:00,1172.30,1177.30,1166.40,1175.10,1521.0000
2016-12-05T05:00:00,1181.80,1186.70,1157.00,1174.00,358.0000
2016-12-06T05:00:00,1170.90,1174.50,1167.10,1167.60,652.0000
2016-12-07T05:00:00,1167.70,1178.50,1166.40,1175.00,182.0000
2016-12-08T05:00:00,1173.80,1177.80,1169.10,1169.80,322.0000
2016-12-09T05:00:00,1166.60,1168.80,1156.00,1159.40,365.0000
2016-12-12T05:00:00,1158.30,1163.90,1153.00,1163.50,331.0000
2016-12-13T05:00:00,1163.50,1164.00,1155.40,1156.70,637.0000
2016-12-14T05:00:00,1159.80,1164.00,1142.00,1161.30,487.0000
2016-12-15T05:00:00,1139.80,1143.30,1123.90,1127.80,244.0000
2016-12-16T05:00:00,1126.90,1140.90,1126.90,1135.30,146.0000
2016-12-19T05:00:00,1139.40,1140.70,1137.90,1140.50,249.0000
2016-12-20T05:00:00,1133.50,1133.50,1126.50,1131.50,46.0000
2016-12-21T05:00:00,1136.10,1136.10,1130.00,1131.10,50.0000
2016-12-22T05:00:00,1131.20,1132.80,1128.30,1128.80,104.0000
2016-12-23T05:00:00,1130.90,1132.80,1130.30,1131.90,70.0000
2016-12-27T05:00:00,1134.30,1142.20,1134.30,1137.30,84.0000
2016-12-28T05:00:00,1141.20,1141.20,1138.00,1139.40,1570.0000
2016-12-29T05:00:00,1143.80,1158.80,1143.60,1156.40,950.0000
2016-12-30T05:00:00,1162.00,1162.00,1150.00,1150.00,16.0000
2017-01-03T05:00:00,1155.20,1160.80,1146.50,1160.40,52.0000
2017-01-04T05:00:00,1156.30,1165.00,1156.30,1163.80,36.0000
2017-01-05T05:00:00,1172.00,1183.30,1171.50,1179.70,500.0000
2017-01-06T05:00:00,1176.50,1176.50,1171.90,1171.90,16.0000
2017-01-09T05:00:00,1173.90,1183.60,1173.00,1183.50,62.0000
2017-01-10T05:00:00,1184.30,1188.90,1182.30,1184.20,8.0000
2017-01-11T05:00:00,1187.50,1197.00,1176.50,1195.60,20.0000
2017-01-12T05:00:00,1192.70,1204.30,1192.30,1198.90,110.0000
2017-01-13T05:00:00,1195.70,1196.00,1187.70,1195.30,65.0000
2017-01-17T05:00:00,1205.50,1214.60,1200.80,1212.00,79.0000
2017-01-18T05:00:00,1213.60,1214.70,1203.10,1211.30,114.0000
2017-01-19T05:00:00,1200.50,1204.00,1195.80,1200.90,26.0000
2017-01-20T05:00:00,1202.80,1212.10,1202.80,1204.30,38.0000
2017-01-23T05:00:00,1212.00,1215.00,1210.00,1215.00,16.0000
2017-01-24T05:00:00,1219.00,1219.00,1207.70,1210.30,24.0000
2017-01-25T05:00:00,1202.00,1202.80,1194.90,1197.30,403.0000
2017-01-26T05:00:00,1199.70,1199.70,1185.60,1189.50,19.0000
2017-01-27T05:00:00,1187.90,1188.30,1187.90,1188.10,234352.0000
2017-01-30T05:00:00,1191.70,1198.50,1187.10,1193.20,50503.0000
2017-01-31T05:00:00,1194.90,1214.70,1193.50,1208.60,3212.0000
2017-02-01T05:00:00,1211.90,1211.90,1197.90,1205.60,1145.0000
2017-02-02T05:00:00,1209.70,1224.20,1208.90,1216.70,1512.0000
2017-02-03T05:00:00,1214.90,1220.60,1206.20,1218.50,865.0000
2017-02-06T05:00:00,1221.90,1235.40,1218.50,1230.00,908.0000
2017-02-07T05:00:00,1234.20,1236.20,1228.50,1234.20,1177.0000
2017-02-08T05:00:00,1232.10,1243.90,1231.00,1237.60,288.0000
2017-02-09T05:00:00,1239.40,1243.50,1226.90,1235.10,885.0000
2017-02-10T05:00:00,1227.60,1234.40,1221.50,1234.40,391.0000
2017-02-13T05:00:00,1230.50,1231.10,1219.00,1224.40,398.0000
2017-02-14T05:00:00,1225.90,1233.50,1222.10,1223.90,159.0000
2017-02-15T05:00:00,1225.50,1231.70,1217.30,1231.70,175.0000
2017-02-16T05:00:00,1234.50,1240.70,1233.20,1240.00,87.0000
2017-02-17T05:00:00,1240.70,1241.20,1234.80,1237.60,301.0000
2017-02-21T05:00:00,1237.30,1237.50,1228.10,1237.50,119.0000
2017-02-22T05:00:00,1236.10,1238.60,1231.80,1232.00,36.0000
2017-02-23T05:00:00,1236.10,1250.30,1236.10,1250.20,112.0000
2017-02-24T05:00:00,1250.00,1258.80,1250.00,1256.90,1264.0000
2017-02-27T05:00:00,1254.70,1263.10,1250.40,1257.40,544.0000
2017-02-28T05:00:00,1253.60,1257.30,1247.20,1252.60,721.0000
2017-03-01T05:00:00,1247.80,1248.90,1236.90,1248.90,138.0000
2017-03-02T05:00:00,1247.20,1247.60,1230.70,1231.90,79.0000
2017-03-03T05:00:00,1231.70,1235.20,1222.90,1225.50,121.0000
2017-03-06T05:00:00,1235.20,1235.20,1224.50,1224.50,29.0000
2017-03-07T05:00:00,1224.30,1225.40,1213.70,1215.10,53.0000
2017-03-08T05:00:00,1212.20,1212.20,1206.70,1208.50,24.0000
2017-03-09T05:00:00,1204.50,1205.60,1202.30,1202.40,37.0000
2017-03-10T05:00:00,1196.20,1203.30,1196.20,1200.70,3.0000
2017-03-13T04:00:00,1206.20,1210.00,1202.30,1202.40,35.0000
2017-03-14T04:00:00,1203.10,1205.90,1196.80,1201.90,22.0000
2017-03-15T04:00:00,1198.20,1221.20,1197.70,1200.10,36.0000
2017-03-16T04:00:00,1222.20,1231.40,1222.20,1226.50,47.0000
2017-03-17T04:00:00,1227.10,1230.90,1227.10,1229.80,26.0000
2017-03-20T04:00:00,1229.30,1234.40,1229.30,1233.60,23.0000
2017-03-21T04:00:00,1226.40,1246.10,1226.40,1246.10,11.0000
2017-03-22T04:00:00,1247.90,1249.50,1247.70,1249.30,3.0000
2017-03-23T04:00:00,1246.40,1247.50,1244.80,1246.90,16.0000
2017-03-24T04:00:00,1248.00,1248.30,1247.60,1248.20,3.0000
2017-03-27T04:00:00,1255.80,1257.70,1253.80,1255.40,72.0000
2017-03-28T04:00:00,1255.90,1255.90,1255.30,1255.30,19.0000
2017-03-29T04:00:00,1252.20,1253.40,1252.10,1253.40,190678.0000
2017-03-30T04:00:00,1253.10,1253.60,1241.10,1245.00,51328.0000
2017-03-31T04:00:00,1242.10,1248.80,1238.70,1247.30,8223.0000
2017-04-03T04:00:00,1247.50,1252.40,1243.60,1250.80,1160.0000
2017-04-04T04:00:00,1253.10,1260.30,1253.00,1255.00,724.0000
2017-04-05T04:00:00,1255.40,1255.40,1243.00,1245.40,907.0000
2017-04-06T04:00:00,1256.10,1257.50,1249.00,1250.30,169.0000
2017-04-07T04:00:00,1249.50,1269.10,1249.50,1254.30,445.0000
2017-04-10T04:00:00,1252.70,1255.20,1246.80,1251.10,182.0000
2017-04-11T04:00:00,1254.50,1273.50,1254.50,1271.20,401.0000
2017-04-12T04:00:00,1275.00,1285.10,1272.00,1275.30,492.0000
2017-04-13T04:00:00,1285.30,1287.60,1282.00,1285.90,915.0000
2017-04-17T04:00:00,1291.80,1294.80,1284.30,1289.40,73.0000
2017-04-18T04:00:00,1283.90,1291.70,1278.60,1291.70,394.0000
2017-04-19T04:00:00,1288.00,1288.00,1274.00,1281.40,194.0000
2017-04-20T04:00:00,1279.70,1281.90,1276.20,1281.90,127.0000
2017-04-21T04:00:00,1279.80,1287.40,1279.20,1287.40,474.0000
2017-04-24T04:00:00,1275.00,1276.40,1265.00,1275.80,605.0000
2017-04-25T04:00:00,1275.60,1276.90,1262.10,1265.60,356.0000
2017-04-26T04:00:00,1266.00,1266.00,1262.10,1262.10,1156.0000
2017-04-27T04:00:00,1266.70,1267.20,1262.20,1263.70,206.0000
2017-04-28T04:00:00,1265.90,1267.20,1264.70,1266.10,85.0000
2017-05-01T04:00:00,1268.70,1269.30,1253.30,1253.30,34.0000
2017-05-02T04:00:00,1256.20,1256.20,1251.20,1255.10,90.0000
2017-05-03T04:00:00,1255.10,1255.80,1238.70,1246.40,195.0000
2017-05-04T04:00:00,1239.80,1239.80,1224.20,1226.50,72.0000
2017-05-05T04:00:00,1227.00,1233.70,1224.80,1224.80,16.0000
2017-05-08T04:00:00,1224.00,1234.00,1224.00,1225.30,43.0000
2017-05-09T04:00:00,1226.10,1226.20,1214.00,1214.30,55.0000
2017-05-10T04:00:00,1219.80,1220.20,1217.30,1217.30,23.0000
2017-05-11T04:00:00,1218.50,1222.70,1218.30,1222.70,13.0000
2017-05-12T04:00:00,1228.00,1229.50,1226.10,1226.20,29.0000
2017-05-15T04:00:00,1227.50,1232.70,1227.50,1228.60,13.0000
2017-05-16T04:00:00,1230.40,1237.30,1230.40,1235.00,20.0000
2017-05-17T04:00:00,1241.00,1259.20,1240.70,1257.50,26.0000
2017-05-18T04:00:00,1254.80,1260.00,1245.80,1251.70,43.0000
2017-05-19T04:00:00,1252.70,1252.70,1252.70,1252.70,14.0000
2017-05-22T04:00:00,1251.70,1260.70,1251.70,1260.70,14.0000
2017-05-23T04:00:00,1261.50,1261.60,1250.60,1254.80,20.0000
2017-05-24T04:00:00,1251.90,1257.80,1249.70,1252.40,14.0000
2017-05-25T04:00:00,1257.10,1258.30,1255.80,1255.80,11.0000
2017-05-26T04:00:00,1267.60,1267.60,1267.60,1267.60,271457.0000
2017-05-30T04:00:00,1267.40,1270.00,1258.40,1262.10,129819.0000
2017-05-31T04:00:00,1262.40,1273.20,1258.50,1272.00,2712.0000
2017-06-01T04:00:00,1268.00,1269.20,1260.80,1267.00,825.0000
2017-06-02T04:00:00,1265.20,1279.00,1259.00,1276.80,1732.0000
2017-06-05T04:00:00,1279.20,1282.00,1277.00,1279.30,433.0000
2017-06-06T04:00:00,1279.40,1295.20,1279.40,1294.40,942.0000
2017-06-07T04:00:00,1291.60,1293.10,1284.30,1290.10,641.0000
2017-06-08T04:00:00,1285.40,1287.60,1268.10,1276.30,319.0000
2017-06-09T04:00:00,1277.90,1277.90,1264.60,1268.50,467.0000
2017-06-12T04:00:00,1266.40,1269.30,1263.20,1266.10,255.0000
2017-06-13T04:00:00,1264.10,1266.90,1259.70,1265.80,150.0000
2017-06-14T04:00:00,1269.40,1278.00,1256.80,1272.80,336.0000
2017-06-15T04:00:00,1263.20,1264.20,1250.30,1252.20,743.0000
2017-06-16T04:00:00,1252.80,1255.30,1251.30,1254.00,34.0000
2017-06-19T04:00:00,1252.10,1252.20,1241.90,1244.20,108.0000
2017-06-20T04:00:00,1242.20,1245.50,1240.50,1241.00,75.0000
2017-06-21T04:00:00,1244.10,1245.00,1240.00,1243.40,205.0000
2017-06-22T04:00:00,1251.00,1252.70,1246.30,1247.60,156.0000
2017-06-23T04:00:00,1250.00,1273.60,1249.80,1256.20,269.0000
2017-06-26T04:00:00,1260.20,1260.20,1241.60,1246.30,194.0000
2017-06-27T04:00:00,1251.60,1251.80,1245.90,1246.40,111.0000
2017-06-28T04:00:00,1248.50,1248.50,1248.00,1248.00,370.0000
2017-06-29T04:00:00,1248.20,1250.70,1238.10,1244.20,540.0000
2017-06-30T04:00:00,1243.70,1243.70,1239.10,1240.70,43.0000
2017-07-03T13:30:00,1236.00,1236.00,1217.90,1217.90,33.0000
2017-07-05T04:00:00,1222.50,1225.00,1217.10,1220.40,40.0000
2017-07-06T04:00:00,1225.10,1225.10,1222.20,1222.20,5.0000
2017-07-07T04:00:00,1219.10,1220.40,1208.60,1208.60,116.0000
2017-07-10T04:00:00,1211.40,1212.10,1209.60,1212.10,28.0000
2017-07-11T04:00:00,1208.70,1214.90,1208.70,1213.60,12.0000
2017-07-12T04:00:00,1218.30,1219.40,1217.90,1218.10,7.0000
2017-07-13T04:00:00,1221.40,1221.40,1216.30,1216.30,7.0000
2017-07-14T04:00:00,1214.90,1227.50,1214.80,1226.60,23.0000
2017-07-17T04:00:00,1229.90,1233.40,1229.90,1232.80,7.0000
2017-07-18T04:00:00,1236.20,1241.20,1236.20,1241.10,29.0000
2017-07-19T04:00:00,1240.40,1241.20,1240.10,1241.20,3.0000
2017-07-20T04:00:00,1236.60,1244.80,1236.60,1244.80,5.0000
2017-07-21T04:00:00,1250.70,1254.30,1250.50,1254.30,16.0000
2017-07-24T04:00:00,1256.00,1256.00,1253.90,1253.90,8.0000
2017-07-25T04:00:00,1252.70,1253.60,1249.20,1251.70,18.0000
2017-07-26T04:00:00,1244.80,1249.00,1244.80,1249.00,7.0000
2017-07-27T04:00:00,1259.60,1259.60,1259.60,1259.60,220309.0000
2017-07-28T04:00:00,1258.40,1270.00,1256.90,1268.40,64180.0000
2017-07-31T04:00:00,1268.90,1270.80,1265.80,1266.60,7780.0000
2017-08-01T04:00:00,1268.40,1273.30,1262.00,1272.60,1061.0000
2017-08-02T04:00:00,1268.50,1272.10,1262.90,1271.80,393.0000
2017-08-03T04:00:00,1265.90,1269.80,1256.60,1267.80,878.0000
2017-08-04T04:00:00,1269.00,1269.60,1253.90,1258.30,521.0000
2017-08-07T04:00:00,1258.70,1259.10,1255.30,1258.20,260.0000
2017-08-08T04:00:00,1256.90,1264.10,1251.40,1256.40,555.0000
2017-08-09T04:00:00,1260.20,1277.80,1260.20,1273.00,574.0000
2017-08-10T04:00:00,1276.60,1287.40,1274.90,1283.70,608.0000
2017-08-11T04:00:00,1286.30,1291.10,1282.00,1287.70,139.0000
2017-08-14T04:00:00,1288.40,1288.40,1278.80,1284.20,338.0000
2017-08-15T04:00:00,1280.50,1280.50,1267.40,1273.70,188.0000
2017-08-16T04:00:00,1271.30,1282.60,1269.40,1276.90,110.0000
2017-08-17T04:00:00,1283.80,1288.50,1283.20,1286.40,43.0000
2017-08-18T04:00:00,1288.60,1300.70,1284.30,1285.70,358.0000
2017-08-21T04:00:00,1285.20,1290.80,1284.70,1290.80,18.0000
2017-08-22T04:00:00,1287.20,1288.40,1283.20,1285.10,100.0000
2017-08-23T04:00:00,1289.40,1289.40,1286.90,1288.90,250.0000
2017-08-24T04:00:00,1288.70,1288.70,1284.00,1286.50,550.0000
2017-08-25T04:00:00,1285.40,1292.70,1280.30,1292.50,280.0000
2017-08-28T04:00:00,1293.50,1311.30,1293.50,1309.70,145.0000
2017-08-29T04:00:00,1318.80,1323.80,1313.10,1313.10,1178.0000
2017-08-30T04:00:00,1308.20,1312.50,1304.90,1308.10,1178.0000
2017-08-31T04:00:00,1306.60,1322.30,1301.70,1316.20,373.0000
2017-09-01T04:00:00,1320.20,1327.70,1316.90,1324.50,313.0000
2017-09-05T04:00:00,1335.20,1339.20,1328.60,1339.20,39.0000
2017-09-06T04:00:00,1340.00,1340.30,1332.60,1333.90,20.0000
2017-09-07T04:00:00,1336.40,1349.00,1336.40,1345.10,26.0000
2017-09-08T04:00:00,1351.00,1355.80,1345.60,1346.00,37.0000
2017-09-11T04:00:00,1331.00,1331.00,1327.30,1331.00,9.0000
2017-09-12T04:00:00,1327.00,1328.00,1325.20,1328.00,15.0000
2017-09-13T04:00:00,1323.40,1323.40,1323.40,1323.40,16.0000
2017-09-14T04:00:00,1319.60,1329.30,1319.60,1324.70,316.0000
2017-09-15T04:00:00,1320.60,1321.20,1319.80,1320.40,15.0000
2017-09-18T04:00:00,1309.80,1310.40,1306.00,1306.30,129.0000
2017-09-19T04:00:00,1307.90,1310.30,1305.10,1306.20,20.0000
2017-09-20T04:00:00,1312.00,1312.00,1298.70,1312.00,12.0000
2017-09-21T04:00:00,1299.10,1304.10,1290.30,1290.60,336.0000
2017-09-22T04:00:00,1295.00,1295.70,1293.30,1293.30,209.0000
2017-09-25T04:00:00,1293.10,1309.20,1291.00,1306.80,51.0000
2017-09-26T04:00:00,1304.50,1305.60,1297.00,1297.00,39.0000
2017-09-27T04:00:00,1283.40,1283.40,1283.40,1283.40,19488.0000
2017-09-28T04:00:00,1283.10,1288.00,1277.00,1285.50,5226.0000
2017-09-29T04:00:00,1284.20,1289.40,1281.50,1281.50,492.0000
2017-10-02T04:00:00,1275.00,1276.10,1270.40,1272.70,136.0000
2017-10-03T04:00:00,1269.70,1273.30,1268.60,1271.50,192.0000
2017-10-04T04:00:00,1273.80,1280.80,1270.00,1273.70,218.0000
2017-10-05T04:00:00,1277.80,1277.80,1267.60,1269.90,36.0000
2017-10-06T04:00:00,1267.60,1272.00,1260.50,1271.60,46.0000
2017-10-09T04:00:00,1280.60,1284.00,1279.00,1281.80,19.0000
2017-10-10T04:00:00,1282.60,1293.00,1281.70,1290.60,18.0000
2017-10-11T04:00:00,1287.30,1292.00,1284.90,1285.80,21.0000
2017-10-12T04:00:00,1291.50,1294.50,1289.30,1293.30,14.0000
2017-10-13T04:00:00,1293.30,1301.70,1291.70,1301.50,74.0000
2017-10-16T04:00:00,1302.00,1303.80,1291.90,1299.90,173.0000
2017-10-17T04:00:00,1295.10,1295.10,1283.00,1283.00,571.0000
2017-10-18T04:00:00,1279.90,1279.90,1279.90,1279.90,163.0000
2017-10-19T04:00:00,1286.40,1286.90,1285.10,1286.90,134.0000
2017-10-20T04:00:00,1279.60,1279.60,1277.40,1277.40,304.0000
2017-10-23T04:00:00,1274.70,1280.80,1271.50,1277.70,115.0000
2017-10-24T04:00:00,1275.50,1275.50,1273.70,1275.00,111.0000
2017-10-25T04:00:00,1269.90,1275.40,1269.90,1275.40,105.0000
2017-10-26T04:00:00,1273.50,1273.50,1264.70,1266.30,39.0000
2017-10-27T04:00:00,1268.40,1268.50,1267.10,1268.50,567.0000
2017-10-30T04:00:00,1270.00,1274.10,1267.90,1274.10,222.0000
2017-10-31T04:00:00,1273.10,1274.60,1266.10,1267.00,235.0000
2017-11-01T04:00:00,1272.20,1274.80,1270.30,1274.10,78.0000
2017-11-02T04:00:00,1274.90,1274.90,1274.90,1274.90,70.0000
2017-11-03T04:00:00,1265.30,1267.90,1265.30,1266.50,75.0000
2017-11-06T05:00:00,1269.00,1280.50,1269.00,1279.40,128.0000
2017-11-07T05:00:00,1276.80,1276.80,1270.40,1273.70,11.0000
2017-11-08T05:00:00,1275.90,1284.90,1274.70,1281.60,15.0000
2017-11-09T05:00:00,1279.70,1286.90,1279.70,1285.60,18.0000
2017-11-10T05:00:00,1283.50,1283.50,1272.40,1272.40,10.0000
2017-11-13T05:00:00,1277.30,1277.30,1277.00,1277.30,3.0000
2017-11-14T05:00:00,1276.90,1281.50,1276.90,1281.50,4.0000
2017-11-15T05:00:00,1281.40,1284.70,1275.90,1276.50,13.0000
2017-11-16T05:00:00,1277.50,1277.50,1277.40,1277.40,43.0000
2017-11-17T05:00:00,1288.30,1295.80,1288.30,1295.80,1.0000
2017-11-20T05:00:00,1274.60,1275.90,1274.60,1274.60,1.0000
2017-11-21T05:00:00,1281.10,1281.10,1281.10,1281.10,4.0000
2017-11-22T05:00:00,1284.70,1291.60,1282.90,1291.60,4.0000
2017-11-24T14:30:00,1286.70,1286.70,1286.70,1286.70,0.0000
2017-11-27T05:00:00,1293.80,1293.80,1293.80,1293.80,1.0000
2017-11-28T05:00:00,1294.70,1294.70,1294.70,1294.70,275442.0000
2017-11-29T05:00:00,1293.40,1296.20,1281.10,1282.10,47244.0000
2017-11-30T05:00:00,1283.10,1284.50,1269.70,1273.20,3049.0000
2017-12-01T05:00:00,1274.10,1288.60,1271.00,1278.80,823.0000
2017-12-04T05:00:00,1272.50,1276.10,1270.30,1274.30,850.0000
2017-12-05T05:00:00,1275.40,1275.80,1260.00,1261.60,1499.0000
2017-12-06T05:00:00,1264.90,1267.80,1261.60,1262.80,373.0000
2017-12-07T05:00:00,1262.30,1262.40,1243.90,1249.80,358.0000
2017-12-08T05:00:00,1246.30,1249.30,1241.50,1245.20,157.0000
2017-12-11T05:00:00,1248.40,1249.20,1239.90,1243.70,146.0000
2017-12-12T05:00:00,1241.30,1244.40,1236.50,1238.50,692.0000
2017-12-13T05:00:00,1241.90,1254.50,1239.80,1245.40,349.0000
2017-12-14T05:00:00,1252.90,1257.70,1250.30,1253.80,139.0000
2017-12-15T05:00:00,1253.10,1260.30,1253.10,1254.30,578.0000
2017-12-18T05:00:00,1256.20,1262.40,1255.70,1262.20,45.0000
2017-12-19T05:00:00,1261.10,1264.30,1259.50,1260.70,329.0000
2017-12-20T05:00:00,1261.30,1266.60,1261.30,1266.10,63.0000
2017-12-21T05:00:00,1266.40,1267.40,1264.30,1267.30,226.0000
2017-12-22T05:00:00,1266.30,1276.30,1266.30,1275.40,119.0000
2017-12-26T05:00:00,1282.40,1284.10,1281.80,1284.10,84.0000
2017-12-27T05:00:00,1284.00,1287.00,1284.00,1287.00,456.0000
2017-12-28T05:00:00,1288.20,1294.10,1288.20,1294.10,245.0000
2017-12-29T05:00:00,1294.20,1306.30,1294.00,1306.30,65.0000
2018-01-02T05:00:00,1302.30,1317.60,1302.30,1313.70,68.0000
2018-01-03T05:00:00,1320.00,1320.10,1312.10,1316.20,42.0000
2018-01-04T05:00:00,1319.40,1322.00,1319.40,1319.40,2.0000
2018-01-05T05:00:00,1320.30,1320.30,1320.30,1320.30,1.0000
2018-01-08T05:00:00,1319.90,1319.90,1314.60,1318.60,41.0000
2018-01-09T05:00:00,1309.60,1311.70,1309.60,1311.70,16.0000
2018-01-10T05:00:00,1320.30,1320.70,1315.30,1317.40,70.0000
2018-01-11T05:00:00,1317.10,1320.60,1316.30,1320.60,9.0000
2018-01-12T05:00:00,1327.80,1338.20,1327.80,1333.40,14.0000
2018-01-16T05:00:00,1331.10,1335.40,1331.00,1335.40,13.0000
2018-01-17T05:00:00,1334.40,1338.00,1326.80,1338.00,27.0000
2018-01-18T05:00:00,1328.90,1328.90,1326.00,1326.00,211.0000
2018-01-19T05:00:00,1330.10,1333.00,1330.10,1331.90,50.0000
2018-01-22T05:00:00,1328.40,1330.90,1328.40,1330.90,162.0000
2018-01-23T05:00:00,1335.80,1335.90,1335.70,1335.70,47.0000
2018-01-24T05:00:00,1355.90,1357.20,1355.90,1355.90,18.0000
2018-01-25T05:00:00,1356.30,1362.40,1346.70,1362.40,4.0000
2018-01-26T05:00:00,1351.60,1352.00,1350.90,1351.60,280546.0000
2018-01-30T05:00:00,1338.70,1347.80,1332.80,1335.40,52100.0000
2018-01-31T05:00:00,1337.50,1346.90,1331.80,1339.00,4881.0000
2018-02-01T05:00:00,1343.80,1350.60,1336.80,1344.30,1680.0000
2018-02-02T05:00:00,1348.50,1352.10,1327.70,1333.70,2841.0000
2018-02-05T05:00:00,1331.10,1340.20,1329.00,1333.00,641.0000
2018-02-06T05:00:00,1338.20,1343.70,1319.50,1326.10,529.0000
2018-02-07T05:00:00,1325.40,1331.10,1310.50,1311.60,491.0000
2018-02-08T05:00:00,1317.10,1321.10,1307.00,1316.90,459.0000
2018-02-09T05:00:00,1320.90,1322.00,1311.90,1313.10,451.0000
2018-02-12T05:00:00,1323.80,1325.50,1318.00,1324.20,140.0000
2018-02-13T05:00:00,1324.50,1329.60,1323.40,1328.10,71.0000
2018-02-14T05:00:00,1332.80,1355.50,1324.00,1355.50,400.0000
2018-02-15T05:00:00,1352.00,1355.90,1349.70,1352.10,111.0000
2018-02-16T05:00:00,1354.00,1361.40,1344.90,1353.20,110.0000
2018-02-20T05:00:00,1348.40,1350.20,1328.50,1328.80,283.0000
2018-02-21T05:00:00,1326.80,1331.50,1324.40,1330.00,119.0000
2018-02-22T05:00:00,1322.00,1331.40,1322.00,1330.60,70.0000
2018-02-23T05:00:00,1328.00,1332.10,1327.70,1328.20,427.0000
2018-02-26T05:00:00,1335.00,1340.50,1330.70,1330.70,652.0000
2018-02-27T05:00:00,1331.70,1332.60,1312.70,1315.50,710.0000
2018-02-28T05:00:00,1315.40,1321.00,1315.40,1315.50,58.0000
2018-03-01T05:00:00,1310.40,1318.10,1301.80,1302.90,43.0000
2018-03-02T05:00:00,1314.30,1323.20,1314.30,1321.10,155.0000
2018-03-05T05:00:00,1323.50,1325.90,1318.10,1318.10,18.0000
2018-03-06T05:00:00,1321.60,1333.60,1321.40,1333.60,18.0000
2018-03-07T05:00:00,1338.10,1338.10,1326.00,1326.00,27.0000
2018-03-08T05:00:00,1324.80,1326.80,1319.30,1319.90,62.0000
2018-03-09T05:00:00,1316.80,1322.40,1313.00,1322.40,88.0000
2018-03-12T04:00:00,1319.40,1319.40,1319.40,1319.40,0.0000
2018-03-13T04:00:00,1325.90,1325.90,1325.30,1325.90,13.0000
2018-03-14T04:00:00,1322.20,1324.40,1322.20,1324.40,19.0000
2018-03-15T04:00:00,1316.80,1316.80,1316.80,1316.80,0.0000
2018-03-16T04:00:00,1310.10,1311.30,1310.10,1311.30,34.0000
2018-03-19T04:00:00,1309.40,1316.90,1307.30,1316.80,6.0000
2018-03-20T04:00:00,1311.10,1311.10,1311.10,1311.10,4.0000
2018-03-21T04:00:00,1312.40,1328.80,1312.40,1320.70,34.0000
2018-03-22T04:00:00,1326.60,1326.60,1326.60,1326.60,0.0000
2018-03-23T04:00:00,1343.20,1349.30,1343.20,1349.30,8.0000
2018-03-26T04:00:00,1348.50,1354.40,1345.10,1354.40,10.0000
2018-03-27T04:00:00,1341.00,1341.30,1341.00,1341.30,290889.0000
2018-03-28T04:00:00,1345.00,1346.40,1322.40,1324.20,59284.0000
2018-03-29T04:00:00,1324.00,1327.10,1321.70,1322.80,5585.0000
2018-04-02T04:00:00,1327.00,1344.20,1324.70,1342.10,649.0000
2018-04-03T04:00:00,1340.40,1341.50,1328.50,1332.80,702.0000
2018-04-04T04:00:00,1331.80,1347.30,1331.60,1335.80,718.0000
2018-04-05T04:00:00,1333.50,1333.70,1322.60,1324.30,258.0000
2018-04-06T04:00:00,1326.50,1333.00,1319.00,1331.90,348.0000
2018-04-09T04:00:00,1333.00,1337.50,1327.00,1336.30,290.0000
2018-04-10T04:00:00,1335.20,1342.00,1333.00,1342.00,105.0000
2018-04-11T04:00:00,1340.10,1365.40,1340.10,1356.50,118.0000
2018-04-12T04:00:00,1351.20,1351.50,1334.60,1338.40,34.0000
2018-04-13T04:00:00,1335.90,1346.00,1335.90,1344.80,67.0000
2018-04-16T04:00:00,1341.00,1348.80,1341.00,1347.50,60.0000
2018-04-17T04:00:00,1348.00,1348.10,1339.00,1347.20,409.0000
2018-04-18T04:00:00,1343.50,1354.20,1343.50,1351.20,45.0000
2018-04-19T04:00:00,1348.60,1355.20,1341.60,1346.80,387.0000
2018-04-20T04:00:00,1342.50,1343.40,1335.30,1336.70,310.0000
2018-04-23T04:00:00,1334.00,1334.40,1322.50,1322.50,68.0000
2018-04-24T04:00:00,1326.40,1331.70,1326.20,1331.40,28.0000
2018-04-25T04:00:00,1324.00,1325.00,1320.00,1321.20,278.0000
2018-04-26T04:00:00,1315.70,1316.30,1315.70,1316.30,569.0000
2018-04-27T04:00:00,1315.30,1321.70,1312.80,1320.30,622.0000
2018-04-30T04:00:00,1309.60,1316.20,1309.60,1316.20,49.0000
2018-05-01T04:00:00,1313.20,1313.80,1303.40,1303.80,28.0000
2018-05-02T04:00:00,1309.00,1309.30,1302.60,1302.60,23.0000
2018-05-03T04:00:00,1310.70,1310.70,1310.70,1310.70,4.0000
2018-05-04T04:00:00,1312.70,1312.70,1312.70,1312.70,0.0000
2018-05-07T04:00:00,1310.60,1312.50,1310.20,1312.20,4.0000
2018-05-08T04:00:00,1310.10,1312.00,1308.50,1312.00,337.0000
2018-05-09T04:00:00,1311.30,1311.30,1311.30,1311.30,70.0000
2018-05-10T04:00:00,1312.20,1320.80,1312.20,1320.80,8.0000
2018-05-11T04:00:00,1319.00,1319.00,1319.00,1319.00,3.0000
2018-05-14T04:00:00,1319.90,1319.90,1316.50,1316.50,4.0000
2018-05-15T04:00:00,1304.60,1304.70,1288.90,1288.90,8.0000
2018-05-16T04:00:00,1290.90,1294.00,1285.40,1290.20,26.0000
2018-05-17T04:00:00,1291.30,1291.30,1288.20,1288.20,2.0000
2018-05-18T04:00:00,1285.20,1290.20,1285.20,1290.20,2.0000
2018-05-21T04:00:00,1287.40,1292.10,1287.40,1290.20,52.0000
2018-05-22T04:00:00,1291.70,1291.70,1291.70,1291.70,50.0000
2018-05-23T04:00:00,1289.30,1289.30,1289.30,1289.30,10.0000
2018-05-24T04:00:00,1303.70,1303.70,1303.70,1303.70,0.0000
2018-05-25T04:00:00,1303.30,1303.30,1303.30,1303.30,1.0000
2018-05-29T04:00:00,1298.70,1298.70,1298.70,1298.70,386334.0000
2018-05-30T04:00:00,1298.00,1303.70,1295.20,1301.50,50845.0000
2018-05-31T04:00:00,1301.00,1306.80,1296.60,1300.10,4082.0000
2018-06-01T04:00:00,1298.60,1299.50,1288.90,1294.80,663.0000
2018-06-04T04:00:00,1293.90,1297.10,1290.00,1293.10,144.0000
2018-06-05T04:00:00,1292.10,1299.80,1289.90,1297.50,357.0000
2018-06-06T04:00:00,1296.10,1300.40,1294.10,1297.10,373.0000
2018-06-07T04:00:00,1298.40,1302.80,1296.20,1298.70,79.0000
2018-06-08T04:00:00,1295.30,1299.40,1294.80,1298.10,650.0000
2018-06-11T04:00:00,1299.30,1302.00,1295.20,1298.90,71.0000
2018-06-12T04:00:00,1297.80,1298.10,1292.70,1295.10,153.0000
2018-06-13T04:00:00,1294.00,1299.40,1290.90,1296.90,135.0000
2018-06-14T04:00:00,1297.20,1307.70,1297.20,1304.00,42.0000
2018-06-15T04:00:00,1297.20,1307.70,1274.00,1274.60,589.0000
2018-06-18T04:00:00,1280.70,1280.70,1276.20,1276.20,35.0000
2018-06-19T04:00:00,1278.70,1281.80,1269.90,1275.60,34.0000
2018-06-20T04:00:00,1274.40,1274.40,1271.20,1271.20,7.0000
2018-06-21T04:00:00,1262.70,1268.90,1260.00,1267.20,46.0000
2018-06-22T04:00:00,1268.10,1270.20,1267.00,1267.40,74.0000
2018-06-25T04:00:00,1270.60,1271.20,1265.60,1265.60,37.0000
2018-06-26T04:00:00,1267.20,1267.20,1256.60,1256.60,89.0000
2018-06-27T04:00:00,1255.50,1255.50,1252.30,1252.80,1162.0000
2018-06-28T04:00:00,1251.70,1251.70,1244.80,1247.80,378.0000
2018-06-29T04:00:00,1250.30,1253.30,1249.10,1251.30,48.0000
2018-07-02T04:00:00,1249.90,1249.90,1239.80,1239.80,29.0000
2018-07-03T13:30:00,1238.10,1254.10,1237.00,1251.60,36.0000
2018-07-05T04:00:00,1255.50,1257.30,1253.60,1257.30,9.0000
2018-07-06T04:00:00,1255.50,1255.50,1254.30,1254.30,7.0000
2018-07-09T04:00:00,1258.20,1262.30,1257.70,1258.10,37.0000
2018-07-10T04:00:00,1256.20,1256.90,1249.30,1253.80,65.0000
2018-07-11T04:00:00,1253.20,1253.20,1242.80,1242.80,30.0000
2018-07-12T04:00:00,1240.90,1246.70,1240.90,1245.00,7.0000
2018-07-13T04:00:00,1244.70,1247.00,1239.60,1239.60,2.0000
2018-07-16T04:00:00,1242.70,1243.80,1238.10,1238.10,2.0000
2018-07-17T04:00:00,1225.70,1225.70,1225.70,1225.70,0.0000
2018-07-18T04:00:00,1226.70,1226.70,1222.20,1226.30,67.0000
2018-07-19T04:00:00,1227.20,1228.00,1211.70,1222.40,33.0000
2018-07-20T04:00:00,1229.50,1229.50,1229.50,1229.50,0.0000
2018-07-23T04:00:00,1222.00,1224.00,1222.00,1224.00,1.0000
2018-07-24T04:00:00,1223.90,1223.90,1223.90,1223.90,0.0000
2018-07-25T04:00:00,1231.40,1231.40,1231.40,1231.40,0.0000
2018-07-26T04:00:00,1227.80,1227.80,1225.30,1225.30,1.0000
2018-07-27T04:00:00,1222.60,1222.60,1222.60,1222.60,254428.0000
2018-07-30T04:00:00,1222.50,1223.90,1218.10,1221.30,62239.0000
2018-07-31T04:00:00,1220.40,1228.10,1213.00,1223.70,2722.0000
2018-08-01T04:00:00,1222.90,1223.70,1214.40,1217.90,1026.0000
2018-08-02T04:00:00,1214.70,1219.30,1205.80,1210.60,411.0000
2018-08-03T04:00:00,1206.50,1218.60,1205.10,1214.20,784.0000
2018-08-06T04:00:00,1214.40,1214.40,1206.60,1208.60,297.0000
2018-08-07T04:00:00,1207.80,1214.80,1207.80,1209.60,715.0000
2018-08-08T04:00:00,1212.00,1215.20,1205.90,1212.60,209.0000
2018-08-09T04:00:00,1214.50,1215.30,1211.60,1211.90,44.0000
2018-08-10T04:00:00,1212.50,1216.40,1205.60,1211.10,75.0000
2018-08-13T04:00:00,1207.00,1207.40,1191.30,1191.30,78.0000
2018-08-14T04:00:00,1193.10,1197.50,1192.80,1193.00,92.0000
2018-08-15T04:00:00,1187.80,1188.10,1174.60,1177.50,71.0000
2018-08-16T04:00:00,1173.20,1180.20,1161.40,1176.20,123.0000
2018-08-17T04:00:00,1174.70,1181.20,1174.70,1176.50,66.0000
2018-08-20T04:00:00,1184.80,1190.00,1184.40,1186.80,68.0000
2018-08-21T04:00:00,1189.80,1192.60,1189.80,1192.60,22.0000
2018-08-22T04:00:00,1194.70,1196.30,1194.70,1196.30,17.0000
2018-08-23T04:00:00,1189.30,1190.30,1184.90,1187.00,95.0000
2018-08-24T04:00:00,1185.30,1208.00,1185.30,1206.30,12.0000
2018-08-27T04:00:00,1210.30,1211.40,1205.20,1209.00,154.0000
2018-08-28T04:00:00,1209.70,1217.00,1202.30,1207.40,136.0000
2018-08-29T04:00:00,1205.20,1205.20,1202.40,1204.50,817.0000
2018-08-30T04:00:00,1205.40,1205.60,1196.00,1197.70,493.0000
2018-08-31T04:00:00,1207.10,1208.20,1199.10,1200.30,191.0000
2018-09-04T04:00:00,1193.80,1193.80,1189.90,1192.70,26.0000
2018-09-05T04:00:00,1192.50,1196.00,1192.50,1194.90,21.0000
2018-09-06T04:00:00,1202.00,1202.00,1197.90,1197.90,7.0000
2018-09-07T04:00:00,1198.30,1198.30,1193.10,1193.60,29.0000
2018-09-10T04:00:00,1193.00,1193.00,1193.00,1193.00,11.0000
2018-09-11T04:00:00,1190.40,1196.30,1190.40,1195.40,21.0000
2018-09-12T04:00:00,1205.00,1205.00,1204.70,1204.70,37.0000
2018-09-13T04:00:00,1203.40,1203.40,1200.00,1202.00,22.0000
2018-09-14T04:00:00,1195.00,1195.00,1195.00,1195.00,1.0000
2018-09-17T04:00:00,1199.70,1199.70,1199.70,1199.70,0.0000
2018-09-18T04:00:00,1198.70,1198.70,1196.80,1196.80,2.0000
2018-09-19T04:00:00,1202.20,1202.20,1202.20,1202.20,0.0000
2018-09-20T04:00:00,1206.20,1206.20,1206.20,1206.20,0.0000
2018-09-21T04:00:00,1196.20,1196.20,1196.20,1196.20,0.0000
2018-09-24T04:00:00,1199.30,1199.30,1199.30,1199.30,0.0000
2018-09-25T04:00:00,1202.10,1202.80,1200.00,1200.00,21.0000
2018-09-26T04:00:00,1194.00,1194.00,1194.00,1194.00,17857.0000
2018-09-27T04:00:00,1194.60,1197.30,1180.50,1182.30,4947.0000
2018-09-28T04:00:00,1181.70,1191.90,1180.00,1191.50,404.0000
2018-10-01T04:00:00,1191.60,1191.60,1185.80,1187.10,180.0000
2018-10-02T04:00:00,1193.00,1206.00,1190.30,1202.40,451.0000
2018-10-03T04:00:00,1202.60,1202.60,1196.60,1198.30,76.0000
2018-10-04T04:00:00,1199.30,1204.60,1197.20,1197.20,496.0000
2018-10-05T04:00:00,1197.10,1205.30,1196.90,1201.20,34.0000
2018-10-08T04:00:00,1201.00,1201.00,1183.70,1184.40,250.0000
2018-10-09T04:00:00,1185.60,1189.10,1185.60,1187.20,9.0000
2018-10-10T04:00:00,1189.30,1192.00,1189.30,1189.30,1078.0000
2018-10-11T04:00:00,1198.10,1224.60,1196.30,1223.50,126.0000
2018-10-12T04:00:00,1221.60,1221.60,1216.00,1218.10,122.0000
2018-10-15T04:00:00,1222.40,1232.30,1222.40,1226.40,136.0000
2018-10-16T04:00:00,1227.10,1230.50,1227.10,1227.30,426.0000
2018-10-17T04:00:00,1225.90,1225.90,1223.70,1223.70,1.0000
2018-10-18T04:00:00,1226.50,1226.50,1226.50,1226.50,165.0000
2018-10-19T04:00:00,1225.30,1225.30,1225.30,1225.30,55.0000
2018-10-22T04:00:00,1224.50,1224.50,1219.60,1221.20,18.0000
2018-10-23T04:00:00,1224.80,1237.80,1224.80,1233.40,33.0000
2018-10-24T04:00:00,1231.60,1231.60,1227.80,1227.80,36.0000
2018-10-25T04:00:00,1238.60,1238.60,1229.10,1229.10,7.0000
2018-10-26T04:00:00,1234.30,1234.80,1232.50,1232.50,20.0000
2018-10-29T04:00:00,1224.50,1224.50,1224.50,1224.50,214.0000
2018-10-30T04:00:00,1227.70,1227.70,1219.80,1222.60,72.0000
2018-10-31T04:00:00,1216.00,1216.60,1212.00,1212.30,121.0000
2018-11-01T04:00:00,1215.40,1236.00,1215.40,1236.00,14.0000
2018-11-02T04:00:00,1233.30,1233.30,1230.90,1230.90,18.0000
2018-11-05T05:00:00,1230.60,1231.50,1226.70,1229.80,15.0000
2018-11-06T05:00:00,1230.70,1233.80,1223.80,1223.80,4.0000
2018-11-07T05:00:00,1228.60,1228.60,1226.20,1226.20,1.0000
2018-11-08T05:00:00,1222.90,1222.90,1222.90,1222.90,2.0000
2018-11-09T05:00:00,1207.90,1207.90,1206.40,1206.40,14.0000
2018-11-12T05:00:00,1201.60,1201.60,1201.30,1201.30,1.0000
2018-11-13T05:00:00,1196.30,1201.30,1196.30,1199.20,5.0000
2018-11-14T05:00:00,1207.90,1207.90,1207.90,1207.90,0.0000
2018-11-15T05:00:00,1212.80,1212.80,1212.80,1212.80,0.0000
2018-11-16T05:00:00,1216.70,1223.80,1216.70,1220.80,5.0000
2018-11-19T05:00:00,1223.10,1223.10,1223.10,1223.10,0.0000
2018-11-20T05:00:00,1225.30,1228.80,1219.00,1219.00,12.0000
2018-11-21T05:00:00,1225.80,1225.80,1225.80,1225.80,0.0000
2018-11-23T14:30:00,1224.80,1224.80,1221.00,1221.00,1.0000
2018-11-26T05:00:00,1220.20,1222.00,1220.20,1220.20,2.0000
2018-11-27T05:00:00,1221.90,1222.00,1211.20,1211.20,5.0000
2018-11-28T05:00:00,1211.50,1221.40,1211.50,1221.40,247168.0000
2018-11-29T05:00:00,1221.00,1228.70,1220.50,1224.10,55478.0000
2018-11-30T05:00:00,1224.10,1225.00,1216.10,1220.20,2060.0000
2018-12-03T05:00:00,1222.50,1234.10,1221.30,1233.90,751.0000
2018-12-04T05:00:00,1231.00,1241.40,1230.40,1241.10,474.0000
2018-12-06T05:00:00,1237.50,1244.40,1234.80,1238.10,434.0000
2018-12-07T05:00:00,1238.30,1249.80,1237.60,1246.80,211.0000
2018-12-10T05:00:00,1249.60,1249.60,1241.70,1243.70,131.0000
2018-12-11T05:00:00,1245.80,1248.70,1241.50,1241.90,117.0000
2018-12-12T05:00:00,1245.30,1245.60,1244.10,1244.40,84.0000
2018-12-13T05:00:00,1243.50,1243.50,1241.00,1242.70,194.0000
2018-12-14T05:00:00,1241.70,1241.70,1234.10,1237.00,33.0000
2018-12-17T05:00:00,1239.30,1247.40,1239.30,1247.40,10.0000
2018-12-18T05:00:00,1248.20,1249.20,1245.60,1249.20,31.0000
2018-12-19T05:00:00,1255.80,1255.80,1252.10,1252.10,268.0000
2018-12-20T05:00:00,1243.20,1263.60,1243.20,1263.60,49.0000
2018-12-21T05:00:00,1260.30,1261.30,1253.80,1253.80,96.0000
2018-12-24T14:30:00,1260.30,1268.50,1260.30,1267.50,27.0000
2018-12-26T05:00:00,1269.30,1277.40,1269.20,1269.20,63.0000
2018-12-27T05:00:00,1276.70,1277.30,1276.70,1277.30,480.0000
2018-12-28T05:00:00,1273.50,1280.10,1273.50,1279.90,805.0000
2018-12-31T05:00:00,1278.00,1281.30,1277.60,1278.30,19.0000
2019-01-02T05:00:00,1286.00,1286.00,1277.60,1281.00,149.0000
2019-01-03T05:00:00,1286.80,1292.00,1286.70,1291.80,10.0000
2019-01-04T05:00:00,1294.20,1294.20,1275.30,1282.70,34.0000
2019-01-07T05:00:00,1286.80,1286.80,1286.60,1286.80,2.0000
2019-01-08T05:00:00,1280.50,1283.20,1278.20,1283.20,54.0000
2019-01-09T05:00:00,1279.40,1289.30,1279.20,1289.30,102.0000
2019-01-10T05:00:00,1284.70,1284.70,1284.70,1284.70,0.0000
2019-01-11T05:00:00,1291.20,1291.20,1286.30,1287.10,11.0000
2019-01-14T05:00:00,1292.40,1293.90,1289.10,1289.10,7.0000
2019-01-15T05:00:00,1290.10,1292.70,1286.20,1286.20,3.0000
2019-01-16T05:00:00,1291.60,1291.60,1291.60,1291.60,2.0000
2019-01-17T05:00:00,1291.60,1292.70,1288.50,1291.00,10.0000
2019-01-18T05:00:00,1281.30,1281.30,1281.30,1281.30,3.0000
2019-01-22T05:00:00,1282.50,1283.30,1282.50,1282.50,7.0000
2019-01-23T05:00:00,1281.70,1283.90,1278.70,1283.10,14.0000
2019-01-24T05:00:00,1279.10,1279.10,1278.50,1279.10,1.0000
2019-01-25T05:00:00,1297.40,1297.40,1297.40,1297.40,0.0000
2019-01-28T05:00:00,1300.80,1307.10,1298.40,1302.40,54.0000
2019-01-29T05:00:00,1308.20,1308.20,1308.20,1308.20,213607.0000
2019-01-30T05:00:00,1310.40,1323.40,1308.10,1309.90,54958.0000
2019-01-31T05:00:00,1320.00,1325.40,1316.70,1319.70,1970.0000
2019-02-01T05:00:00,1320.30,1320.70,1315.40,1316.90,878.0000
2019-02-04T05:00:00,1318.10,1318.10,1308.30,1314.30,675.0000
2019-02-05T05:00:00,1311.10,1315.10,1311.00,1314.20,362.0000
2019-02-06T05:00:00,1312.50,1313.50,1305.00,1309.50,358.0000
2019-02-07T05:00:00,1302.90,1310.40,1302.20,1309.40,203.0000
2019-02-08T05:00:00,1309.50,1314.00,1307.80,1313.70,122.0000
2019-02-11T05:00:00,1313.40,1313.40,1304.70,1307.00,119.0000
2019-02-12T05:00:00,1310.00,1312.00,1307.60,1309.20,109.0000
2019-02-13T05:00:00,1311.60,1316.00,1308.10,1310.80,143.0000
2019-02-14T05:00:00,1305.00,1311.80,1301.60,1309.80,858.0000
2019-02-15T05:00:00,1313.60,1318.80,1313.60,1318.10,190.0000
2019-02-19T05:00:00,1320.90,1340.10,1320.50,1340.10,390.0000
2019-02-20T05:00:00,1342.20,1344.00,1338.00,1343.30,581.0000
2019-02-21T05:00:00,1331.30,1334.90,1320.90,1323.50,414.0000
2019-02-22T05:00:00,1324.20,1331.30,1321.00,1329.20,718.0000
2019-02-25T05:00:00,1329.20,1331.60,1325.60,1325.90,185.0000
2019-02-26T05:00:00,1323.30,1325.50,1323.30,1325.10,939.0000
2019-02-27T05:00:00,1327.70,1327.90,1316.50,1317.70,604.0000
2019-02-28T05:00:00,1321.10,1323.70,1311.50,1312.80,141.0000
2019-03-01T05:00:00,1312.20,1312.20,1288.90,1296.40,110.0000
2019-03-04T05:00:00,1285.50,1287.00,1281.90,1284.80,28.0000
2019-03-05T05:00:00,1287.00,1287.00,1282.00,1282.00,114.0000
2019-03-06T05:00:00,1287.10,1287.10,1282.60,1284.90,14.0000
2019-03-07T05:00:00,1281.00,1284.60,1281.00,1283.80,11.0000
2019-03-08T05:00:00,1292.10,1297.40,1291.60,1297.00,10.0000
2019-03-11T04:00:00,1291.00,1291.00,1288.80,1288.80,9.0000
2019-03-12T04:00:00,1294.70,1296.30,1294.70,1296.30,1.0000
2019-03-13T04:00:00,1307.50,1307.50,1307.50,1307.50,0.0000
2019-03-14T04:00:00,1293.40,1293.40,1293.40,1293.40,1.0000
2019-03-15T04:00:00,1300.90,1304.70,1300.50,1301.80,26.0000
2019-03-18T04:00:00,1297.30,1302.20,1297.30,1300.30,8.0000
2019-03-19T04:00:00,1306.90,1306.90,1304.80,1305.00,20.0000
2019-03-20T04:00:00,1300.70,1300.70,1300.50,1300.50,2.0000
2019-03-21T04:00:00,1306.10,1306.10,1306.10,1306.10,0.0000
2019-03-22T04:00:00,1311.60,1311.60,1311.60,1311.60,0.0000
2019-03-25T04:00:00,1320.70,1322.90,1320.70,1321.90,19.0000
2019-03-26T04:00:00,1315.60,1315.60,1314.30,1314.30,1.0000
2019-03-27T04:00:00,1309.90,1309.90,1309.90,1309.90,206263.0000
2019-03-28T04:00:00,1308.40,1311.10,1287.70,1289.80,87798.0000
2019-03-29T04:00:00,1289.60,1298.50,1286.10,1293.00,1265.0000
2019-04-01T04:00:00,1291.80,1295.90,1285.70,1288.40,675.0000
2019-04-02T04:00:00,1286.30,1290.90,1284.50,1290.00,525.0000
2019-04-03T04:00:00,1291.40,1293.10,1287.50,1289.90,172.0000
2019-04-04T04:00:00,1290.60,1292.60,1279.50,1289.00,269.0000
2019-04-05T04:00:00,1292.00,1292.00,1283.60,1290.40,181.0000
2019-04-08T04:00:00,1292.20,1302.10,1291.80,1297.10,63.0000
2019-04-09T04:00:00,1298.50,1304.90,1298.50,1303.50,30.0000
2019-04-10T04:00:00,1304.00,1309.10,1301.50,1309.10,66.0000
2019-04-11T04:00:00,1307.00,1307.10,1288.60,1288.60,420.0000
2019-04-12T04:00:00,1293.40,1293.40,1289.20,1290.60,607.0000
2019-04-15T04:00:00,1284.80,1287.30,1282.30,1286.80,523.0000
2019-04-16T04:00:00,1285.20,1285.20,1272.20,1272.60,643.0000
2019-04-17T04:00:00,1273.50,1273.50,1271.60,1272.20,308.0000
2019-04-18T04:00:00,1270.80,1273.60,1270.10,1271.90,27.0000
2019-04-22T04:00:00,1273.50,1273.50,1273.50,1273.50,147.0000
2019-04-23T04:00:00,1266.40,1269.80,1266.00,1269.30,206.0000
2019-04-24T04:00:00,1268.40,1275.50,1267.80,1275.50,518.0000
2019-04-25T04:00:00,1280.60,1280.80,1275.80,1275.80,95.0000
2019-04-26T04:00:00,1284.90,1284.90,1284.90,1284.90,804.0000
2019-04-29T04:00:00,1284.80,1284.90,1277.10,1278.60,568.0000
2019-04-30T04:00:00,1281.70,1283.30,1280.80,1282.80,114.0000
2019-05-01T04:00:00,1278.70,1283.30,1278.70,1281.40,70.0000
2019-05-02T04:00:00,1269.20,1270.80,1266.60,1269.70,63.0000
2019-05-03T04:00:00,1270.10,1279.20,1270.10,1279.20,15.0000
2019-05-06T04:00:00,1282.20,1282.20,1280.30,1281.70,12.0000
2019-05-07T04:00:00,1280.50,1283.50,1280.50,1283.50,8.0000
2019-05-08T04:00:00,1279.40,1279.40,1279.40,1279.40,5.0000
2019-05-09T04:00:00,1278.90,1285.00,1278.80,1283.50,38.0000
2019-05-10T04:00:00,1285.40,1286.50,1283.30,1285.70,6.0000
2019-05-13T04:00:00,1286.70,1300.10,1281.80,1300.10,56.0000
2019-05-14T04:00:00,1297.80,1297.80,1294.70,1294.70,6.0000
2019-05-15T04:00:00,1296.90,1296.90,1296.00,1296.30,55.0000
2019-05-16T04:00:00,1285.20,1285.40,1285.00,1285.00,3.0000
2019-05-17T04:00:00,1280.00,1280.00,1274.50,1274.50,1.0000
2019-05-20T04:00:00,1276.10,1276.10,1276.10,1276.10,20.0000
2019-05-21T04:00:00,1272.00,1272.00,1272.00,1272.00,0.0000
2019-05-22T04:00:00,1273.60,1273.60,1273.60,1273.60,0.0000
2019-05-23T04:00:00,1284.80,1284.80,1284.80,1284.80,0.0000
2019-05-24T04:00:00,1283.00,1283.00,1283.00,1283.00,9.0000
2019-05-28T04:00:00,1276.50,1276.50,1276.50,1276.50,0.0000
2019-05-29T04:00:00,1280.60,1280.60,1280.60,1280.60,189694.0000
2019-05-30T04:00:00,1279.40,1288.30,1273.90,1287.10,55573.0000
2019-05-31T04:00:00,1287.70,1306.40,1287.50,1305.80,2814.0000
2019-06-03T04:00:00,1307.00,1327.80,1307.00,1322.70,812.0000
2019-06-04T04:00:00,1324.30,1328.60,1320.80,1323.40,302.0000
2019-06-05T04:00:00,1328.90,1343.30,1326.30,1328.30,622.0000
2019-06-06T04:00:00,1330.80,1338.70,1326.20,1337.60,161.0000
2019-06-07T04:00:00,1333.10,1347.70,1329.80,1341.20,240.0000
2019-06-10T04:00:00,1335.80,1336.50,1324.10,1324.70,268.0000
2019-06-11T04:00:00,1328.40,1328.40,1319.10,1326.40,201.0000
2019-06-12T04:00:00,1326.90,1334.50,1326.90,1331.90,139.0000
2019-06-13T04:00:00,1331.60,1341.10,1331.60,1339.20,157.0000
2019-06-14T04:00:00,1345.40,1355.40,1339.30,1340.10,914.0000
2019-06-17T04:00:00,1339.00,1340.30,1335.00,1338.70,76.0000
2019-06-18T04:00:00,1349.30,1349.30,1341.60,1346.60,29.0000
2019-06-19T04:00:00,1344.00,1344.60,1344.00,1344.60,129.0000
2019-06-20T04:00:00,1381.50,1392.90,1379.50,1392.90,76.0000
2019-06-21T04:00:00,1406.00,1406.00,1390.30,1396.20,35.0000
2019-06-24T04:00:00,1406.00,1420.60,1402.10,1414.30,125.0000
2019-06-25T04:00:00,1418.10,1433.30,1414.90,1414.90,105.0000
2019-06-26T04:00:00,1407.20,1413.30,1405.80,1411.60,1333.0000
2019-06-27T04:00:00,1407.00,1410.80,1399.80,1408.40,437.0000
2019-06-28T04:00:00,1408.30,1422.00,1408.30,1409.70,356.0000
2019-07-01T04:00:00,1386.60,1395.80,1382.80,1385.60,214.0000
2019-07-02T04:00:00,1391.10,1418.40,1390.80,1404.60,38.0000
2019-07-03T13:30:00,1431.00,1434.00,1413.10,1417.70,46.0000
2019-07-05T04:00:00,1418.30,1418.30,1390.20,1396.70,20.0000
2019-07-08T04:00:00,1395.90,1397.00,1393.60,1397.00,14.0000
2019-07-09T04:00:00,1394.50,1397.50,1386.20,1397.50,53.0000
2019-07-10T04:00:00,1409.90,1410.10,1409.90,1410.10,50.0000
2019-07-11T04:00:00,1424.00,1424.00,1404.30,1404.30,6.0000
2019-07-12T04:00:00,1405.60,1410.10,1405.60,1409.90,8.0000
2019-07-15T04:00:00,1414.40,1415.00,1411.40,1411.40,25.0000
2019-07-16T04:00:00,1413.60,1413.70,1405.00,1409.20,13.0000
2019-07-17T04:00:00,1404.60,1421.30,1404.60,1421.30,6.0000
2019-07-18T04:00:00,1422.30,1444.20,1419.50,1426.10,66.0000
2019-07-19T04:00:00,1440.50,1442.00,1425.10,1425.10,22.0000
2019-07-22T04:00:00,1425.30,1425.30,1424.00,1425.30,1.0000
2019-07-23T04:00:00,1418.60,1421.30,1416.30,1420.10,5.0000
2019-07-24T04:00:00,1422.80,1422.80,1422.80,1422.80,20.0000
2019-07-25T04:00:00,1413.90,1413.90,1413.90,1413.90,4.0000
2019-07-26T04:00:00,1422.80,1423.00,1418.50,1418.50,5.0000
2019-07-29T04:00:00,1419.60,1419.60,1419.60,1419.60,224267.0000
2019-07-30T04:00:00,1426.30,1433.90,1422.10,1429.70,73874.0000
2019-07-31T04:00:00,1431.30,1435.80,1411.20,1426.10,3294.0000
2019-08-01T04:00:00,1411.30,1445.20,1400.90,1420.90,2431.0000
2019-08-02T04:00:00,1448.00,1448.00,1432.30,1445.60,1873.0000
2019-08-05T04:00:00,1440.40,1469.70,1440.40,1464.60,1008.0000
2019-08-06T04:00:00,1469.70,1475.00,1457.70,1472.40,460.0000
2019-08-07T04:00:00,1473.50,1509.90,1473.20,1507.30,824.0000
2019-08-08T04:00:00,1498.40,1508.50,1492.00,1497.70,367.0000
2019-08-09T04:00:00,1506.20,1507.50,1495.60,1496.60,74.0000
2019-08-12T04:00:00,1496.00,1514.90,1488.10,1505.30,257.0000
2019-08-13T04:00:00,1510.40,1531.40,1483.70,1502.20,672.0000
2019-08-14T04:00:00,1500.00,1520.50,1497.00,1515.90,328.0000
2019-08-15T04:00:00,1519.80,1522.70,1510.60,1519.60,87.0000
2019-08-16T04:00:00,1524.60,1524.60,1504.70,1512.50,1815.0000
2019-08-19T04:00:00,1507.20,1507.60,1492.90,1500.40,205.0000
2019-08-20T04:00:00,1497.50,1506.10,1497.50,1504.60,486.0000
2019-08-21T04:00:00,1504.90,1505.00,1498.80,1504.60,350.0000
2019-08-22T04:00:00,1495.10,1497.30,1493.80,1497.30,686.0000
2019-08-23T04:00:00,1493.50,1527.60,1493.50,1526.60,983.0000
2019-08-26T04:00:00,1543.20,1543.30,1524.30,1526.30,334.0000
2019-08-27T04:00:00,1530.50,1542.10,1528.50,1541.00,166.0000
2019-08-28T04:00:00,1538.10,1538.10,1537.80,1537.80,2756.0000
2019-08-29T04:00:00,1537.50,1549.30,1519.60,1526.50,704.0000
2019-08-30T04:00:00,1524.60,1530.40,1516.70,1519.10,276.0000
2019-09-03T04:00:00,1522.90,1547.30,1521.00,1545.90,139.0000
2019-09-04T04:00:00,1549.00,1553.20,1534.80,1550.30,46.0000
2019-09-05T04:00:00,1551.00,1551.10,1511.10,1515.40,125.0000
2019-09-06T04:00:00,1517.30,1526.00,1504.50,1506.20,54.0000
2019-09-09T04:00:00,1509.00,1513.00,1498.00,1502.20,69.0000
2019-09-10T04:00:00,1498.50,1498.50,1486.90,1490.30,23.0000
2019-09-11T04:00:00,1491.70,1496.60,1490.20,1494.40,8.0000
2019-09-12T04:00:00,1499.50,1515.40,1498.70,1498.70,27.0000
2019-09-13T04:00:00,1490.90,1490.90,1486.90,1490.90,1.0000
2019-09-16T04:00:00,1506.60,1506.80,1496.90,1503.10,21.0000
2019-09-17T04:00:00,1497.90,1505.10,1497.90,1505.10,3.0000
2019-09-18T04:00:00,1508.90,1509.40,1489.30,1507.50,8.0000
2019-09-19T04:00:00,1496.10,1502.40,1496.10,1498.40,10.0000
2019-09-20T04:00:00,1503.00,1507.30,1503.00,1507.30,2.0000
2019-09-23T04:00:00,1515.50,1523.70,1515.50,1523.70,5.0000
2019-09-24T04:00:00,1515.10,1533.00,1515.10,1532.10,25.0000
2019-09-25T04:00:00,1527.60,1527.90,1504.60,1504.60,25.0000
2019-09-26T04:00:00,1507.50,1507.50,1507.50,1507.50,8178.0000
2019-09-27T04:00:00,1504.20,1506.10,1485.60,1499.10,7827.0000
2019-09-30T04:00:00,1495.90,1495.90,1463.50,1465.70,1078.0000
2019-10-01T04:00:00,1468.70,1485.50,1458.30,1482.00,219.0000
2019-10-02T04:00:00,1476.60,1503.70,1474.10,1501.00,205.0000
2019-10-03T04:00:00,1497.40,1518.20,1496.60,1507.10,1213.0000
2019-10-04T04:00:00,1505.60,1508.70,1497.10,1506.20,233.0000
2019-10-07T04:00:00,1504.80,1505.80,1489.10,1497.70,121.0000
2019-10-08T04:00:00,1489.40,1506.30,1489.30,1497.20,46.0000
2019-10-09T04:00:00,1507.70,1507.70,1498.40,1506.10,120.0000
2019-10-10T04:00:00,1511.20,1511.20,1490.60,1494.80,78.0000
2019-10-11T04:00:00,1491.90,1494.90,1476.90,1482.70,57.0000
2019-10-14T04:00:00,1484.40,1493.50,1481.30,1491.70,400.0000
2019-10-15T04:00:00,1488.90,1495.40,1476.60,1477.60,367.0000
2019-10-16T04:00:00,1482.00,1488.00,1480.00,1488.00,383.0000
2019-10-17T04:00:00,1486.20,1493.20,1485.80,1492.30,271.0000
2019-10-18T04:00:00,1487.30,1489.10,1486.60,1488.20,82.0000
2019-10-21T04:00:00,1489.90,1489.90,1481.50,1482.40,72.0000
2019-10-22T04:00:00,1483.40,1483.50,1481.70,1481.70,99.0000
2019-10-23T04:00:00,1486.40,1490.30,1486.40,1489.90,67.0000
2019-10-24T04:00:00,1490.50,1501.20,1485.90,1498.90,115.0000
2019-10-25T04:00:00,1501.40,1514.30,1499.00,1499.50,93.0000
2019-10-28T04:00:00,1504.10,1504.10,1490.00,1490.00,37.0000
2019-10-29T04:00:00,1485.90,1487.00,1485.90,1487.00,425.0000
2019-10-30T04:00:00,1487.20,1495.40,1481.00,1493.20,320.0000
2019-10-31T04:00:00,1496.10,1513.10,1496.10,1511.40,210.0000
2019-11-01T04:00:00,1511.00,1511.60,1503.00,1508.00,235.0000
2019-11-04T05:00:00,1511.60,1511.60,1508.00,1508.00,101.0000
2019-11-05T05:00:00,1507.10,1507.10,1480.80,1480.80,31.0000
2019-11-06T05:00:00,1483.20,1491.00,1483.20,1490.20,567.0000
2019-11-07T05:00:00,1489.10,1489.10,1464.20,1464.20,581.0000
2019-11-08T05:00:00,1469.10,1469.10,1461.30,1461.30,21.0000
2019-11-11T05:00:00,1461.00,1461.00,1449.30,1455.50,22.0000
2019-11-12T05:00:00,1454.90,1454.90,1447.10,1452.10,6.0000
2019-11-13T05:00:00,1456.80,1463.30,1456.80,1461.70,56.0000
2019-11-14T05:00:00,1463.80,1471.80,1463.70,1471.80,83.0000
2019-11-15T05:00:00,1469.10,1469.10,1467.30,1467.30,13.0000
2019-11-18T05:00:00,1472.00,1472.00,1469.70,1470.90,141.0000
2019-11-19T05:00:00,1467.70,1474.30,1467.70,1473.30,18.0000
2019-11-20T05:00:00,1472.60,1474.50,1467.30,1473.30,31.0000
2019-11-21T05:00:00,1463.10,1463.10,1463.10,1463.10,16.0000
2019-11-22T05:00:00,1468.60,1468.60,1463.10,1463.10,19.0000
2019-11-25T05:00:00,1457.10,1457.10,1455.50,1456.60,14.0000
2019-11-26T05:00:00,1459.80,1459.80,1459.80,1459.80,346362.0000
2019-11-27T05:00:00,1461.10,1461.90,1452.00,1453.40,88364.0000
2019-11-29T14:30:00,1453.60,1465.60,1452.10,1465.60,7020.0000
2019-12-02T05:00:00,1462.80,1464.40,1453.30,1462.30,2172.0000
2019-12-03T05:00:00,1461.60,1480.40,1459.50,1478.20,1460.0000
2019-12-04T05:00:00,1477.50,1483.40,1471.20,1474.00,613.0000
2019-12-05T05:00:00,1474.70,1478.00,1472.30,1476.90,907.0000
2019-12-06T05:00:00,1475.00,1476.00,1458.20,1459.10,899.0000
2019-12-09T05:00:00,1458.80,1464.20,1458.60,1459.30,1461.0000
2019-12-10T05:00:00,1460.70,1467.20,1460.70,1462.60,367.0000
2019-12-11T05:00:00,1463.10,1475.40,1463.10,1469.40,393.0000
2019-12-12T05:00:00,1475.10,1483.90,1463.70,1466.70,955.0000
2019-12-13T05:00:00,1463.10,1475.90,1463.10,1475.60,468.0000
2019-12-16T05:00:00,1473.80,1475.30,1473.80,1475.00,99.0000
2019-12-17T05:00:00,1474.10,1476.90,1474.00,1474.60,410.0000
2019-12-18T05:00:00,1472.60,1472.60,1472.60,1472.60,250.0000
2019-12-19T05:00:00,1475.90,1478.90,1473.30,1478.20,319.0000
2019-12-20T05:00:00,1476.70,1478.10,1474.70,1474.70,118.0000
2019-12-23T05:00:00,1482.30,1482.50,1479.90,1482.50,391.0000
2019-12-24T14:30:00,1488.70,1499.10,1488.70,1499.10,52.0000
2019-12-26T05:00:00,1505.20,1512.30,1505.00,1509.30,126.0000
2019-12-27T05:00:00,1513.80,1513.80,1513.80,1513.80,839.0000
2019-12-30T05:00:00,1512.60,1515.10,1510.00,1514.50,446.0000
2019-12-31T05:00:00,1513.80,1523.40,1513.80,1519.50,301.0000
2020-01-02T05:00:00,1518.10,1528.70,1518.00,1524.50,214.0000
2020-01-03T05:00:00,1530.10,1552.70,1530.10,1549.20,107.0000
2020-01-06T05:00:00,1580.00,1580.00,1560.40,1566.20,416.0000
2020-01-07T05:00:00,1558.30,1576.30,1558.30,1571.80,47.0000
2020-01-08T05:00:00,1579.70,1604.20,1552.30,1557.40,236.0000
2020-01-09T05:00:00,1555.70,1555.70,1543.30,1551.70,54.0000
2020-01-10T05:00:00,1551.20,1558.80,1545.40,1557.50,16.0000
2020-01-13T05:00:00,1557.40,1558.00,1548.40,1548.40,48.0000
2020-01-14T05:00:00,1546.70,1546.70,1534.90,1542.40,32.0000
2020-01-15T05:00:00,1548.00,1553.90,1545.60,1552.10,11.0000
2020-01-16T05:00:00,1555.70,1556.10,1548.50,1549.00,98.0000
2020-01-17T05:00:00,1554.10,1558.80,1553.60,1558.80,108.0000
2020-01-21T05:00:00,1559.30,1566.20,1551.00,1556.40,45.0000
2020-01-22T05:00:00,1549.80,1557.10,1549.80,1555.30,42.0000
2020-01-23T05:00:00,1553.10,1564.60,1552.20,1564.60,15.0000
2020-01-24T05:00:00,1556.30,1571.10,1556.30,1571.10,43.0000
2020-01-27T05:00:00,1584.30,1584.50,1576.80,1576.80,22.0000
2020-01-28T05:00:00,1576.40,1576.40,1569.20,1569.20,3.0000
2020-01-29T05:00:00,1569.80,1569.80,1569.80,1569.80,251274.0000
2020-01-30T05:00:00,1576.80,1585.00,1571.40,1583.50,62336.0000
2020-01-31T05:00:00,1573.40,1589.00,1570.00,1582.90,1095.0000
2020-02-03T05:00:00,1592.90,1593.30,1568.20,1577.20,1062.0000
2020-02-04T05:00:00,1577.70,1577.70,1547.80,1550.40,978.0000
2020-02-05T05:00:00,1553.20,1560.70,1547.70,1557.80,1305.0000
2020-02-06T05:00:00,1553.60,1565.60,1551.60,1565.10,110.0000
2020-02-07T05:00:00,1564.90,1571.90,1560.50,1568.60,431.0000
2020-02-10T05:00:00,1569.30,1574.70,1568.60,1574.70,128.0000
2020-02-11T05:00:00,1570.90,1571.10,1561.90,1565.60,440.0000
2020-02-12T05:00:00,1565.20,1568.70,1561.00,1567.40,36.0000
2020-02-13T05:00:00,1570.20,1575.10,1570.20,1575.10,74.0000
2020-02-14T05:00:00,1575.80,1582.70,1574.80,1582.70,68.0000
2020-02-18T05:00:00,1579.80,1604.30,1579.80,1600.00,310.0000
2020-02-19T05:00:00,1600.60,1610.50,1599.70,1607.50,542.0000
2020-02-20T05:00:00,1606.50,1621.00,1603.00,1616.60,117.0000
2020-02-21T05:00:00,1619.30,1645.00,1619.30,1644.60,186.0000
2020-02-24T05:00:00,1657.00,1686.60,1650.00,1672.40,435.0000
2020-02-25T05:00:00,1645.10,1653.70,1632.30,1646.90,409.0000
2020-02-26T05:00:00,1644.00,1648.10,1636.40,1640.00,1990.0000
2020-02-27T05:00:00,1641.10,1658.00,1638.50,1640.00,707.0000
2020-02-28T05:00:00,1640.30,1642.50,1564.10,1564.10,289.0000
2020-03-02T05:00:00,1583.90,1608.30,1574.30,1592.30,537.0000
2020-03-03T05:00:00,1594.50,1645.30,1594.00,1642.10,610.0000
2020-03-04T05:00:00,1645.40,1645.90,1631.30,1641.10,83.0000
2020-03-05T05:00:00,1637.30,1672.90,1637.20,1666.40,154.0000
2020-03-06T05:00:00,1670.80,1686.20,1647.20,1670.80,175.0000
2020-03-09T04:00:00,1696.10,1701.60,1657.70,1674.50,161.0000
2020-03-10T04:00:00,1671.60,1674.60,1643.00,1659.10,48.0000
2020-03-11T04:00:00,1656.60,1666.50,1635.00,1641.40,47.0000
2020-03-12T04:00:00,1637.00,1647.50,1566.40,1589.30,256.0000
2020-03-13T04:00:00,1574.90,1589.80,1513.80,1515.70,89.0000
2020-03-16T04:00:00,1569.10,1569.10,1452.10,1485.90,193.0000
2020-03-17T04:00:00,1469.30,1537.70,1469.30,1524.90,122.0000
2020-03-18T04:00:00,1537.50,1542.00,1477.30,1477.30,333.0000
2020-03-19T04:00:00,1481.50,1491.60,1471.00,1478.60,262.0000
2020-03-20T04:00:00,1483.50,1484.00,1483.50,1484.00,14.0000
2020-03-23T04:00:00,1505.30,1567.00,1490.20,1567.00,51.0000
2020-03-24T04:00:00,1592.70,1685.50,1592.70,1660.20,442.0000
2020-03-25T04:00:00,1676.50,1676.50,1631.10,1632.30,476.0000
2020-03-26T04:00:00,1660.50,1660.50,1650.10,1650.10,3.0000
2020-03-27T04:00:00,1623.90,1623.90,1623.90,1623.90,100638.0000
2020-03-30T04:00:00,1641.20,1652.80,1607.20,1622.00,16389.0000
2020-03-31T04:00:00,1618.70,1621.00,1576.00,1583.40,2874.0000
2020-04-01T04:00:00,1570.00,1600.00,1570.00,1578.20,2158.0000
2020-04-02T04:00:00,1590.90,1631.20,1586.00,1625.70,1294.0000
2020-04-03T04:00:00,1624.50,1636.00,1619.80,1633.70,643.0000
2020-04-06T04:00:00,1629.10,1696.70,1625.90,1677.00,1063.0000
2020-04-07T04:00:00,1695.70,1724.40,1658.00,1664.80,1144.0000
2020-04-08T04:00:00,1669.70,1677.00,1662.50,1665.40,747.0000
2020-04-09T04:00:00,1662.70,1736.20,1662.70,1736.20,825.0000
2020-04-13T04:00:00,1722.00,1756.80,1710.70,1744.80,696.0000
2020-04-14T04:00:00,1756.80,1775.00,1739.50,1756.70,675.0000
2020-04-15T04:00:00,1739.40,1744.90,1722.70,1727.20,642.0000
2020-04-16T04:00:00,1731.00,1750.60,1715.00,1720.40,162.0000
2020-04-17T04:00:00,1715.70,1725.00,1684.90,1689.20,223.0000
2020-04-20T04:00:00,1686.00,1701.60,1680.00,1701.60,106.0000
2020-04-21T04:00:00,1697.00,1707.10,1659.90,1678.20,666.0000
2020-04-22T04:00:00,1696.00,1728.70,1684.80,1728.70,453.0000
2020-04-23T04:00:00,1734.00,1745.10,1733.30,1733.30,482.0000
2020-04-24T04:00:00,1744.00,1744.00,1714.50,1723.50,221.0000
2020-04-27T04:00:00,1731.90,1731.90,1711.90,1711.90,169.0000
2020-04-28T04:00:00,1716.60,1716.60,1707.10,1710.50,1255.0000
2020-04-29T04:00:00,1710.00,1713.50,1702.00,1703.40,373.0000
2020-04-30T04:00:00,1719.30,1719.30,1680.80,1684.20,327.0000
2020-05-01T04:00:00,1686.60,1701.50,1670.50,1694.50,337.0000
2020-05-04T04:00:00,1702.60,1709.00,1699.60,1706.90,320.0000
2020-05-05T04:00:00,1701.50,1704.40,1697.20,1704.40,82.0000
2020-05-06T04:00:00,1704.00,1704.00,1684.20,1684.20,469.0000
2020-05-07T04:00:00,1686.20,1721.80,1685.60,1721.80,853.0000
2020-05-08T04:00:00,1726.20,1728.90,1703.80,1709.90,330.0000
2020-05-11T04:00:00,1702.30,1704.50,1690.20,1695.30,749.0000
2020-05-12T04:00:00,1699.30,1713.10,1699.30,1704.40,324.0000
2020-05-13T04:00:00,1702.00,1721.30,1701.90,1713.90,431.0000
2020-05-14T04:00:00,1724.30,1743.10,1720.50,1738.10,672.0000
2020-05-15T04:00:00,1739.70,1753.40,1739.70,1753.40,719.0000
2020-05-18T04:00:00,1755.70,1770.50,1731.80,1731.80,229.0000
2020-05-19T04:00:00,1744.20,1749.50,1744.20,1744.20,167.0000
2020-05-20T04:00:00,1751.60,1752.10,1745.60,1750.60,16.0000
2020-05-21T04:00:00,1746.80,1746.80,1720.50,1720.50,528.0000
2020-05-22T04:00:00,1726.60,1734.60,1726.60,1734.60,6.0000
2020-05-26T04:00:00,1726.40,1726.40,1704.80,1704.80,39.0000
2020-05-27T04:00:00,1685.60,1710.30,1685.60,1710.30,137416.0000
2020-05-28T04:00:00,1709.30,1727.80,1705.00,1713.30,23355.0000
2020-05-29T04:00:00,1732.70,1754.50,1725.30,1751.70,150112.0000
2020-06-01T04:00:00,1749.80,1761.00,1737.60,1750.30,146131.0000
2020-06-02T04:00:00,1750.30,1757.00,1728.00,1734.00,175351.0000
2020-06-03T04:00:00,1733.70,1738.90,1690.30,1704.80,256523.0000
2020-06-04T04:00:00,1702.80,1729.00,1698.90,1727.40,198723.0000
2020-06-05T04:00:00,1720.80,1723.20,1671.70,1683.00,273683.0000
2020-06-08T04:00:00,1686.70,1707.60,1680.70,1705.10,154767.0000
2020-06-09T04:00:00,1703.90,1729.40,1697.60,1721.90,182910.0000
2020-06-10T04:00:00,1718.90,1749.40,1714.10,1720.70,198763.0000
2020-06-11T04:00:00,1746.60,1754.90,1727.50,1739.80,205348.0000
2020-06-12T04:00:00,1733.60,1753.00,1728.20,1737.30,151397.0000
2020-06-15T04:00:00,1740.70,1743.80,1706.20,1727.20,200225.0000
2020-06-16T04:00:00,1732.30,1741.30,1721.80,1736.50,182423.0000
2020-06-17T04:00:00,1735.30,1739.30,1717.30,1735.60,140069.0000
2020-06-18T04:00:00,1735.50,1749.20,1722.70,1731.10,155912.0000
2020-06-19T04:00:00,1729.80,1760.90,1728.30,1753.00,181151.0000
2020-06-22T04:00:00,1765.80,1779.00,1753.50,1766.40,228682.0000
2020-06-23T04:00:00,1764.90,1786.80,1758.30,1782.00,194678.0000
2020-06-24T04:00:00,1784.40,1796.10,1770.60,1775.10,239533.0000
2020-06-25T04:00:00,1772.30,1779.60,1764.10,1770.60,152200.0000
2020-06-26T04:00:00,1774.80,1786.20,1754.00,1780.30,201233.0000
2020-06-29T04:00:00,1789.20,1790.40,1776.50,1781.20,130505.0000
2020-06-30T04:00:00,1784.20,1804.00,1774.80,1800.50,199417.0000
2020-07-01T04:00:00,1798.90,1807.70,1767.90,1779.90,263254.0000
2020-07-02T04:00:00,1779.00,1791.70,1766.30,1790.00,186306.0000
2020-07-06T04:00:00,1787.90,1799.00,1779.20,1793.50,184653.0000
2020-07-07T04:00:00,1793.90,1810.80,1781.20,1809.90,221733.0000
2020-07-08T04:00:00,1807.90,1829.80,1803.80,1820.60,247500.0000
2020-07-09T04:00:00,1818.80,1825.50,1799.60,1803.80,283371.0000
2020-07-10T04:00:00,1808.40,1817.00,1796.50,1801.90,223832.0000
2020-07-13T04:00:00,1803.40,1818.80,1802.10,1814.10,230398.0000
2020-07-14T04:00:00,1805.20,1815.00,1791.10,1813.40,253207.0000
2020-07-15T04:00:00,1811.10,1819.50,1804.00,1813.80,183055.0000
2020-07-16T04:00:00,1813.10,1816.20,1794.10,1800.30,196566.0000
2020-07-17T04:00:00,1796.90,1813.90,1795.20,1810.00,167012.0000
2020-07-20T04:00:00,1812.30,1823.40,1806.60,1817.40,177739.0000
2020-07-21T04:00:00,1819.60,1844.90,1817.20,1843.90,271085.0000
2020-07-22T04:00:00,1842.80,1871.80,1842.10,1865.10,382234.0000
2020-07-23T04:00:00,1871.60,1897.70,1863.10,1890.00,418749.0000
2020-07-24T04:00:00,1884.90,1904.60,1880.50,1897.50,300174.0000
2020-07-27T04:00:00,1901.20,1941.90,1899.00,1931.00,428229.0000
2020-07-28T04:00:00,1937.10,1974.70,1900.20,1944.60,434445.0000
2020-07-29T04:00:00,1950.60,1974.90,1935.20,1953.40,209835.0000
2020-07-30T04:00:00,1963.40,1965.10,1930.00,1942.30,28853.0000
2020-07-31T04:00:00,1948.60,1981.10,1948.00,1962.80,2914.0000
2020-08-03T04:00:00,1984.30,1984.30,1955.50,1966.00,178754.0000
2020-08-04T04:00:00,1993.50,2037.70,1982.60,2021.00,274420.0000
2020-08-05T04:00:00,2037.00,2070.30,2027.50,2049.30,366379.0000
2020-08-06T04:00:00,2055.00,2081.80,2049.00,2069.40,312758.0000
2020-08-07T04:00:00,2076.40,2089.20,2024.80,2028.00,398127.0000
2020-08-10T04:00:00,2044.80,2060.80,2027.80,2039.70,251306.0000
2020-08-11T04:00:00,2038.40,2040.50,1911.30,1946.30,565001.0000
2020-08-12T04:00:00,1921.60,1961.00,1874.20,1949.00,459842.0000
2020-08-13T04:00:00,1927.30,1974.80,1923.00,1970.40,349891.0000
2020-08-14T04:00:00,1963.80,1970.00,1939.10,1949.80,241798.0000
2020-08-17T04:00:00,1956.40,2000.80,1939.10,1998.70,289437.0000
2020-08-18T04:00:00,1993.60,2024.60,1985.20,2013.10,361475.0000
2020-08-19T04:00:00,2010.50,2015.60,1930.50,1970.30,443256.0000
2020-08-20T04:00:00,1934.40,1963.10,1928.90,1946.50,383338.0000
2020-08-21T04:00:00,1955.60,1963.10,1916.60,1947.00,355065.0000
2020-08-24T04:00:00,1947.90,1970.30,1930.80,1939.20,286258.0000
2020-08-25T04:00:00,1935.90,1944.10,1919.10,1923.10,274113.0000
2020-08-26T04:00:00,1939.00,1963.40,1908.40,1952.50,342207.0000
2020-08-27T04:00:00,1963.00,1987.00,1914.70,1932.60,467170.0000
2020-08-28T04:00:00,1937.50,1983.00,1928.20,1974.90,334102.0000
2020-08-31T04:00:00,1973.90,1985.80,1962.30,1978.60,245105.0000
2020-09-01T04:00:00,1973.70,2001.20,1969.20,1978.90,304894.0000
2020-09-02T04:00:00,1976.80,1980.40,1938.90,1944.70,332591.0000
2020-09-03T04:00:00,1948.90,1956.60,1927.20,1937.80,303029.0000
2020-09-04T04:00:00,1938.00,1956.60,1921.60,1934.30,304742.0000
2020-09-08T04:00:00,1938.00,1948.30,1911.70,1943.20,416013.0000
2020-09-09T04:00:00,1939.40,1959.70,1926.30,1954.90,227182.0000
2020-09-10T04:00:00,1955.30,1975.20,1948.60,1964.30,271478.0000
2020-09-11T04:00:00,1953.80,1963.40,1944.00,1947.90,205234.0000
2020-09-14T04:00:00,1948.90,1972.50,1945.20,1963.70,200091.0000
2020-09-15T04:00:00,1966.20,1982.40,1955.60,1966.20,239538.0000
2020-09-16T04:00:00,1961.40,1983.80,1957.20,1970.50,298385.0000
2020-09-17T04:00:00,1967.60,1969.30,1938.20,1949.90,273140.0000
2020-09-18T04:00:00,1951.10,1968.20,1951.10,1962.10,176074.0000
2020-09-21T04:00:00,1957.30,1962.90,1885.40,1910.60,386667.0000
2020-09-22T04:00:00,1918.10,1925.50,1898.90,1907.60,282714.0000
2020-09-23T04:00:00,1905.10,1909.90,1856.00,1868.40,411558.0000
2020-09-24T04:00:00,1866.90,1880.90,1851.00,1876.90,345036.0000
2020-09-25T04:00:00,1872.70,1879.30,1854.10,1866.30,230857.0000
2020-09-28T04:00:00,1862.70,1888.20,1851.10,1882.30,235915.0000
2020-09-29T04:00:00,1886.40,1904.80,1880.80,1903.20,217795.0000
2020-09-30T04:00:00,1903.20,1908.20,1885.80,1895.50,259868.0000
2020-10-01T04:00:00,1891.20,1917.90,1890.00,1916.30,262086.0000
2020-10-02T04:00:00,1911.00,1923.60,1895.20,1907.60,212728.0000
2020-10-05T04:00:00,1910.90,1924.90,1891.20,1920.10,177587.0000
2020-10-06T04:00:00,1917.80,1927.00,1878.20,1908.80,219440.0000
2020-10-07T04:00:00,1882.60,1902.40,1877.10,1890.80,188588.0000
2020-10-08T04:00:00,1890.60,1905.30,1885.30,1895.10,185453.0000
2020-10-09T04:00:00,1898.40,1936.80,1898.00,1926.20,229847.0000
2020-10-12T04:00:00,1935.00,1939.40,1923.80,1928.90,157212.0000
2020-10-13T04:00:00,1927.30,1930.60,1889.30,1894.60,267538.0000
2020-10-14T04:00:00,1895.40,1917.50,1885.00,1907.30,188302.0000
2020-10-15T04:00:00,1906.00,1913.20,1892.70,1908.90,213574.0000
2020-10-16T04:00:00,1912.70,1918.70,1901.10,1906.40,146910.0000
2020-10-19T04:00:00,1903.20,1923.40,1900.20,1911.70,159852.0000
2020-10-20T04:00:00,1906.40,1917.60,1896.60,1915.40,163912.0000
2020-10-21T04:00:00,1911.60,1936.00,1911.60,1929.50,201272.0000
2020-10-22T04:00:00,1927.40,1929.40,1894.20,1904.60,215581.0000
2020-10-23T04:00:00,1906.50,1917.30,1895.20,1905.20,172958.0000
2020-10-26T04:00:00,1906.00,1911.10,1892.50,1905.70,166313.0000
2020-10-27T04:00:00,1904.40,1913.80,1898.70,1911.90,153297.0000
2020-10-28T04:00:00,1909.80,1912.60,1869.10,1879.20,297085.0000
2020-10-29T04:00:00,1877.50,1885.10,1859.20,1868.00,225159.0000
2020-10-30T04:00:00,1867.90,1890.90,1863.30,1879.90,213173.0000
2020-11-02T05:00:00,1877.00,1897.10,1873.30,1892.50,164943.0000
2020-11-03T05:00:00,1896.40,1912.20,1887.60,1910.40,171368.0000
2020-11-04T05:00:00,1910.30,1917.90,1881.80,1896.20,293946.0000
2020-11-05T05:00:00,1903.40,1954.30,1902.20,1946.80,297512.0000
2020-11-06T05:00:00,1950.00,1961.80,1937.20,1951.70,246779.0000
2020-11-09T05:00:00,1956.00,1966.10,1848.00,1854.40,496088.0000
2020-11-10T05:00:00,1864.10,1888.90,1858.90,1876.40,264872.0000
2020-11-11T05:00:00,1876.10,1882.50,1853.90,1861.60,215170.0000
2020-11-12T05:00:00,1863.90,1883.00,1860.70,1873.30,209934.0000
2020-11-13T05:00:00,1875.60,1895.80,1872.10,1886.20,162538.0000
2020-11-16T05:00:00,1886.60,1898.00,1861.50,1887.80,222937.0000
2020-11-17T05:00:00,1888.20,1892.70,1876.30,1885.10,160884.0000
2020-11-18T05:00:00,1879.50,1884.20,1860.30,1873.90,209000.0000
2020-11-19T05:00:00,1872.00,1872.60,1850.00,1861.50,222347.0000
2020-11-20T05:00:00,1864.80,1879.20,1859.10,1872.40,186166.0000
2020-11-23T05:00:00,1869.80,1875.00,1828.00,1837.80,319657.0000
2020-11-24T05:00:00,1835.70,1836.90,1797.10,1804.60,367879.0000
2020-11-25T05:00:00,1805.20,1816.30,1798.60,1805.50,205754.0000
2020-11-27T14:30:00,1806.10,1817.00,1770.70,1781.90,71804.0000
2020-11-30T05:00:00,1785.00,1787.20,1762.30,1775.70,3145.0000
2020-12-01T05:00:00,1775.00,1815.90,1774.90,1814.10,203653.0000
2020-12-02T05:00:00,1819.10,1835.70,1810.50,1830.20,185323.0000
2020-12-03T05:00:00,1833.90,1847.40,1826.70,1841.10,180357.0000
2020-12-04T05:00:00,1844.70,1852.70,1832.00,1840.00,171259.0000
2020-12-07T05:00:00,1841.10,1873.00,1824.80,1866.00,209042.0000
2020-12-08T05:00:00,1866.10,1879.80,1863.90,1874.90,151792.0000
2020-12-09T05:00:00,1875.40,1875.90,1828.20,1838.50,219587.0000
2020-12-10T05:00:00,1843.00,1854.20,1831.50,1837.40,164803.0000
2020-12-11T05:00:00,1840.00,1851.80,1826.80,1843.60,153800.0000
2020-12-14T05:00:00,1845.00,1845.60,1820.00,1832.10,168491.0000
2020-12-15T05:00:00,1830.50,1859.30,1828.50,1855.30,173607.0000
2020-12-16T05:00:00,1857.70,1870.00,1848.20,1859.10,199679.0000
2020-12-17T05:00:00,1868.40,1902.00,1865.90,1890.40,219866.0000
2020-12-18T05:00:00,1891.30,1895.70,1881.90,1888.90,153231.0000
2020-12-21T05:00:00,1892.90,1912.00,1859.00,1882.80,232045.0000
2020-12-22T05:00:00,1883.00,1889.40,1863.70,1870.30,176016.0000
2020-12-23T05:00:00,1865.60,1883.70,1860.90,1878.10,162537.0000
2020-12-24T14:30:00,1877.30,1887.40,1873.10,1883.20,89405.0000
2020-12-28T05:00:00,1887.00,1904.10,1873.00,1880.40,196760.0000
2020-12-29T05:00:00,1878.00,1891.30,1875.60,1882.90,149267.0000
2020-12-30T05:00:00,1881.80,1899.00,1879.50,1893.40,133658.0000
2020-12-31T05:00:00,1899.00,1904.90,1889.10,1895.10,130631.0000
2021-01-04T05:00:00,1908.20,1948.70,1906.10,1946.60,273370.0000
2021-01-05T05:00:00,1946.00,1957.00,1938.40,1954.40,201945.0000
2021-01-06T05:00:00,1952.80,1962.50,1902.60,1908.60,366605.0000
2021-01-07T05:00:00,1921.50,1929.60,1907.50,1913.60,199982.0000
2021-01-08T05:00:00,1915.20,1918.40,1827.80,1835.40,443506.0000
2021-01-11T05:00:00,1849.40,1856.00,1817.10,1850.80,268363.0000
2021-01-12T05:00:00,1845.40,1864.00,1835.80,1844.20,240656.0000
2021-01-13T05:00:00,1855.00,1863.00,1841.60,1854.90,225988.0000
2021-01-14T05:00:00,1845.60,1857.60,1826.60,1851.40,257661.0000
2021-01-15T05:00:00,1847.30,1856.60,1822.10,1829.90,231105.0000
2021-01-19T05:00:00,1828.80,1845.00,1800.80,1840.20,331589.0000
2021-01-20T05:00:00,1839.90,1872.00,1831.10,1866.50,274396.0000
2021-01-21T05:00:00,1871.00,1874.60,1857.50,1865.90,196937.0000
2021-01-22T05:00:00,1870.10,1870.80,1836.30,1856.20,249715.0000
2021-01-25T05:00:00,1855.30,1867.40,1846.20,1855.20,211978.0000
2021-01-26T05:00:00,1854.90,1860.80,1847.20,1850.90,170259.0000
2021-01-27T05:00:00,1849.70,1851.50,1828.40,1844.90,195540.0000
2021-01-28T05:00:00,1843.40,1862.90,1831.50,1837.90,27283.0000
2021-01-29T05:00:00,1842.00,1876.00,1838.70,1847.30,276173.0000
2021-02-01T05:00:00,1865.00,1876.00,1851.70,1863.90,242045.0000
2021-02-02T05:00:00,1863.60,1866.30,1830.40,1833.40,235995.0000
2021-02-03T05:00:00,1838.50,1845.90,1830.10,1835.10,137228.0000
2021-02-04T05:00:00,1834.50,1835.70,1784.60,1791.20,279616.0000
2021-02-05T05:00:00,1794.30,1816.00,1792.20,1813.00,205758.0000
2021-02-08T05:00:00,1818.10,1840.60,1807.30,1834.20,177562.0000
2021-02-09T05:00:00,1832.40,1849.50,1830.30,1837.50,154392.0000
2021-02-10T05:00:00,1838.30,1856.60,1834.00,1842.70,176443.0000
2021-02-11T05:00:00,1844.30,1848.60,1821.70,1826.80,147019.0000
2021-02-12T05:00:00,1825.40,1831.50,1810.10,1823.20,171902.0000
2021-02-16T05:00:00,1826.00,1827.10,1788.10,1799.00,355922.0000
2021-02-17T05:00:00,1793.10,1794.20,1767.90,1772.80,257335.0000
2021-02-18T05:00:00,1776.00,1788.80,1766.60,1775.00,224767.0000
2021-02-19T05:00:00,1774.60,1790.90,1759.00,1777.40,251783.0000
2021-02-22T05:00:00,1782.00,1812.40,1778.60,1808.40,221198.0000
2021-02-23T05:00:00,1809.30,1815.20,1794.50,1805.90,191147.0000
2021-02-24T05:00:00,1805.00,1813.00,1782.20,1797.90,224060.0000
2021-02-25T05:00:00,1804.90,1805.00,1763.90,1775.40,316252.0000
2021-02-26T05:00:00,1770.90,1773.80,1714.90,1728.80,362549.0000
2021-03-01T05:00:00,1732.80,1757.40,1717.20,1723.00,241917.0000
2021-03-02T05:00:00,1722.80,1737.80,1704.60,1733.60,235964.0000
2021-03-03T05:00:00,1736.50,1739.10,1699.40,1715.80,255653.0000
2021-03-04T05:00:00,1708.40,1721.60,1687.60,1700.70,277449.0000
2021-03-05T05:00:00,1695.30,1705.70,1683.00,1698.50,269333.0000
2021-03-08T05:00:00,1701.60,1712.00,1673.30,1678.00,273905.0000
2021-03-09T05:00:00,1679.30,1718.70,1676.70,1716.90,248946.0000
2021-03-10T05:00:00,1714.50,1725.30,1705.60,1721.80,226890.0000
2021-03-11T05:00:00,1725.00,1738.00,1716.80,1722.60,215341.0000
2021-03-12T05:00:00,1720.50,1728.00,1696.60,1719.80,232207.0000
2021-03-15T04:00:00,1726.50,1733.20,1719.20,1729.20,163045.0000
2021-03-16T04:00:00,1730.70,1740.50,1724.40,1730.90,173891.0000
2021-03-17T04:00:00,1730.00,1750.60,1722.00,1727.10,220553.0000
2021-03-18T04:00:00,1744.00,1754.20,1716.60,1732.50,251758.0000
2021-03-19T04:00:00,1733.70,1746.10,1727.10,1741.70,213282.0000
2021-03-22T04:00:00,1745.60,1747.00,1726.40,1738.10,196311.0000
2021-03-23T04:00:00,1738.50,1742.00,1722.70,1725.10,226204.0000
2021-03-24T04:00:00,1725.90,1737.70,1722.30,1733.20,186524.0000
2021-03-25T04:00:00,1733.20,1744.80,1720.30,1725.10,226207.0000
2021-03-26T04:00:00,1725.50,1735.50,1718.80,1732.30,172944.0000
2021-03-29T04:00:00,1731.50,1732.60,1703.30,1712.20,135457.0000
2021-03-30T04:00:00,1711.00,1712.60,1676.50,1683.90,25316.0000
2021-03-31T04:00:00,1683.70,1713.80,1676.50,1713.80,210770.0000
2021-04-01T04:00:00,1709.00,1732.00,1706.40,1728.40,170430.0000
2021-04-05T04:00:00,1730.00,1734.40,1721.60,1728.80,101746.0000
2021-04-06T04:00:00,1729.20,1746.70,1728.20,1743.00,152598.0000
2021-04-07T04:00:00,1744.40,1745.40,1731.20,1741.60,122802.0000
2021-04-08T04:00:00,1738.60,1759.40,1733.60,1758.20,144574.0000
2021-04-09T04:00:00,1756.50,1758.20,1730.80,1744.80,171395.0000
2021-04-12T04:00:00,1744.50,1746.20,1727.00,1732.70,125360.0000
2021-04-13T04:00:00,1732.20,1749.50,1723.20,1747.60,175594.0000
2021-04-14T04:00:00,1746.40,1750.70,1732.30,1736.30,145260.0000
2021-04-15T04:00:00,1736.60,1770.60,1734.40,1766.80,198143.0000
2021-04-16T04:00:00,1764.80,1784.70,1760.30,1780.20,173498.0000
2021-04-19T04:00:00,1778.80,1790.40,1766.60,1770.60,180726.0000
2021-04-20T04:00:00,1770.50,1780.80,1763.50,1778.40,169041.0000
2021-04-21T04:00:00,1779.10,1798.40,1776.60,1793.10,173968.0000
2021-04-22T04:00:00,1794.50,1798.10,1777.10,1782.00,163753.0000
2021-04-23T04:00:00,1784.00,1796.30,1769.50,1777.80,175847.0000
2021-04-26T04:00:00,1776.10,1783.10,1768.20,1780.10,143358.0000
2021-04-27T04:00:00,1781.10,1785.90,1773.90,1778.80,147945.0000
2021-04-28T04:00:00,1776.40,1782.70,1761.80,1773.90,198578.0000
2021-04-29T04:00:00,1781.90,1789.90,1754.60,1768.30,231520.0000
2021-04-30T04:00:00,1772.40,1773.30,1763.30,1767.70,167292.0000
2021-05-03T04:00:00,1768.10,1798.90,1765.60,1791.80,204543.0000
2021-05-04T04:00:00,1793.20,1799.50,1769.20,1776.00,246585.0000
2021-05-05T04:00:00,1778.40,1788.10,1769.30,1784.30,178811.0000
2021-05-06T04:00:00,1787.00,1818.60,1781.80,1815.70,287629.0000
2021-05-07T04:00:00,1815.40,1844.60,1813.40,1831.30,367695.0000
2021-05-10T04:00:00,1835.40,1846.30,1830.50,1837.60,269707.0000
2021-05-11T04:00:00,1836.20,1842.50,1817.80,1836.10,311104.0000
2021-05-12T04:00:00,1838.20,1844.70,1813.00,1822.80,339207.0000
2021-05-13T04:00:00,1816.20,1829.10,1808.40,1824.00,249928.0000
2021-05-14T04:00:00,1826.40,1847.10,1819.00,1838.10,224380.0000
2021-05-17T04:00:00,1845.90,1869.30,1841.10,1867.60,267705.0000
2021-05-18T04:00:00,1867.30,1875.90,1863.50,1868.00,229016.0000
2021-05-19T04:00:00,1870.20,1891.30,1852.20,1881.50,398212.0000
2021-05-20T04:00:00,1869.90,1885.30,1864.20,1881.90,223568.0000
2021-05-21T04:00:00,1878.10,1890.30,1870.30,1876.70,234291.0000
2021-05-24T04:00:00,1883.50,1887.90,1875.70,1884.50,183312.0000
2021-05-25T04:00:00,1881.20,1901.20,1873.20,1898.00,316673.0000
2021-05-26T04:00:00,1900.00,1913.30,1890.70,1901.20,170526.0000
2021-05-27T04:00:00,1896.80,1903.90,1888.20,1895.70,35794.0000
2021-05-28T04:00:00,1897.50,1905.40,1881.90,1902.50,198141.0000
2021-06-01T04:00:00,1906.80,1919.20,1894.50,1905.00,290653.0000
2021-06-02T04:00:00,1903.00,1911.80,1896.40,1909.90,166036.0000
2021-06-03T04:00:00,1910.50,1912.30,1866.70,1873.30,278578.0000
2021-06-04T04:00:00,1872.70,1899.00,1855.60,1892.00,228826.0000
2021-06-07T04:00:00,1894.30,1902.90,1883.70,1898.80,146018.0000
2021-06-08T04:00:00,1901.60,1906.90,1885.70,1894.40,173604.0000
2021-06-09T04:00:00,1894.40,1901.70,1889.30,1895.50,147332.0000
2021-06-10T04:00:00,1891.40,1903.00,1871.80,1896.40,250551.0000
2021-06-11T04:00:00,1901.90,1906.20,1876.10,1879.60,220455.0000
2021-06-14T04:00:00,1879.60,1879.70,1845.70,1865.90,242302.0000
2021-06-15T04:00:00,1867.80,1870.90,1853.00,1856.40,155343.0000
2021-06-16T04:00:00,1861.00,1866.00,1804.40,1861.40,234104.0000
2021-06-17T04:00:00,1812.30,1826.40,1767.90,1774.80,385888.0000
2021-06-18T04:00:00,1773.90,1797.90,1761.20,1769.00,264605.0000
2021-06-21T04:00:00,1764.30,1786.90,1764.10,1782.90,195523.0000
2021-06-22T04:00:00,1783.20,1790.10,1771.20,1777.40,172745.0000
2021-06-23T04:00:00,1779.10,1795.60,1773.10,1783.40,179273.0000
2021-06-24T04:00:00,1778.20,1788.60,1772.70,1776.70,152232.0000
2021-06-25T04:00:00,1775.70,1791.00,1773.60,1777.80,161203.0000
2021-06-28T04:00:00,1782.00,1786.10,1770.40,1780.70,160788.0000
2021-06-29T04:00:00,1778.80,1779.20,1750.10,1763.60,239910.0000
2021-06-30T04:00:00,1761.90,1774.70,1753.20,1771.60,177887.0000
2021-07-01T04:00:00,1770.80,1783.40,1765.90,1776.80,171443.0000
2021-07-02T04:00:00,1777.50,1795.90,1774.40,1783.30,205858.0000
2021-07-06T04:00:00,1787.50,1815.70,1784.70,1794.20,276597.0000
2021-07-07T04:00:00,1797.00,1810.20,1794.10,1802.10,171075.0000
2021-07-08T04:00:00,1803.80,1819.50,1793.50,1800.20,249340.0000
2021-07-09T04:00:00,1803.20,1813.00,1796.60,1810.60,185581.0000
2021-07-12T04:00:00,1808.50,1811.00,1791.00,1805.90,201416.0000
2021-07-13T04:00:00,1806.70,1818.00,1798.70,1809.90,242177.0000
2021-07-14T04:00:00,1808.30,1831.10,1804.90,1825.00,229879.0000
2021-07-15T04:00:00,1828.70,1835.00,1820.60,1829.00,175611.0000
2021-07-16T04:00:00,1830.70,1832.70,1809.50,1815.00,184655.0000
2021-07-19T04:00:00,1811.60,1818.00,1795.00,1809.20,249675.0000
2021-07-20T04:00:00,1813.50,1825.90,1805.20,1811.40,221136.0000
2021-07-21T04:00:00,1810.60,1814.40,1794.30,1803.40,218636.0000
2021-07-22T04:00:00,1803.90,1808.40,1791.90,1805.40,193318.0000
2021-07-23T04:00:00,1807.70,1810.70,1789.10,1801.80,236764.0000
2021-07-26T04:00:00,1802.30,1812.00,1796.00,1799.20,204547.0000
2021-07-27T04:00:00,1797.10,1805.40,1792.80,1799.80,177043.0000
2021-07-28T04:00:00,1798.60,1809.00,1790.70,1799.70,209783.0000
2021-07-29T04:00:00,1806.60,1832.60,1806.10,1831.20,30496.0000
2021-07-30T04:00:00,1828.00,1830.50,1808.90,1812.60,157136.0000
2021-08-02T04:00:00,1817.00,1823.20,1808.20,1822.20,159755.0000
2021-08-03T04:00:00,1816.80,1818.20,1809.50,1814.10,103450.0000
2021-08-04T04:00:00,1813.70,1835.90,1808.30,1814.50,244683.0000
2021-08-05T04:00:00,1814.90,1817.90,1799.70,1808.90,169840.0000
2021-08-06T04:00:00,1806.70,1807.00,1759.50,1763.10,323149.0000
2021-08-09T04:00:00,1765.00,1765.70,1677.90,1726.50,289543.0000
2021-08-10T04:00:00,1732.00,1739.40,1718.50,1731.70,182561.0000
2021-08-11T04:00:00,1730.40,1756.70,1724.60,1753.30,185442.0000
2021-08-12T04:00:00,1752.90,1759.60,1742.60,1751.80,137119.0000
2021-08-13T04:00:00,1754.40,1781.90,1753.00,1778.20,144809.0000
2021-08-16T04:00:00,1780.70,1791.30,1772.00,1789.80,137698.0000
2021-08-17T04:00:00,1789.10,1797.60,1782.10,1787.80,144815.0000
2021-08-18T04:00:00,1787.80,1795.70,1778.80,1784.40,132725.0000
2021-08-19T04:00:00,1789.50,1795.00,1774.60,1783.10,151245.0000
2021-08-20T04:00:00,1782.80,1791.00,1780.00,1784.00,107966.0000
2021-08-23T04:00:00,1781.20,1809.10,1778.00,1806.30,156318.0000
2021-08-24T04:00:00,1807.60,1812.20,1802.60,1808.50,114785.0000
2021-08-25T04:00:00,1805.10,1805.30,1784.00,1791.00,163463.0000
2021-08-26T04:00:00,1793.00,1800.40,1781.30,1795.20,134534.0000
2021-08-27T04:00:00,1795.20,1821.90,1785.20,1819.50,203642.0000
2021-08-30T04:00:00,1821.60,1826.50,1810.00,1812.20,104875.0000
2021-08-31T04:00:00,1812.20,1821.90,1803.40,1818.10,170387.0000
2021-09-01T04:00:00,1816.70,1822.70,1810.60,1816.00,140116.0000
2021-09-02T04:00:00,1816.20,1819.60,1806.50,1811.50,113025.0000
2021-09-03T04:00:00,1811.50,1836.90,1810.90,1833.70,184984.0000
2021-09-07T04:00:00,1833.50,1833.50,1793.70,1798.50,252475.0000
2021-09-08T04:00:00,1796.10,1804.40,1783.10,1793.50,161258.0000
2021-09-09T04:00:00,1790.90,1803.40,1785.10,1800.00,154126.0000
2021-09-10T04:00:00,1796.20,1806.00,1788.20,1792.10,136246.0000
2021-09-13T04:00:00,1789.80,1800.20,1784.40,1794.40,114310.0000
2021-09-14T04:00:00,1794.80,1810.60,1780.60,1807.10,197954.0000
2021-09-15T04:00:00,1806.60,1808.50,1791.70,1794.80,139297.0000
2021-09-16T04:00:00,1795.50,1797.30,1745.50,1756.70,255267.0000
2021-09-17T04:00:00,1754.60,1767.80,1747.10,1751.40,183254.0000
2021-09-20T04:00:00,1754.20,1768.40,1742.30,1763.80,152451.0000
2021-09-21T04:00:00,1765.50,1782.80,1758.30,1778.20,141622.0000
2021-09-22T04:00:00,1775.00,1788.40,1764.60,1778.80,172348.0000
2021-09-23T04:00:00,1769.20,1777.10,1737.50,1749.80,225456.0000
2021-09-24T04:00:00,1743.70,1758.00,1740.20,1751.70,151552.0000
2021-09-27T04:00:00,1751.80,1760.90,1744.70,1752.00,137574.0000
2021-09-28T04:00:00,1750.00,1754.30,1727.80,1737.50,215840.0000
2021-09-29T04:00:00,1734.00,1746.00,1721.10,1722.90,177389.0000
2021-09-30T04:00:00,1726.00,1765.00,1721.80,1757.00,246365.0000
2021-10-01T04:00:00,1757.20,1765.20,1749.90,1758.40,151195.0000
2021-10-04T04:00:00,1762.60,1771.50,1747.70,1767.60,166180.0000
2021-10-05T04:00:00,1770.80,1771.10,1748.60,1760.90,151424.0000
2021-10-06T04:00:00,1760.50,1765.90,1745.40,1761.80,159218.0000
2021-10-07T04:00:00,1763.80,1767.70,1752.00,1759.20,146406.0000
2021-10-08T04:00:00,1757.00,1782.40,1753.60,1757.40,240371.0000
2021-10-11T04:00:00,1757.40,1761.10,1749.90,1755.70,114771.0000
2021-10-12T04:00:00,1753.60,1770.00,1750.50,1759.30,168110.0000
2021-10-13T04:00:00,1760.40,1797.40,1757.90,1794.70,299041.0000
2021-10-14T04:00:00,1793.60,1801.90,1787.60,1797.90,164651.0000
2021-10-15T04:00:00,1797.30,1797.70,1765.10,1768.30,202631.0000
2021-10-18T04:00:00,1767.50,1772.50,1760.30,1765.70,152741.0000
2021-10-19T04:00:00,1764.80,1786.00,1763.40,1770.50,166972.0000
2021-10-20T04:00:00,1769.40,1789.60,1767.10,1784.90,174076.0000
2021-10-21T04:00:00,1782.50,1790.30,1776.80,1781.90,138729.0000
2021-10-22T04:00:00,1783.70,1815.50,1783.40,1796.30,312812.0000
2021-10-25T04:00:00,1794.20,1811.50,1793.00,1806.80,153589.0000
2021-10-26T04:00:00,1808.70,1809.80,1783.00,1793.40,197929.0000
2021-10-27T04:00:00,1795.00,1801.00,1784.30,1798.80,182801.0000
2021-10-28T04:00:00,1798.70,1812.70,1793.10,1802.60,220876.0000
2021-10-29T04:00:00,1801.50,1802.90,1772.40,1783.90,254513.0000
2021-11-01T04:00:00,1785.30,1797.50,1780.20,1795.80,143332.0000
2021-11-02T04:00:00,1794.80,1797.80,1787.40,1789.40,145786.0000
2021-11-03T04:00:00,1789.20,1789.30,1758.50,1763.90,257427.0000
2021-11-04T04:00:00,1769.90,1800.30,1769.30,1793.50,222609.0000
2021-11-05T04:00:00,1792.60,1820.10,1785.30,1816.80,299618.0000
2021-11-08T05:00:00,1820.60,1828.30,1813.80,1828.00,200412.0000
2021-11-09T05:00:00,1826.90,1834.80,1821.00,1830.80,224407.0000
2021-11-10T05:00:00,1834.50,1870.60,1823.00,1848.30,352787.0000
2021-11-11T05:00:00,1851.50,1868.70,1845.10,1863.90,205312.0000
2021-11-12T05:00:00,1864.30,1871.40,1847.50,1868.50,201358.0000
2021-11-15T05:00:00,1872.60,1873.00,1858.50,1866.60,221208.0000
2021-11-16T05:00:00,1864.90,1879.50,1851.00,1854.10,220431.0000
2021-11-17T05:00:00,1851.60,1870.60,1851.10,1870.20,172417.0000
2021-11-18T05:00:00,1869.50,1873.30,1856.60,1861.40,186062.0000
2021-11-19T05:00:00,1860.80,1868.10,1844.20,1851.60,234083.0000
2021-11-22T05:00:00,1848.30,1850.40,1802.40,1806.30,352857.0000
2021-11-23T05:00:00,1807.10,1812.50,1781.70,1783.80,311348.0000
2021-11-24T05:00:00,1789.80,1796.20,1777.40,1784.30,203236.0000
2021-11-26T14:30:00,1789.60,1816.30,1778.60,1785.50,186800.0000
2021-11-29T05:00:00,1791.70,1798.90,1779.10,1782.30,26926.0000
2021-11-30T05:00:00,1783.90,1808.10,1768.70,1773.60,242861.0000
2021-12-01T05:00:00,1777.40,1795.70,1773.70,1784.30,180336.0000
2021-12-02T05:00:00,1783.80,1785.20,1762.20,1762.70,172719.0000
2021-12-03T05:00:00,1769.40,1788.00,1766.00,1783.90,175176.0000
2021-12-06T05:00:00,1787.70,1789.00,1776.40,1779.50,104477.0000
2021-12-07T05:00:00,1779.50,1789.30,1772.40,1784.70,129894.0000
2021-12-08T05:00:00,1785.10,1794.30,1780.10,1785.50,109692.0000
2021-12-09T05:00:00,1784.30,1788.40,1773.30,1776.70,123974.0000
2021-12-10T05:00:00,1776.30,1791.00,1770.40,1784.80,141995.0000
2021-12-13T05:00:00,1784.20,1792.80,1782.20,1788.30,106057.0000
2021-12-14T05:00:00,1787.60,1789.80,1766.10,1772.30,153249.0000
2021-12-15T05:00:00,1771.90,1781.30,1753.00,1764.50,161101.0000
2021-12-16T05:00:00,1777.90,1800.70,1775.70,1798.20,167777.0000
2021-12-17T05:00:00,1801.50,1815.70,1796.50,1804.90,156607.0000
2021-12-20T05:00:00,1800.20,1804.60,1789.00,1794.60,105386.0000
2021-12-21T05:00:00,1791.40,1801.70,1785.00,1788.70,134154.0000
2021-12-22T05:00:00,1789.40,1806.30,1785.80,1802.20,110408.0000
2021-12-23T05:00:00,1805.60,1812.00,1799.00,1811.70,104844.0000
2021-12-27T05:00:00,1810.20,1814.60,1803.60,1808.80,84225.0000
2021-12-28T05:00:00,1812.10,1821.60,1805.50,1810.90,100542.0000
2021-12-29T05:00:00,1806.60,1808.00,1789.10,1805.80,138685.0000
2021-12-30T05:00:00,1805.60,1818.10,1796.20,1814.10,113430.0000
2021-12-31T05:00:00,1817.00,1831.40,1815.40,1828.60,106604.0000
2022-01-03T05:00:00,1830.10,1833.00,1798.20,1800.10,168305.0000
2022-01-04T05:00:00,1801.10,1817.20,1798.10,1814.60,167708.0000
2022-01-05T05:00:00,1815.20,1830.70,1808.20,1825.10,173344.0000
2022-01-06T05:00:00,1810.60,1811.60,1785.40,1789.20,238644.0000
2022-01-07T05:00:00,1791.00,1798.40,1781.30,1797.40,238931.0000
2022-01-10T05:00:00,1796.40,1802.00,1789.30,1798.80,173043.0000
2022-01-11T05:00:00,1801.30,1823.10,1799.70,1818.50,184152.0000
2022-01-12T05:00:00,1821.30,1828.20,1814.40,1827.30,192979.0000
2022-01-13T05:00:00,1825.70,1828.30,1811.80,1821.40,215522.0000
2022-01-14T05:00:00,1822.10,1829.30,1814.20,1816.50,174944.0000
2022-01-18T05:00:00,1818.70,1822.90,1804.70,1812.40,362944.0000
2022-01-19T05:00:00,1812.90,1843.90,1809.00,1843.20,318489.0000
2022-01-20T05:00:00,1840.10,1848.50,1836.20,1842.60,233862.0000
2022-01-21T05:00:00,1840.60,1843.70,1828.40,1831.80,225249.0000
2022-01-24T05:00:00,1835.20,1844.90,1829.30,1841.70,244325.0000
2022-01-25T05:00:00,1843.60,1854.20,1834.40,1852.50,197804.0000
2022-01-26T05:00:00,1848.00,1850.20,1814.10,1829.70,270028.0000
2022-01-27T05:00:00,1819.00,1821.40,1790.60,1793.10,196036.0000
2022-01-28T05:00:00,1797.50,1798.40,1778.80,1784.90,28521.0000
2022-01-31T05:00:00,1788.50,1798.50,1785.10,1795.00,139421.0000
2022-02-01T05:00:00,1798.90,1809.70,1796.20,1801.50,128880.0000
2022-02-02T05:00:00,1800.80,1812.00,1794.60,1810.30,123021.0000
2022-02-03T05:00:00,1807.40,1809.50,1788.50,1804.10,173722.0000
2022-02-04T05:00:00,1805.40,1815.80,1792.10,1807.80,177709.0000
2022-02-07T05:00:00,1808.00,1824.60,1807.50,1821.80,139808.0000
2022-02-08T05:00:00,1821.50,1829.90,1816.00,1827.90,142408.0000
2022-02-09T05:00:00,1827.00,1837.10,1825.50,1836.60,136722.0000
2022-02-10T05:00:00,1834.00,1843.30,1821.80,1837.40,227458.0000
2022-02-11T05:00:00,1827.00,1867.40,1821.10,1842.10,239093.0000
2022-02-14T05:00:00,1862.20,1876.50,1851.90,1869.40,231016.0000
2022-02-15T05:00:00,1873.80,1881.60,1845.40,1856.20,214880.0000
2022-02-16T05:00:00,1855.50,1874.60,1851.80,1871.50,141486.0000
2022-02-17T05:00:00,1872.00,1904.00,1869.70,1902.00,268547.0000
2022-02-18T05:00:00,1901.40,1905.00,1888.00,1899.80,161745.0000
2022-02-22T05:00:00,1903.50,1918.30,1889.70,1907.40,334589.0000
2022-02-23T05:00:00,1901.20,1912.90,1891.10,1910.40,154843.0000
2022-02-24T05:00:00,1911.90,1976.50,1878.60,1926.30,423048.0000
2022-02-25T05:00:00,1906.50,1925.00,1884.40,1887.60,229780.0000
2022-02-28T05:00:00,1921.00,1935.20,1892.20,1900.70,249273.0000
2022-03-01T05:00:00,1908.40,1952.60,1903.00,1943.80,223998.0000
2022-03-02T05:00:00,1945.30,1951.40,1916.00,1922.30,227975.0000
2022-03-03T05:00:00,1931.70,1944.60,1923.10,1935.90,180207.0000
2022-03-04T05:00:00,1938.50,1974.90,1931.50,1966.60,241533.0000
2022-03-07T05:00:00,1978.50,2007.50,1964.20,1995.90,372185.0000
2022-03-08T05:00:00,2001.00,2078.80,1985.80,2043.30,447651.0000
2022-03-09T05:00:00,2060.20,2068.50,1981.00,1988.20,360345.0000
2022-03-10T05:00:00,1992.80,2015.10,1975.00,2000.40,303267.0000
2022-03-11T05:00:00,2000.30,2004.00,1960.60,1985.00,262088.0000
2022-03-14T04:00:00,1988.70,1994.80,1952.00,1960.80,162203.0000
2022-03-15T04:00:00,1953.70,1956.90,1908.10,1929.70,220374.0000
2022-03-16T04:00:00,1920.10,1930.10,1895.20,1909.20,195460.0000
2022-03-17T04:00:00,1928.40,1951.00,1924.00,1943.20,149829.0000
2022-03-18T04:00:00,1943.90,1946.20,1918.00,1929.30,150882.0000
2022-03-21T04:00:00,1922.40,1941.80,1917.20,1929.50,146411.0000
2022-03-22T04:00:00,1936.10,1939.50,1909.80,1921.50,153282.0000
2022-03-23T04:00:00,1920.90,1948.80,1915.60,1937.30,153306.0000
2022-03-24T04:00:00,1944.10,1967.20,1937.40,1962.20,181204.0000
2022-03-25T04:00:00,1957.80,1965.10,1942.60,1954.20,147904.0000
2022-03-28T04:00:00,1958.70,1959.80,1915.70,1939.80,181367.0000
2022-03-29T04:00:00,1922.40,1929.40,1888.30,1912.20,128051.0000
2022-03-30T04:00:00,1918.40,1937.00,1914.50,1933.50,17765.0000
2022-03-31T04:00:00,1933.50,1949.90,1919.10,1949.20,155299.0000
2022-04-01T04:00:00,1942.40,1944.50,1921.40,1923.70,135154.0000
2022-04-04T04:00:00,1927.10,1941.60,1918.20,1934.00,108435.0000
2022-04-05T04:00:00,1937.30,1948.90,1920.90,1927.50,147256.0000
2022-04-06T04:00:00,1927.60,1937.60,1916.20,1923.10,153971.0000
2022-04-07T04:00:00,1928.10,1941.70,1923.30,1937.80,122809.0000
2022-04-08T04:00:00,1934.30,1952.20,1930.40,1945.60,142498.0000
2022-04-11T04:00:00,1949.60,1974.60,1942.90,1948.20,184385.0000
2022-04-12T04:00:00,1957.40,1982.70,1953.00,1976.10,172386.0000
2022-04-13T04:00:00,1970.50,1985.80,1966.30,1984.70,132029.0000
2022-04-14T04:00:00,1981.60,1984.00,1962.70,1974.90,139424.0000
2022-04-18T04:00:00,1978.50,2003.00,1974.40,1986.40,138130.0000
2022-04-19T04:00:00,1981.20,1985.10,1945.50,1959.00,181440.0000
2022-04-20T04:00:00,1952.70,1960.90,1941.00,1955.60,139507.0000
2022-04-21T04:00:00,1960.00,1960.10,1938.00,1948.20,154919.0000
2022-04-22T04:00:00,1953.10,1957.80,1928.00,1934.30,176681.0000
2022-04-25T04:00:00,1931.90,1935.50,1891.80,1896.00,231494.0000
2022-04-26T04:00:00,1899.80,1912.20,1896.30,1904.10,166199.0000
2022-04-27T04:00:00,1907.40,1908.10,1881.60,1888.70,178197.0000
2022-04-28T04:00:00,1886.80,1897.80,1870.90,1891.30,170910.0000
2022-04-29T04:00:00,1895.80,1921.30,1893.50,1911.70,177136.0000
2022-05-02T04:00:00,1896.20,1900.40,1853.40,1863.60,193825.0000
2022-05-03T04:00:00,1863.60,1878.40,1849.70,1870.60,167434.0000
2022-05-04T04:00:00,1868.30,1892.00,1861.10,1868.80,161479.0000
2022-05-05T04:00:00,1884.10,1910.70,1872.30,1875.70,218392.0000
2022-05-06T04:00:00,1877.50,1894.00,1865.00,1882.80,194279.0000
2022-05-09T04:00:00,1883.70,1885.60,1851.00,1858.60,218821.0000
2022-05-10T04:00:00,1853.90,1864.70,1834.50,1841.00,260811.0000
2022-05-11T04:00:00,1836.60,1857.80,1830.60,1853.70,243561.0000
2022-05-12T04:00:00,1852.30,1858.80,1820.10,1824.60,255608.0000
2022-05-13T04:00:00,1821.40,1827.60,1797.20,1808.20,179483.0000
2022-05-16T04:00:00,1809.40,1826.00,1785.00,1814.00,159493.0000
2022-05-17T04:00:00,1823.90,1834.80,1811.00,1818.90,137288.0000
2022-05-18T04:00:00,1813.20,1822.90,1805.00,1815.90,150353.0000
2022-05-19T04:00:00,1815.10,1848.20,1808.40,1841.20,175242.0000
2022-05-20T04:00:00,1839.60,1847.80,1830.60,1842.10,143045.0000
2022-05-23T04:00:00,1844.40,1864.30,1843.30,1847.80,163266.0000
2022-05-24T04:00:00,1852.30,1869.10,1847.60,1865.40,174762.0000
2022-05-25T04:00:00,1865.40,1866.70,1838.70,1846.30,182823.0000
2022-05-26T04:00:00,1851.80,1852.80,1836.30,1847.60,123355.0000
2022-05-27T04:00:00,1848.30,1860.70,1845.90,1851.30,30091.0000
2022-05-31T04:00:00,1850.30,1862.10,1832.80,1842.70,201803.0000
2022-06-01T04:00:00,1840.00,1853.00,1830.20,1848.70,158036.0000
2022-06-02T04:00:00,1849.90,1874.40,1846.50,1871.40,127471.0000
2022-06-03T04:00:00,1872.60,1878.60,1849.70,1850.20,115343.0000
2022-06-06T04:00:00,1853.70,1861.20,1843.00,1843.70,103179.0000
2022-06-07T04:00:00,1843.50,1858.20,1838.50,1852.10,119211.0000
2022-06-08T04:00:00,1855.00,1862.40,1846.60,1856.50,114141.0000
2022-06-09T04:00:00,1855.10,1857.80,1841.90,1852.80,131293.0000
2022-06-10T04:00:00,1850.40,1879.60,1826.50,1875.50,267204.0000
2022-06-13T04:00:00,1879.00,1882.50,1819.00,1831.80,252543.0000
2022-06-14T04:00:00,1820.90,1833.30,1806.10,1813.50,165146.0000
2022-06-15T04:00:00,1809.70,1845.40,1808.40,1819.60,203421.0000
2022-06-16T04:00:00,1835.80,1860.20,1816.30,1849.90,180893.0000
2022-06-17T04:00:00,1859.30,1861.50,1836.10,1840.60,141718.0000
2022-06-21T04:00:00,1840.60,1848.40,1830.70,1838.80,176299.0000
2022-06-22T04:00:00,1834.90,1850.30,1824.50,1838.40,149553.0000
2022-06-23T04:00:00,1839.70,1848.90,1823.50,1829.80,167071.0000
2022-06-24T04:00:00,1824.20,1833.70,1817.70,1830.30,139723.0000
2022-06-27T04:00:00,1839.60,1842.80,1821.80,1824.80,143820.0000
2022-06-28T04:00:00,1823.60,1830.90,1819.10,1821.20,111397.0000
2022-06-29T04:00:00,1821.40,1834.90,1810.70,1817.50,155542.0000
2022-06-30T04:00:00,1819.20,1826.80,1802.50,1807.30,208898.0000
2022-07-01T04:00:00,1808.10,1813.60,1783.40,1801.50,249489.0000
2022-07-05T04:00:00,1814.40,1815.20,1763.00,1763.90,310369.0000
2022-07-06T04:00:00,1764.20,1771.50,1730.70,1736.50,258824.0000
2022-07-07T04:00:00,1737.20,1748.20,1734.70,1739.70,151256.0000
2022-07-08T04:00:00,1738.70,1751.70,1726.00,1742.30,189178.0000
2022-07-11T04:00:00,1741.50,1743.00,1729.00,1731.70,171902.0000
2022-07-12T04:00:00,1731.30,1742.20,1721.60,1724.80,255170.0000
2022-07-13T04:00:00,1723.60,1744.30,1704.50,1735.50,300550.0000
2022-07-14T04:00:00,1733.60,1734.80,1695.00,1705.80,266354.0000
2022-07-15T04:00:00,1708.20,1714.20,1696.60,1703.60,176797.0000
2022-07-18T04:00:00,1706.40,1722.00,1704.40,1710.20,157535.0000
2022-07-19T04:00:00,1707.20,1716.50,1702.60,1710.70,131771.0000
2022-07-20T04:00:00,1709.50,1712.70,1690.10,1700.20,174466.0000
2022-07-21T04:00:00,1693.70,1719.50,1678.40,1713.40,248875.0000
2022-07-22T04:00:00,1717.20,1738.30,1711.70,1727.40,200622.0000
2022-07-25T04:00:00,1726.30,1734.60,1712.90,1719.10,160719.0000
2022-07-26T04:00:00,1717.90,1726.40,1711.50,1717.70,147367.0000
2022-07-27T04:00:00,1715.20,1739.60,1709.10,1719.10,144865.0000
2022-07-28T04:00:00,1732.30,1755.00,1732.00,1750.30,37236.0000
2022-07-29T04:00:00,1754.00,1765.70,1750.00,1762.90,140666.0000
2022-08-01T04:00:00,1782.50,1792.50,1774.30,1787.70,133742.0000
2022-08-02T04:00:00,1789.20,1805.00,1776.00,1789.70,174165.0000
2022-08-03T04:00:00,1777.30,1789.40,1770.00,1776.40,151734.0000
2022-08-04T04:00:00,1782.10,1812.00,1779.40,1806.90,153292.0000
2022-08-05T04:00:00,1807.70,1811.60,1780.20,1791.20,168901.0000
2022-08-08T04:00:00,1790.30,1806.40,1786.90,1805.20,103683.0000
2022-08-09T04:00:00,1805.50,1817.00,1799.40,1812.30,120510.0000
2022-08-10T04:00:00,1811.50,1824.60,1803.30,1813.70,154592.0000
2022-08-11T04:00:00,1807.90,1814.90,1798.60,1807.20,121259.0000
2022-08-12T04:00:00,1805.20,1819.10,1799.60,1815.50,118649.0000
2022-08-15T04:00:00,1818.90,1818.90,1787.60,1798.10,137765.0000
2022-08-16T04:00:00,1795.50,1798.00,1785.40,1789.70,94403.0000
2022-08-17T04:00:00,1790.80,1796.60,1773.90,1776.70,137832.0000
2022-08-18T04:00:00,1777.10,1786.30,1768.80,1771.20,124319.0000
2022-08-19T04:00:00,1773.10,1773.30,1759.10,1762.90,138699.0000
2022-08-22T04:00:00,1760.60,1762.10,1740.20,1748.40,142857.0000
2022-08-23T04:00:00,1750.00,1767.50,1743.10,1761.20,145260.0000
2022-08-24T04:00:00,1761.30,1769.50,1754.80,1761.50,112645.0000
2022-08-25T04:00:00,1764.40,1778.80,1763.00,1771.40,117570.0000
2022-08-26T04:00:00,1771.80,1772.30,1746.20,1749.80,176904.0000
2022-08-29T04:00:00,1748.40,1757.90,1731.40,1749.70,156220.0000
2022-08-30T04:00:00,1749.80,1752.80,1732.90,1736.30,130664.0000
2022-08-31T04:00:00,1735.50,1738.00,1720.60,1726.20,176731.0000
2022-09-01T04:00:00,1723.00,1723.00,1699.10,1709.30,198618.0000
2022-09-02T04:00:00,1707.80,1729.50,1705.90,1722.60,174684.0000
2022-09-06T04:00:00,1724.20,1737.40,1710.60,1712.90,206268.0000
2022-09-07T04:00:00,1712.90,1731.20,1701.70,1727.80,173624.0000
2022-09-08T04:00:00,1729.50,1739.40,1713.70,1720.20,184176.0000
2022-09-09T04:00:00,1719.60,1740.50,1719.40,1728.60,154706.0000
2022-09-12T04:00:00,1728.40,1746.40,1722.30,1740.60,154374.0000
2022-09-13T04:00:00,1736.00,1742.90,1706.70,1717.40,232696.0000
2022-09-14T04:00:00,1711.60,1717.30,1703.30,1709.10,163288.0000
2022-09-15T04:00:00,1707.20,1707.80,1668.90,1677.30,268094.0000
2022-09-16T04:00:00,1673.70,1689.90,1661.90,1683.50,217226.0000
2022-09-19T04:00:00,1685.40,1688.80,1667.60,1678.20,141171.0000
2022-09-20T04:00:00,1684.90,1688.80,1668.10,1671.10,143933.0000
2022-09-21T04:00:00,1673.20,1696.90,1661.30,1675.70,227938.0000
2022-09-22T04:00:00,1682.80,1693.50,1663.30,1681.10,241279.0000
2022-09-23T04:00:00,1680.10,1685.00,1646.60,1655.60,243045.0000
2022-09-26T04:00:00,1651.00,1657.20,1627.70,1633.40,219861.0000
2022-09-27T04:00:00,1629.20,1650.10,1628.70,1636.20,197058.0000
2022-09-28T04:00:00,1636.50,1671.60,1622.20,1670.00,279817.0000
2022-09-29T04:00:00,1669.00,1673.10,1649.30,1668.60,201961.0000
2022-09-30T04:00:00,1669.50,1684.40,1667.50,1672.00,179989.0000
2022-10-03T04:00:00,1670.50,1710.40,1666.50,1702.00,215493.0000
2022-10-04T04:00:00,1708.40,1738.70,1704.00,1730.50,205084.0000
2022-10-05T04:00:00,1734.40,1736.60,1708.80,1720.80,173222.0000
2022-10-06T04:00:00,1725.50,1734.20,1714.80,1720.80,139443.0000
2022-10-07T04:00:00,1721.00,1722.80,1698.40,1709.30,157445.0000
2022-10-10T04:00:00,1703.40,1707.40,1672.50,1675.20,157149.0000
2022-10-11T04:00:00,1675.60,1691.30,1667.50,1686.00,171814.0000
2022-10-12T04:00:00,1673.40,1685.10,1668.00,1677.50,131769.0000
2022-10-13T04:00:00,1680.20,1688.90,1648.30,1677.00,237007.0000
2022-10-14T04:00:00,1672.80,1677.80,1645.60,1648.90,183170.0000
2022-10-17T04:00:00,1649.90,1674.30,1649.10,1664.00,148889.0000
2022-10-18T04:00:00,1655.90,1666.00,1650.60,1655.80,163168.0000
2022-10-19T04:00:00,1657.20,1659.80,1632.20,1634.20,179246.0000
2022-10-20T04:00:00,1634.60,1650.30,1626.30,1636.80,163734.0000
2022-10-21T04:00:00,1632.40,1663.10,1621.10,1656.30,271095.0000
2022-10-24T04:00:00,1662.90,1675.50,1648.00,1654.10,171022.0000
2022-10-25T04:00:00,1654.50,1666.80,1641.20,1658.00,182795.0000
2022-10-26T04:00:00,1657.70,1679.40,1653.80,1669.20,186926.0000
2022-10-27T04:00:00,1668.80,1674.80,1658.50,1665.60,189287.0000
2022-10-28T04:00:00,1667.20,1670.90,1640.70,1644.80,196363.0000
2022-10-31T04:00:00,1647.20,1648.50,1634.50,1640.70,128413.0000
2022-11-01T04:00:00,1636.10,1660.30,1633.60,1649.70,197976.0000
2022-11-02T04:00:00,1651.40,1673.10,1637.40,1650.00,220926.0000
2022-11-03T04:00:00,1639.10,1643.20,1618.30,1630.90,254699.0000
2022-11-04T04:00:00,1631.70,1686.40,1631.10,1676.60,293521.0000
2022-11-07T05:00:00,1678.60,1685.60,1670.00,1680.50,187589.0000
2022-11-08T05:00:00,1678.00,1720.40,1667.10,1716.00,297618.0000
2022-11-09T05:00:00,1715.20,1725.80,1705.10,1713.70,239645.0000
2022-11-10T05:00:00,1709.70,1760.60,1705.50,1753.70,305717.0000
2022-11-11T05:00:00,1758.30,1775.60,1750.30,1769.40,227044.0000
2022-11-14T05:00:00,1769.40,1778.40,1755.80,1776.90,191347.0000
2022-11-15T05:00:00,1774.00,1791.80,1770.20,1776.80,283019.0000
2022-11-16T05:00:00,1782.00,1788.20,1773.40,1775.80,200755.0000
2022-11-17T05:00:00,1777.00,1777.60,1756.60,1763.00,169097.0000
2022-11-18T05:00:00,1763.10,1769.90,1749.20,1754.40,137327.0000
2022-11-21T05:00:00,1752.00,1755.00,1733.90,1739.60,166082.0000
2022-11-22T05:00:00,1739.70,1751.00,1737.60,1739.90,153092.0000
2022-11-23T05:00:00,1740.80,1754.90,1719.00,1745.60,167770.0000
2022-11-25T14:30:00,1751.00,1761.20,1745.90,1754.00,134299.0000
2022-11-28T05:00:00,1755.00,1763.50,1738.20,1740.30,132767.0000
2022-11-29T05:00:00,1739.50,1758.20,1737.90,1748.40,19416.0000
2022-11-30T05:00:00,1748.10,1769.40,1745.10,1746.00,192239.0000
2022-12-01T05:00:00,1783.10,1818.40,1782.90,1815.20,226148.0000
2022-12-02T05:00:00,1817.00,1818.70,1791.80,1809.60,183724.0000
2022-12-05T05:00:00,1810.50,1822.90,1778.10,1781.30,179818.0000
2022-12-06T05:00:00,1780.80,1793.20,1779.10,1782.40,127856.0000
2022-12-07T05:00:00,1783.30,1803.20,1780.50,1798.00,155568.0000
2022-12-08T05:00:00,1799.50,1806.90,1793.20,1801.50,116274.0000
2022-12-09T05:00:00,1801.90,1819.00,1800.10,1810.70,150938.0000
2022-12-12T05:00:00,1808.00,1809.30,1789.00,1792.30,107782.0000
2022-12-13T05:00:00,1792.30,1836.90,1791.80,1825.50,230911.0000
2022-12-14T05:00:00,1822.60,1825.40,1806.20,1818.70,143804.0000
2022-12-15T05:00:00,1818.70,1819.70,1782.00,1787.80,185317.0000
2022-12-16T05:00:00,1786.90,1804.20,1783.90,1800.20,128751.0000
2022-12-19T05:00:00,1801.60,1808.60,1793.20,1797.70,86090.0000
2022-12-20T05:00:00,1796.80,1832.40,1793.70,1825.40,197496.0000
2022-12-21T05:00:00,1827.90,1833.80,1821.30,1825.40,110177.0000
2022-12-22T05:00:00,1823.80,1829.30,1792.70,1795.30,175774.0000
2022-12-23T05:00:00,1801.00,1812.20,1798.90,1804.20,105457.0000
2022-12-27T05:00:00,1808.20,1841.90,1808.00,1823.10,159616.0000
2022-12-28T05:00:00,1822.40,1822.80,1804.20,1815.80,118076.0000
2022-12-29T05:00:00,1812.30,1827.30,1811.20,1826.00,105992.0000
2022-12-30T05:00:00,1821.80,1832.40,1819.80,1826.20,107496.0000
2023-01-03T05:00:00,1831.80,1856.60,1831.30,1846.10,212272.0000
2023-01-04T05:00:00,1845.20,1871.30,1842.00,1859.00,198354.0000
2023-01-05T05:00:00,1861.20,1864.30,1829.90,1840.60,188603.0000
2023-01-06T05:00:00,1835.90,1875.20,1835.20,1869.70,215367.0000
2023-01-09T05:00:00,1872.80,1886.40,1869.30,1877.80,204550.0000
2023-01-10T05:00:00,1875.70,1885.20,1872.00,1876.50,170514.0000
2023-01-11T05:00:00,1881.30,1890.90,1870.90,1878.90,222250.0000
2023-01-12T05:00:00,1879.70,1906.50,1872.40,1898.80,265174.0000
2023-01-13T05:00:00,1898.80,1925.30,1895.10,1921.70,247878.0000
2023-01-17T05:00:00,1923.80,1931.80,1906.20,1909.90,268368.0000
2023-01-18T05:00:00,1911.10,1929.80,1898.60,1907.00,218967.0000
2023-01-19T05:00:00,1907.00,1936.90,1902.00,1923.90,214246.0000
2023-01-20T05:00:00,1933.70,1939.00,1922.00,1928.20,165272.0000
2023-01-23T05:00:00,1928.40,1936.70,1912.50,1928.60,190094.0000
2023-01-24T05:00:00,1932.00,1943.80,1918.20,1935.40,201713.0000
2023-01-25T05:00:00,1938.70,1949.50,1920.60,1942.60,190302.0000
2023-01-26T05:00:00,1948.00,1949.80,1918.40,1930.00,223255.0000
2023-01-27T05:00:00,1929.30,1935.40,1916.50,1929.40,150902.0000
2023-01-30T05:00:00,1928.30,1933.60,1920.30,1922.90,27220.0000
2023-01-31T05:00:00,1923.00,1930.40,1900.60,1929.50,194077.0000
2023-02-01T05:00:00,1944.00,1970.80,1936.10,1942.80,210613.0000
2023-02-02T05:00:00,1967.10,1975.20,1925.60,1930.80,259844.0000
2023-02-03T05:00:00,1926.30,1932.40,1874.50,1876.60,310612.0000
2023-02-06T05:00:00,1878.00,1894.00,1873.20,1879.50,164540.0000
2023-02-07T05:00:00,1880.30,1897.20,1877.50,1884.80,179673.0000
2023-02-08T05:00:00,1885.10,1898.90,1881.40,1890.70,131904.0000
2023-02-09T05:00:00,1888.30,1902.30,1870.20,1878.50,183551.0000
2023-02-10T05:00:00,1873.50,1883.50,1863.50,1874.50,155270.0000
2023-02-13T05:00:00,1876.70,1877.20,1860.80,1863.50,131217.0000
2023-02-14T05:00:00,1864.10,1881.60,1852.50,1865.40,217012.0000
2023-02-15T05:00:00,1865.10,1870.90,1839.30,1845.30,169531.0000
2023-02-16T05:00:00,1846.50,1854.90,1836.60,1851.80,168509.0000
2023-02-17T05:00:00,1845.70,1853.10,1827.70,1850.20,165081.0000
2023-02-21T05:00:00,1850.50,1856.40,1839.00,1842.50,210165.0000
2023-02-22T05:00:00,1843.70,1855.00,1831.90,1841.50,141500.0000
2023-02-23T05:00:00,1834.70,1841.20,1824.80,1826.80,179972.0000
2023-02-24T05:00:00,1829.70,1835.10,1815.50,1817.10,169473.0000
2023-02-27T05:00:00,1818.00,1827.30,1812.00,1824.90,130427.0000
2023-02-28T05:00:00,1823.90,1838.60,1810.80,1836.70,184507.0000
2023-03-01T05:00:00,1834.00,1852.50,1829.60,1845.40,182583.0000
2023-03-02T05:00:00,1843.80,1845.30,1835.90,1840.50,139755.0000
2023-03-03T05:00:00,1842.10,1864.40,1842.00,1854.60,158961.0000
2023-03-06T05:00:00,1861.00,1864.30,1850.60,1854.60,136224.0000
2023-03-07T05:00:00,1852.60,1856.90,1817.10,1820.00,248226.0000
2023-03-08T05:00:00,1818.00,1828.70,1813.40,1818.60,208292.0000
2023-03-09T05:00:00,1818.00,1839.40,1815.40,1834.60,228473.0000
2023-03-10T05:00:00,1835.10,1874.30,1830.00,1867.20,345814.0000
2023-03-13T04:00:00,1877.10,1919.50,1875.70,1916.50,452332.0000
2023-03-14T04:00:00,1919.40,1919.40,1899.80,1910.90,261275.0000
2023-03-15T04:00:00,1908.20,1942.50,1889.50,1931.30,385454.0000
2023-03-16T04:00:00,1922.80,1938.00,1911.50,1923.00,248084.0000
2023-03-17T04:00:00,1925.90,1993.70,1922.30,1973.50,351092.0000
2023-03-20T04:00:00,1989.70,2014.90,1970.00,1982.80,338016.0000
2023-03-21T04:00:00,1983.10,1988.70,1938.60,1941.10,248934.0000
2023-03-22T04:00:00,1943.50,1982.30,1936.50,1949.60,245031.0000
2023-03-23T04:00:00,1974.00,2006.10,1967.30,1995.90,262247.0000
2023-03-24T04:00:00,1996.10,2006.50,1977.70,1983.80,285442.0000
2023-03-27T04:00:00,1982.60,1984.00,1945.00,1953.80,206630.0000
2023-03-28T04:00:00,1957.80,1977.10,1949.90,1973.50,183582.0000
2023-03-29T04:00:00,1975.40,1976.00,1959.50,1966.90,88563.0000
2023-03-30T04:00:00,1965.90,1984.40,1954.90,1980.30,10119.0000
2023-03-31T04:00:00,1981.30,1986.80,1968.00,1969.00,162212.0000
2023-04-03T04:00:00,1990.00,2008.00,1965.90,2000.40,187986.0000
2023-04-04T04:00:00,2001.30,2043.40,1994.00,2038.20,233301.0000
2023-04-05T04:00:00,2038.20,2049.20,2026.10,2035.60,197371.0000
2023-04-06T04:00:00,2037.10,2037.70,2016.50,2026.40,0.0000
2023-04-10T04:00:00,2008.60,2021.50,1996.50,2003.80,136231.0000
2023-04-11T04:00:00,2007.00,2022.50,2003.70,2019.00,126376.0000
2023-04-12T04:00:00,2019.10,2043.90,2015.70,2024.90,228494.0000
2023-04-13T04:00:00,2029.50,2063.40,2028.30,2055.30,198461.0000
2023-04-14T04:00:00,2054.70,2061.60,2006.00,2015.80,262825.0000
2023-04-17T04:00:00,2014.10,2028.00,1993.40,2007.00,183425.0000
2023-04-18T04:00:00,2007.90,2024.60,2003.30,2019.70,164975.0000
2023-04-19T04:00:00,2017.90,2020.30,1980.90,2007.30,218808.0000
2023-04-20T04:00:00,2007.70,2024.20,2002.20,2019.10,162840.0000
2023-04-21T04:00:00,2016.10,2016.80,1982.30,1990.50,210502.0000
2023-04-24T04:00:00,1992.00,2001.50,1984.40,1999.80,139878.0000
2023-04-25T04:00:00,1999.40,2014.50,1986.20,2004.50,222551.0000
2023-04-26T04:00:00,2007.70,2020.20,1993.70,1996.00,241399.0000
2023-04-27T04:00:00,1999.80,2013.30,1982.00,1999.00,203898.0000
2023-04-28T04:00:00,1997.20,2004.10,1984.40,1999.10,172445.0000
2023-05-01T04:00:00,2000.20,2015.40,1985.70,1992.20,173016.0000
2023-05-02T04:00:00,1990.50,2028.80,1986.90,2023.30,245637.0000
2023-05-03T04:00:00,2026.40,2050.00,2016.00,2037.00,229674.0000
2023-05-04T04:00:00,2054.70,2085.40,2038.50,2055.70,311003.0000
2023-05-05T04:00:00,2058.00,2061.30,2007.00,2024.80,283299.0000
2023-05-08T04:00:00,2024.60,2037.10,2022.00,2033.20,182213.0000
2023-05-09T04:00:00,2028.40,2045.10,2026.40,2042.90,199701.0000
2023-05-10T04:00:00,2041.60,2056.00,2028.30,2037.10,260807.0000
2023-05-11T04:00:00,2036.80,2047.60,2016.70,2020.50,296976.0000
2023-05-12T04:00:00,2020.50,2027.80,2005.70,2019.80,220500.0000
2023-05-15T04:00:00,2013.40,2027.50,2011.20,2022.70,163251.0000
2023-05-16T04:00:00,2021.30,2022.70,1989.10,1993.00,229938.0000
2023-05-17T04:00:00,1993.00,1997.00,1978.10,1984.90,206552.0000
2023-05-18T04:00:00,1985.60,1988.80,1954.40,1959.80,227733.0000
2023-05-19T04:00:00,1960.50,1987.40,1956.30,1981.60,234604.0000
2023-05-22T04:00:00,1979.40,1984.80,1970.70,1977.20,165768.0000
2023-05-23T04:00:00,1973.90,1980.00,1955.80,1974.50,214358.0000
2023-05-24T04:00:00,1977.30,1987.90,1958.40,1964.60,229885.0000
2023-05-25T04:00:00,1959.50,1965.40,1939.00,1943.70,253875.0000
2023-05-26T04:00:00,1941.70,1957.10,1936.00,1944.30,166036.0000
2023-05-30T04:00:00,1942.70,1962.60,1931.00,1958.00,37838.0000
2023-05-31T04:00:00,1958.20,1973.00,1953.00,1963.90,207753.0000
2023-06-01T04:00:00,1981.30,2000.70,1970.10,1995.50,176911.0000
2023-06-02T04:00:00,1994.60,2000.50,1963.70,1969.60,209694.0000
2023-06-05T04:00:00,1962.30,1980.40,1953.80,1974.30,179985.0000
2023-06-06T04:00:00,1978.00,1982.90,1970.30,1981.50,135995.0000
2023-06-07T04:00:00,1980.00,1986.50,1955.40,1958.40,189529.0000
2023-06-08T04:00:00,1956.20,1985.70,1955.20,1978.60,191843.0000
2023-06-09T04:00:00,1980.50,1987.80,1971.00,1977.20,130408.0000
2023-06-12T04:00:00,1975.60,1981.40,1963.10,1969.70,122542.0000
2023-06-13T04:00:00,1971.40,1985.90,1953.00,1958.60,198397.0000
2023-06-14T04:00:00,1957.20,1973.90,1952.50,1968.90,199710.0000
2023-06-15T04:00:00,1955.70,1972.80,1936.10,1970.70,266353.0000
2023-06-16T04:00:00,1970.30,1980.40,1965.40,1971.20,160514.0000
2023-06-20T04:00:00,1970.70,1971.80,1940.80,1947.70,250140.0000
2023-06-21T04:00:00,1948.00,1950.40,1929.30,1944.90,182021.0000
2023-06-22T04:00:00,1943.30,1945.10,1922.00,1923.70,171779.0000
2023-06-23T04:00:00,1923.50,1949.00,1919.50,1929.60,186861.0000
2023-06-26T04:00:00,1936.30,1943.40,1931.10,1933.80,147769.0000
2023-06-27T04:00:00,1932.70,1940.30,1919.80,1923.80,180436.0000
2023-06-28T04:00:00,1923.10,1926.10,1911.40,1922.20,162493.0000
2023-06-29T04:00:00,1916.50,1921.30,1900.60,1917.90,205252.0000
2023-06-30T04:00:00,1916.40,1930.80,1908.10,1929.40,180688.0000
2023-07-03T13:30:00,1927.80,1939.90,1917.70,1929.50,152959.0000
2023-07-05T04:00:00,1929.10,1942.90,1922.10,1927.10,245932.0000
2023-07-06T04:00:00,1922.40,1934.00,1908.50,1915.40,231513.0000
2023-07-07T04:00:00,1916.60,1941.10,1915.40,1932.50,214272.0000
2023-07-10T04:00:00,1930.70,1933.70,1918.00,1931.00,208085.0000
2023-07-11T04:00:00,1930.80,1944.50,1929.80,1937.10,189372.0000
2023-07-12T04:00:00,1938.00,1965.10,1937.50,1961.70,270869.0000
2023-07-13T04:00:00,1962.70,1968.50,1956.60,1963.80,241215.0000
2023-07-14T04:00:00,1965.20,1967.80,1954.70,1964.40,209306.0000
2023-07-17T04:00:00,1958.60,1963.60,1949.00,1956.40,165833.0000
2023-07-18T04:00:00,1958.30,1988.30,1958.10,1980.80,264086.0000
2023-07-19T04:00:00,1982.50,1984.60,1973.30,1980.80,159409.0000
2023-07-20T04:00:00,1980.00,1989.80,1967.70,1970.90,189926.0000
2023-07-21T04:00:00,1972.10,1975.90,1958.80,1966.60,156540.0000
2023-07-24T04:00:00,1963.60,1969.80,1955.30,1962.20,197213.0000
2023-07-25T04:00:00,1957.00,1967.10,1951.60,1963.70,188848.0000
2023-07-26T04:00:00,1966.30,1979.90,1963.20,1970.10,208106.0000
2023-07-27T04:00:00,1973.30,1982.60,1941.70,1945.70,194253.0000
2023-07-28T04:00:00,1945.50,1962.20,1944.20,1960.40,23155.0000
2023-07-31T04:00:00,1959.20,1971.60,1950.00,1970.50,139955.0000
2023-08-01T04:00:00,2004.20,2004.40,1978.30,1978.80,167756.0000
2023-08-02T04:00:00,1988.90,1992.20,1969.10,1975.00,169658.0000
2023-08-03T04:00:00,1970.80,1974.50,1964.50,1968.80,141345.0000
2023-08-04T04:00:00,1969.60,1984.20,1954.50,1976.10,156416.0000
2023-08-07T04:00:00,1977.60,1981.70,1966.10,1970.00,104407.0000
2023-08-08T04:00:00,1971.50,1972.80,1956.50,1959.90,142336.0000
2023-08-09T04:00:00,1959.30,1966.10,1947.20,1950.60,139259.0000
2023-08-10T04:00:00,1947.70,1963.50,1944.40,1948.90,168264.0000
2023-08-11T04:00:00,1944.90,1953.60,1942.70,1946.60,122320.0000
2023-08-14T04:00:00,1945.60,1948.20,1934.20,1944.00,120983.0000
2023-08-15T04:00:00,1939.40,1944.30,1927.50,1935.20,167153.0000
2023-08-16T04:00:00,1933.10,1938.20,1922.00,1928.30,128612.0000
2023-08-17T04:00:00,1922.40,1933.50,1914.20,1915.20,152329.0000
2023-08-18T04:00:00,1919.20,1926.00,1915.90,1916.50,114737.0000
2023-08-21T04:00:00,1918.40,1927.90,1913.60,1923.00,138109.0000
2023-08-22T04:00:00,1924.00,1933.20,1917.50,1926.00,131088.0000
2023-08-23T04:00:00,1926.80,1949.70,1926.20,1948.10,170040.0000
2023-08-24T04:00:00,1944.90,1951.30,1939.20,1947.10,137393.0000
2023-08-25T04:00:00,1944.90,1950.40,1931.00,1939.90,166988.0000
2023-08-28T04:00:00,1944.00,1954.20,1940.10,1946.80,115553.0000
2023-08-29T04:00:00,1948.10,1966.50,1941.70,1965.10,174220.0000
2023-08-30T04:00:00,1966.00,1977.10,1962.80,1973.00,142380.0000
2023-08-31T04:00:00,1970.20,1974.90,1965.50,1965.90,133712.0000
2023-09-01T04:00:00,1966.40,1980.20,1960.70,1967.10,160725.0000
2023-09-05T04:00:00,1966.70,1972.60,1950.60,1952.60,192789.0000
2023-09-06T04:00:00,1951.50,1954.50,1940.00,1944.20,148775.0000
2023-09-07T04:00:00,1942.20,1947.90,1940.30,1942.50,117168.0000
2023-09-08T04:00:00,1943.80,1954.00,1940.80,1942.70,138694.0000
2023-09-11T04:00:00,1943.30,1954.60,1939.50,1947.20,131076.0000
2023-09-12T04:00:00,1945.60,1947.50,1929.90,1935.10,161993.0000
2023-09-13T04:00:00,1935.20,1938.40,1927.20,1932.50,161003.0000
2023-09-14T04:00:00,1930.70,1934.50,1921.70,1932.80,201744.0000
2023-09-15T04:00:00,1932.50,1952.40,1931.20,1946.20,199773.0000
2023-09-18T04:00:00,1945.70,1955.70,1943.80,1953.40,138031.0000
2023-09-19T04:00:00,1955.30,1958.90,1950.90,1953.70,131097.0000
2023-09-20T04:00:00,1953.00,1968.90,1948.60,1967.10,220980.0000
2023-09-21T04:00:00,1952.00,1952.20,1933.10,1939.60,225908.0000
2023-09-22T04:00:00,1939.60,1949.10,1939.60,1945.60,139926.0000
2023-09-25T04:00:00,1944.70,1946.80,1933.80,1936.60,164259.0000
2023-09-26T04:00:00,1935.10,1935.50,1917.20,1919.80,212263.0000
2023-09-27T04:00:00,1918.80,1921.70,1890.30,1890.90,238525.0000
2023-09-28T04:00:00,1893.30,1896.80,1874.50,1878.60,231419.0000
2023-09-29T04:00:00,1882.30,1896.70,1862.30,1866.10,245131.0000
2023-10-02T04:00:00,1864.40,1864.70,1842.70,1847.20,202147.0000
2023-10-03T04:00:00,1844.90,1849.30,1830.90,1841.50,216784.0000
2023-10-04T04:00:00,1838.70,1846.80,1831.60,1834.80,195048.0000
2023-10-05T04:00:00,1837.60,1843.50,1826.20,1831.80,172464.0000
2023-10-06T04:00:00,1834.30,1849.00,1823.50,1845.20,231024.0000
2023-10-09T04:00:00,1861.00,1877.30,1857.50,1864.30,187802.0000
2023-10-10T04:00:00,1875.40,1879.10,1866.10,1875.30,157340.0000
2023-10-11T04:00:00,1873.70,1890.90,1871.70,1887.30,169964.0000
2023-10-12T04:00:00,1888.10,1898.30,1880.60,1883.00,163475.0000
2023-10-13T04:00:00,1881.70,1946.20,1881.50,1941.50,312994.0000
2023-10-16T04:00:00,1941.30,1943.00,1921.20,1934.30,182823.0000
2023-10-17T04:00:00,1933.30,1944.50,1924.60,1935.70,165063.0000
2023-10-18T04:00:00,1936.70,1975.80,1935.90,1968.30,270045.0000
2023-10-19T04:00:00,1960.10,1990.20,1957.00,1980.50,264821.0000
2023-10-20T04:00:00,1988.00,2009.20,1983.70,1994.40,289109.0000
2023-10-23T04:00:00,1987.70,1994.30,1971.00,1987.80,212290.0000
2023-10-24T04:00:00,1984.10,1992.00,1964.60,1986.10,200943.0000
2023-10-25T04:00:00,1982.70,1998.60,1973.60,1994.90,240655.0000
2023-10-26T04:00:00,1991.20,2003.70,1981.60,1997.40,214053.0000
2023-10-27T04:00:00,1995.00,2019.70,1986.40,1998.50,213757.0000
2023-10-30T04:00:00,2013.50,2016.80,1999.70,2005.60,181339.0000
2023-10-31T04:00:00,2005.60,2017.70,1987.40,1994.30,214776.0000
2023-11-01T04:00:00,1993.30,2005.90,1978.20,1987.50,197629.0000
2023-11-02T04:00:00,1992.00,1999.20,1986.30,1993.50,158650.0000
2023-11-03T04:00:00,1993.50,2011.90,1989.30,1999.20,222189.0000
2023-11-06T05:00:00,1999.40,2000.10,1984.20,1988.60,146279.0000
2023-11-07T05:00:00,1984.80,1985.20,1962.80,1973.50,218948.0000
2023-11-08T05:00:00,1975.30,1977.50,1953.20,1957.80,189359.0000
2023-11-09T05:00:00,1955.50,1971.50,1948.30,1969.80,214077.0000
2023-11-10T05:00:00,1964.10,1965.60,1936.90,1937.70,229637.0000
2023-11-13T05:00:00,1943.40,1953.50,1935.60,1950.20,183702.0000
2023-11-14T05:00:00,1950.30,1975.30,1938.80,1966.50,180741.0000
2023-11-15T05:00:00,1966.90,1979.20,1958.80,1964.30,142924.0000
2023-11-16T05:00:00,1963.00,1991.10,1959.00,1987.30,186810.0000
2023-11-17T05:00:00,1984.20,1996.40,1981.10,1984.70,133120.0000
2023-11-20T05:00:00,1980.90,1987.80,1967.20,1980.30,177887.0000
2023-11-21T05:00:00,1980.00,2009.80,1979.90,2001.60,230024.0000
2023-11-22T05:00:00,2000.30,2008.30,1988.60,1992.80,199370.0000
2023-11-23T05:00:00,1991.20,1999.50,1990.90,1993.30,199370.0000
2023-11-24T14:30:00,1991.20,2004.50,1990.90,2003.00,214880.0000
2023-11-27T05:00:00,2002.50,2018.90,2001.40,2012.40,251250.0000
2023-11-28T05:00:00,2014.30,2044.10,2011.50,2040.00,174665.0000
2023-11-29T05:00:00,2041.70,2052.10,2036.00,2047.10,15290.0000
2023-11-30T05:00:00,2046.10,2047.10,2033.10,2038.10,151918.0000
2023-12-01T05:00:00,2056.50,2095.70,2052.60,2089.70,241615.0000
2023-12-04T05:00:00,2094.40,2152.30,2038.40,2042.20,378224.0000
2023-12-05T05:00:00,2049.00,2059.60,2027.60,2036.30,209549.0000
2023-12-06T05:00:00,2037.80,2053.40,2035.30,2047.90,154219.0000
2023-12-07T05:00:00,2043.40,2057.20,2036.60,2046.40,173977.0000
2023-12-08T05:00:00,2045.70,2050.40,2010.60,2014.50,237289.0000
2023-12-11T05:00:00,2020.00,2023.70,1991.20,1993.70,160072.0000
2023-12-12T05:00:00,1997.80,2012.50,1992.30,1993.20,148532.0000
2023-12-13T05:00:00,1995.10,2043.30,1987.90,1997.30,192679.0000
2023-12-14T05:00:00,2043.20,2062.90,2039.10,2044.90,231095.0000
2023-12-15T05:00:00,2051.30,2059.60,2029.20,2035.70,172147.0000
2023-12-18T05:00:00,2033.30,2048.00,2029.50,2040.50,141406.0000
2023-12-19T05:00:00,2041.10,2061.00,2034.80,2052.10,134781.0000
2023-12-20T05:00:00,2053.80,2056.90,2040.60,2047.70,122567.0000
2023-12-21T05:00:00,2044.40,2058.00,2043.30,2051.30,119952.0000
2023-12-22T05:00:00,2061.20,2083.00,2058.20,2069.10,170150.0000
2023-12-26T05:00:00,2066.00,2080.50,2065.10,2069.80,79573.0000
2023-12-27T05:00:00,2079.30,2095.80,2072.80,2093.10,128179.0000
2023-12-28T05:00:00,2089.50,2098.20,2074.60,2083.50,129544.0000
2023-12-29T05:00:00,2076.10,2084.10,2067.60,2071.80,105724.0000
2024-01-02T05:00:00,2072.70,2088.10,2064.30,2073.40,157555.0000
2024-01-03T05:00:00,2067.90,2074.30,2038.30,2042.80,221680.0000
2024-01-04T05:00:00,2049.30,2058.10,2043.30,2050.00,130263.0000
2024-01-05T05:00:00,2051.40,2071.10,2030.80,2049.80,214684.0000
2024-01-08T05:00:00,2052.60,2053.30,2022.70,2033.50,220988.0000
2024-01-09T05:00:00,2034.50,2048.60,2031.90,2033.00,218745.0000
2024-01-10T05:00:00,2036.00,2046.20,2025.90,2027.80,205007.0000
2024-01-11T05:00:00,2029.40,2056.10,2017.30,2019.20,301337.0000
2024-01-12T05:00:00,2033.20,2067.30,2033.10,2051.60,272352.0000
2024-01-16T05:00:00,2053.40,2062.80,2027.60,2030.20,285254.0000
2024-01-17T05:00:00,2031.70,2036.10,2004.60,2006.50,254292.0000
2024-01-18T05:00:00,2009.10,2025.60,2007.70,2021.60,171928.0000
2024-01-19T05:00:00,2027.40,2041.90,2022.20,2029.30,172805.0000
2024-01-22T05:00:00,2031.80,2034.10,2017.40,2022.20,152756.0000
2024-01-23T05:00:00,2023.20,2039.30,2020.80,2025.80,156699.0000
2024-01-24T05:00:00,2030.70,2037.90,2011.70,2016.00,234459.0000
2024-01-25T05:00:00,2014.80,2025.60,2004.00,2017.80,196670.0000
2024-01-26T05:00:00,2021.00,2028.10,2015.60,2017.30,119588.0000
2024-01-29T05:00:00,2024.40,2037.20,2018.80,2025.40,150708.0000
2024-01-30T05:00:00,2032.50,2048.50,2028.10,2031.50,26907.0000
2024-01-31T05:00:00,2035.40,2055.00,2030.00,2048.40,238373.0000
2024-02-01T05:00:00,2057.90,2083.20,2046.40,2071.10,260921.0000
2024-02-02T05:00:00,2072.00,2074.70,2044.20,2053.70,219800.0000
2024-02-05T05:00:00,2057.90,2059.10,2030.80,2042.90,170431.0000
2024-02-06T05:00:00,2041.40,2055.30,2038.80,2051.40,126384.0000
2024-02-07T05:00:00,2052.60,2061.30,2046.40,2051.70,125631.0000
2024-02-08T05:00:00,2051.00,2053.80,2034.60,2047.90,137076.0000
2024-02-09T05:00:00,2049.70,2051.90,2034.30,2038.70,116031.0000
2024-02-12T05:00:00,2038.20,2041.80,2025.40,2033.00,116025.0000
2024-02-13T05:00:00,2033.70,2047.30,2002.80,2007.20,217571.0000
2024-02-14T05:00:00,2006.30,2008.80,1996.40,2004.30,193607.0000
2024-02-15T05:00:00,2004.80,2020.20,2001.80,2014.90,204249.0000
2024-02-16T05:00:00,2016.10,2027.20,2006.60,2024.10,162356.0000
2024-02-20T05:00:00,2027.70,2042.70,2023.90,2039.80,202432.0000
2024-02-21T05:00:00,2036.20,2043.50,2030.90,2034.30,120599.0000
2024-02-22T05:00:00,2036.50,2045.50,2029.30,2030.70,147947.0000
2024-02-23T05:00:00,2034.10,2053.20,2025.40,2049.40,212029.0000
2024-02-26T05:00:00,2044.20,2046.80,2034.10,2038.90,129021.0000
2024-02-27T05:00:00,2041.20,2049.10,2038.10,2044.10,148780.0000
2024-02-28T05:00:00,2039.70,2047.40,2033.40,2042.70,137077.0000
2024-02-29T05:00:00,2043.80,2059.40,2036.00,2054.70,227074.0000
2024-03-01T05:00:00,2052.80,2097.10,2047.00,2095.70,330592.0000
2024-03-04T05:00:00,2091.60,2128.40,2088.10,2126.30,328253.0000
2024-03-05T05:00:00,2123.30,2150.50,2118.50,2141.90,283148.0000
2024-03-06T05:00:00,2136.40,2160.70,2131.90,2158.20,319763.0000
2024-03-07T05:00:00,2156.70,2172.20,2151.70,2165.20,267795.0000
2024-03-08T05:00:00,2166.60,2203.00,2161.20,2185.50,389682.0000
2024-03-11T04:00:00,2187.60,2195.50,2180.90,2188.60,242418.0000
2024-03-12T04:00:00,2189.10,2190.80,2156.20,2166.10,316254.0000
2024-03-13T04:00:00,2163.60,2185.60,2161.30,2180.80,232273.0000
2024-03-14T04:00:00,2179.50,2181.30,2157.00,2167.50,207225.0000
2024-03-15T04:00:00,2166.20,2176.90,2158.70,2161.50,187847.0000
2024-03-18T04:00:00,2159.90,2167.20,2149.20,2164.30,211858.0000
2024-03-19T04:00:00,2164.00,2166.30,2150.20,2159.70,178162.0000
2024-03-20T04:00:00,2161.40,2192.20,2152.30,2161.00,233572.0000
2024-03-21T04:00:00,2190.20,2225.30,2168.20,2184.70,391750.0000
2024-03-22T04:00:00,2183.40,2188.00,2158.40,2160.00,205808.0000
2024-03-25T04:00:00,2166.60,2182.50,2164.40,2176.40,211610.0000
2024-03-26T04:00:00,2173.00,2200.60,2168.30,2177.20,202373.0000
2024-03-27T04:00:00,2179.40,2196.20,2172.10,2190.60,31200.0000
2024-03-28T04:00:00,2193.60,2234.10,2187.10,2217.40,250248.0000
2024-04-01T04:00:00,2259.20,2286.40,2249.10,2257.10,220767.0000
2024-04-02T04:00:00,2272.70,2301.90,2267.10,2281.80,277228.0000
2024-04-03T04:00:00,2301.70,2321.80,2285.70,2315.00,254574.0000
2024-04-04T04:00:00,2321.00,2325.30,2298.70,2308.50,236227.0000
2024-04-05T04:00:00,2309.50,2350.00,2286.20,2345.40,293212.0000
2024-04-08T04:00:00,2343.60,2372.50,2321.70,2351.00,285570.0000
2024-04-09T04:00:00,2358.10,2384.50,2355.70,2362.40,279608.0000
2024-04-10T04:00:00,2372.40,2378.10,2337.10,2348.40,353847.0000
2024-04-11T04:00:00,2351.70,2395.60,2343.10,2372.70,260415.0000
2024-04-12T04:00:00,2389.40,2448.80,2350.60,2374.10,479894.0000
2024-04-15T04:00:00,2369.40,2404.30,2340.20,2383.00,343730.0000
2024-04-16T04:00:00,2399.10,2414.80,2379.20,2407.80,297592.0000
2024-04-17T04:00:00,2398.00,2412.00,2370.70,2388.40,284352.0000
2024-04-18T04:00:00,2377.90,2408.00,2377.20,2398.00,200546.0000
2024-04-19T04:00:00,2394.00,2433.30,2386.80,2413.80,275405.0000
2024-04-22T04:00:00,2403.70,2404.30,2338.20,2346.40,262673.0000
2024-04-23T04:00:00,2342.30,2347.90,2304.60,2342.10,270225.0000
2024-04-24T04:00:00,2335.70,2350.90,2324.80,2338.40,187699.0000
2024-04-25T04:00:00,2327.40,2357.60,2316.40,2342.50,224471.0000
2024-04-26T04:00:00,2344.20,2364.40,2338.00,2347.20,171011.0000
2024-04-29T04:00:00,2347.60,2358.90,2331.00,2357.70,187309.0000
2024-04-30T04:00:00,2347.00,2347.60,2296.20,2302.90,229064.0000
2024-05-01T04:00:00,2298.20,2339.50,2291.70,2311.00,227384.0000
2024-05-02T04:00:00,2329.90,2336.10,2294.30,2309.60,193658.0000
2024-05-03T04:00:00,2313.50,2330.70,2285.20,2308.60,231400.0000
2024-05-06T04:00:00,2312.80,2341.90,2300.60,2331.20,191895.0000
2024-05-07T04:00:00,2334.80,2338.70,2318.20,2324.20,204623.0000
2024-05-08T04:00:00,2322.00,2329.60,2311.40,2322.30,214693.0000
2024-05-09T04:00:00,2316.50,2354.20,2312.90,2340.30,249092.0000
2024-05-10T04:00:00,2353.50,2385.30,2352.00,2375.00,275241.0000
2024-05-13T04:00:00,2369.10,2370.80,2337.60,2343.00,243075.0000
2024-05-14T04:00:00,2342.30,2365.20,2340.50,2359.90,192076.0000
2024-05-15T04:00:00,2362.90,2396.10,2357.10,2394.90,249843.0000
2024-05-16T04:00:00,2391.50,2402.70,2375.20,2385.50,191026.0000
2024-05-17T04:00:00,2381.40,2427.40,2377.80,2417.40,218553.0000
2024-05-20T04:00:00,2422.20,2454.20,2411.10,2438.50,281430.0000
2024-05-21T04:00:00,2431.50,2438.20,2408.50,2425.90,229421.0000
2024-05-22T04:00:00,2425.40,2430.50,2378.00,2392.90,253852.0000
2024-05-23T04:00:00,2383.00,2385.70,2328.10,2337.20,273658.0000
2024-05-24T04:00:00,2330.40,2349.00,2326.30,2334.50,178343.0000
2024-05-28T04:00:00,2338.00,2365.50,2333.80,2356.50,316223.0000
2024-05-29T04:00:00,2362.50,2363.70,2334.20,2341.20,119317.0000
2024-05-30T04:00:00,2336.90,2349.50,2320.80,2342.90,32587.0000
2024-05-31T04:00:00,2344.10,2354.00,2319.00,2322.90,183406.0000
2024-06-03T04:00:00,2348.00,2375.50,2334.80,2369.30,173149.0000
2024-06-04T04:00:00,2371.30,2373.10,2335.10,2347.40,171547.0000
2024-06-05T04:00:00,2347.10,2377.60,2345.30,2375.50,171862.0000
2024-06-06T04:00:00,2375.30,2397.80,2372.20,2390.90,172202.0000
2024-06-07T04:00:00,2395.70,2406.70,2304.20,2325.00,314551.0000
2024-06-10T04:00:00,2311.00,2331.30,2304.50,2327.00,142888.0000
2024-06-11T04:00:00,2329.50,2337.30,2314.50,2326.60,145501.0000
2024-06-12T04:00:00,2334.00,2358.80,2327.20,2354.80,241670.0000
2024-06-13T04:00:00,2340.90,2342.40,2310.90,2318.00,182657.0000
2024-06-14T04:00:00,2319.60,2352.30,2316.70,2349.10,163367.0000
2024-06-17T04:00:00,2348.50,2348.70,2324.30,2329.00,122702.0000
2024-06-18T04:00:00,2333.70,2348.20,2320.20,2346.90,154251.0000
2024-06-20T04:00:00,2344.20,2379.50,2338.50,2369.00,252687.0000
2024-06-21T04:00:00,2373.80,2382.60,2329.20,2331.20,194824.0000
2024-06-24T04:00:00,2333.50,2347.50,2329.50,2344.40,117625.0000
2024-06-25T04:00:00,2346.80,2349.70,2327.10,2330.80,144271.0000
2024-06-26T04:00:00,2331.80,2335.80,2304.70,2313.20,191628.0000
2024-06-27T04:00:00,2309.40,2342.00,2306.80,2336.60,140228.0000
2024-06-28T04:00:00,2338.60,2350.60,2329.70,2339.60,135383.0000
2024-07-01T04:00:00,2336.20,2348.80,2328.20,2338.90,142601.0000
2024-07-02T04:00:00,2341.60,2346.10,2327.40,2333.40,153709.0000
2024-07-03T13:30:00,2338.60,2374.50,2335.70,2369.40,193642.0000
2024-07-05T04:00:00,2365.80,2401.50,2356.00,2397.70,293254.0000
2024-07-08T04:00:00,2396.20,2399.30,2358.30,2363.50,240781.0000
2024-07-09T04:00:00,2366.50,2378.30,2356.00,2367.90,252489.0000
2024-07-10T04:00:00,2371.00,2393.40,2369.70,2379.70,163900.0000
2024-07-11T04:00:00,2377.40,2430.40,2376.80,2421.90,303520.0000
2024-07-12T04:00:00,2421.00,2423.20,2396.10,2420.70,220933.0000
2024-07-15T04:00:00,2419.30,2445.00,2406.10,2428.90,193535.0000
2024-07-16T04:00:00,2427.10,2474.50,2424.50,2467.80,246085.0000
2024-07-17T04:00:00,2473.20,2488.40,2455.50,2459.90,259540.0000
2024-07-18T04:00:00,2462.50,2478.50,2442.90,2456.40,192770.0000
2024-07-19T04:00:00,2448.00,2448.40,2395.70,2399.10,254408.0000
2024-07-22T04:00:00,2403.70,2414.40,2385.20,2394.70,197562.0000
2024-07-23T04:00:00,2398.00,2413.50,2389.20,2407.30,171191.0000
2024-07-24T04:00:00,2410.70,2433.00,2397.00,2415.70,245884.0000
2024-07-25T04:00:00,2398.10,2400.80,2351.90,2353.50,294897.0000
2024-07-26T04:00:00,2363.80,2389.70,2354.60,2381.00,154523.0000
2024-07-29T04:00:00,2386.90,2402.10,2367.30,2377.80,126409.0000
2024-07-30T04:00:00,2380.90,2409.30,2373.80,2405.00,25944.0000
2024-07-31T04:00:00,2407.10,2447.60,2402.80,2426.50,176268.0000
2024-08-01T04:00:00,2493.40,2506.60,2474.00,2480.80,219834.0000
2024-08-02T04:00:00,2490.80,2522.50,2453.10,2469.80,309937.0000
2024-08-05T04:00:00,2490.30,2500.80,2403.80,2444.40,352229.0000
2024-08-06T04:00:00,2451.70,2459.50,2421.80,2431.60,186107.0000
2024-08-07T04:00:00,2432.60,2447.30,2418.80,2432.40,166078.0000
2024-08-08T04:00:00,2422.80,2467.90,2420.20,2463.30,178509.0000
2024-08-09T04:00:00,2467.30,2476.50,2456.10,2473.40,152173.0000
2024-08-12T04:00:00,2470.10,2513.40,2462.70,2504.00,171204.0000
2024-08-13T04:00:00,2512.60,2517.30,2498.20,2507.80,155078.0000
2024-08-14T04:00:00,2506.30,2519.70,2476.20,2479.70,187384.0000
2024-08-15T04:00:00,2486.20,2508.00,2469.20,2492.40,169322.0000
2024-08-16T04:00:00,2494.40,2548.30,2488.20,2537.80,223934.0000
2024-08-19T04:00:00,2549.70,2549.90,2523.70,2541.30,155994.0000
2024-08-20T04:00:00,2542.40,2570.40,2535.10,2550.60,191196.0000
2024-08-21T04:00:00,2552.20,2558.00,2528.20,2547.50,148894.0000
2024-08-22T04:00:00,2549.90,2551.40,2506.40,2516.70,177369.0000
2024-08-23T04:00:00,2521.10,2554.50,2519.80,2546.30,164613.0000
2024-08-26T04:00:00,2545.10,2563.20,2544.00,2555.20,127485.0000
2024-08-27T04:00:00,2553.80,2561.40,2538.50,2552.90,146222.0000
2024-08-28T04:00:00,2559.80,2564.30,2527.80,2537.80,165123.0000
2024-08-29T04:00:00,2539.20,2562.20,2536.50,2560.30,159965.0000
2024-08-30T04:00:00,2553.60,2560.10,2526.60,2527.60,175644.0000
2024-09-03T04:00:00,2536.00,2539.50,2504.40,2523.00,273539.0000
2024-09-04T04:00:00,2524.60,2531.50,2502.70,2526.00,167957.0000
2024-09-05T04:00:00,2526.40,2554.00,2523.70,2543.10,152709.0000
2024-09-06T04:00:00,2547.10,2559.80,2513.90,2524.60,228117.0000
2024-09-09T04:00:00,2526.50,2536.50,2514.20,2532.70,140583.0000
2024-09-10T04:00:00,2536.00,2547.50,2528.90,2543.10,156108.0000
2024-09-11T04:00:00,2545.70,2558.00,2529.00,2542.40,194085.0000
2024-09-12T04:00:00,2540.60,2588.50,2538.70,2580.60,233679.0000
2024-09-13T04:00:00,2587.50,2614.60,2585.00,2610.70,174674.0000
2024-09-16T04:00:00,2608.00,2617.40,2602.50,2608.90,127576.0000
2024-09-17T04:00:00,2609.80,2613.70,2587.30,2592.40,159525.0000
2024-09-18T04:00:00,2596.00,2627.20,2572.50,2598.60,233128.0000
2024-09-19T04:00:00,2585.10,2620.50,2575.30,2614.60,204475.0000
2024-09-20T04:00:00,2611.20,2651.00,2608.70,2646.20,207209.0000
2024-09-23T04:00:00,2646.20,2659.80,2638.60,2652.50,170494.0000
2024-09-24T04:00:00,2653.30,2689.40,2647.10,2677.00,216553.0000
2024-09-25T04:00:00,2682.80,2694.90,2673.40,2684.70,189943.0000
2024-09-26T04:00:00,2681.20,2708.70,2677.50,2694.90,217643.0000
2024-09-27T04:00:00,2695.10,2696.90,2665.30,2668.10,196732.0000
2024-09-30T04:00:00,2680.50,2687.70,2646.20,2659.40,173252.0000
2024-10-01T04:00:00,2656.10,2694.70,2653.80,2690.30,202756.0000
2024-10-02T04:00:00,2684.60,2684.80,2662.10,2669.70,128680.0000
2024-10-03T04:00:00,2679.90,2683.40,2657.80,2679.20,138551.0000
2024-10-04T04:00:00,2675.70,2690.60,2651.60,2667.80,192656.0000
2024-10-07T04:00:00,2671.70,2679.20,2657.30,2666.00,130705.0000
2024-10-08T04:00:00,2662.80,2672.40,2623.40,2635.40,233849.0000
2024-10-09T04:00:00,2640.70,2642.90,2622.80,2626.00,143000.0000
2024-10-10T04:00:00,2625.80,2648.90,2618.80,2639.30,195581.0000
2024-10-11T04:00:00,2647.40,2679.00,2645.30,2676.30,168597.0000
2024-10-14T04:00:00,2673.10,2684.20,2660.00,2665.60,123361.0000
2024-10-15T04:00:00,2663.50,2685.90,2654.40,2678.90,160564.0000
2024-10-16T04:00:00,2679.50,2702.50,2674.90,2691.30,156877.0000
2024-10-17T04:00:00,2690.40,2712.70,2688.20,2707.50,181816.0000
2024-10-18T04:00:00,2707.80,2737.80,2707.30,2730.00,178959.0000
2024-10-21T04:00:00,2736.30,2755.40,2728.50,2738.90,210450.0000
2024-10-22T04:00:00,2734.70,2763.30,2733.50,2759.80,173695.0000
2024-10-23T04:00:00,2762.60,2772.60,2722.10,2729.40,214515.0000
2024-10-24T04:00:00,2729.20,2756.30,2728.70,2748.90,175872.0000
2024-10-25T04:00:00,2748.60,2760.90,2729.10,2754.60,153487.0000
2024-10-28T04:00:00,2749.20,2758.30,2736.90,2755.90,161907.0000
2024-10-29T04:00:00,2754.30,2787.70,2752.00,2781.10,207424.0000
2024-10-30T04:00:00,2786.90,2801.80,2782.40,2800.80,191549.0000
2024-10-31T04:00:00,2799.10,2801.20,2741.80,2749.30,242571.0000
2024-11-01T04:00:00,2754.00,2772.40,2742.60,2749.20,180660.0000
2024-11-04T05:00:00,2743.50,2757.50,2739.40,2746.20,145248.0000
2024-11-05T05:00:00,2746.00,2759.50,2733.40,2749.70,151434.0000
2024-11-06T05:00:00,2752.60,2758.80,2660.70,2676.30,361313.0000
2024-11-07T05:00:00,2667.70,2718.30,2650.30,2705.80,292924.0000
2024-11-08T05:00:00,2713.60,2717.80,2687.30,2694.80,233110.0000
2024-11-11T05:00:00,2692.10,2693.40,2617.10,2617.70,281919.0000
2024-11-12T05:00:00,2625.70,2633.40,2595.70,2606.30,282766.0000
2024-11-13T05:00:00,2604.70,2625.00,2578.10,2586.50,262752.0000
2024-11-14T05:00:00,2578.10,2585.80,2541.50,2572.90,266162.0000
2024-11-15T05:00:00,2570.40,2580.80,2558.90,2570.10,179892.0000
2024-11-18T05:00:00,2571.50,2619.50,2568.50,2614.60,195294.0000
2024-11-19T05:00:00,2616.30,2643.40,2614.20,2631.00,202241.0000
2024-11-20T05:00:00,2635.80,2659.00,2621.90,2651.70,182012.0000
2024-11-21T05:00:00,2653.50,2676.50,2651.60,2674.90,186297.0000
2024-11-22T05:00:00,2672.00,2718.50,2670.10,2712.20,220554.0000
2024-11-25T05:00:00,2716.90,2723.20,2616.60,2618.50,305339.0000
2024-11-26T05:00:00,2626.20,2642.70,2605.30,2621.30,177858.0000
2024-11-27T05:00:00,2633.50,2657.90,2627.20,2639.90,61653.0000
2024-11-29T14:30:00,2636.40,2664.30,2620.70,2657.00,180756.0000
2024-12-02T05:00:00,2673.80,2678.50,2644.50,2658.50,163543.0000
2024-12-03T05:00:00,2662.00,2678.40,2656.60,2667.90,140965.0000
2024-12-04T05:00:00,2665.80,2682.00,2654.20,2676.20,171792.0000
2024-12-05T05:00:00,2674.20,2680.00,2646.30,2648.40,156116.0000
2024-12-06T05:00:00,2655.00,2667.90,2635.60,2659.60,167166.0000
2024-12-09T05:00:00,2665.00,2700.00,2649.70,2685.80,182150.0000
2024-12-10T05:00:00,2684.40,2721.70,2680.70,2718.40,181509.0000
2024-12-11T05:00:00,2721.20,2759.70,2719.10,2756.70,264985.0000
2024-12-12T05:00:00,2753.60,2761.30,2696.70,2709.40,219468.0000
2024-12-13T05:00:00,2704.90,2716.40,2663.30,2675.80,178685.0000
2024-12-16T05:00:00,2668.00,2683.40,2661.40,2670.00,115996.0000
2024-12-17T05:00:00,2670.20,2675.80,2646.10,2662.00,147053.0000
2024-12-18T05:00:00,2663.30,2667.60,2598.10,2653.30,156334.0000
2024-12-19T05:00:00,2600.60,2640.90,2596.70,2608.10,191587.0000
2024-12-20T05:00:00,2609.70,2653.80,2603.70,2645.10,153567.0000
2024-12-23T05:00:00,2639.10,2646.80,2623.20,2628.20,105131.0000
2024-12-24T14:30:00,2629.40,2635.80,2624.20,2635.50,53366.0000
2024-12-26T05:00:00,2638.00,2655.70,2634.10,2653.90,79265.0000
2024-12-27T05:00:00,2653.70,2654.60,2625.20,2631.90,93897.0000
2024-12-30T05:00:00,2636.10,2640.70,2608.40,2618.10,110915.0000
2024-12-31T05:00:00,2620.00,2642.00,2614.30,2641.00,86292.0000
2025-01-02T05:00:00,2641.00,2674.20,2636.10,2669.00,144517.0000
2025-01-03T05:00:00,2671.10,2681.00,2649.70,2654.70,121173.0000
2025-01-06T05:00:00,2652.80,2663.80,2624.60,2647.40,169923.0000
2025-01-07T05:00:00,2647.10,2678.50,2643.50,2665.40,161617.0000
2025-01-08T05:00:00,2662.90,2687.00,2658.40,2672.40,197370.0000
2025-01-09T05:00:00,2679.90,2696.80,2673.70,2690.80,156645.0000
2025-01-10T05:00:00,2692.90,2735.00,2686.90,2715.00,298408.0000
2025-01-13T05:00:00,2716.80,2723.80,2675.20,2678.60,211094.0000
2025-01-14T05:00:00,2682.00,2693.70,2672.00,2682.30,179414.0000
2025-01-15T05:00:00,2693.30,2722.70,2685.40,2717.80,193720.0000
2025-01-16T05:00:00,2722.30,2757.90,2720.40,2750.90,186543.0000
2025-01-17T05:00:00,2746.80,2759.20,2729.20,2748.70,156868.0000
2025-01-21T05:00:00,2739.60,2762.00,2715.60,2759.20,294121.0000
2025-01-22T05:00:00,2758.70,2774.40,2756.20,2770.90,158141.0000
2025-01-23T05:00:00,2765.90,2767.10,2741.00,2765.00,194742.0000
2025-01-24T05:00:00,2761.80,2794.80,2761.00,2778.90,199562.0000
2025-01-27T05:00:00,2778.10,2778.10,2732.00,2738.40,215514.0000
2025-01-28T05:00:00,2742.40,2774.00,2737.40,2767.50,171359.0000
2025-01-29T05:00:00,2771.60,2778.10,2761.00,2769.80,125692.0000
2025-01-30T05:00:00,2772.50,2829.50,2770.00,2823.00,40141.0000
2025-01-31T05:00:00,2829.00,2838.00,2804.00,2812.50,165676.0000
2025-02-03T05:00:00,2846.50,2872.00,2802.20,2857.10,181344.0000
2025-02-04T05:00:00,2850.40,2877.10,2837.40,2875.80,145862.0000
2025-02-05T05:00:00,2873.70,2906.00,2870.10,2893.00,167383.0000
2025-02-06T05:00:00,2885.00,2894.20,2855.00,2876.70,167701.0000
2025-02-07T05:00:00,2880.20,2910.60,2876.10,2887.60,192551.0000
2025-02-10T05:00:00,2884.80,2938.10,2879.90,2934.40,167232.0000
2025-02-11T05:00:00,2937.00,2968.50,2907.00,2932.60,218478.0000
2025-02-12T05:00:00,2927.00,2936.50,2886.50,2928.70,204625.0000
2025-02-13T05:00:00,2928.80,2958.80,2925.80,2945.40,169496.0000
2025-02-14T05:00:00,2957.30,2964.10,2889.90,2900.70,228078.0000
2025-02-18T05:00:00,2895.10,2956.50,2887.60,2949.00,218757.0000
2025-02-19T05:00:00,2954.10,2964.40,2933.70,2936.10,159341.0000
2025-02-20T05:00:00,2949.50,2973.40,2939.30,2956.10,172197.0000
2025-02-21T05:00:00,2955.70,2964.70,2930.10,2953.20,163686.0000
2025-02-24T05:00:00,2950.40,2974.00,2936.80,2963.20,162775.0000
2025-02-25T05:00:00,2968.50,2970.40,2897.00,2918.80,234850.0000
2025-02-26T05:00:00,2929.00,2942.00,2903.30,2930.60,163371.0000
2025-02-27T05:00:00,2931.40,2935.80,2879.00,2895.90,207650.0000
2025-02-28T05:00:00,2889.00,2896.10,2844.10,2848.50,210560.0000
2025-03-03T05:00:00,2872.00,2906.40,2866.30,2901.10,177018.0000
2025-03-04T05:00:00,2904.20,2939.80,2892.50,2920.60,188515.0000
2025-03-05T05:00:00,2929.00,2941.30,2903.40,2926.00,183016.0000
2025-03-06T05:00:00,2929.50,2935.90,2897.60,2926.60,166364.0000
2025-03-07T05:00:00,2919.20,2938.80,2905.30,2914.10,237577.0000
2025-03-10T04:00:00,2919.60,2926.40,2885.20,2899.40,221609.0000
2025-03-11T04:00:00,2893.20,2929.00,2882.50,2920.90,194119.0000
2025-03-12T04:00:00,2922.30,2948.90,2911.00,2946.80,209823.0000
2025-03-13T04:00:00,2943.30,3001.50,2942.20,2991.30,256564.0000
2025-03-14T04:00:00,3001.40,3017.10,2988.60,3001.10,181492.0000
2025-03-17T04:00:00,2994.80,3010.90,2991.40,3006.10,142155.0000
2025-03-18T04:00:00,3009.40,3047.50,3008.20,3040.80,177098.0000
2025-03-19T04:00:00,3041.40,3061.60,3031.30,3041.20,145404.0000
2025-03-20T04:00:00,3058.00,3065.20,3032.80,3043.80,141231.0000
2025-03-21T04:00:00,3052.60,3055.00,3004.10,3021.40,190470.0000
2025-03-24T04:00:00,3027.60,3038.40,3007.70,3015.60,202822.0000
2025-03-25T04:00:00,3017.50,3042.40,3010.80,3025.90,172592.0000
2025-03-26T04:00:00,3025.80,3036.10,3017.80,3022.50,172002.0000
2025-03-27T04:00:00,3025.60,3071.30,3022.30,3061.00,124359.0000
2025-03-28T04:00:00,3069.70,3094.90,3066.80,3086.50,31206.0000
2025-03-31T04:00:00,3091.00,3132.50,3086.00,3122.80,228393.0000
2025-04-01T04:00:00,3157.30,3177.00,3130.50,3146.00,197314.0000
2025-04-02T04:00:00,3147.50,3201.60,3135.70,3166.20,223124.0000
2025-04-03T04:00:00,3196.60,3196.60,3073.50,3121.70,382860.0000
2025-04-04T04:00:00,3138.00,3160.20,3032.70,3035.40,341150.0000
2025-04-07T04:00:00,3055.10,3084.40,2970.40,2973.60,328515.0000
2025-04-08T04:00:00,2997.50,3037.90,2988.60,2990.20,197577.0000
2025-04-09T04:00:00,2998.30,3118.50,2983.30,3079.40,298325.0000
2025-04-10T04:00:00,3099.10,3195.00,3086.10,3177.50,234973.0000
2025-04-11T04:00:00,3194.20,3263.00,3193.40,3244.60,247317.0000
2025-04-14T04:00:00,3246.00,3261.60,3208.70,3226.30,189619.0000
2025-04-15T04:00:00,3226.10,3250.90,3225.50,3240.40,123474.0000
2025-04-16T04:00:00,3248.40,3358.40,3245.20,3346.40,258376.0000
2025-04-17T04:00:00,3357.50,3371.90,3296.40,3328.40,242065.0000
2025-04-21T04:00:00,3347.00,3442.30,3344.00,3425.30,243457.0000
2025-04-22T04:00:00,3435.10,3509.90,3379.10,3419.40,423078.0000
2025-04-23T04:00:00,3367.70,3396.00,3270.80,3294.10,377411.0000
2025-04-24T04:00:00,3301.80,3377.00,3301.30,3348.60,239603.0000
2025-04-25T04:00:00,3362.00,3384.10,3274.80,3298.40,241249.0000
2025-04-28T04:00:00,3336.50,3363.80,3278.00,3347.70,217995.0000
2025-04-29T04:00:00,3354.90,3359.30,3309.20,3333.60,170152.0000
2025-04-30T04:00:00,3324.50,3337.60,3275.60,3319.10,207722.0000
2025-05-01T04:00:00,3299.00,3300.60,3209.40,3222.20,214691.0000
2025-05-02T04:00:00,3247.60,3277.00,3229.50,3243.30,210994.0000
2025-05-05T04:00:00,3247.10,3346.70,3243.10,3322.30,184904.0000
2025-05-06T04:00:00,3345.70,3444.50,3332.10,3422.80,268098.0000
2025-05-07T04:00:00,3448.10,3448.20,3367.00,3391.90,304244.0000
2025-05-08T04:00:00,3373.10,3422.00,3293.30,3306.00,327126.0000
2025-05-09T04:00:00,3310.20,3352.70,3278.90,3344.00,232464.0000
2025-05-12T04:00:00,3281.00,3295.50,3211.20,3228.00,308534.0000
2025-05-13T04:00:00,3240.70,3270.40,3220.10,3247.80,214423.0000
2025-05-14T04:00:00,3254.10,3261.30,3170.70,3188.30,233929.0000
2025-05-15T04:00:00,3180.80,3244.30,3123.30,3226.60,253064.0000
2025-05-16T04:00:00,3243.50,3255.80,3156.40,3187.20,245486.0000
2025-05-19T04:00:00,3220.00,3252.90,3209.10,3233.50,185135.0000
2025-05-20T04:00:00,3233.00,3298.50,3207.40,3284.60,224088.0000
2025-05-21T04:00:00,3293.00,3327.20,3287.00,3313.50,229503.0000
2025-05-22T04:00:00,3318.00,3346.80,3277.80,3295.00,234658.0000
2025-05-23T04:00:00,3295.10,3366.50,3285.50,3365.80,247200.0000
2025-05-27T04:00:00,3355.60,3356.00,3283.00,3300.40,297309.0000
2025-05-28T04:00:00,3300.90,3324.50,3273.50,3294.90,127758.0000
2025-05-29T04:00:00,3283.70,3328.80,3242.40,3317.10,24370.0000
2025-05-30T04:00:00,3315.10,3318.00,3270.90,3288.90,184770.0000
2025-06-02T04:00:00,3323.00,3408.10,3319.40,3397.20,180995.0000
2025-06-03T04:00:00,3406.50,3417.80,3357.20,3377.10,168220.0000
2025-06-04T04:00:00,3377.80,3409.70,3366.90,3399.20,167220.0000
2025-06-05T04:00:00,3398.00,3427.70,3362.30,3375.10,224859.0000
2025-06-06T04:00:00,3377.40,3398.30,3328.80,3346.60,185366.0000
2025-06-09T04:00:00,3333.40,3359.00,3313.10,3354.90,142005.0000
2025-06-10T04:00:00,3346.30,3370.40,3321.30,3343.40,158897.0000
2025-06-11T04:00:00,3344.30,3382.30,3335.40,3343.70,201534.0000
2025-06-12T04:00:00,3377.50,3419.80,3358.50,3402.40,230166.0000
2025-06-13T04:00:00,3406.70,3468.00,3399.60,3452.80,270627.0000
2025-06-16T04:00:00,3473.00,3476.30,3400.90,3417.30,192505.0000
2025-06-17T04:00:00,3404.20,3422.70,3384.40,3406.90,209083.0000
2025-06-18T04:00:00,3409.00,3419.00,3380.10,3408.10,0.0000
2025-06-20T04:00:00,3387.10,3405.20,3356.20,3385.70,280833.0000
2025-06-23T04:00:00,3400.70,3413.80,3361.40,3395.00,193872.0000
2025-06-24T04:00:00,3383.80,3385.00,3308.30,3333.90,227429.0000
2025-06-25T04:00:00,3338.10,3351.30,3325.50,3343.10,130010.0000
2025-06-26T04:00:00,3347.50,3363.90,3322.50,3348.00,155584.0000
2025-06-27T04:00:00,3341.30,3341.40,3266.50,3287.60,218869.0000
2025-06-30T04:00:00,3284.30,3321.60,3250.50,3307.70,144201.0000
2025-07-01T04:00:00,3315.70,3370.50,3313.70,3349.80,168854.0000
2025-07-02T04:00:00,3350.00,3371.00,3337.20,3359.70,132187.0000
2025-07-03T13:30:00,3369.00,3376.90,3321.40,3342.90,0.0000
2025-07-04T04:00:00,3335.00,3355.00,3332.80,3346.50,0.0000
2025-07-07T04:00:00,3344.50,3352.90,3304.40,3342.80,235762.0000
2025-07-08T04:00:00,3348.90,3355.60,3295.40,3316.90,218029.0000
2025-07-09T04:00:00,3310.60,3325.60,3290.20,3321.00,167968.0000
2025-07-10T04:00:00,3322.20,3339.40,3319.20,3325.70,168190.0000
2025-07-11T04:00:00,3333.10,3381.60,3332.30,3364.00,216883.0000
2025-07-14T04:00:00,3376.50,3389.30,3348.50,3359.10,195336.0000
2025-07-15T04:00:00,3352.00,3375.40,3327.30,3336.70,179884.0000
2025-07-16T04:00:00,3330.50,3385.80,3326.10,3359.10,235160.0000
2025-07-17T04:00:00,3354.70,3358.20,3314.30,3345.30,161740.0000
2025-07-18T04:00:00,3347.50,3368.00,3337.20,3358.30,115413.0000
2025-07-21T04:00:00,3355.60,3416.90,3351.00,3406.40,191195.0000
2025-07-22T04:00:00,3410.70,3447.50,3394.90,3443.70,227372.0000
2025-07-23T04:00:00,3444.30,3451.70,3390.60,3397.60,263025.0000
2025-07-24T04:00:00,3398.60,3401.10,3355.20,3373.50,215271.0000
2025-07-25T04:00:00,3372.10,3376.60,3325.50,3335.60,196380.0000
2025-07-28T04:00:00,3321.10,3345.40,3300.00,3310.00,180215.0000
2025-07-29T04:00:00,3313.40,3332.30,3305.80,3324.00,113144.0000
2025-07-30T04:00:00,3325.80,3331.80,3263.90,3295.80,19252.0000
2025-07-31T04:00:00,3272.90,3312.00,3272.90,3293.20,158029.0000
2025-08-01T04:00:00,3342.70,3416.90,3331.40,3399.80,229954.0000
2025-08-04T04:00:00,3416.60,3439.50,3397.90,3426.40,138229.0000
2025-08-05T04:00:00,3428.90,3444.90,3403.30,3434.70,154163.0000
2025-08-06T04:00:00,3434.90,3440.50,3411.70,3433.40,151580.0000
2025-08-07T04:00:00,3431.80,3483.80,3430.00,3453.70,249091.0000
2025-08-08T04:00:00,3487.90,3534.10,3445.00,3491.30,321346.0000
2025-08-11T04:00:00,3458.10,3466.30,3393.00,3404.70,224513.0000
2025-08-12T04:00:00,3393.60,3410.80,3379.10,3399.00,193820.0000
2025-08-13T04:00:00,3399.60,3422.60,3392.70,3408.30,135846.0000
2025-08-14T04:00:00,3407.20,3423.80,3375.50,3383.20,165697.0000
2025-08-15T04:00:00,3383.20,3394.80,3377.70,3382.60,118486.0000
2025-08-18T04:00:00,3382.40,3403.60,3368.00,3378.00,119141.0000
2025-08-19T04:00:00,3378.30,3389.70,3358.10,3358.70,133497.0000
2025-08-20T04:00:00,3359.00,3394.30,3353.40,3388.50,135521.0000
2025-08-21T04:00:00,3392.20,3394.40,3367.40,3381.60,123500.0000
2025-08-22T04:00:00,3383.30,3423.40,3362.80,3418.50,186037.0000
2025-08-25T04:00:00,3417.60,3421.50,3405.50,3417.50,97780.0000
2025-08-26T04:00:00,3410.80,3443.30,3396.10,3433.00,176297.0000
2025-08-27T04:00:00,3443.00,3452.50,3422.20,3448.60,153806.0000
2025-08-28T04:00:00,3452.60,3478.70,3442.50,3474.30,156602.0000
2025-08-29T04:00:00,3477.20,3518.50,3463.00,3516.10,0.0000
2025-09-02T04:00:00,3517.90,3602.40,3506.00,3592.20,374141.0000
2025-09-03T04:00:00,3600.00,3640.10,3592.40,3635.50,220786.0000
2025-09-04T04:00:00,3619.80,3621.60,3573.70,3606.70,232579.0000
2025-09-05T04:00:00,3602.00,3655.50,3595.40,3653.30,237651.0000
2025-09-08T04:00:00,3635.00,3685.70,3621.70,3677.40,227640.0000
2025-09-09T04:00:00,3676.60,3715.20,3663.70,3682.20,262656.0000
2025-09-10T04:00:00,3662.00,3697.50,3651.40,3682.00,182028.0000
2025-09-11T04:00:00,3680.60,3687.50,3651.00,3673.60,214612.0000
2025-09-12T04:00:00,3672.80,3695.50,3667.30,3686.40,154559.0000
2025-09-15T04:00:00,3680.20,3724.90,3662.80,3719.00,189452.0000
2025-09-16T04:00:00,3720.30,3739.90,3711.80,3725.10,192295.0000
2025-09-17T04:00:00,3727.30,3744.00,3679.50,3717.80,256047.0000
2025-09-18T04:00:00,3692.50,3707.30,3660.50,3678.30,224128.0000
2025-09-19T04:00:00,3677.70,3719.60,3664.40,3705.80,186954.0000
2025-09-22T04:00:00,3721.30,3783.30,3718.10,3775.10,219170.0000
2025-09-23T04:00:00,3781.20,3824.60,3772.40,3815.70,291564.0000
2025-09-24T04:00:00,3796.90,3812.60,3749.70,3768.10,236560.0000
2025-09-25T04:00:00,3768.30,3792.30,3751.90,3771.10,262183.0000
2025-09-26T04:00:00,3781.50,3814.40,3764.00,3809.00,214083.0000
2025-09-29T04:00:00,3788.80,3863.70,3785.50,3855.20,258145.0000
2025-09-30T04:00:00,3863.10,3899.20,3820.60,3873.20,312257.0000
2025-10-01T04:00:00,3887.70,3922.70,3880.30,3897.50,290470.0000
2025-10-02T04:00:00,3892.70,3923.30,3842.80,3868.10,284217.0000
2025-10-03T04:00:00,3880.40,3916.80,3861.10,3908.90,218284.0000
2025-10-06T04:00:00,3913.50,3994.50,3909.20,3976.30,278143.0000
2025-10-07T04:00:00,3983.00,4014.60,3963.40,4004.40,297512.0000
2025-10-08T04:00:00,4007.10,4081.00,4005.60,4070.50,348778.0000
2025-10-09T04:00:00,4061.80,4077.90,3957.90,3972.60,461023.0000
2025-10-10T04:00:00,3990.10,4038.60,3961.20,4000.40,357542.0000
2025-10-13T04:00:00,4018.30,4137.20,4011.30,4133.00,357542.0000
2025-10-14T04:00:00,4130.90,4190.90,4105.00,4163.40,405991.0000
2025-10-15T04:00:00,4160.10,4235.80,4157.30,4201.60,309914.0000
2025-10-16T04:00:00,4225.10,4346.70,4214.50,4304.60,375196.0000
2025-10-17T04:00:00,4348.10,4392.00,4196.00,4213.30,569847.0000
2025-10-20T04:00:00,4269.00,4398.00,4229.70,4359.40,338235.0000
2025-10-21T04:00:00,4371.00,4393.60,4093.00,4109.10,535325.0000
2025-10-22T04:00:00,4137.00,4175.00,4021.20,4065.40,468711.0000
2025-10-23T04:00:00,4114.80,4171.50,4079.60,4145.60,271973.0000
2025-10-24T04:00:00,4144.00,4159.00,4055.70,4137.80,297599.0000
2025-10-27T04:00:00,4103.20,4123.80,3985.90,4019.70,330749.0000
2025-10-28T04:00:00,3999.90,4034.20,3901.30,3983.10,338428.0000
2025-10-29T04:00:00,3967.20,4046.20,3930.00,4000.70,288266.0000
2025-10-30T04:00:00,3942.80,4041.50,3925.10,4015.90,246321.0000
2025-10-31T04:00:00,4038.20,4059.90,3982.30,3996.50,237172.0000
2025-11-03T05:00:00,4001.00,4043.10,3971.30,4014.00,0.0000
2025-11-04T05:00:00,4013.70,4018.00,3937.10,3960.50,250259.0000
2025-11-05T05:00:00,3939.50,4000.70,3935.70,3992.90,175161.0000
2025-11-06T05:00:00,3992.40,4028.70,3973.20,3991.00,188688.0000
2025-11-07T05:00:00,3986.90,4035.80,3981.60,4009.80,208649.0000
2025-11-10T05:00:00,4007.20,4124.00,4004.20,4122.00,253812.0000
2025-11-11T05:00:00,4124.00,4155.00,4102.80,4116.30,252249.0000
2025-11-12T05:00:00,4132.20,4218.50,4104.40,4213.60,296796.0000
2025-11-13T05:00:00,4202.40,4250.00,4148.50,4194.50,319216.0000
2025-11-14T05:00:00,4174.90,4215.10,4032.60,4094.20,342176.0000
2025-11-17T05:00:00,4084.40,4107.60,4006.80,4074.50,235352.0000
2025-11-18T05:00:00,4045.60,4083.70,3997.40,4066.50,233302.0000
2025-11-19T05:00:00,4067.80,4134.30,4055.60,4082.80,233696.0000
2025-11-20T05:00:00,4079.90,4109.60,4034.00,4060.00,272355.0000
2025-11-21T05:00:00,4074.90,4101.00,4018.10,4079.50,257813.0000
2025-11-24T05:00:00,4069.20,4138.20,4036.40,4094.20,223055.0000
2025-11-25T05:00:00,4133.50,4156.30,4106.70,4140.00,132704.0000
2025-11-26T05:00:00,4128.60,4171.00,4127.50,4165.20,25088.0000
2025-11-28T14:30:00,4198.60,4263.10,4174.60,4254.90,154806.0000
2025-12-01T05:00:00,4258.50,4299.60,4241.10,4274.80,227572.0000
2025-12-02T05:00:00,4265.30,4269.20,4194.00,4220.80,215921.0000
2025-12-03T05:00:00,4241.60,4273.30,4225.10,4232.50,176443.0000
2025-12-04T05:00:00,4234.50,4251.10,4203.30,4243.00,161251.0000
2025-12-05T05:00:00,4239.50,4290.50,4221.40,4243.00,193599.0000
2025-12-08T05:00:00,4228.10,4247.90,4204.00,4217.70,149813.0000
2025-12-09T05:00:00,4219.60,4251.70,4197.80,4236.20,177366.0000
2025-12-10T05:00:00,4237.50,4268.80,4207.80,4224.70,186178.0000
2025-12-11T05:00:00,4258.30,4317.30,4231.20,4313.00,228282.0000
2025-12-12T05:00:00,4309.10,4387.80,4286.00,4328.30,292175.0000
2025-12-15T05:00:00,4330.00,4384.30,4315.90,4335.20,207700.0000
2025-12-16T05:00:00,4334.30,4367.90,4297.40,4332.30,212277.0000
2025-12-17T05:00:00,4333.50,4383.60,4330.70,4373.90,212413.0000
2025-12-18T05:00:00,4371.50,4409.50,4338.00,4364.50,234460.0000
2025-12-19T05:00:00,4363.60,4389.00,4336.30,4387.30,165214.0000
2025-12-22T05:00:00,4369.90,4484.50,4367.90,4469.40,203043.0000
2025-12-23T05:00:00,4481.80,4530.80,4457.70,4505.70,248418.0000
2025-12-24T14:30:00,4516.70,4555.10,4474.30,4502.80,151576.0000
2025-12-26T05:00:00,4523.50,4584.00,4518.00,4552.70,181246.0000
2025-12-29T05:00:00,4568.00,4581.30,4316.00,4343.60,316961.0000
2025-12-30T05:00:00,4350.30,4420.50,4338.80,4386.30,189751.0000
2025-12-31T05:00:00,4353.00,4384.90,4284.30,4341.10,161782.0000
2026-01-02T05:00:00,4340.00,4414.80,4319.70,4329.60,154807.0000
2026-01-05T05:00:00,4368.30,4467.60,4354.60,4451.50,211711.0000
2026-01-06T05:00:00,4459.80,4508.30,4437.90,4496.10,176584.0000
2026-01-07T05:00:00,4505.40,4512.40,4432.90,4462.50,202783.0000
2026-01-08T05:00:00,4467.10,4489.30,4415.00,4460.70,208958.0000
2026-01-09T05:00:00,4489.30,4527.00,4461.80,4500.90,217946.0000
2026-01-12T05:00:00,4529.10,4640.50,4520.80,4614.70,307991.0000
2026-01-13T05:00:00,4610.00,4644.00,4576.70,4599.10,267451.0000
2026-01-14T05:00:00,4594.30,4650.50,4594.30,4635.70,306299.0000
2026-01-15T05:00:00,4635.70,4637.20,4584.00,4623.70,226481.0000
2026-01-16T05:00:00,4621.60,4625.50,4539.10,4595.40,246155.0000
2026-01-20T05:00:00,4633.70,4771.50,4622.20,4765.80,414495.0000
2026-01-21T05:00:00,4767.50,4891.10,4757.10,4837.50,400518.0000
2026-01-22T05:00:00,4836.20,4944.30,4772.70,4913.40,265088.0000
2026-01-23T05:00:00,4940.00,4991.40,4901.20,4979.70,276594.0000
2026-01-26T05:00:00,5013.40,5107.90,4983.60,5082.50,433111.0000
2026-01-27T05:00:00,5005.50,5190.80,5004.50,5082.60,325759.0000
2026-01-28T05:00:00,5179.00,5415.20,5154.80,5303.60,112054.0000
2026-01-29T05:00:00,5415.70,5586.20,5097.50,5318.40,570055.0000
2026-01-30T05:00:00,5410.00,5480.20,4700.40,4745.10,508003.0000
2026-02-02T05:00:00,4816.00,4905.60,4423.20,4652.60,385977.0000
2026-02-03T05:00:00,4691.00,5018.10,4690.20,4935.00,260114.0000
2026-02-04T05:00:00,4966.10,5113.90,4867.70,4950.80,245957.0000
2026-02-05T05:00:00,4986.60,5045.00,4779.60,4889.50,234592.0000
2026-02-06T05:00:00,4800.00,4995.60,4670.00,4979.80,177809.0000
2026-02-09T05:00:00,5003.60,5111.10,4988.60,5079.40,124150.0000
2026-02-10T05:00:00,5084.30,5102.70,5011.00,5031.00,105658.0000
2026-02-11T05:00:00,5048.00,5144.50,5036.30,5098.50,129968.0000
2026-02-12T05:00:00,5107.30,5122.80,4900.00,4948.40,161618.0000
2026-02-13T05:00:00,4950.00,5069.10,4907.10,5046.30,123016.0000
2026-02-17T05:00:00,5050.00,5074.40,4854.20,4905.90,166706.0000
2026-02-18T05:00:00,4898.50,5031.90,4868.50,5009.50,98203.0000
2026-02-19T05:00:00,4993.70,5042.80,4971.50,4997.40,87026.0000
2026-02-20T05:00:00,5015.00,5131.00,4999.30,5080.90,136737.0000
2026-02-23T05:00:00,5128.80,5257.30,5120.40,5225.60,140957.0000
2026-02-24T05:00:00,5247.50,5269.40,5109.50,5176.30,145961.0000
2026-02-25T05:00:00,5160.00,5237.30,5135.90,5226.20,110992.0000
2026-02-26T05:00:00,5175.30,5221.90,5144.80,5194.20,131633.0000
2026-02-27T05:00:00,5201.90,5299.00,5182.90,5247.90,151664.0000
2026-03-02T05:00:00,5360.00,5434.10,5272.90,5311.60,227839.0000
2026-03-03T05:00:00,5335.70,5394.20,5005.00,5123.70,273216.0000
2026-03-04T05:00:00,5110.00,5218.30,5092.80,5134.70,146885.0000
2026-03-05T05:00:00,5155.70,5204.30,5058.90,5078.70,151852.0000
2026-03-06T05:00:00,5099.70,5185.00,5071.00,5158.70,160268.0000
2026-03-09T04:00:00,5186.70,5210.40,5021.20,5103.70,181749.0000
2026-03-10T04:00:00,5152.40,5248.70,5127.10,5242.10,179577.0000
2026-03-11T04:00:00,5194.00,5230.90,5155.90,5179.10,140336.0000
2026-03-12T04:00:00,5185.40,5197.80,5058.20,5125.80,153533.0000
2026-03-13T04:00:00,5084.00,5132.40,5014.10,5061.70,160333.0000
2026-03-16T04:00:00,5010.00,5044.50,4970.10,5002.20,170909.0000
2026-03-17T04:00:00,5012.20,5049.40,4977.00,5008.20,119419.0000
2026-03-18T04:00:00,5010.60,5022.00,4809.30,4896.20,217316.0000
2026-03-19T04:00:00,4828.00,4868.70,4505.00,4605.70,303828.0000
2026-03-20T04:00:00,4653.90,4738.20,4478.40,4574.90,226870.0000
2026-03-23T04:00:00,4450.00,4537.10,4100.00,4407.30,398666.0000
2026-03-24T04:00:00,4414.80,4485.60,4306.30,4402.00,209745.0000
2026-03-25T04:00:00,4473.50,4601.00,4458.20,4552.30,245178.0000
2026-03-26T04:00:00,4508.90,4541.60,4348.20,4376.30,247440.0000
2026-03-27T04:00:00,4371.80,4552.10,4369.10,4492.50,74348.0000
2026-03-30T04:00:00,4482.80,4579.10,4413.40,4526.00,10816.0000
2026-03-31T04:00:00,4510.00,4684.10,4508.60,4647.60,176389.0000
2026-04-01T04:00:00,4698.40,4821.00,4690.00,4813.10,166758.0000
2026-04-02T04:00:00,4783.00,4825.90,4580.40,4679.70,0.0000
2026-04-06T04:00:00,4675.00,4733.10,4626.20,4684.70,89405.0000
2026-04-07T04:00:00,4678.60,4745.70,4631.90,4684.70,145711.0000
2026-04-08T04:00:00,4747.20,4888.00,4720.60,4777.20,215119.0000
2026-04-09T04:00:00,4744.80,4826.00,4718.60,4818.00,133629.0000
2026-04-10T04:00:00,4790.50,4820.00,4752.70,4787.40,121566.0000
2026-04-13T04:00:00,4710.00,4774.40,4626.00,4767.40,127322.0000
2026-04-14T04:00:00,4769.30,4870.30,4767.60,4850.10,129586.0000
2026-04-15T04:00:00,4862.70,4895.40,4807.90,4823.60,106707.0000
2026-04-16T04:00:00,4813.60,4861.30,4792.10,4808.30,108864.0000
2026-04-17T04:00:00,4811.80,4917.70,4785.90,4879.60,135440.0000
2026-04-20T04:00:00,4811.80,4847.90,4752.00,4828.80,123214.0000
2026-04-21T04:00:00,4842.40,4854.80,4685.80,4719.60,177092.0000
2026-04-22T04:00:00,4738.70,4790.80,4733.10,4753.00,100063.0000
2026-04-23T04:00:00,4759.20,4771.30,4680.10,4724.00,153536.0000
2026-04-24T04:00:00,4715.60,4757.10,4672.20,4740.90,103218.0000
2026-04-27T04:00:00,4713.10,4745.80,4681.20,4693.70,85748.0000
2026-04-28T04:00:00,4697.50,4716.50,4567.60,4608.40,144757.0000
2026-04-29T04:00:00,4611.40,4624.30,4522.20,4561.50,126415.0000
2026-04-30T04:00:00,4557.00,4658.80,4550.80,4629.60,119642.0000
2026-05-01T04:00:00,4636.90,4673.00,4570.00,4644.50,93230.0000
2026-05-04T04:00:00,4644.00,4650.60,4510.10,4533.30,117006.0000
2026-05-05T04:00:00,4534.00,4597.50,4522.70,4568.50,88281.0000
2026-05-06T04:00:00,4569.30,4734.60,4556.10,4694.30,160439.0000
2026-05-07T04:00:00,4702.20,4775.20,4693.30,4710.90,159525.0000
2026-05-08T04:00:00,4682.50,4760.40,4671.00,4730.70,122010.0000
2026-05-11T04:00:00,4690.00,4758.40,4655.10,4728.70,147404.0000
2026-05-12T04:00:00,4745.30,4783.40,4645.20,4686.70,146315.0000
2026-05-13T04:00:00,4722.30,4734.80,4676.00,4706.70,120048.0000
2026-05-14T04:00:00,4696.80,4725.80,4649.30,4685.30,102965.0000
2026-05-15T04:00:00,4654.50,4670.10,4513.80,4561.90,169760.0000
2026-05-18T04:00:00,4547.60,4588.60,4483.50,4558.00,151971.0000
2026-05-19T04:00:00,4570.60,4593.20,4467.10,4511.20,140957.0000
2026-05-20T04:00:00,4486.60,4558.40,4455.00,4535.30,152270.0000
2026-05-21T04:00:00,4548.00,4572.40,4488.30,4542.50,153243.0000
2026-05-22T04:00:00,4544.20,4547.00,4488.00,4523.20,108508.0000
2026-05-26T04:00:00,4532.00,4583.30,4480.00,4502.30,254516.0000
2026-05-27T04:00:00,4507.40,4528.10,4398.50,4448.40,81062.0000
2026-05-28T04:00:00,4453.60,4512.60,4363.50,4499.30,153472.0000
2026-05-29T04:00:00,4527.60,4627.10,4519.50,4593.00,133439.0000
2026-06-01T04:00:00,4575.20,4577.30,4476.00,4506.30,116787.0000
2026-06-02T04:00:00,4515.80,4571.30,4492.30,4519.90,100306.0000
2026-06-03T04:00:00,4520.00,4525.10,4454.00,4466.90,106691.0000
2026-06-04T04:00:00,4462.60,4543.20,4450.10,4505.00,109643.0000
2026-06-05T04:00:00,4503.00,4508.70,4336.60,4365.30,179306.0000
2026-06-08T04:00:00,4354.00,4377.50,4293.00,4363.40,144089.0000
2026-06-09T04:00:00,4354.70,4388.60,4259.90,4286.40,138100.0000
2026-06-10T04:00:00,4276.10,4281.10,4090.10,4133.30,206026.0000
2026-06-11T04:00:00,4094.40,4241.30,4046.20,4114.00,206270.0000
2026-06-12T04:00:00,4234.90,4267.80,4191.10,4238.80,136146.0000
2026-06-15T04:00:00,4289.40,4391.50,4283.40,4351.60,132136.0000
2026-06-16T04:00:00,4331.30,4376.50,4326.70,4354.40,89925.0000
2026-06-17T04:00:00,4352.60,4403.60,4237.40,4381.40,160543.0000
2026-06-18T04:00:00,4275.10,4350.20,4220.30,4245.90,139534.0000
2026-06-22T04:00:00,4163.90,4238.10,4151.40,4202.70,177657.0000
2026-06-23T04:00:00,4210.80,4216.00,4108.20,4149.40,118495.0000
2026-06-24T04:00:00,4130.00,4132.40,3975.70,4008.80,189386.0000
2026-06-25T04:00:00,4019.00,4060.00,3976.30,4047.60,147347.0000
2026-06-26T04:00:00,4044.40,4111.50,3998.10,4096.30,118966.0000
2026-06-29T04:00:00,4101.10,4102.90,4012.00,4038.90,107421.0000
2026-06-30T04:00:00,4032.50,4078.10,3955.40,4038.50,125413.0000
2026-07-01T04:00:00,4025.00,4131.00,3973.00,4082.40,146949.0000
2026-07-02T04:00:00,4049.20,4157.10,4042.80,4125.70,0.0000
2026-07-06T04:00:00,4187.50,4215.50,4140.60,4167.50,147556.0000
2026-07-07T04:00:00,4176.40,4192.40,4102.70,4157.40,110330.0000
2026-07-08T04:00:00,4106.50,4144.70,4032.50,4082.40,170826.0000
2026-07-09T04:00:00,4087.60,4148.40,4063.40,4140.80,125061.0000
2026-07-10T04:00:00,4135.40,4144.60,4081.70,4113.70,98745.0000
2026-07-13T04:00:00,4106.60,4111.60,3992.90,4005.70,154814.0000
2026-07-14T04:00:00,4005.90,4112.50,3990.40,4069.70,151122.0000
2026-07-15T04:00:00,4059.80,4089.10,4023.30,4051.80,113034.0000
2026-07-16T04:00:00,4068.90,4071.90,3973.40,3992.10,125063.0000
2026-07-17T04:00:00,3980.10,4028.90,3963.00,4018.80,112279.0000
2026-07-20T04:00:00,4005.60,4046.00,3986.50,4015.90,102847.0000
2026-07-21T04:00:00,4013.40,4092.50,4003.30,4076.40,119957.0000
2026-07-22T04:00:00,4084.70,4171.40,4081.00,4151.90,132783.0000
2026-07-23T04:00:00,4126.00,4144.00,4042.50,4050.20,159889.0000
2026-07-24T04:00:00,4053.40,4085.20,4024.00,4070.80,120072.0000
2026-07-27T04:00:00,4097.50,4119.30,4067.10,4077.00,135087.0000
2026-07-28T04:00:00,4083.00,4085.70,4011.10,4038.70,167757.0000
2026-07-29T04:00:00,4020.90,4115.20,3993.80,4036.30,89664.0000
2026-07-30T04:00:00,4060.70,4118.50,4028.50,4100.10,149370.0000
2026-07-31T04:00:00,4163.90,4170.70,4076.40,4107.00,110633.0000
2026-08-03T04:00:00,4135.20,4145.50,4074.00,4090.50,93289.0000
2026-08-04T04:00:00,4109.60,4163.80,4098.20,4152.60,118831.0000
2026-08-05T04:00:00,4133.80,4328.20,4121.60,4305.20,211902.0000
2026-08-06T04:00:00,4307.00,4363.70,4281.20,4299.60,167624.0000
2026-08-07T04:00:00,4298.30,4432.30,4288.00,4399.70,190635.0000
2026-08-10T04:00:00,4400.00,4453.80,4373.90,4419.70,118606.0000
2026-08-11T04:00:00,4446.90,4495.00,4415.70,4441.10,138129.0000
2026-08-12T04:00:00,4430.00,4502.70,4421.40,4467.50,153093.0000
2026-08-13T04:00:00,4468.80,4509.10,4400.00,4420.40,139219.0000
2026-08-14T04:00:00,4408.20,4454.60,4365.50,4437.30,126955.0000
2026-08-17T04:00:00,4440.00,4486.50,4422.30,4473.70,121052.0000
2026-08-18T04:00:00,4473.40,4493.10,4383.30,4420.60,131150.0000
2026-08-19T04:00:00,4391.40,4582.80,4378.00,4545.30,250482.0000
2026-08-20T04:00:00,4580.00,4597.10,4506.00,4571.40,186475.0000
2026-08-21T04:00:00,4577.00,4690.40,4565.50,4680.60,195566.0000
2026-08-24T04:00:00,4673.40,4738.50,4651.80,4697.80,206802.0000
2026-08-25T04:00:00,4710.10,4755.00,4659.50,4694.50,176784.0000
2026-08-26T04:00:00,4715.70,4730.90,4638.20,4653.30,151459.0000
2026-08-27T04:00:00,4650.00,4697.70,4616.00,4664.00,140302.0000
2026-08-28T04:00:00,4656.00,4688.00,4495.00,4529.90,274603.0000
2026-08-31T04:00:00,4483.20,4521.50,4445.60,4481.50,152216.0000
2026-09-01T04:00:00,4498.70,4510.50,4369.70,4396.40,198560.0000
2026-09-02T04:00:00,4377.20,4444.40,4329.20,4414.60,187568.0000
2026-09-03T04:00:00,4436.40,4558.50,4426.70,4539.90,209167.0000
2026-09-04T04:00:00,4522.00,4537.80,4412.00,4476.60,189656.0000
2026-09-08T04:00:00,4466.50,4488.80,4381.00,4439.00,217162.0000
2026-09-09T04:00:00,4399.00,4479.00,4384.10,4460.70,164390.0000
2026-09-10T04:00:00,4448.00,4479.90,4354.70,4407.30,201300.0000
2026-09-11T04:00:00,4359.40,4444.90,4333.00,4408.90,187975.0000
2026-09-14T04:00:00,4375.00,4396.80,4293.00,4351.90,164499.0000
2026-09-15T04:00:00,4340.30,4358.20,4301.60,4332.80,146019.0000
2026-09-16T04:00:00,4333.50,4413.10,4273.30,4387.50,249081.0000
2026-09-17T04:00:00,4301.40,4423.30,4294.50,4399.70,169188.0000
2026-09-18T04:00:00,4381.60,4439.80,4372.20,4424.90,142919.0000
2026-09-21T04:00:00,4413.00,4422.10,4360.30,4383.90,138203.0000
2026-09-22T04:00:00,4382.50,4414.10,4327.60,4376.40,178132.0000
2026-09-23T04:00:00,4394.70,4407.50,4310.70,4318.40,143873.0000
2026-09-24T04:00:00,4324.40,4338.00,4278.30,4298.00,164814.0000
2026-09-25T04:00:00,4309.50,4351.60,4289.20,4321.20,164814.0000
2026-09-28T04:00:00,4315.00,4315.60,4143.10,4152.90,169822.0000
